Virtual environment activated
Python executable: /home/Shared/UniBe-swiss-ndvi/GitHub/swiss-ndvi-processing/.venv/bin/python
Python version: Python 3.12.3

2017-04-01
2025-11-30
Current commit:
285701669584587438d1dcc76bc4600dc51ef470

Commit details:
* 2857016 (HEAD -> setup-tunder-FB) perf: Move persist() of into batch loop
| *   88bb8c2 (refs/stash) On setup-tunder-FB: compiled numba
|/|\  
| | * 8b8f2eb untracked files on setup-tunder-FB: dbaf9d9 Cleanup and go for full dataset
| * e9ec04a index on setup-tunder-FB: dbaf9d9 Cleanup and go for full dataset
|/  
* dbaf9d9 Cleanup and go for full dataset
* 27177aa (origin/setup-tunder-FB) perf: Go to 200k batches, use 120 workers, persist() instead of intermediate save
* e246125 Switch N_WORKERS = 80
* 7e74716 Update logging
* 4cf4e3f Fix Batch size to 3*PIXEL_CHUNKS
* f18e93e perf: Improve performance by manual looping through chunks for apply_ufunc()

Working tree status:
On branch setup-tunder-FB
Your branch is ahead of 'origin/setup-tunder-FB' by 2 commits.
  (use "git push" to publish your local commits)

Changes not staged for commit:
  (use "git add <file>..." to update what will be committed)
  (use "git restore <file>..." to discard changes in working directory)
	modified:   2_historical_ndvi_test.py

no changes added to commit (use "git add" and/or "git commit -a")

============================================================
Historic processing started at: 2026-04-08 22:14:44
Log file: /home/Shared/UniBe-swiss-ndvi/GitHub/swiss-ndvi-processing/logs/historic_analysis_2026-04-08_22h14m44.log
============================================================

Running: with arguments: 2017-04-01 2025-11-30
------------------------------------------------------------
------------------------------------------------------------
Running: /home/Shared/UniBe-swiss-ndvi/GitHub/swiss-ndvi-processing/workflow_implementation/MS1_script_for_historical_NDVI/new_historical_processing/1_download_satellite_images.py
Start time: 2026-04-08 22:14:44
Finished: /home/Shared/UniBe-swiss-ndvi/GitHub/swiss-ndvi-processing/workflow_implementation/MS1_script_for_historical_NDVI/new_historical_processing/1_download_satellite_images.py
Duration: 00:00:00 (hh:mm:ss)
Download script returned value: /mnt/data2/UniBe-swiss-ndvi/historic_data/tmp_2026-04-04_18h16_ndvi_01_downloaded_2017-01-01_2025-12-31.zarr

------------------------------------------------------------
Running: /home/Shared/UniBe-swiss-ndvi/GitHub/swiss-ndvi-processing/workflow_implementation/MS1_script_for_historical_NDVI/new_historical_processing/2_historical_ndvi_test.py
Start time: 2026-04-08 22:14:44
2026-04-08 22:14:46,827 - distributed.nanny - ERROR - Failed to start process
Traceback (most recent call last):
  File "/home/Shared/UniBe-swiss-ndvi/GitHub/swiss-ndvi-processing/.venv/lib/python3.12/site-packages/distributed/nanny.py", line 452, in instantiate
  File "/home/Shared/UniBe-swiss-ndvi/GitHub/swiss-ndvi-processing/.venv/lib/python3.12/site-packages/distributed/nanny.py", line 714, in start
  File "/usr/lib/python3.12/multiprocessing/context.py", line 103, in Queue
  File "/usr/lib/python3.12/multiprocessing/queues.py", line 43, in __init__
    self._rlock = ctx.Lock()
                  ^^^^^^^^^^
  File "/usr/lib/python3.12/multiprocessing/context.py", line 68, in Lock
    return Lock(ctx=self.get_context())
           ^^^^^^^^^^^^^^^^^^^^^^^^^^^^
  File "/usr/lib/python3.12/multiprocessing/synchronize.py", line 169, in __init__
    SemLock.__init__(self, SEMAPHORE, 1, 1, ctx=ctx)
  File "/usr/lib/python3.12/multiprocessing/synchronize.py", line 57, in __init__
    sl = self._semlock = _multiprocessing.SemLock(
                         ^^^^^^^^^^^^^^^^^^^^^^^^^
OSError: [Errno 24] Too many open files
2026-04-08 22:14:46,833 - distributed.nanny - ERROR - Failed to start process
Traceback (most recent call last):
  File "/home/Shared/UniBe-swiss-ndvi/GitHub/swiss-ndvi-processing/.venv/lib/python3.12/site-packages/distributed/nanny.py", line 452, in instantiate
    result = await self.process.start()
             ^^^^^^^^^^^^^^^^^^^^^^^^^^
  File "/home/Shared/UniBe-swiss-ndvi/GitHub/swiss-ndvi-processing/.venv/lib/python3.12/site-packages/distributed/nanny.py", line 724, in start
    self.process = AsyncProcess(
                   ^^^^^^^^^^^^^
  File "/home/Shared/UniBe-swiss-ndvi/GitHub/swiss-ndvi-processing/.venv/lib/python3.12/site-packages/distributed/process.py", line 95, in __init__
    parent_alive_pipe, self._keep_child_alive = get_mp_context().Pipe(duplex=False)
                                                ^^^^^^^^^^^^^^^^^^^^^^^^^^^^^^^^^^^
  File "/usr/lib/python3.12/multiprocessing/context.py", line 63, in Pipe
    return Pipe(duplex)
           ^^^^^^^^^^^^
  File "/usr/lib/python3.12/multiprocessing/connection.py", line 544, in Pipe
    fd1, fd2 = os.pipe()
               ^^^^^^^^^
OSError: [Errno 24] Too many open files
2026-04-08 22:14:46,837 - distributed.nanny - ERROR - Failed to start process
Traceback (most recent call last):
  File "/home/Shared/UniBe-swiss-ndvi/GitHub/swiss-ndvi-processing/.venv/lib/python3.12/site-packages/distributed/nanny.py", line 452, in instantiate
    result = await self.process.start()
             ^^^^^^^^^^^^^^^^^^^^^^^^^^
  File "/home/Shared/UniBe-swiss-ndvi/GitHub/swiss-ndvi-processing/.venv/lib/python3.12/site-packages/distributed/nanny.py", line 713, in start
    self.init_result_q = mp_ctx.Queue()
                         ^^^^^^^^^^^^^^
  File "/usr/lib/python3.12/multiprocessing/context.py", line 103, in Queue
    return Queue(maxsize, ctx=self.get_context())
           ^^^^^^^^^^^^^^^^^^^^^^^^^^^^^^^^^^^^^^
  File "/usr/lib/python3.12/multiprocessing/queues.py", line 43, in __init__
    self._rlock = ctx.Lock()
                  ^^^^^^^^^^
  File "/usr/lib/python3.12/multiprocessing/context.py", line 68, in Lock
    return Lock(ctx=self.get_context())
           ^^^^^^^^^^^^^^^^^^^^^^^^^^^^
  File "/usr/lib/python3.12/multiprocessing/synchronize.py", line 169, in __init__
    SemLock.__init__(self, SEMAPHORE, 1, 1, ctx=ctx)
  File "/usr/lib/python3.12/multiprocessing/synchronize.py", line 57, in __init__
    sl = self._semlock = _multiprocessing.SemLock(
                         ^^^^^^^^^^^^^^^^^^^^^^^^^
OSError: [Errno 24] Too many open files
2026-04-08 22:14:46,839 - distributed.nanny - ERROR - Failed to start process
Traceback (most recent call last):
  File "/home/Shared/UniBe-swiss-ndvi/GitHub/swiss-ndvi-processing/.venv/lib/python3.12/site-packages/distributed/nanny.py", line 452, in instantiate
    result = await self.process.start()
             ^^^^^^^^^^^^^^^^^^^^^^^^^^
  File "/home/Shared/UniBe-swiss-ndvi/GitHub/swiss-ndvi-processing/.venv/lib/python3.12/site-packages/distributed/nanny.py", line 713, in start
    self.init_result_q = mp_ctx.Queue()
                         ^^^^^^^^^^^^^^
  File "/usr/lib/python3.12/multiprocessing/context.py", line 103, in Queue
    return Queue(maxsize, ctx=self.get_context())
           ^^^^^^^^^^^^^^^^^^^^^^^^^^^^^^^^^^^^^^
  File "/usr/lib/python3.12/multiprocessing/queues.py", line 42, in __init__
    self._reader, self._writer = connection.Pipe(duplex=False)
                                 ^^^^^^^^^^^^^^^^^^^^^^^^^^^^^
  File "/usr/lib/python3.12/multiprocessing/connection.py", line 544, in Pipe
    fd1, fd2 = os.pipe()
               ^^^^^^^^^
OSError: [Errno 24] Too many open files
2026-04-08 22:14:46,840 - distributed.nanny - ERROR - Failed to start process
Traceback (most recent call last):
  File "/home/Shared/UniBe-swiss-ndvi/GitHub/swiss-ndvi-processing/.venv/lib/python3.12/site-packages/distributed/nanny.py", line 452, in instantiate
    result = await self.process.start()
             ^^^^^^^^^^^^^^^^^^^^^^^^^^
  File "/home/Shared/UniBe-swiss-ndvi/GitHub/swiss-ndvi-processing/.venv/lib/python3.12/site-packages/distributed/nanny.py", line 713, in start
    self.init_result_q = mp_ctx.Queue()
                         ^^^^^^^^^^^^^^
  File "/usr/lib/python3.12/multiprocessing/context.py", line 103, in Queue
    return Queue(maxsize, ctx=self.get_context())
           ^^^^^^^^^^^^^^^^^^^^^^^^^^^^^^^^^^^^^^
  File "/usr/lib/python3.12/multiprocessing/queues.py", line 43, in __init__
    self._rlock = ctx.Lock()
                  ^^^^^^^^^^
  File "/usr/lib/python3.12/multiprocessing/context.py", line 68, in Lock
    return Lock(ctx=self.get_context())
           ^^^^^^^^^^^^^^^^^^^^^^^^^^^^
  File "/usr/lib/python3.12/multiprocessing/synchronize.py", line 169, in __init__
    SemLock.__init__(self, SEMAPHORE, 1, 1, ctx=ctx)
  File "/usr/lib/python3.12/multiprocessing/synchronize.py", line 57, in __init__
    sl = self._semlock = _multiprocessing.SemLock(
                         ^^^^^^^^^^^^^^^^^^^^^^^^^
OSError: [Errno 24] Too many open files
2026-04-08 22:14:46,841 - distributed.nanny - ERROR - Failed to start process
Traceback (most recent call last):
  File "/home/Shared/UniBe-swiss-ndvi/GitHub/swiss-ndvi-processing/.venv/lib/python3.12/site-packages/distributed/nanny.py", line 452, in instantiate
    result = await self.process.start()
             ^^^^^^^^^^^^^^^^^^^^^^^^^^
  File "/home/Shared/UniBe-swiss-ndvi/GitHub/swiss-ndvi-processing/.venv/lib/python3.12/site-packages/distributed/nanny.py", line 713, in start
    self.init_result_q = mp_ctx.Queue()
                         ^^^^^^^^^^^^^^
  File "/usr/lib/python3.12/multiprocessing/context.py", line 103, in Queue
    return Queue(maxsize, ctx=self.get_context())
           ^^^^^^^^^^^^^^^^^^^^^^^^^^^^^^^^^^^^^^
  File "/usr/lib/python3.12/multiprocessing/queues.py", line 42, in __init__
    self._reader, self._writer = connection.Pipe(duplex=False)
                                 ^^^^^^^^^^^^^^^^^^^^^^^^^^^^^
  File "/usr/lib/python3.12/multiprocessing/connection.py", line 544, in Pipe
    fd1, fd2 = os.pipe()
               ^^^^^^^^^
OSError: [Errno 24] Too many open files
2026-04-08 22:14:46,842 - distributed.nanny - ERROR - Failed to start process
Traceback (most recent call last):
  File "/home/Shared/UniBe-swiss-ndvi/GitHub/swiss-ndvi-processing/.venv/lib/python3.12/site-packages/distributed/nanny.py", line 452, in instantiate
    result = await self.process.start()
             ^^^^^^^^^^^^^^^^^^^^^^^^^^
  File "/home/Shared/UniBe-swiss-ndvi/GitHub/swiss-ndvi-processing/.venv/lib/python3.12/site-packages/distributed/nanny.py", line 713, in start
    self.init_result_q = mp_ctx.Queue()
                         ^^^^^^^^^^^^^^
  File "/usr/lib/python3.12/multiprocessing/context.py", line 103, in Queue
    return Queue(maxsize, ctx=self.get_context())
           ^^^^^^^^^^^^^^^^^^^^^^^^^^^^^^^^^^^^^^
  File "/usr/lib/python3.12/multiprocessing/queues.py", line 43, in __init__
    self._rlock = ctx.Lock()
                  ^^^^^^^^^^
  File "/usr/lib/python3.12/multiprocessing/context.py", line 68, in Lock
    return Lock(ctx=self.get_context())
           ^^^^^^^^^^^^^^^^^^^^^^^^^^^^
  File "/usr/lib/python3.12/multiprocessing/synchronize.py", line 169, in __init__
    SemLock.__init__(self, SEMAPHORE, 1, 1, ctx=ctx)
  File "/usr/lib/python3.12/multiprocessing/synchronize.py", line 57, in __init__
    sl = self._semlock = _multiprocessing.SemLock(
                         ^^^^^^^^^^^^^^^^^^^^^^^^^
OSError: [Errno 24] Too many open files
2026-04-08 22:14:46,843 - distributed.nanny - ERROR - Failed to start process
Traceback (most recent call last):
  File "/home/Shared/UniBe-swiss-ndvi/GitHub/swiss-ndvi-processing/.venv/lib/python3.12/site-packages/distributed/nanny.py", line 452, in instantiate
    result = await self.process.start()
             ^^^^^^^^^^^^^^^^^^^^^^^^^^
  File "/home/Shared/UniBe-swiss-ndvi/GitHub/swiss-ndvi-processing/.venv/lib/python3.12/site-packages/distributed/nanny.py", line 713, in start
    self.init_result_q = mp_ctx.Queue()
                         ^^^^^^^^^^^^^^
  File "/usr/lib/python3.12/multiprocessing/context.py", line 103, in Queue
    return Queue(maxsize, ctx=self.get_context())
           ^^^^^^^^^^^^^^^^^^^^^^^^^^^^^^^^^^^^^^
  File "/usr/lib/python3.12/multiprocessing/queues.py", line 42, in __init__
    self._reader, self._writer = connection.Pipe(duplex=False)
                                 ^^^^^^^^^^^^^^^^^^^^^^^^^^^^^
  File "/usr/lib/python3.12/multiprocessing/connection.py", line 544, in Pipe
    fd1, fd2 = os.pipe()
               ^^^^^^^^^
OSError: [Errno 24] Too many open files
2026-04-08 22:14:46,844 - distributed.nanny - ERROR - Failed to start process
Traceback (most recent call last):
  File "/home/Shared/UniBe-swiss-ndvi/GitHub/swiss-ndvi-processing/.venv/lib/python3.12/site-packages/distributed/nanny.py", line 452, in instantiate
    result = await self.process.start()
             ^^^^^^^^^^^^^^^^^^^^^^^^^^
  File "/home/Shared/UniBe-swiss-ndvi/GitHub/swiss-ndvi-processing/.venv/lib/python3.12/site-packages/distributed/nanny.py", line 713, in start
    self.init_result_q = mp_ctx.Queue()
                         ^^^^^^^^^^^^^^
  File "/usr/lib/python3.12/multiprocessing/context.py", line 103, in Queue
    return Queue(maxsize, ctx=self.get_context())
           ^^^^^^^^^^^^^^^^^^^^^^^^^^^^^^^^^^^^^^
  File "/usr/lib/python3.12/multiprocessing/queues.py", line 43, in __init__
    self._rlock = ctx.Lock()
                  ^^^^^^^^^^
  File "/usr/lib/python3.12/multiprocessing/context.py", line 68, in Lock
    return Lock(ctx=self.get_context())
           ^^^^^^^^^^^^^^^^^^^^^^^^^^^^
  File "/usr/lib/python3.12/multiprocessing/synchronize.py", line 169, in __init__
    SemLock.__init__(self, SEMAPHORE, 1, 1, ctx=ctx)
  File "/usr/lib/python3.12/multiprocessing/synchronize.py", line 57, in __init__
    sl = self._semlock = _multiprocessing.SemLock(
                         ^^^^^^^^^^^^^^^^^^^^^^^^^
OSError: [Errno 24] Too many open files
2026-04-08 22:14:46,846 - distributed.nanny - ERROR - Failed to start process
Traceback (most recent call last):
  File "/home/Shared/UniBe-swiss-ndvi/GitHub/swiss-ndvi-processing/.venv/lib/python3.12/site-packages/distributed/nanny.py", line 452, in instantiate
    result = await self.process.start()
             ^^^^^^^^^^^^^^^^^^^^^^^^^^
  File "/home/Shared/UniBe-swiss-ndvi/GitHub/swiss-ndvi-processing/.venv/lib/python3.12/site-packages/distributed/nanny.py", line 713, in start
    self.init_result_q = mp_ctx.Queue()
                         ^^^^^^^^^^^^^^
  File "/usr/lib/python3.12/multiprocessing/context.py", line 103, in Queue
    return Queue(maxsize, ctx=self.get_context())
           ^^^^^^^^^^^^^^^^^^^^^^^^^^^^^^^^^^^^^^
  File "/usr/lib/python3.12/multiprocessing/queues.py", line 42, in __init__
    self._reader, self._writer = connection.Pipe(duplex=False)
                                 ^^^^^^^^^^^^^^^^^^^^^^^^^^^^^
  File "/usr/lib/python3.12/multiprocessing/connection.py", line 544, in Pipe
    fd1, fd2 = os.pipe()
               ^^^^^^^^^
OSError: [Errno 24] Too many open files
2026-04-08 22:14:46,847 - distributed.nanny - ERROR - Failed to start process
Traceback (most recent call last):
  File "/home/Shared/UniBe-swiss-ndvi/GitHub/swiss-ndvi-processing/.venv/lib/python3.12/site-packages/distributed/nanny.py", line 452, in instantiate
    result = await self.process.start()
             ^^^^^^^^^^^^^^^^^^^^^^^^^^
  File "/home/Shared/UniBe-swiss-ndvi/GitHub/swiss-ndvi-processing/.venv/lib/python3.12/site-packages/distributed/nanny.py", line 713, in start
    self.init_result_q = mp_ctx.Queue()
                         ^^^^^^^^^^^^^^
  File "/usr/lib/python3.12/multiprocessing/context.py", line 103, in Queue
    return Queue(maxsize, ctx=self.get_context())
           ^^^^^^^^^^^^^^^^^^^^^^^^^^^^^^^^^^^^^^
  File "/usr/lib/python3.12/multiprocessing/queues.py", line 43, in __init__
    self._rlock = ctx.Lock()
                  ^^^^^^^^^^
  File "/usr/lib/python3.12/multiprocessing/context.py", line 68, in Lock
    return Lock(ctx=self.get_context())
           ^^^^^^^^^^^^^^^^^^^^^^^^^^^^
  File "/usr/lib/python3.12/multiprocessing/synchronize.py", line 169, in __init__
    SemLock.__init__(self, SEMAPHORE, 1, 1, ctx=ctx)
  File "/usr/lib/python3.12/multiprocessing/synchronize.py", line 57, in __init__
    sl = self._semlock = _multiprocessing.SemLock(
                         ^^^^^^^^^^^^^^^^^^^^^^^^^
OSError: [Errno 24] Too many open files
2026-04-08 22:14:46,848 - distributed.nanny - ERROR - Failed to start process
Traceback (most recent call last):
  File "/home/Shared/UniBe-swiss-ndvi/GitHub/swiss-ndvi-processing/.venv/lib/python3.12/site-packages/distributed/nanny.py", line 452, in instantiate
    result = await self.process.start()
             ^^^^^^^^^^^^^^^^^^^^^^^^^^
  File "/home/Shared/UniBe-swiss-ndvi/GitHub/swiss-ndvi-processing/.venv/lib/python3.12/site-packages/distributed/nanny.py", line 713, in start
    self.init_result_q = mp_ctx.Queue()
                         ^^^^^^^^^^^^^^
  File "/usr/lib/python3.12/multiprocessing/context.py", line 103, in Queue
    return Queue(maxsize, ctx=self.get_context())
           ^^^^^^^^^^^^^^^^^^^^^^^^^^^^^^^^^^^^^^
  File "/usr/lib/python3.12/multiprocessing/queues.py", line 42, in __init__
    self._reader, self._writer = connection.Pipe(duplex=False)
                                 ^^^^^^^^^^^^^^^^^^^^^^^^^^^^^
  File "/usr/lib/python3.12/multiprocessing/connection.py", line 544, in Pipe
    fd1, fd2 = os.pipe()
               ^^^^^^^^^
OSError: [Errno 24] Too many open files
2026-04-08 22:14:46,849 - distributed.nanny - ERROR - Failed to start process
Traceback (most recent call last):
  File "/home/Shared/UniBe-swiss-ndvi/GitHub/swiss-ndvi-processing/.venv/lib/python3.12/site-packages/distributed/nanny.py", line 452, in instantiate
    result = await self.process.start()
             ^^^^^^^^^^^^^^^^^^^^^^^^^^
  File "/home/Shared/UniBe-swiss-ndvi/GitHub/swiss-ndvi-processing/.venv/lib/python3.12/site-packages/distributed/nanny.py", line 713, in start
    self.init_result_q = mp_ctx.Queue()
                         ^^^^^^^^^^^^^^
  File "/usr/lib/python3.12/multiprocessing/context.py", line 103, in Queue
    return Queue(maxsize, ctx=self.get_context())
           ^^^^^^^^^^^^^^^^^^^^^^^^^^^^^^^^^^^^^^
  File "/usr/lib/python3.12/multiprocessing/queues.py", line 43, in __init__
    self._rlock = ctx.Lock()
                  ^^^^^^^^^^
  File "/usr/lib/python3.12/multiprocessing/context.py", line 68, in Lock
    return Lock(ctx=self.get_context())
           ^^^^^^^^^^^^^^^^^^^^^^^^^^^^
  File "/usr/lib/python3.12/multiprocessing/synchronize.py", line 169, in __init__
    SemLock.__init__(self, SEMAPHORE, 1, 1, ctx=ctx)
  File "/usr/lib/python3.12/multiprocessing/synchronize.py", line 57, in __init__
    sl = self._semlock = _multiprocessing.SemLock(
                         ^^^^^^^^^^^^^^^^^^^^^^^^^
OSError: [Errno 24] Too many open files
2026-04-08 22:14:46,850 - distributed.nanny - ERROR - Failed to start process
Traceback (most recent call last):
  File "/home/Shared/UniBe-swiss-ndvi/GitHub/swiss-ndvi-processing/.venv/lib/python3.12/site-packages/distributed/nanny.py", line 452, in instantiate
    result = await self.process.start()
             ^^^^^^^^^^^^^^^^^^^^^^^^^^
  File "/home/Shared/UniBe-swiss-ndvi/GitHub/swiss-ndvi-processing/.venv/lib/python3.12/site-packages/distributed/nanny.py", line 713, in start
    self.init_result_q = mp_ctx.Queue()
                         ^^^^^^^^^^^^^^
  File "/usr/lib/python3.12/multiprocessing/context.py", line 103, in Queue
    return Queue(maxsize, ctx=self.get_context())
           ^^^^^^^^^^^^^^^^^^^^^^^^^^^^^^^^^^^^^^
  File "/usr/lib/python3.12/multiprocessing/queues.py", line 42, in __init__
    self._reader, self._writer = connection.Pipe(duplex=False)
                                 ^^^^^^^^^^^^^^^^^^^^^^^^^^^^^
  File "/usr/lib/python3.12/multiprocessing/connection.py", line 544, in Pipe
    fd1, fd2 = os.pipe()
               ^^^^^^^^^
OSError: [Errno 24] Too many open files
2026-04-08 22:14:46,851 - distributed.nanny - ERROR - Failed to start process
Traceback (most recent call last):
  File "/home/Shared/UniBe-swiss-ndvi/GitHub/swiss-ndvi-processing/.venv/lib/python3.12/site-packages/distributed/nanny.py", line 452, in instantiate
    result = await self.process.start()
             ^^^^^^^^^^^^^^^^^^^^^^^^^^
  File "/home/Shared/UniBe-swiss-ndvi/GitHub/swiss-ndvi-processing/.venv/lib/python3.12/site-packages/distributed/nanny.py", line 713, in start
    self.init_result_q = mp_ctx.Queue()
                         ^^^^^^^^^^^^^^
  File "/usr/lib/python3.12/multiprocessing/context.py", line 103, in Queue
    return Queue(maxsize, ctx=self.get_context())
           ^^^^^^^^^^^^^^^^^^^^^^^^^^^^^^^^^^^^^^
  File "/usr/lib/python3.12/multiprocessing/queues.py", line 43, in __init__
    self._rlock = ctx.Lock()
                  ^^^^^^^^^^
  File "/usr/lib/python3.12/multiprocessing/context.py", line 68, in Lock
    return Lock(ctx=self.get_context())
           ^^^^^^^^^^^^^^^^^^^^^^^^^^^^
  File "/usr/lib/python3.12/multiprocessing/synchronize.py", line 169, in __init__
    SemLock.__init__(self, SEMAPHORE, 1, 1, ctx=ctx)
  File "/usr/lib/python3.12/multiprocessing/synchronize.py", line 57, in __init__
    sl = self._semlock = _multiprocessing.SemLock(
                         ^^^^^^^^^^^^^^^^^^^^^^^^^
OSError: [Errno 24] Too many open files
2026-04-08 22:14:46,852 - distributed.nanny - ERROR - Failed to start process
Traceback (most recent call last):
  File "/home/Shared/UniBe-swiss-ndvi/GitHub/swiss-ndvi-processing/.venv/lib/python3.12/site-packages/distributed/nanny.py", line 452, in instantiate
    result = await self.process.start()
             ^^^^^^^^^^^^^^^^^^^^^^^^^^
  File "/home/Shared/UniBe-swiss-ndvi/GitHub/swiss-ndvi-processing/.venv/lib/python3.12/site-packages/distributed/nanny.py", line 713, in start
    self.init_result_q = mp_ctx.Queue()
                         ^^^^^^^^^^^^^^
  File "/usr/lib/python3.12/multiprocessing/context.py", line 103, in Queue
    return Queue(maxsize, ctx=self.get_context())
           ^^^^^^^^^^^^^^^^^^^^^^^^^^^^^^^^^^^^^^
  File "/usr/lib/python3.12/multiprocessing/queues.py", line 42, in __init__
    self._reader, self._writer = connection.Pipe(duplex=False)
                                 ^^^^^^^^^^^^^^^^^^^^^^^^^^^^^
  File "/usr/lib/python3.12/multiprocessing/connection.py", line 544, in Pipe
    fd1, fd2 = os.pipe()
               ^^^^^^^^^
OSError: [Errno 24] Too many open files
2026-04-08 22:14:46,853 - distributed.nanny - ERROR - Failed to start process
Traceback (most recent call last):
  File "/home/Shared/UniBe-swiss-ndvi/GitHub/swiss-ndvi-processing/.venv/lib/python3.12/site-packages/distributed/nanny.py", line 452, in instantiate
    result = await self.process.start()
             ^^^^^^^^^^^^^^^^^^^^^^^^^^
  File "/home/Shared/UniBe-swiss-ndvi/GitHub/swiss-ndvi-processing/.venv/lib/python3.12/site-packages/distributed/nanny.py", line 713, in start
    self.init_result_q = mp_ctx.Queue()
                         ^^^^^^^^^^^^^^
  File "/usr/lib/python3.12/multiprocessing/context.py", line 103, in Queue
    return Queue(maxsize, ctx=self.get_context())
           ^^^^^^^^^^^^^^^^^^^^^^^^^^^^^^^^^^^^^^
  File "/usr/lib/python3.12/multiprocessing/queues.py", line 43, in __init__
    self._rlock = ctx.Lock()
                  ^^^^^^^^^^
  File "/usr/lib/python3.12/multiprocessing/context.py", line 68, in Lock
    return Lock(ctx=self.get_context())
           ^^^^^^^^^^^^^^^^^^^^^^^^^^^^
  File "/usr/lib/python3.12/multiprocessing/synchronize.py", line 169, in __init__
    SemLock.__init__(self, SEMAPHORE, 1, 1, ctx=ctx)
  File "/usr/lib/python3.12/multiprocessing/synchronize.py", line 57, in __init__
    sl = self._semlock = _multiprocessing.SemLock(
                         ^^^^^^^^^^^^^^^^^^^^^^^^^
OSError: [Errno 24] Too many open files
2026-04-08 22:14:46,854 - distributed.nanny - ERROR - Failed to start process
Traceback (most recent call last):
  File "/home/Shared/UniBe-swiss-ndvi/GitHub/swiss-ndvi-processing/.venv/lib/python3.12/site-packages/distributed/nanny.py", line 452, in instantiate
    result = await self.process.start()
             ^^^^^^^^^^^^^^^^^^^^^^^^^^
  File "/home/Shared/UniBe-swiss-ndvi/GitHub/swiss-ndvi-processing/.venv/lib/python3.12/site-packages/distributed/nanny.py", line 713, in start
    self.init_result_q = mp_ctx.Queue()
                         ^^^^^^^^^^^^^^
  File "/usr/lib/python3.12/multiprocessing/context.py", line 103, in Queue
    return Queue(maxsize, ctx=self.get_context())
           ^^^^^^^^^^^^^^^^^^^^^^^^^^^^^^^^^^^^^^
  File "/usr/lib/python3.12/multiprocessing/queues.py", line 42, in __init__
    self._reader, self._writer = connection.Pipe(duplex=False)
                                 ^^^^^^^^^^^^^^^^^^^^^^^^^^^^^
  File "/usr/lib/python3.12/multiprocessing/connection.py", line 544, in Pipe
    fd1, fd2 = os.pipe()
               ^^^^^^^^^
OSError: [Errno 24] Too many open files
2026-04-08 22:14:46,855 - distributed.nanny - ERROR - Failed to start process
Traceback (most recent call last):
  File "/home/Shared/UniBe-swiss-ndvi/GitHub/swiss-ndvi-processing/.venv/lib/python3.12/site-packages/distributed/nanny.py", line 452, in instantiate
    result = await self.process.start()
             ^^^^^^^^^^^^^^^^^^^^^^^^^^
  File "/home/Shared/UniBe-swiss-ndvi/GitHub/swiss-ndvi-processing/.venv/lib/python3.12/site-packages/distributed/nanny.py", line 713, in start
    self.init_result_q = mp_ctx.Queue()
                         ^^^^^^^^^^^^^^
  File "/usr/lib/python3.12/multiprocessing/context.py", line 103, in Queue
    return Queue(maxsize, ctx=self.get_context())
           ^^^^^^^^^^^^^^^^^^^^^^^^^^^^^^^^^^^^^^
  File "/usr/lib/python3.12/multiprocessing/queues.py", line 43, in __init__
    self._rlock = ctx.Lock()
                  ^^^^^^^^^^
  File "/usr/lib/python3.12/multiprocessing/context.py", line 68, in Lock
    return Lock(ctx=self.get_context())
           ^^^^^^^^^^^^^^^^^^^^^^^^^^^^
  File "/usr/lib/python3.12/multiprocessing/synchronize.py", line 169, in __init__
    SemLock.__init__(self, SEMAPHORE, 1, 1, ctx=ctx)
  File "/usr/lib/python3.12/multiprocessing/synchronize.py", line 57, in __init__
    sl = self._semlock = _multiprocessing.SemLock(
                         ^^^^^^^^^^^^^^^^^^^^^^^^^
OSError: [Errno 24] Too many open files
2026-04-08 22:14:46,858 - distributed.nanny - ERROR - Failed to start process
Traceback (most recent call last):
  File "/home/Shared/UniBe-swiss-ndvi/GitHub/swiss-ndvi-processing/.venv/lib/python3.12/site-packages/distributed/nanny.py", line 452, in instantiate
    result = await self.process.start()
             ^^^^^^^^^^^^^^^^^^^^^^^^^^
  File "/home/Shared/UniBe-swiss-ndvi/GitHub/swiss-ndvi-processing/.venv/lib/python3.12/site-packages/distributed/nanny.py", line 713, in start
    self.init_result_q = mp_ctx.Queue()
                         ^^^^^^^^^^^^^^
  File "/usr/lib/python3.12/multiprocessing/context.py", line 103, in Queue
    return Queue(maxsize, ctx=self.get_context())
           ^^^^^^^^^^^^^^^^^^^^^^^^^^^^^^^^^^^^^^
  File "/usr/lib/python3.12/multiprocessing/queues.py", line 42, in __init__
    self._reader, self._writer = connection.Pipe(duplex=False)
                                 ^^^^^^^^^^^^^^^^^^^^^^^^^^^^^
  File "/usr/lib/python3.12/multiprocessing/connection.py", line 544, in Pipe
    fd1, fd2 = os.pipe()
               ^^^^^^^^^
OSError: [Errno 24] Too many open files
2026-04-08 22:14:46,859 - distributed.nanny - ERROR - Failed to start process
Traceback (most recent call last):
  File "/home/Shared/UniBe-swiss-ndvi/GitHub/swiss-ndvi-processing/.venv/lib/python3.12/site-packages/distributed/nanny.py", line 452, in instantiate
    result = await self.process.start()
             ^^^^^^^^^^^^^^^^^^^^^^^^^^
  File "/home/Shared/UniBe-swiss-ndvi/GitHub/swiss-ndvi-processing/.venv/lib/python3.12/site-packages/distributed/nanny.py", line 713, in start
    self.init_result_q = mp_ctx.Queue()
                         ^^^^^^^^^^^^^^
  File "/usr/lib/python3.12/multiprocessing/context.py", line 103, in Queue
    return Queue(maxsize, ctx=self.get_context())
           ^^^^^^^^^^^^^^^^^^^^^^^^^^^^^^^^^^^^^^
  File "/usr/lib/python3.12/multiprocessing/queues.py", line 43, in __init__
    self._rlock = ctx.Lock()
                  ^^^^^^^^^^
  File "/usr/lib/python3.12/multiprocessing/context.py", line 68, in Lock
    return Lock(ctx=self.get_context())
           ^^^^^^^^^^^^^^^^^^^^^^^^^^^^
  File "/usr/lib/python3.12/multiprocessing/synchronize.py", line 169, in __init__
    SemLock.__init__(self, SEMAPHORE, 1, 1, ctx=ctx)
  File "/usr/lib/python3.12/multiprocessing/synchronize.py", line 57, in __init__
    sl = self._semlock = _multiprocessing.SemLock(
                         ^^^^^^^^^^^^^^^^^^^^^^^^^
OSError: [Errno 24] Too many open files
2026-04-08 22:14:46,860 - distributed.nanny - ERROR - Failed to start process
Traceback (most recent call last):
  File "/home/Shared/UniBe-swiss-ndvi/GitHub/swiss-ndvi-processing/.venv/lib/python3.12/site-packages/distributed/nanny.py", line 452, in instantiate
    result = await self.process.start()
             ^^^^^^^^^^^^^^^^^^^^^^^^^^
  File "/home/Shared/UniBe-swiss-ndvi/GitHub/swiss-ndvi-processing/.venv/lib/python3.12/site-packages/distributed/nanny.py", line 713, in start
    self.init_result_q = mp_ctx.Queue()
                         ^^^^^^^^^^^^^^
  File "/usr/lib/python3.12/multiprocessing/context.py", line 103, in Queue
    return Queue(maxsize, ctx=self.get_context())
           ^^^^^^^^^^^^^^^^^^^^^^^^^^^^^^^^^^^^^^
  File "/usr/lib/python3.12/multiprocessing/queues.py", line 42, in __init__
    self._reader, self._writer = connection.Pipe(duplex=False)
                                 ^^^^^^^^^^^^^^^^^^^^^^^^^^^^^
  File "/usr/lib/python3.12/multiprocessing/connection.py", line 544, in Pipe
    fd1, fd2 = os.pipe()
               ^^^^^^^^^
OSError: [Errno 24] Too many open files
2026-04-08 22:14:46,861 - distributed.nanny - ERROR - Failed to start process
Traceback (most recent call last):
  File "/home/Shared/UniBe-swiss-ndvi/GitHub/swiss-ndvi-processing/.venv/lib/python3.12/site-packages/distributed/nanny.py", line 452, in instantiate
    result = await self.process.start()
             ^^^^^^^^^^^^^^^^^^^^^^^^^^
  File "/home/Shared/UniBe-swiss-ndvi/GitHub/swiss-ndvi-processing/.venv/lib/python3.12/site-packages/distributed/nanny.py", line 713, in start
    self.init_result_q = mp_ctx.Queue()
                         ^^^^^^^^^^^^^^
  File "/usr/lib/python3.12/multiprocessing/context.py", line 103, in Queue
    return Queue(maxsize, ctx=self.get_context())
           ^^^^^^^^^^^^^^^^^^^^^^^^^^^^^^^^^^^^^^
  File "/usr/lib/python3.12/multiprocessing/queues.py", line 43, in __init__
    self._rlock = ctx.Lock()
                  ^^^^^^^^^^
  File "/usr/lib/python3.12/multiprocessing/context.py", line 68, in Lock
    return Lock(ctx=self.get_context())
           ^^^^^^^^^^^^^^^^^^^^^^^^^^^^
  File "/usr/lib/python3.12/multiprocessing/synchronize.py", line 169, in __init__
    SemLock.__init__(self, SEMAPHORE, 1, 1, ctx=ctx)
  File "/usr/lib/python3.12/multiprocessing/synchronize.py", line 57, in __init__
    sl = self._semlock = _multiprocessing.SemLock(
                         ^^^^^^^^^^^^^^^^^^^^^^^^^
OSError: [Errno 24] Too many open files
2026-04-08 22:14:46,862 - distributed.nanny - ERROR - Failed to start process
Traceback (most recent call last):
  File "/home/Shared/UniBe-swiss-ndvi/GitHub/swiss-ndvi-processing/.venv/lib/python3.12/site-packages/distributed/nanny.py", line 452, in instantiate
    result = await self.process.start()
             ^^^^^^^^^^^^^^^^^^^^^^^^^^
  File "/home/Shared/UniBe-swiss-ndvi/GitHub/swiss-ndvi-processing/.venv/lib/python3.12/site-packages/distributed/nanny.py", line 713, in start
    self.init_result_q = mp_ctx.Queue()
                         ^^^^^^^^^^^^^^
  File "/usr/lib/python3.12/multiprocessing/context.py", line 103, in Queue
    return Queue(maxsize, ctx=self.get_context())
           ^^^^^^^^^^^^^^^^^^^^^^^^^^^^^^^^^^^^^^
  File "/usr/lib/python3.12/multiprocessing/queues.py", line 42, in __init__
    self._reader, self._writer = connection.Pipe(duplex=False)
                                 ^^^^^^^^^^^^^^^^^^^^^^^^^^^^^
  File "/usr/lib/python3.12/multiprocessing/connection.py", line 544, in Pipe
    fd1, fd2 = os.pipe()
               ^^^^^^^^^
OSError: [Errno 24] Too many open files
2026-04-08 22:14:46,863 - distributed.nanny - ERROR - Failed to start process
Traceback (most recent call last):
  File "/home/Shared/UniBe-swiss-ndvi/GitHub/swiss-ndvi-processing/.venv/lib/python3.12/site-packages/distributed/nanny.py", line 452, in instantiate
    result = await self.process.start()
             ^^^^^^^^^^^^^^^^^^^^^^^^^^
  File "/home/Shared/UniBe-swiss-ndvi/GitHub/swiss-ndvi-processing/.venv/lib/python3.12/site-packages/distributed/nanny.py", line 713, in start
    self.init_result_q = mp_ctx.Queue()
                         ^^^^^^^^^^^^^^
  File "/usr/lib/python3.12/multiprocessing/context.py", line 103, in Queue
    return Queue(maxsize, ctx=self.get_context())
           ^^^^^^^^^^^^^^^^^^^^^^^^^^^^^^^^^^^^^^
  File "/usr/lib/python3.12/multiprocessing/queues.py", line 43, in __init__
    self._rlock = ctx.Lock()
                  ^^^^^^^^^^
  File "/usr/lib/python3.12/multiprocessing/context.py", line 68, in Lock
    return Lock(ctx=self.get_context())
           ^^^^^^^^^^^^^^^^^^^^^^^^^^^^
  File "/usr/lib/python3.12/multiprocessing/synchronize.py", line 169, in __init__
    SemLock.__init__(self, SEMAPHORE, 1, 1, ctx=ctx)
  File "/usr/lib/python3.12/multiprocessing/synchronize.py", line 57, in __init__
    sl = self._semlock = _multiprocessing.SemLock(
                         ^^^^^^^^^^^^^^^^^^^^^^^^^
OSError: [Errno 24] Too many open files
2026-04-08 22:14:46,864 - distributed.nanny - ERROR - Failed to start process
Traceback (most recent call last):
  File "/home/Shared/UniBe-swiss-ndvi/GitHub/swiss-ndvi-processing/.venv/lib/python3.12/site-packages/distributed/nanny.py", line 452, in instantiate
    result = await self.process.start()
             ^^^^^^^^^^^^^^^^^^^^^^^^^^
  File "/home/Shared/UniBe-swiss-ndvi/GitHub/swiss-ndvi-processing/.venv/lib/python3.12/site-packages/distributed/nanny.py", line 713, in start
    self.init_result_q = mp_ctx.Queue()
                         ^^^^^^^^^^^^^^
  File "/usr/lib/python3.12/multiprocessing/context.py", line 103, in Queue
    return Queue(maxsize, ctx=self.get_context())
           ^^^^^^^^^^^^^^^^^^^^^^^^^^^^^^^^^^^^^^
  File "/usr/lib/python3.12/multiprocessing/queues.py", line 42, in __init__
    self._reader, self._writer = connection.Pipe(duplex=False)
                                 ^^^^^^^^^^^^^^^^^^^^^^^^^^^^^
  File "/usr/lib/python3.12/multiprocessing/connection.py", line 544, in Pipe
    fd1, fd2 = os.pipe()
               ^^^^^^^^^
OSError: [Errno 24] Too many open files
2026-04-08 22:14:46,865 - distributed.nanny - ERROR - Failed to start process
Traceback (most recent call last):
  File "/home/Shared/UniBe-swiss-ndvi/GitHub/swiss-ndvi-processing/.venv/lib/python3.12/site-packages/distributed/nanny.py", line 452, in instantiate
    result = await self.process.start()
             ^^^^^^^^^^^^^^^^^^^^^^^^^^
  File "/home/Shared/UniBe-swiss-ndvi/GitHub/swiss-ndvi-processing/.venv/lib/python3.12/site-packages/distributed/nanny.py", line 713, in start
    self.init_result_q = mp_ctx.Queue()
                         ^^^^^^^^^^^^^^
  File "/usr/lib/python3.12/multiprocessing/context.py", line 103, in Queue
    return Queue(maxsize, ctx=self.get_context())
           ^^^^^^^^^^^^^^^^^^^^^^^^^^^^^^^^^^^^^^
  File "/usr/lib/python3.12/multiprocessing/queues.py", line 43, in __init__
    self._rlock = ctx.Lock()
                  ^^^^^^^^^^
  File "/usr/lib/python3.12/multiprocessing/context.py", line 68, in Lock
    return Lock(ctx=self.get_context())
           ^^^^^^^^^^^^^^^^^^^^^^^^^^^^
  File "/usr/lib/python3.12/multiprocessing/synchronize.py", line 169, in __init__
    SemLock.__init__(self, SEMAPHORE, 1, 1, ctx=ctx)
  File "/usr/lib/python3.12/multiprocessing/synchronize.py", line 57, in __init__
    sl = self._semlock = _multiprocessing.SemLock(
                         ^^^^^^^^^^^^^^^^^^^^^^^^^
OSError: [Errno 24] Too many open files
2026-04-08 22:14:46,867 - distributed.nanny - ERROR - Failed to start process
Traceback (most recent call last):
  File "/home/Shared/UniBe-swiss-ndvi/GitHub/swiss-ndvi-processing/.venv/lib/python3.12/site-packages/distributed/nanny.py", line 452, in instantiate
    result = await self.process.start()
             ^^^^^^^^^^^^^^^^^^^^^^^^^^
  File "/home/Shared/UniBe-swiss-ndvi/GitHub/swiss-ndvi-processing/.venv/lib/python3.12/site-packages/distributed/nanny.py", line 713, in start
    self.init_result_q = mp_ctx.Queue()
                         ^^^^^^^^^^^^^^
  File "/usr/lib/python3.12/multiprocessing/context.py", line 103, in Queue
    return Queue(maxsize, ctx=self.get_context())
           ^^^^^^^^^^^^^^^^^^^^^^^^^^^^^^^^^^^^^^
  File "/usr/lib/python3.12/multiprocessing/queues.py", line 42, in __init__
    self._reader, self._writer = connection.Pipe(duplex=False)
                                 ^^^^^^^^^^^^^^^^^^^^^^^^^^^^^
  File "/usr/lib/python3.12/multiprocessing/connection.py", line 544, in Pipe
    fd1, fd2 = os.pipe()
               ^^^^^^^^^
OSError: [Errno 24] Too many open files
2026-04-08 22:14:46,872 - distributed.nanny - ERROR - Nanny failed to start process
Traceback (most recent call last):
  File "/home/Shared/UniBe-swiss-ndvi/GitHub/swiss-ndvi-processing/.venv/lib/python3.12/site-packages/distributed/nanny.py", line 750, in start
    await self.process.start()
  File "/home/Shared/UniBe-swiss-ndvi/GitHub/swiss-ndvi-processing/.venv/lib/python3.12/site-packages/distributed/process.py", line 55, in _call_and_set_future
    res = func(*args, **kwargs)
          ^^^^^^^^^^^^^^^^^^^^^
  File "/home/Shared/UniBe-swiss-ndvi/GitHub/swiss-ndvi-processing/.venv/lib/python3.12/site-packages/distributed/process.py", line 215, in _start
    process.start()
  File "/usr/lib/python3.12/multiprocessing/process.py", line 121, in start
    self._popen = self._Popen(self)
                  ^^^^^^^^^^^^^^^^^
  File "/usr/lib/python3.12/multiprocessing/context.py", line 289, in _Popen
    return Popen(process_obj)
           ^^^^^^^^^^^^^^^^^^
  File "/usr/lib/python3.12/multiprocessing/popen_spawn_posix.py", line 32, in __init__
    super().__init__(process_obj)
  File "/usr/lib/python3.12/multiprocessing/popen_fork.py", line 19, in __init__
    self._launch(process_obj)
  File "/usr/lib/python3.12/multiprocessing/popen_spawn_posix.py", line 54, in _launch
    child_r, parent_w = os.pipe()
                        ^^^^^^^^^
OSError: [Errno 24] Too many open files
2026-04-08 22:14:46,873 - distributed.nanny - ERROR - Nanny failed to start process
Traceback (most recent call last):
  File "/home/Shared/UniBe-swiss-ndvi/GitHub/swiss-ndvi-processing/.venv/lib/python3.12/site-packages/distributed/nanny.py", line 750, in start
    await self.process.start()
  File "/home/Shared/UniBe-swiss-ndvi/GitHub/swiss-ndvi-processing/.venv/lib/python3.12/site-packages/distributed/process.py", line 55, in _call_and_set_future
    res = func(*args, **kwargs)
          ^^^^^^^^^^^^^^^^^^^^^
  File "/home/Shared/UniBe-swiss-ndvi/GitHub/swiss-ndvi-processing/.venv/lib/python3.12/site-packages/distributed/process.py", line 215, in _start
    process.start()
  File "/usr/lib/python3.12/multiprocessing/process.py", line 121, in start
    self._popen = self._Popen(self)
                  ^^^^^^^^^^^^^^^^^
  File "/usr/lib/python3.12/multiprocessing/context.py", line 289, in _Popen
    return Popen(process_obj)
           ^^^^^^^^^^^^^^^^^^
  File "/usr/lib/python3.12/multiprocessing/popen_spawn_posix.py", line 32, in __init__
    super().__init__(process_obj)
  File "/usr/lib/python3.12/multiprocessing/popen_fork.py", line 19, in __init__
    self._launch(process_obj)
  File "/usr/lib/python3.12/multiprocessing/popen_spawn_posix.py", line 53, in _launch
    parent_r, child_w = os.pipe()
                        ^^^^^^^^^
OSError: [Errno 24] Too many open files
2026-04-08 22:14:46,874 - distributed.nanny - ERROR - Nanny failed to start process
Traceback (most recent call last):
  File "/home/Shared/UniBe-swiss-ndvi/GitHub/swiss-ndvi-processing/.venv/lib/python3.12/site-packages/distributed/nanny.py", line 750, in start
    await self.process.start()
  File "/home/Shared/UniBe-swiss-ndvi/GitHub/swiss-ndvi-processing/.venv/lib/python3.12/site-packages/distributed/process.py", line 55, in _call_and_set_future
    res = func(*args, **kwargs)
          ^^^^^^^^^^^^^^^^^^^^^
  File "/home/Shared/UniBe-swiss-ndvi/GitHub/swiss-ndvi-processing/.venv/lib/python3.12/site-packages/distributed/process.py", line 215, in _start
    process.start()
  File "/usr/lib/python3.12/multiprocessing/process.py", line 121, in start
    self._popen = self._Popen(self)
                  ^^^^^^^^^^^^^^^^^
  File "/usr/lib/python3.12/multiprocessing/context.py", line 289, in _Popen
    return Popen(process_obj)
           ^^^^^^^^^^^^^^^^^^
  File "/usr/lib/python3.12/multiprocessing/popen_spawn_posix.py", line 32, in __init__
    super().__init__(process_obj)
  File "/usr/lib/python3.12/multiprocessing/popen_fork.py", line 19, in __init__
    self._launch(process_obj)
  File "/usr/lib/python3.12/multiprocessing/popen_spawn_posix.py", line 53, in _launch
    parent_r, child_w = os.pipe()
                        ^^^^^^^^^
OSError: [Errno 24] Too many open files
2026-04-08 22:14:46,883 - distributed.nanny - ERROR - Failed to start process
Traceback (most recent call last):
  File "/home/Shared/UniBe-swiss-ndvi/GitHub/swiss-ndvi-processing/.venv/lib/python3.12/site-packages/distributed/nanny.py", line 750, in start
    await self.process.start()
  File "/home/Shared/UniBe-swiss-ndvi/GitHub/swiss-ndvi-processing/.venv/lib/python3.12/site-packages/distributed/process.py", line 55, in _call_and_set_future
    res = func(*args, **kwargs)
          ^^^^^^^^^^^^^^^^^^^^^
  File "/home/Shared/UniBe-swiss-ndvi/GitHub/swiss-ndvi-processing/.venv/lib/python3.12/site-packages/distributed/process.py", line 215, in _start
    process.start()
  File "/usr/lib/python3.12/multiprocessing/process.py", line 121, in start
    self._popen = self._Popen(self)
                  ^^^^^^^^^^^^^^^^^
  File "/usr/lib/python3.12/multiprocessing/context.py", line 289, in _Popen
    return Popen(process_obj)
           ^^^^^^^^^^^^^^^^^^
  File "/usr/lib/python3.12/multiprocessing/popen_spawn_posix.py", line 32, in __init__
    super().__init__(process_obj)
  File "/usr/lib/python3.12/multiprocessing/popen_fork.py", line 19, in __init__
    self._launch(process_obj)
  File "/usr/lib/python3.12/multiprocessing/popen_spawn_posix.py", line 54, in _launch
    child_r, parent_w = os.pipe()
                        ^^^^^^^^^
OSError: [Errno 24] Too many open files

During handling of the above exception, another exception occurred:

Traceback (most recent call last):
  File "/home/Shared/UniBe-swiss-ndvi/GitHub/swiss-ndvi-processing/.venv/lib/python3.12/site-packages/distributed/nanny.py", line 452, in instantiate
    result = await self.process.start()
             ^^^^^^^^^^^^^^^^^^^^^^^^^^
  File "/home/Shared/UniBe-swiss-ndvi/GitHub/swiss-ndvi-processing/.venv/lib/python3.12/site-packages/distributed/nanny.py", line 756, in start
    await self.process.terminate()
  File "/home/Shared/UniBe-swiss-ndvi/GitHub/swiss-ndvi-processing/.venv/lib/python3.12/site-packages/distributed/process.py", line 55, in _call_and_set_future
    res = func(*args, **kwargs)
          ^^^^^^^^^^^^^^^^^^^^^
  File "/usr/lib/python3.12/multiprocessing/process.py", line 133, in terminate
    self._popen.terminate()
    ^^^^^^^^^^^^^^^^^^^^^
AttributeError: 'NoneType' object has no attribute 'terminate'
2026-04-08 22:14:46,886 - distributed.nanny - ERROR - Failed to start process
Traceback (most recent call last):
  File "/home/Shared/UniBe-swiss-ndvi/GitHub/swiss-ndvi-processing/.venv/lib/python3.12/site-packages/distributed/nanny.py", line 750, in start
    await self.process.start()
  File "/home/Shared/UniBe-swiss-ndvi/GitHub/swiss-ndvi-processing/.venv/lib/python3.12/site-packages/distributed/process.py", line 55, in _call_and_set_future
    res = func(*args, **kwargs)
          ^^^^^^^^^^^^^^^^^^^^^
  File "/home/Shared/UniBe-swiss-ndvi/GitHub/swiss-ndvi-processing/.venv/lib/python3.12/site-packages/distributed/process.py", line 215, in _start
    process.start()
  File "/usr/lib/python3.12/multiprocessing/process.py", line 121, in start
    self._popen = self._Popen(self)
                  ^^^^^^^^^^^^^^^^^
  File "/usr/lib/python3.12/multiprocessing/context.py", line 289, in _Popen
    return Popen(process_obj)
           ^^^^^^^^^^^^^^^^^^
  File "/usr/lib/python3.12/multiprocessing/popen_spawn_posix.py", line 32, in __init__
    super().__init__(process_obj)
  File "/usr/lib/python3.12/multiprocessing/popen_fork.py", line 19, in __init__
    self._launch(process_obj)
  File "/usr/lib/python3.12/multiprocessing/popen_spawn_posix.py", line 53, in _launch
    parent_r, child_w = os.pipe()
                        ^^^^^^^^^
OSError: [Errno 24] Too many open files

During handling of the above exception, another exception occurred:

Traceback (most recent call last):
  File "/home/Shared/UniBe-swiss-ndvi/GitHub/swiss-ndvi-processing/.venv/lib/python3.12/site-packages/distributed/nanny.py", line 452, in instantiate
    result = await self.process.start()
             ^^^^^^^^^^^^^^^^^^^^^^^^^^
  File "/home/Shared/UniBe-swiss-ndvi/GitHub/swiss-ndvi-processing/.venv/lib/python3.12/site-packages/distributed/nanny.py", line 756, in start
    await self.process.terminate()
  File "/home/Shared/UniBe-swiss-ndvi/GitHub/swiss-ndvi-processing/.venv/lib/python3.12/site-packages/distributed/process.py", line 55, in _call_and_set_future
    res = func(*args, **kwargs)
          ^^^^^^^^^^^^^^^^^^^^^
  File "/usr/lib/python3.12/multiprocessing/process.py", line 133, in terminate
    self._popen.terminate()
    ^^^^^^^^^^^^^^^^^^^^^
AttributeError: 'NoneType' object has no attribute 'terminate'
2026-04-08 22:14:46,888 - distributed.nanny - ERROR - Failed to start process
Traceback (most recent call last):
  File "/home/Shared/UniBe-swiss-ndvi/GitHub/swiss-ndvi-processing/.venv/lib/python3.12/site-packages/distributed/nanny.py", line 750, in start
    await self.process.start()
  File "/home/Shared/UniBe-swiss-ndvi/GitHub/swiss-ndvi-processing/.venv/lib/python3.12/site-packages/distributed/process.py", line 55, in _call_and_set_future
    res = func(*args, **kwargs)
          ^^^^^^^^^^^^^^^^^^^^^
  File "/home/Shared/UniBe-swiss-ndvi/GitHub/swiss-ndvi-processing/.venv/lib/python3.12/site-packages/distributed/process.py", line 215, in _start
    process.start()
  File "/usr/lib/python3.12/multiprocessing/process.py", line 121, in start
    self._popen = self._Popen(self)
                  ^^^^^^^^^^^^^^^^^
  File "/usr/lib/python3.12/multiprocessing/context.py", line 289, in _Popen
    return Popen(process_obj)
           ^^^^^^^^^^^^^^^^^^
  File "/usr/lib/python3.12/multiprocessing/popen_spawn_posix.py", line 32, in __init__
    super().__init__(process_obj)
  File "/usr/lib/python3.12/multiprocessing/popen_fork.py", line 19, in __init__
    self._launch(process_obj)
  File "/usr/lib/python3.12/multiprocessing/popen_spawn_posix.py", line 53, in _launch
    parent_r, child_w = os.pipe()
                        ^^^^^^^^^
OSError: [Errno 24] Too many open files

During handling of the above exception, another exception occurred:

Traceback (most recent call last):
  File "/home/Shared/UniBe-swiss-ndvi/GitHub/swiss-ndvi-processing/.venv/lib/python3.12/site-packages/distributed/nanny.py", line 452, in instantiate
    result = await self.process.start()
             ^^^^^^^^^^^^^^^^^^^^^^^^^^
  File "/home/Shared/UniBe-swiss-ndvi/GitHub/swiss-ndvi-processing/.venv/lib/python3.12/site-packages/distributed/nanny.py", line 756, in start
    await self.process.terminate()
  File "/home/Shared/UniBe-swiss-ndvi/GitHub/swiss-ndvi-processing/.venv/lib/python3.12/site-packages/distributed/process.py", line 55, in _call_and_set_future
    res = func(*args, **kwargs)
          ^^^^^^^^^^^^^^^^^^^^^
  File "/usr/lib/python3.12/multiprocessing/process.py", line 133, in terminate
    self._popen.terminate()
    ^^^^^^^^^^^^^^^^^^^^^
AttributeError: 'NoneType' object has no attribute 'terminate'
Exception in callback BaseAsyncIOLoop._handle_events(7, 1)
handle: <Handle BaseAsyncIOLoop._handle_events(7, 1)>
Traceback (most recent call last):
  File "/usr/lib/python3.12/asyncio/events.py", line 88, in _run
  File "/home/Shared/UniBe-swiss-ndvi/GitHub/swiss-ndvi-processing/.venv/lib/python3.12/site-packages/tornado/platform/asyncio.py", line 208, in _handle_events
  File "/home/Shared/UniBe-swiss-ndvi/GitHub/swiss-ndvi-processing/.venv/lib/python3.12/site-packages/tornado/netutil.py", line 273, in accept_handler
  File "/usr/lib/python3.12/socket.py", line 295, in accept
OSError: [Errno 24] Too many open files
Exception in callback BaseAsyncIOLoop._handle_events(7, 1)
handle: <Handle BaseAsyncIOLoop._handle_events(7, 1)>
Traceback (most recent call last):
  File "/usr/lib/python3.12/asyncio/events.py", line 88, in _run
  File "/home/Shared/UniBe-swiss-ndvi/GitHub/swiss-ndvi-processing/.venv/lib/python3.12/site-packages/tornado/platform/asyncio.py", line 208, in _handle_events
  File "/home/Shared/UniBe-swiss-ndvi/GitHub/swiss-ndvi-processing/.venv/lib/python3.12/site-packages/tornado/netutil.py", line 273, in accept_handler
  File "/usr/lib/python3.12/socket.py", line 295, in accept
OSError: [Errno 24] Too many open files
2026-04-08 22:14:48,480 - distributed.worker - WARNING - Mismatched versions found

+-------------+---------------------------------------------+-----------+----------+
| Package     | Worker-a7e613a4-24e6-494b-a73c-573336664350 | Scheduler | Workers  |
+-------------+---------------------------------------------+-----------+----------+
| cloudpickle | 3.1.1                                       | None      | 3.1.1    |
| dask        | 2025.9.1                                    | None      | 2025.9.1 |
| distributed | 2025.9.1                                    | None      | 2025.9.1 |
| lz4         | 4.3.2                                       | None      | 4.3.2    |
| msgpack     | 1.1.1                                       | None      | 1.1.1    |
| toolz       | 1.0.0                                       | None      | 1.0.0    |
| tornado     | 6.5.1                                       | None      | 6.5.1    |
+-------------+---------------------------------------------+-----------+----------+
Exception in callback BaseAsyncIOLoop._handle_events(7, 1)
handle: <Handle BaseAsyncIOLoop._handle_events(7, 1)>
Traceback (most recent call last):
  File "/usr/lib/python3.12/asyncio/events.py", line 88, in _run
  File "/home/Shared/UniBe-swiss-ndvi/GitHub/swiss-ndvi-processing/.venv/lib/python3.12/site-packages/tornado/platform/asyncio.py", line 208, in _handle_events
  File "/home/Shared/UniBe-swiss-ndvi/GitHub/swiss-ndvi-processing/.venv/lib/python3.12/site-packages/tornado/netutil.py", line 273, in accept_handler
  File "/usr/lib/python3.12/socket.py", line 295, in accept
OSError: [Errno 24] Too many open files
Exception in callback BaseAsyncIOLoop._handle_events(7, 1)
handle: <Handle BaseAsyncIOLoop._handle_events(7, 1)>
Traceback (most recent call last):
  File "/usr/lib/python3.12/asyncio/events.py", line 88, in _run
  File "/home/Shared/UniBe-swiss-ndvi/GitHub/swiss-ndvi-processing/.venv/lib/python3.12/site-packages/tornado/platform/asyncio.py", line 208, in _handle_events
  File "/home/Shared/UniBe-swiss-ndvi/GitHub/swiss-ndvi-processing/.venv/lib/python3.12/site-packages/tornado/netutil.py", line 273, in accept_handler
  File "/usr/lib/python3.12/socket.py", line 295, in accept
OSError: [Errno 24] Too many open files
Exception in callback BaseAsyncIOLoop._handle_events(7, 1)
handle: <Handle BaseAsyncIOLoop._handle_events(7, 1)>
Traceback (most recent call last):
  File "/usr/lib/python3.12/asyncio/events.py", line 88, in _run
  File "/home/Shared/UniBe-swiss-ndvi/GitHub/swiss-ndvi-processing/.venv/lib/python3.12/site-packages/tornado/platform/asyncio.py", line 208, in _handle_events
  File "/home/Shared/UniBe-swiss-ndvi/GitHub/swiss-ndvi-processing/.venv/lib/python3.12/site-packages/tornado/netutil.py", line 273, in accept_handler
  File "/usr/lib/python3.12/socket.py", line 295, in accept
OSError: [Errno 24] Too many open files
Exception in callback BaseAsyncIOLoop._handle_events(7, 1)
handle: <Handle BaseAsyncIOLoop._handle_events(7, 1)>
Traceback (most recent call last):
  File "/usr/lib/python3.12/asyncio/events.py", line 88, in _run
  File "/home/Shared/UniBe-swiss-ndvi/GitHub/swiss-ndvi-processing/.venv/lib/python3.12/site-packages/tornado/platform/asyncio.py", line 208, in _handle_events
  File "/home/Shared/UniBe-swiss-ndvi/GitHub/swiss-ndvi-processing/.venv/lib/python3.12/site-packages/tornado/netutil.py", line 273, in accept_handler
  File "/usr/lib/python3.12/socket.py", line 295, in accept
OSError: [Errno 24] Too many open files
Exception in callback BaseAsyncIOLoop._handle_events(7, 1)
handle: <Handle BaseAsyncIOLoop._handle_events(7, 1)>
Traceback (most recent call last):
  File "/usr/lib/python3.12/asyncio/events.py", line 88, in _run
  File "/home/Shared/UniBe-swiss-ndvi/GitHub/swiss-ndvi-processing/.venv/lib/python3.12/site-packages/tornado/platform/asyncio.py", line 208, in _handle_events
  File "/home/Shared/UniBe-swiss-ndvi/GitHub/swiss-ndvi-processing/.venv/lib/python3.12/site-packages/tornado/netutil.py", line 273, in accept_handler
  File "/usr/lib/python3.12/socket.py", line 295, in accept
OSError: [Errno 24] Too many open files
Exception in callback BaseAsyncIOLoop._handle_events(7, 1)
handle: <Handle BaseAsyncIOLoop._handle_events(7, 1)>
Traceback (most recent call last):
  File "/usr/lib/python3.12/asyncio/events.py", line 88, in _run
  File "/home/Shared/UniBe-swiss-ndvi/GitHub/swiss-ndvi-processing/.venv/lib/python3.12/site-packages/tornado/platform/asyncio.py", line 208, in _handle_events
  File "/home/Shared/UniBe-swiss-ndvi/GitHub/swiss-ndvi-processing/.venv/lib/python3.12/site-packages/tornado/netutil.py", line 273, in accept_handler
  File "/usr/lib/python3.12/socket.py", line 295, in accept
OSError: [Errno 24] Too many open files
Exception in callback BaseAsyncIOLoop._handle_events(7, 1)
handle: <Handle BaseAsyncIOLoop._handle_events(7, 1)>
Traceback (most recent call last):
  File "/usr/lib/python3.12/asyncio/events.py", line 88, in _run
  File "/home/Shared/UniBe-swiss-ndvi/GitHub/swiss-ndvi-processing/.venv/lib/python3.12/site-packages/tornado/platform/asyncio.py", line 208, in _handle_events
  File "/home/Shared/UniBe-swiss-ndvi/GitHub/swiss-ndvi-processing/.venv/lib/python3.12/site-packages/tornado/netutil.py", line 273, in accept_handler
  File "/usr/lib/python3.12/socket.py", line 295, in accept
OSError: [Errno 24] Too many open files
Exception in callback BaseAsyncIOLoop._handle_events(7, 1)
handle: <Handle BaseAsyncIOLoop._handle_events(7, 1)>
Traceback (most recent call last):
  File "/usr/lib/python3.12/asyncio/events.py", line 88, in _run
  File "/home/Shared/UniBe-swiss-ndvi/GitHub/swiss-ndvi-processing/.venv/lib/python3.12/site-packages/tornado/platform/asyncio.py", line 208, in _handle_events
  File "/home/Shared/UniBe-swiss-ndvi/GitHub/swiss-ndvi-processing/.venv/lib/python3.12/site-packages/tornado/netutil.py", line 273, in accept_handler
  File "/usr/lib/python3.12/socket.py", line 295, in accept
OSError: [Errno 24] Too many open files
Exception in callback BaseAsyncIOLoop._handle_events(7, 1)
handle: <Handle BaseAsyncIOLoop._handle_events(7, 1)>
Traceback (most recent call last):
  File "/usr/lib/python3.12/asyncio/events.py", line 88, in _run
  File "/home/Shared/UniBe-swiss-ndvi/GitHub/swiss-ndvi-processing/.venv/lib/python3.12/site-packages/tornado/platform/asyncio.py", line 208, in _handle_events
  File "/home/Shared/UniBe-swiss-ndvi/GitHub/swiss-ndvi-processing/.venv/lib/python3.12/site-packages/tornado/netutil.py", line 273, in accept_handler
  File "/usr/lib/python3.12/socket.py", line 295, in accept
OSError: [Errno 24] Too many open files
Exception in callback BaseAsyncIOLoop._handle_events(7, 1)
handle: <Handle BaseAsyncIOLoop._handle_events(7, 1)>
Traceback (most recent call last):
  File "/usr/lib/python3.12/asyncio/events.py", line 88, in _run
  File "/home/Shared/UniBe-swiss-ndvi/GitHub/swiss-ndvi-processing/.venv/lib/python3.12/site-packages/tornado/platform/asyncio.py", line 208, in _handle_events
  File "/home/Shared/UniBe-swiss-ndvi/GitHub/swiss-ndvi-processing/.venv/lib/python3.12/site-packages/tornado/netutil.py", line 273, in accept_handler
  File "/usr/lib/python3.12/socket.py", line 295, in accept
OSError: [Errno 24] Too many open files
Exception in callback BaseAsyncIOLoop._handle_events(7, 1)
handle: <Handle BaseAsyncIOLoop._handle_events(7, 1)>
Traceback (most recent call last):
  File "/usr/lib/python3.12/asyncio/events.py", line 88, in _run
  File "/home/Shared/UniBe-swiss-ndvi/GitHub/swiss-ndvi-processing/.venv/lib/python3.12/site-packages/tornado/platform/asyncio.py", line 208, in _handle_events
  File "/home/Shared/UniBe-swiss-ndvi/GitHub/swiss-ndvi-processing/.venv/lib/python3.12/site-packages/tornado/netutil.py", line 273, in accept_handler
  File "/usr/lib/python3.12/socket.py", line 295, in accept
OSError: [Errno 24] Too many open files
Exception in callback BaseAsyncIOLoop._handle_events(7, 1)
handle: <Handle BaseAsyncIOLoop._handle_events(7, 1)>
Traceback (most recent call last):
  File "/usr/lib/python3.12/asyncio/events.py", line 88, in _run
  File "/home/Shared/UniBe-swiss-ndvi/GitHub/swiss-ndvi-processing/.venv/lib/python3.12/site-packages/tornado/platform/asyncio.py", line 208, in _handle_events
  File "/home/Shared/UniBe-swiss-ndvi/GitHub/swiss-ndvi-processing/.venv/lib/python3.12/site-packages/tornado/netutil.py", line 273, in accept_handler
  File "/usr/lib/python3.12/socket.py", line 295, in accept
OSError: [Errno 24] Too many open files
Exception in callback BaseAsyncIOLoop._handle_events(7, 1)
handle: <Handle BaseAsyncIOLoop._handle_events(7, 1)>
Traceback (most recent call last):
  File "/usr/lib/python3.12/asyncio/events.py", line 88, in _run
  File "/home/Shared/UniBe-swiss-ndvi/GitHub/swiss-ndvi-processing/.venv/lib/python3.12/site-packages/tornado/platform/asyncio.py", line 208, in _handle_events
  File "/home/Shared/UniBe-swiss-ndvi/GitHub/swiss-ndvi-processing/.venv/lib/python3.12/site-packages/tornado/netutil.py", line 273, in accept_handler
  File "/usr/lib/python3.12/socket.py", line 295, in accept
OSError: [Errno 24] Too many open files
Exception in callback BaseAsyncIOLoop._handle_events(7, 1)
handle: <Handle BaseAsyncIOLoop._handle_events(7, 1)>
Traceback (most recent call last):
  File "/usr/lib/python3.12/asyncio/events.py", line 88, in _run
  File "/home/Shared/UniBe-swiss-ndvi/GitHub/swiss-ndvi-processing/.venv/lib/python3.12/site-packages/tornado/platform/asyncio.py", line 208, in _handle_events
  File "/home/Shared/UniBe-swiss-ndvi/GitHub/swiss-ndvi-processing/.venv/lib/python3.12/site-packages/tornado/netutil.py", line 273, in accept_handler
  File "/usr/lib/python3.12/socket.py", line 295, in accept
OSError: [Errno 24] Too many open files
Exception in callback BaseAsyncIOLoop._handle_events(7, 1)
handle: <Handle BaseAsyncIOLoop._handle_events(7, 1)>
Traceback (most recent call last):
  File "/usr/lib/python3.12/asyncio/events.py", line 88, in _run
  File "/home/Shared/UniBe-swiss-ndvi/GitHub/swiss-ndvi-processing/.venv/lib/python3.12/site-packages/tornado/platform/asyncio.py", line 208, in _handle_events
  File "/home/Shared/UniBe-swiss-ndvi/GitHub/swiss-ndvi-processing/.venv/lib/python3.12/site-packages/tornado/netutil.py", line 273, in accept_handler
  File "/usr/lib/python3.12/socket.py", line 295, in accept
OSError: [Errno 24] Too many open files
Exception in callback BaseAsyncIOLoop._handle_events(7, 1)
handle: <Handle BaseAsyncIOLoop._handle_events(7, 1)>
Traceback (most recent call last):
  File "/usr/lib/python3.12/asyncio/events.py", line 88, in _run
  File "/home/Shared/UniBe-swiss-ndvi/GitHub/swiss-ndvi-processing/.venv/lib/python3.12/site-packages/tornado/platform/asyncio.py", line 208, in _handle_events
  File "/home/Shared/UniBe-swiss-ndvi/GitHub/swiss-ndvi-processing/.venv/lib/python3.12/site-packages/tornado/netutil.py", line 273, in accept_handler
  File "/usr/lib/python3.12/socket.py", line 295, in accept
OSError: [Errno 24] Too many open files
Exception in callback BaseAsyncIOLoop._handle_events(7, 1)
handle: <Handle BaseAsyncIOLoop._handle_events(7, 1)>
Traceback (most recent call last):
  File "/usr/lib/python3.12/asyncio/events.py", line 88, in _run
  File "/home/Shared/UniBe-swiss-ndvi/GitHub/swiss-ndvi-processing/.venv/lib/python3.12/site-packages/tornado/platform/asyncio.py", line 208, in _handle_events
  File "/home/Shared/UniBe-swiss-ndvi/GitHub/swiss-ndvi-processing/.venv/lib/python3.12/site-packages/tornado/netutil.py", line 273, in accept_handler
  File "/usr/lib/python3.12/socket.py", line 295, in accept
OSError: [Errno 24] Too many open files
Exception in callback BaseAsyncIOLoop._handle_events(7, 1)
handle: <Handle BaseAsyncIOLoop._handle_events(7, 1)>
Traceback (most recent call last):
  File "/usr/lib/python3.12/asyncio/events.py", line 88, in _run
  File "/home/Shared/UniBe-swiss-ndvi/GitHub/swiss-ndvi-processing/.venv/lib/python3.12/site-packages/tornado/platform/asyncio.py", line 208, in _handle_events
  File "/home/Shared/UniBe-swiss-ndvi/GitHub/swiss-ndvi-processing/.venv/lib/python3.12/site-packages/tornado/netutil.py", line 273, in accept_handler
  File "/usr/lib/python3.12/socket.py", line 295, in accept
OSError: [Errno 24] Too many open files
Exception in callback BaseAsyncIOLoop._handle_events(7, 1)
handle: <Handle BaseAsyncIOLoop._handle_events(7, 1)>
Traceback (most recent call last):
  File "/usr/lib/python3.12/asyncio/events.py", line 88, in _run
  File "/home/Shared/UniBe-swiss-ndvi/GitHub/swiss-ndvi-processing/.venv/lib/python3.12/site-packages/tornado/platform/asyncio.py", line 208, in _handle_events
  File "/home/Shared/UniBe-swiss-ndvi/GitHub/swiss-ndvi-processing/.venv/lib/python3.12/site-packages/tornado/netutil.py", line 273, in accept_handler
  File "/usr/lib/python3.12/socket.py", line 295, in accept
OSError: [Errno 24] Too many open files
Exception in callback BaseAsyncIOLoop._handle_events(7, 1)
handle: <Handle BaseAsyncIOLoop._handle_events(7, 1)>
Traceback (most recent call last):
  File "/usr/lib/python3.12/asyncio/events.py", line 88, in _run
  File "/home/Shared/UniBe-swiss-ndvi/GitHub/swiss-ndvi-processing/.venv/lib/python3.12/site-packages/tornado/platform/asyncio.py", line 208, in _handle_events
  File "/home/Shared/UniBe-swiss-ndvi/GitHub/swiss-ndvi-processing/.venv/lib/python3.12/site-packages/tornado/netutil.py", line 273, in accept_handler
  File "/usr/lib/python3.12/socket.py", line 295, in accept
OSError: [Errno 24] Too many open files
Exception in callback BaseAsyncIOLoop._handle_events(7, 1)
handle: <Handle BaseAsyncIOLoop._handle_events(7, 1)>
Traceback (most recent call last):
  File "/usr/lib/python3.12/asyncio/events.py", line 88, in _run
  File "/home/Shared/UniBe-swiss-ndvi/GitHub/swiss-ndvi-processing/.venv/lib/python3.12/site-packages/tornado/platform/asyncio.py", line 208, in _handle_events
  File "/home/Shared/UniBe-swiss-ndvi/GitHub/swiss-ndvi-processing/.venv/lib/python3.12/site-packages/tornado/netutil.py", line 273, in accept_handler
  File "/usr/lib/python3.12/socket.py", line 295, in accept
OSError: [Errno 24] Too many open files
Exception in callback BaseAsyncIOLoop._handle_events(7, 1)
handle: <Handle BaseAsyncIOLoop._handle_events(7, 1)>
Traceback (most recent call last):
  File "/usr/lib/python3.12/asyncio/events.py", line 88, in _run
  File "/home/Shared/UniBe-swiss-ndvi/GitHub/swiss-ndvi-processing/.venv/lib/python3.12/site-packages/tornado/platform/asyncio.py", line 208, in _handle_events
  File "/home/Shared/UniBe-swiss-ndvi/GitHub/swiss-ndvi-processing/.venv/lib/python3.12/site-packages/tornado/netutil.py", line 273, in accept_handler
  File "/usr/lib/python3.12/socket.py", line 295, in accept
OSError: [Errno 24] Too many open files
Exception in callback BaseAsyncIOLoop._handle_events(7, 1)
handle: <Handle BaseAsyncIOLoop._handle_events(7, 1)>
Traceback (most recent call last):
  File "/usr/lib/python3.12/asyncio/events.py", line 88, in _run
  File "/home/Shared/UniBe-swiss-ndvi/GitHub/swiss-ndvi-processing/.venv/lib/python3.12/site-packages/tornado/platform/asyncio.py", line 208, in _handle_events
  File "/home/Shared/UniBe-swiss-ndvi/GitHub/swiss-ndvi-processing/.venv/lib/python3.12/site-packages/tornado/netutil.py", line 273, in accept_handler
  File "/usr/lib/python3.12/socket.py", line 295, in accept
OSError: [Errno 24] Too many open files
Exception in callback BaseAsyncIOLoop._handle_events(7, 1)
handle: <Handle BaseAsyncIOLoop._handle_events(7, 1)>
Traceback (most recent call last):
  File "/usr/lib/python3.12/asyncio/events.py", line 88, in _run
  File "/home/Shared/UniBe-swiss-ndvi/GitHub/swiss-ndvi-processing/.venv/lib/python3.12/site-packages/tornado/platform/asyncio.py", line 208, in _handle_events
  File "/home/Shared/UniBe-swiss-ndvi/GitHub/swiss-ndvi-processing/.venv/lib/python3.12/site-packages/tornado/netutil.py", line 273, in accept_handler
  File "/usr/lib/python3.12/socket.py", line 295, in accept
OSError: [Errno 24] Too many open files
Exception in callback BaseAsyncIOLoop._handle_events(7, 1)
handle: <Handle BaseAsyncIOLoop._handle_events(7, 1)>
Traceback (most recent call last):
  File "/usr/lib/python3.12/asyncio/events.py", line 88, in _run
  File "/home/Shared/UniBe-swiss-ndvi/GitHub/swiss-ndvi-processing/.venv/lib/python3.12/site-packages/tornado/platform/asyncio.py", line 208, in _handle_events
  File "/home/Shared/UniBe-swiss-ndvi/GitHub/swiss-ndvi-processing/.venv/lib/python3.12/site-packages/tornado/netutil.py", line 273, in accept_handler
  File "/usr/lib/python3.12/socket.py", line 295, in accept
OSError: [Errno 24] Too many open files
Exception in callback BaseAsyncIOLoop._handle_events(7, 1)
handle: <Handle BaseAsyncIOLoop._handle_events(7, 1)>
Traceback (most recent call last):
  File "/usr/lib/python3.12/asyncio/events.py", line 88, in _run
  File "/home/Shared/UniBe-swiss-ndvi/GitHub/swiss-ndvi-processing/.venv/lib/python3.12/site-packages/tornado/platform/asyncio.py", line 208, in _handle_events
  File "/home/Shared/UniBe-swiss-ndvi/GitHub/swiss-ndvi-processing/.venv/lib/python3.12/site-packages/tornado/netutil.py", line 273, in accept_handler
  File "/usr/lib/python3.12/socket.py", line 295, in accept
OSError: [Errno 24] Too many open files
Exception in callback BaseAsyncIOLoop._handle_events(7, 1)
handle: <Handle BaseAsyncIOLoop._handle_events(7, 1)>
Traceback (most recent call last):
  File "/usr/lib/python3.12/asyncio/events.py", line 88, in _run
  File "/home/Shared/UniBe-swiss-ndvi/GitHub/swiss-ndvi-processing/.venv/lib/python3.12/site-packages/tornado/platform/asyncio.py", line 208, in _handle_events
  File "/home/Shared/UniBe-swiss-ndvi/GitHub/swiss-ndvi-processing/.venv/lib/python3.12/site-packages/tornado/netutil.py", line 273, in accept_handler
  File "/usr/lib/python3.12/socket.py", line 295, in accept
OSError: [Errno 24] Too many open files
Exception in callback BaseAsyncIOLoop._handle_events(7, 1)
handle: <Handle BaseAsyncIOLoop._handle_events(7, 1)>
Traceback (most recent call last):
  File "/usr/lib/python3.12/asyncio/events.py", line 88, in _run
  File "/home/Shared/UniBe-swiss-ndvi/GitHub/swiss-ndvi-processing/.venv/lib/python3.12/site-packages/tornado/platform/asyncio.py", line 208, in _handle_events
  File "/home/Shared/UniBe-swiss-ndvi/GitHub/swiss-ndvi-processing/.venv/lib/python3.12/site-packages/tornado/netutil.py", line 273, in accept_handler
  File "/usr/lib/python3.12/socket.py", line 295, in accept
OSError: [Errno 24] Too many open files
Exception in callback BaseAsyncIOLoop._handle_events(7, 1)
handle: <Handle BaseAsyncIOLoop._handle_events(7, 1)>
Traceback (most recent call last):
  File "/usr/lib/python3.12/asyncio/events.py", line 88, in _run
  File "/home/Shared/UniBe-swiss-ndvi/GitHub/swiss-ndvi-processing/.venv/lib/python3.12/site-packages/tornado/platform/asyncio.py", line 208, in _handle_events
  File "/home/Shared/UniBe-swiss-ndvi/GitHub/swiss-ndvi-processing/.venv/lib/python3.12/site-packages/tornado/netutil.py", line 273, in accept_handler
  File "/usr/lib/python3.12/socket.py", line 295, in accept
OSError: [Errno 24] Too many open files
Exception in callback BaseAsyncIOLoop._handle_events(7, 1)
handle: <Handle BaseAsyncIOLoop._handle_events(7, 1)>
Traceback (most recent call last):
  File "/usr/lib/python3.12/asyncio/events.py", line 88, in _run
  File "/home/Shared/UniBe-swiss-ndvi/GitHub/swiss-ndvi-processing/.venv/lib/python3.12/site-packages/tornado/platform/asyncio.py", line 208, in _handle_events
  File "/home/Shared/UniBe-swiss-ndvi/GitHub/swiss-ndvi-processing/.venv/lib/python3.12/site-packages/tornado/netutil.py", line 273, in accept_handler
  File "/usr/lib/python3.12/socket.py", line 295, in accept
OSError: [Errno 24] Too many open files
Exception in callback BaseAsyncIOLoop._handle_events(7, 1)
handle: <Handle BaseAsyncIOLoop._handle_events(7, 1)>
Traceback (most recent call last):
  File "/usr/lib/python3.12/asyncio/events.py", line 88, in _run
  File "/home/Shared/UniBe-swiss-ndvi/GitHub/swiss-ndvi-processing/.venv/lib/python3.12/site-packages/tornado/platform/asyncio.py", line 208, in _handle_events
  File "/home/Shared/UniBe-swiss-ndvi/GitHub/swiss-ndvi-processing/.venv/lib/python3.12/site-packages/tornado/netutil.py", line 273, in accept_handler
  File "/usr/lib/python3.12/socket.py", line 295, in accept
OSError: [Errno 24] Too many open files
Exception in callback BaseAsyncIOLoop._handle_events(7, 1)
handle: <Handle BaseAsyncIOLoop._handle_events(7, 1)>
Traceback (most recent call last):
  File "/usr/lib/python3.12/asyncio/events.py", line 88, in _run
  File "/home/Shared/UniBe-swiss-ndvi/GitHub/swiss-ndvi-processing/.venv/lib/python3.12/site-packages/tornado/platform/asyncio.py", line 208, in _handle_events
  File "/home/Shared/UniBe-swiss-ndvi/GitHub/swiss-ndvi-processing/.venv/lib/python3.12/site-packages/tornado/netutil.py", line 273, in accept_handler
  File "/usr/lib/python3.12/socket.py", line 295, in accept
OSError: [Errno 24] Too many open files
Exception in callback BaseAsyncIOLoop._handle_events(7, 1)
handle: <Handle BaseAsyncIOLoop._handle_events(7, 1)>
Traceback (most recent call last):
  File "/usr/lib/python3.12/asyncio/events.py", line 88, in _run
  File "/home/Shared/UniBe-swiss-ndvi/GitHub/swiss-ndvi-processing/.venv/lib/python3.12/site-packages/tornado/platform/asyncio.py", line 208, in _handle_events
  File "/home/Shared/UniBe-swiss-ndvi/GitHub/swiss-ndvi-processing/.venv/lib/python3.12/site-packages/tornado/netutil.py", line 273, in accept_handler
  File "/usr/lib/python3.12/socket.py", line 295, in accept
OSError: [Errno 24] Too many open files
Exception in callback BaseAsyncIOLoop._handle_events(7, 1)
handle: <Handle BaseAsyncIOLoop._handle_events(7, 1)>
Traceback (most recent call last):
  File "/usr/lib/python3.12/asyncio/events.py", line 88, in _run
  File "/home/Shared/UniBe-swiss-ndvi/GitHub/swiss-ndvi-processing/.venv/lib/python3.12/site-packages/tornado/platform/asyncio.py", line 208, in _handle_events
  File "/home/Shared/UniBe-swiss-ndvi/GitHub/swiss-ndvi-processing/.venv/lib/python3.12/site-packages/tornado/netutil.py", line 273, in accept_handler
  File "/usr/lib/python3.12/socket.py", line 295, in accept
OSError: [Errno 24] Too many open files
Exception in callback BaseAsyncIOLoop._handle_events(7, 1)
handle: <Handle BaseAsyncIOLoop._handle_events(7, 1)>
Traceback (most recent call last):
  File "/usr/lib/python3.12/asyncio/events.py", line 88, in _run
  File "/home/Shared/UniBe-swiss-ndvi/GitHub/swiss-ndvi-processing/.venv/lib/python3.12/site-packages/tornado/platform/asyncio.py", line 208, in _handle_events
  File "/home/Shared/UniBe-swiss-ndvi/GitHub/swiss-ndvi-processing/.venv/lib/python3.12/site-packages/tornado/netutil.py", line 273, in accept_handler
  File "/usr/lib/python3.12/socket.py", line 295, in accept
OSError: [Errno 24] Too many open files
Exception in callback BaseAsyncIOLoop._handle_events(7, 1)
handle: <Handle BaseAsyncIOLoop._handle_events(7, 1)>
Traceback (most recent call last):
  File "/usr/lib/python3.12/asyncio/events.py", line 88, in _run
  File "/home/Shared/UniBe-swiss-ndvi/GitHub/swiss-ndvi-processing/.venv/lib/python3.12/site-packages/tornado/platform/asyncio.py", line 208, in _handle_events
  File "/home/Shared/UniBe-swiss-ndvi/GitHub/swiss-ndvi-processing/.venv/lib/python3.12/site-packages/tornado/netutil.py", line 273, in accept_handler
  File "/usr/lib/python3.12/socket.py", line 295, in accept
OSError: [Errno 24] Too many open files
Exception in callback BaseAsyncIOLoop._handle_events(7, 1)
handle: <Handle BaseAsyncIOLoop._handle_events(7, 1)>
Traceback (most recent call last):
  File "/usr/lib/python3.12/asyncio/events.py", line 88, in _run
  File "/home/Shared/UniBe-swiss-ndvi/GitHub/swiss-ndvi-processing/.venv/lib/python3.12/site-packages/tornado/platform/asyncio.py", line 208, in _handle_events
  File "/home/Shared/UniBe-swiss-ndvi/GitHub/swiss-ndvi-processing/.venv/lib/python3.12/site-packages/tornado/netutil.py", line 273, in accept_handler
  File "/usr/lib/python3.12/socket.py", line 295, in accept
OSError: [Errno 24] Too many open files
Exception in callback BaseAsyncIOLoop._handle_events(7, 1)
handle: <Handle BaseAsyncIOLoop._handle_events(7, 1)>
Traceback (most recent call last):
  File "/usr/lib/python3.12/asyncio/events.py", line 88, in _run
  File "/home/Shared/UniBe-swiss-ndvi/GitHub/swiss-ndvi-processing/.venv/lib/python3.12/site-packages/tornado/platform/asyncio.py", line 208, in _handle_events
  File "/home/Shared/UniBe-swiss-ndvi/GitHub/swiss-ndvi-processing/.venv/lib/python3.12/site-packages/tornado/netutil.py", line 273, in accept_handler
  File "/usr/lib/python3.12/socket.py", line 295, in accept
OSError: [Errno 24] Too many open files
Exception in callback BaseAsyncIOLoop._handle_events(7, 1)
handle: <Handle BaseAsyncIOLoop._handle_events(7, 1)>
Traceback (most recent call last):
  File "/usr/lib/python3.12/asyncio/events.py", line 88, in _run
  File "/home/Shared/UniBe-swiss-ndvi/GitHub/swiss-ndvi-processing/.venv/lib/python3.12/site-packages/tornado/platform/asyncio.py", line 208, in _handle_events
  File "/home/Shared/UniBe-swiss-ndvi/GitHub/swiss-ndvi-processing/.venv/lib/python3.12/site-packages/tornado/netutil.py", line 273, in accept_handler
  File "/usr/lib/python3.12/socket.py", line 295, in accept
OSError: [Errno 24] Too many open files
2026-04-08 22:14:48,490 - distributed.worker - WARNING - Mismatched versions found

+-------------+---------------------------------------------+-----------+----------+
| Package     | Worker-870fec77-1181-4afa-9848-f5d6776de7ea | Scheduler | Workers  |
+-------------+---------------------------------------------+-----------+----------+
| cloudpickle | 3.1.1                                       | None      | 3.1.1    |
| dask        | 2025.9.1                                    | None      | 2025.9.1 |
| distributed | 2025.9.1                                    | None      | 2025.9.1 |
| lz4         | 4.3.2                                       | None      | 4.3.2    |
| msgpack     | 1.1.1                                       | None      | 1.1.1    |
| toolz       | 1.0.0                                       | None      | 1.0.0    |
| tornado     | 6.5.1                                       | None      | 6.5.1    |
+-------------+---------------------------------------------+-----------+----------+
Exception in callback BaseAsyncIOLoop._handle_events(7, 1)
handle: <Handle BaseAsyncIOLoop._handle_events(7, 1)>
Traceback (most recent call last):
  File "/usr/lib/python3.12/asyncio/events.py", line 88, in _run
  File "/home/Shared/UniBe-swiss-ndvi/GitHub/swiss-ndvi-processing/.venv/lib/python3.12/site-packages/tornado/platform/asyncio.py", line 208, in _handle_events
  File "/home/Shared/UniBe-swiss-ndvi/GitHub/swiss-ndvi-processing/.venv/lib/python3.12/site-packages/tornado/netutil.py", line 273, in accept_handler
  File "/usr/lib/python3.12/socket.py", line 295, in accept
OSError: [Errno 24] Too many open files
Exception in callback BaseAsyncIOLoop._handle_events(7, 1)
handle: <Handle BaseAsyncIOLoop._handle_events(7, 1)>
Traceback (most recent call last):
  File "/usr/lib/python3.12/asyncio/events.py", line 88, in _run
  File "/home/Shared/UniBe-swiss-ndvi/GitHub/swiss-ndvi-processing/.venv/lib/python3.12/site-packages/tornado/platform/asyncio.py", line 208, in _handle_events
  File "/home/Shared/UniBe-swiss-ndvi/GitHub/swiss-ndvi-processing/.venv/lib/python3.12/site-packages/tornado/netutil.py", line 273, in accept_handler
  File "/usr/lib/python3.12/socket.py", line 295, in accept
OSError: [Errno 24] Too many open files
Exception in callback BaseAsyncIOLoop._handle_events(7, 1)
handle: <Handle BaseAsyncIOLoop._handle_events(7, 1)>
Traceback (most recent call last):
  File "/usr/lib/python3.12/asyncio/events.py", line 88, in _run
  File "/home/Shared/UniBe-swiss-ndvi/GitHub/swiss-ndvi-processing/.venv/lib/python3.12/site-packages/tornado/platform/asyncio.py", line 208, in _handle_events
  File "/home/Shared/UniBe-swiss-ndvi/GitHub/swiss-ndvi-processing/.venv/lib/python3.12/site-packages/tornado/netutil.py", line 273, in accept_handler
  File "/usr/lib/python3.12/socket.py", line 295, in accept
OSError: [Errno 24] Too many open files
Exception in callback BaseAsyncIOLoop._handle_events(7, 1)
handle: <Handle BaseAsyncIOLoop._handle_events(7, 1)>
Traceback (most recent call last):
  File "/usr/lib/python3.12/asyncio/events.py", line 88, in _run
  File "/home/Shared/UniBe-swiss-ndvi/GitHub/swiss-ndvi-processing/.venv/lib/python3.12/site-packages/tornado/platform/asyncio.py", line 208, in _handle_events
  File "/home/Shared/UniBe-swiss-ndvi/GitHub/swiss-ndvi-processing/.venv/lib/python3.12/site-packages/tornado/netutil.py", line 273, in accept_handler
  File "/usr/lib/python3.12/socket.py", line 295, in accept
OSError: [Errno 24] Too many open files
Exception in callback BaseAsyncIOLoop._handle_events(7, 1)
handle: <Handle BaseAsyncIOLoop._handle_events(7, 1)>
Traceback (most recent call last):
  File "/usr/lib/python3.12/asyncio/events.py", line 88, in _run
  File "/home/Shared/UniBe-swiss-ndvi/GitHub/swiss-ndvi-processing/.venv/lib/python3.12/site-packages/tornado/platform/asyncio.py", line 208, in _handle_events
  File "/home/Shared/UniBe-swiss-ndvi/GitHub/swiss-ndvi-processing/.venv/lib/python3.12/site-packages/tornado/netutil.py", line 273, in accept_handler
  File "/usr/lib/python3.12/socket.py", line 295, in accept
OSError: [Errno 24] Too many open files
Exception in callback BaseAsyncIOLoop._handle_events(7, 1)
handle: <Handle BaseAsyncIOLoop._handle_events(7, 1)>
Traceback (most recent call last):
  File "/usr/lib/python3.12/asyncio/events.py", line 88, in _run
  File "/home/Shared/UniBe-swiss-ndvi/GitHub/swiss-ndvi-processing/.venv/lib/python3.12/site-packages/tornado/platform/asyncio.py", line 208, in _handle_events
  File "/home/Shared/UniBe-swiss-ndvi/GitHub/swiss-ndvi-processing/.venv/lib/python3.12/site-packages/tornado/netutil.py", line 273, in accept_handler
  File "/usr/lib/python3.12/socket.py", line 295, in accept
OSError: [Errno 24] Too many open files
Exception in callback BaseAsyncIOLoop._handle_events(7, 1)
handle: <Handle BaseAsyncIOLoop._handle_events(7, 1)>
Traceback (most recent call last):
  File "/usr/lib/python3.12/asyncio/events.py", line 88, in _run
  File "/home/Shared/UniBe-swiss-ndvi/GitHub/swiss-ndvi-processing/.venv/lib/python3.12/site-packages/tornado/platform/asyncio.py", line 208, in _handle_events
  File "/home/Shared/UniBe-swiss-ndvi/GitHub/swiss-ndvi-processing/.venv/lib/python3.12/site-packages/tornado/netutil.py", line 273, in accept_handler
  File "/usr/lib/python3.12/socket.py", line 295, in accept
OSError: [Errno 24] Too many open files
Exception in callback BaseAsyncIOLoop._handle_events(7, 1)
handle: <Handle BaseAsyncIOLoop._handle_events(7, 1)>
Traceback (most recent call last):
  File "/usr/lib/python3.12/asyncio/events.py", line 88, in _run
  File "/home/Shared/UniBe-swiss-ndvi/GitHub/swiss-ndvi-processing/.venv/lib/python3.12/site-packages/tornado/platform/asyncio.py", line 208, in _handle_events
  File "/home/Shared/UniBe-swiss-ndvi/GitHub/swiss-ndvi-processing/.venv/lib/python3.12/site-packages/tornado/netutil.py", line 273, in accept_handler
  File "/usr/lib/python3.12/socket.py", line 295, in accept
OSError: [Errno 24] Too many open files
Exception in callback BaseAsyncIOLoop._handle_events(7, 1)
handle: <Handle BaseAsyncIOLoop._handle_events(7, 1)>
Traceback (most recent call last):
  File "/usr/lib/python3.12/asyncio/events.py", line 88, in _run
  File "/home/Shared/UniBe-swiss-ndvi/GitHub/swiss-ndvi-processing/.venv/lib/python3.12/site-packages/tornado/platform/asyncio.py", line 208, in _handle_events
  File "/home/Shared/UniBe-swiss-ndvi/GitHub/swiss-ndvi-processing/.venv/lib/python3.12/site-packages/tornado/netutil.py", line 273, in accept_handler
  File "/usr/lib/python3.12/socket.py", line 295, in accept
OSError: [Errno 24] Too many open files
Exception in callback BaseAsyncIOLoop._handle_events(7, 1)
handle: <Handle BaseAsyncIOLoop._handle_events(7, 1)>
Traceback (most recent call last):
  File "/usr/lib/python3.12/asyncio/events.py", line 88, in _run
  File "/home/Shared/UniBe-swiss-ndvi/GitHub/swiss-ndvi-processing/.venv/lib/python3.12/site-packages/tornado/platform/asyncio.py", line 208, in _handle_events
  File "/home/Shared/UniBe-swiss-ndvi/GitHub/swiss-ndvi-processing/.venv/lib/python3.12/site-packages/tornado/netutil.py", line 273, in accept_handler
  File "/usr/lib/python3.12/socket.py", line 295, in accept
OSError: [Errno 24] Too many open files
Exception in callback BaseAsyncIOLoop._handle_events(7, 1)
handle: <Handle BaseAsyncIOLoop._handle_events(7, 1)>
Traceback (most recent call last):
  File "/usr/lib/python3.12/asyncio/events.py", line 88, in _run
  File "/home/Shared/UniBe-swiss-ndvi/GitHub/swiss-ndvi-processing/.venv/lib/python3.12/site-packages/tornado/platform/asyncio.py", line 208, in _handle_events
  File "/home/Shared/UniBe-swiss-ndvi/GitHub/swiss-ndvi-processing/.venv/lib/python3.12/site-packages/tornado/netutil.py", line 273, in accept_handler
  File "/usr/lib/python3.12/socket.py", line 295, in accept
OSError: [Errno 24] Too many open files
Exception in callback BaseAsyncIOLoop._handle_events(7, 1)
handle: <Handle BaseAsyncIOLoop._handle_events(7, 1)>
Traceback (most recent call last):
  File "/usr/lib/python3.12/asyncio/events.py", line 88, in _run
  File "/home/Shared/UniBe-swiss-ndvi/GitHub/swiss-ndvi-processing/.venv/lib/python3.12/site-packages/tornado/platform/asyncio.py", line 208, in _handle_events
  File "/home/Shared/UniBe-swiss-ndvi/GitHub/swiss-ndvi-processing/.venv/lib/python3.12/site-packages/tornado/netutil.py", line 273, in accept_handler
  File "/usr/lib/python3.12/socket.py", line 295, in accept
OSError: [Errno 24] Too many open files
Exception in callback BaseAsyncIOLoop._handle_events(7, 1)
handle: <Handle BaseAsyncIOLoop._handle_events(7, 1)>
Traceback (most recent call last):
  File "/usr/lib/python3.12/asyncio/events.py", line 88, in _run
  File "/home/Shared/UniBe-swiss-ndvi/GitHub/swiss-ndvi-processing/.venv/lib/python3.12/site-packages/tornado/platform/asyncio.py", line 208, in _handle_events
  File "/home/Shared/UniBe-swiss-ndvi/GitHub/swiss-ndvi-processing/.venv/lib/python3.12/site-packages/tornado/netutil.py", line 273, in accept_handler
  File "/usr/lib/python3.12/socket.py", line 295, in accept
OSError: [Errno 24] Too many open files
Exception in callback BaseAsyncIOLoop._handle_events(7, 1)
handle: <Handle BaseAsyncIOLoop._handle_events(7, 1)>
Traceback (most recent call last):
  File "/usr/lib/python3.12/asyncio/events.py", line 88, in _run
  File "/home/Shared/UniBe-swiss-ndvi/GitHub/swiss-ndvi-processing/.venv/lib/python3.12/site-packages/tornado/platform/asyncio.py", line 208, in _handle_events
  File "/home/Shared/UniBe-swiss-ndvi/GitHub/swiss-ndvi-processing/.venv/lib/python3.12/site-packages/tornado/netutil.py", line 273, in accept_handler
  File "/usr/lib/python3.12/socket.py", line 295, in accept
OSError: [Errno 24] Too many open files
Exception in callback BaseAsyncIOLoop._handle_events(7, 1)
handle: <Handle BaseAsyncIOLoop._handle_events(7, 1)>
Traceback (most recent call last):
  File "/usr/lib/python3.12/asyncio/events.py", line 88, in _run
  File "/home/Shared/UniBe-swiss-ndvi/GitHub/swiss-ndvi-processing/.venv/lib/python3.12/site-packages/tornado/platform/asyncio.py", line 208, in _handle_events
  File "/home/Shared/UniBe-swiss-ndvi/GitHub/swiss-ndvi-processing/.venv/lib/python3.12/site-packages/tornado/netutil.py", line 273, in accept_handler
  File "/usr/lib/python3.12/socket.py", line 295, in accept
OSError: [Errno 24] Too many open files
Exception in callback BaseAsyncIOLoop._handle_events(7, 1)
handle: <Handle BaseAsyncIOLoop._handle_events(7, 1)>
Traceback (most recent call last):
  File "/usr/lib/python3.12/asyncio/events.py", line 88, in _run
  File "/home/Shared/UniBe-swiss-ndvi/GitHub/swiss-ndvi-processing/.venv/lib/python3.12/site-packages/tornado/platform/asyncio.py", line 208, in _handle_events
  File "/home/Shared/UniBe-swiss-ndvi/GitHub/swiss-ndvi-processing/.venv/lib/python3.12/site-packages/tornado/netutil.py", line 273, in accept_handler
  File "/usr/lib/python3.12/socket.py", line 295, in accept
OSError: [Errno 24] Too many open files
Exception in callback BaseAsyncIOLoop._handle_events(7, 1)
handle: <Handle BaseAsyncIOLoop._handle_events(7, 1)>
Traceback (most recent call last):
  File "/usr/lib/python3.12/asyncio/events.py", line 88, in _run
  File "/home/Shared/UniBe-swiss-ndvi/GitHub/swiss-ndvi-processing/.venv/lib/python3.12/site-packages/tornado/platform/asyncio.py", line 208, in _handle_events
  File "/home/Shared/UniBe-swiss-ndvi/GitHub/swiss-ndvi-processing/.venv/lib/python3.12/site-packages/tornado/netutil.py", line 273, in accept_handler
  File "/usr/lib/python3.12/socket.py", line 295, in accept
OSError: [Errno 24] Too many open files
Exception in callback BaseAsyncIOLoop._handle_events(7, 1)
handle: <Handle BaseAsyncIOLoop._handle_events(7, 1)>
Traceback (most recent call last):
  File "/usr/lib/python3.12/asyncio/events.py", line 88, in _run
  File "/home/Shared/UniBe-swiss-ndvi/GitHub/swiss-ndvi-processing/.venv/lib/python3.12/site-packages/tornado/platform/asyncio.py", line 208, in _handle_events
  File "/home/Shared/UniBe-swiss-ndvi/GitHub/swiss-ndvi-processing/.venv/lib/python3.12/site-packages/tornado/netutil.py", line 273, in accept_handler
  File "/usr/lib/python3.12/socket.py", line 295, in accept
OSError: [Errno 24] Too many open files
Exception in callback BaseAsyncIOLoop._handle_events(7, 1)
handle: <Handle BaseAsyncIOLoop._handle_events(7, 1)>
Traceback (most recent call last):
  File "/usr/lib/python3.12/asyncio/events.py", line 88, in _run
  File "/home/Shared/UniBe-swiss-ndvi/GitHub/swiss-ndvi-processing/.venv/lib/python3.12/site-packages/tornado/platform/asyncio.py", line 208, in _handle_events
  File "/home/Shared/UniBe-swiss-ndvi/GitHub/swiss-ndvi-processing/.venv/lib/python3.12/site-packages/tornado/netutil.py", line 273, in accept_handler
  File "/usr/lib/python3.12/socket.py", line 295, in accept
OSError: [Errno 24] Too many open files
Exception in callback BaseAsyncIOLoop._handle_events(7, 1)
handle: <Handle BaseAsyncIOLoop._handle_events(7, 1)>
Traceback (most recent call last):
  File "/usr/lib/python3.12/asyncio/events.py", line 88, in _run
  File "/home/Shared/UniBe-swiss-ndvi/GitHub/swiss-ndvi-processing/.venv/lib/python3.12/site-packages/tornado/platform/asyncio.py", line 208, in _handle_events
  File "/home/Shared/UniBe-swiss-ndvi/GitHub/swiss-ndvi-processing/.venv/lib/python3.12/site-packages/tornado/netutil.py", line 273, in accept_handler
  File "/usr/lib/python3.12/socket.py", line 295, in accept
OSError: [Errno 24] Too many open files
Exception in callback BaseAsyncIOLoop._handle_events(7, 1)
handle: <Handle BaseAsyncIOLoop._handle_events(7, 1)>
Traceback (most recent call last):
  File "/usr/lib/python3.12/asyncio/events.py", line 88, in _run
  File "/home/Shared/UniBe-swiss-ndvi/GitHub/swiss-ndvi-processing/.venv/lib/python3.12/site-packages/tornado/platform/asyncio.py", line 208, in _handle_events
  File "/home/Shared/UniBe-swiss-ndvi/GitHub/swiss-ndvi-processing/.venv/lib/python3.12/site-packages/tornado/netutil.py", line 273, in accept_handler
  File "/usr/lib/python3.12/socket.py", line 295, in accept
OSError: [Errno 24] Too many open files
Exception in callback BaseAsyncIOLoop._handle_events(7, 1)
handle: <Handle BaseAsyncIOLoop._handle_events(7, 1)>
Traceback (most recent call last):
  File "/usr/lib/python3.12/asyncio/events.py", line 88, in _run
  File "/home/Shared/UniBe-swiss-ndvi/GitHub/swiss-ndvi-processing/.venv/lib/python3.12/site-packages/tornado/platform/asyncio.py", line 208, in _handle_events
  File "/home/Shared/UniBe-swiss-ndvi/GitHub/swiss-ndvi-processing/.venv/lib/python3.12/site-packages/tornado/netutil.py", line 273, in accept_handler
  File "/usr/lib/python3.12/socket.py", line 295, in accept
OSError: [Errno 24] Too many open files
Exception in callback BaseAsyncIOLoop._handle_events(7, 1)
handle: <Handle BaseAsyncIOLoop._handle_events(7, 1)>
Traceback (most recent call last):
  File "/usr/lib/python3.12/asyncio/events.py", line 88, in _run
  File "/home/Shared/UniBe-swiss-ndvi/GitHub/swiss-ndvi-processing/.venv/lib/python3.12/site-packages/tornado/platform/asyncio.py", line 208, in _handle_events
  File "/home/Shared/UniBe-swiss-ndvi/GitHub/swiss-ndvi-processing/.venv/lib/python3.12/site-packages/tornado/netutil.py", line 273, in accept_handler
  File "/usr/lib/python3.12/socket.py", line 295, in accept
OSError: [Errno 24] Too many open files
Exception in callback BaseAsyncIOLoop._handle_events(7, 1)
handle: <Handle BaseAsyncIOLoop._handle_events(7, 1)>
Traceback (most recent call last):
  File "/usr/lib/python3.12/asyncio/events.py", line 88, in _run
  File "/home/Shared/UniBe-swiss-ndvi/GitHub/swiss-ndvi-processing/.venv/lib/python3.12/site-packages/tornado/platform/asyncio.py", line 208, in _handle_events
  File "/home/Shared/UniBe-swiss-ndvi/GitHub/swiss-ndvi-processing/.venv/lib/python3.12/site-packages/tornado/netutil.py", line 273, in accept_handler
  File "/usr/lib/python3.12/socket.py", line 295, in accept
OSError: [Errno 24] Too many open files
Exception in callback BaseAsyncIOLoop._handle_events(7, 1)
handle: <Handle BaseAsyncIOLoop._handle_events(7, 1)>
Traceback (most recent call last):
  File "/usr/lib/python3.12/asyncio/events.py", line 88, in _run
  File "/home/Shared/UniBe-swiss-ndvi/GitHub/swiss-ndvi-processing/.venv/lib/python3.12/site-packages/tornado/platform/asyncio.py", line 208, in _handle_events
  File "/home/Shared/UniBe-swiss-ndvi/GitHub/swiss-ndvi-processing/.venv/lib/python3.12/site-packages/tornado/netutil.py", line 273, in accept_handler
  File "/usr/lib/python3.12/socket.py", line 295, in accept
OSError: [Errno 24] Too many open files
Exception in callback BaseAsyncIOLoop._handle_events(7, 1)
handle: <Handle BaseAsyncIOLoop._handle_events(7, 1)>
Traceback (most recent call last):
  File "/usr/lib/python3.12/asyncio/events.py", line 88, in _run
  File "/home/Shared/UniBe-swiss-ndvi/GitHub/swiss-ndvi-processing/.venv/lib/python3.12/site-packages/tornado/platform/asyncio.py", line 208, in _handle_events
  File "/home/Shared/UniBe-swiss-ndvi/GitHub/swiss-ndvi-processing/.venv/lib/python3.12/site-packages/tornado/netutil.py", line 273, in accept_handler
  File "/usr/lib/python3.12/socket.py", line 295, in accept
OSError: [Errno 24] Too many open files
Exception in callback BaseAsyncIOLoop._handle_events(7, 1)
handle: <Handle BaseAsyncIOLoop._handle_events(7, 1)>
Traceback (most recent call last):
  File "/usr/lib/python3.12/asyncio/events.py", line 88, in _run
  File "/home/Shared/UniBe-swiss-ndvi/GitHub/swiss-ndvi-processing/.venv/lib/python3.12/site-packages/tornado/platform/asyncio.py", line 208, in _handle_events
  File "/home/Shared/UniBe-swiss-ndvi/GitHub/swiss-ndvi-processing/.venv/lib/python3.12/site-packages/tornado/netutil.py", line 273, in accept_handler
  File "/usr/lib/python3.12/socket.py", line 295, in accept
OSError: [Errno 24] Too many open files
Exception in callback BaseAsyncIOLoop._handle_events(7, 1)
handle: <Handle BaseAsyncIOLoop._handle_events(7, 1)>
Traceback (most recent call last):
  File "/usr/lib/python3.12/asyncio/events.py", line 88, in _run
  File "/home/Shared/UniBe-swiss-ndvi/GitHub/swiss-ndvi-processing/.venv/lib/python3.12/site-packages/tornado/platform/asyncio.py", line 208, in _handle_events
  File "/home/Shared/UniBe-swiss-ndvi/GitHub/swiss-ndvi-processing/.venv/lib/python3.12/site-packages/tornado/netutil.py", line 273, in accept_handler
  File "/usr/lib/python3.12/socket.py", line 295, in accept
OSError: [Errno 24] Too many open files
Exception in callback BaseAsyncIOLoop._handle_events(7, 1)
handle: <Handle BaseAsyncIOLoop._handle_events(7, 1)>
Traceback (most recent call last):
  File "/usr/lib/python3.12/asyncio/events.py", line 88, in _run
  File "/home/Shared/UniBe-swiss-ndvi/GitHub/swiss-ndvi-processing/.venv/lib/python3.12/site-packages/tornado/platform/asyncio.py", line 208, in _handle_events
  File "/home/Shared/UniBe-swiss-ndvi/GitHub/swiss-ndvi-processing/.venv/lib/python3.12/site-packages/tornado/netutil.py", line 273, in accept_handler
  File "/usr/lib/python3.12/socket.py", line 295, in accept
OSError: [Errno 24] Too many open files
Exception in callback BaseAsyncIOLoop._handle_events(7, 1)
handle: <Handle BaseAsyncIOLoop._handle_events(7, 1)>
Traceback (most recent call last):
  File "/usr/lib/python3.12/asyncio/events.py", line 88, in _run
  File "/home/Shared/UniBe-swiss-ndvi/GitHub/swiss-ndvi-processing/.venv/lib/python3.12/site-packages/tornado/platform/asyncio.py", line 208, in _handle_events
  File "/home/Shared/UniBe-swiss-ndvi/GitHub/swiss-ndvi-processing/.venv/lib/python3.12/site-packages/tornado/netutil.py", line 273, in accept_handler
  File "/usr/lib/python3.12/socket.py", line 295, in accept
OSError: [Errno 24] Too many open files
Exception in callback BaseAsyncIOLoop._handle_events(7, 1)
handle: <Handle BaseAsyncIOLoop._handle_events(7, 1)>
Traceback (most recent call last):
  File "/usr/lib/python3.12/asyncio/events.py", line 88, in _run
  File "/home/Shared/UniBe-swiss-ndvi/GitHub/swiss-ndvi-processing/.venv/lib/python3.12/site-packages/tornado/platform/asyncio.py", line 208, in _handle_events
  File "/home/Shared/UniBe-swiss-ndvi/GitHub/swiss-ndvi-processing/.venv/lib/python3.12/site-packages/tornado/netutil.py", line 273, in accept_handler
  File "/usr/lib/python3.12/socket.py", line 295, in accept
OSError: [Errno 24] Too many open files
Exception in callback BaseAsyncIOLoop._handle_events(7, 1)
handle: <Handle BaseAsyncIOLoop._handle_events(7, 1)>
Traceback (most recent call last):
  File "/usr/lib/python3.12/asyncio/events.py", line 88, in _run
  File "/home/Shared/UniBe-swiss-ndvi/GitHub/swiss-ndvi-processing/.venv/lib/python3.12/site-packages/tornado/platform/asyncio.py", line 208, in _handle_events
  File "/home/Shared/UniBe-swiss-ndvi/GitHub/swiss-ndvi-processing/.venv/lib/python3.12/site-packages/tornado/netutil.py", line 273, in accept_handler
  File "/usr/lib/python3.12/socket.py", line 295, in accept
OSError: [Errno 24] Too many open files
Exception in callback BaseAsyncIOLoop._handle_events(7, 1)
handle: <Handle BaseAsyncIOLoop._handle_events(7, 1)>
Traceback (most recent call last):
  File "/usr/lib/python3.12/asyncio/events.py", line 88, in _run
  File "/home/Shared/UniBe-swiss-ndvi/GitHub/swiss-ndvi-processing/.venv/lib/python3.12/site-packages/tornado/platform/asyncio.py", line 208, in _handle_events
  File "/home/Shared/UniBe-swiss-ndvi/GitHub/swiss-ndvi-processing/.venv/lib/python3.12/site-packages/tornado/netutil.py", line 273, in accept_handler
  File "/usr/lib/python3.12/socket.py", line 295, in accept
OSError: [Errno 24] Too many open files
Exception in callback BaseAsyncIOLoop._handle_events(7, 1)
handle: <Handle BaseAsyncIOLoop._handle_events(7, 1)>
Traceback (most recent call last):
  File "/usr/lib/python3.12/asyncio/events.py", line 88, in _run
  File "/home/Shared/UniBe-swiss-ndvi/GitHub/swiss-ndvi-processing/.venv/lib/python3.12/site-packages/tornado/platform/asyncio.py", line 208, in _handle_events
  File "/home/Shared/UniBe-swiss-ndvi/GitHub/swiss-ndvi-processing/.venv/lib/python3.12/site-packages/tornado/netutil.py", line 273, in accept_handler
  File "/usr/lib/python3.12/socket.py", line 295, in accept
OSError: [Errno 24] Too many open files
Exception in callback BaseAsyncIOLoop._handle_events(7, 1)
handle: <Handle BaseAsyncIOLoop._handle_events(7, 1)>
Traceback (most recent call last):
  File "/usr/lib/python3.12/asyncio/events.py", line 88, in _run
  File "/home/Shared/UniBe-swiss-ndvi/GitHub/swiss-ndvi-processing/.venv/lib/python3.12/site-packages/tornado/platform/asyncio.py", line 208, in _handle_events
  File "/home/Shared/UniBe-swiss-ndvi/GitHub/swiss-ndvi-processing/.venv/lib/python3.12/site-packages/tornado/netutil.py", line 273, in accept_handler
  File "/usr/lib/python3.12/socket.py", line 295, in accept
OSError: [Errno 24] Too many open files
Exception in callback BaseAsyncIOLoop._handle_events(7, 1)
handle: <Handle BaseAsyncIOLoop._handle_events(7, 1)>
Traceback (most recent call last):
  File "/usr/lib/python3.12/asyncio/events.py", line 88, in _run
  File "/home/Shared/UniBe-swiss-ndvi/GitHub/swiss-ndvi-processing/.venv/lib/python3.12/site-packages/tornado/platform/asyncio.py", line 208, in _handle_events
  File "/home/Shared/UniBe-swiss-ndvi/GitHub/swiss-ndvi-processing/.venv/lib/python3.12/site-packages/tornado/netutil.py", line 273, in accept_handler
  File "/usr/lib/python3.12/socket.py", line 295, in accept
OSError: [Errno 24] Too many open files
Exception in callback BaseAsyncIOLoop._handle_events(7, 1)
handle: <Handle BaseAsyncIOLoop._handle_events(7, 1)>
Traceback (most recent call last):
  File "/usr/lib/python3.12/asyncio/events.py", line 88, in _run
  File "/home/Shared/UniBe-swiss-ndvi/GitHub/swiss-ndvi-processing/.venv/lib/python3.12/site-packages/tornado/platform/asyncio.py", line 208, in _handle_events
  File "/home/Shared/UniBe-swiss-ndvi/GitHub/swiss-ndvi-processing/.venv/lib/python3.12/site-packages/tornado/netutil.py", line 273, in accept_handler
  File "/usr/lib/python3.12/socket.py", line 295, in accept
OSError: [Errno 24] Too many open files
Exception in callback BaseAsyncIOLoop._handle_events(7, 1)
handle: <Handle BaseAsyncIOLoop._handle_events(7, 1)>
Traceback (most recent call last):
  File "/usr/lib/python3.12/asyncio/events.py", line 88, in _run
  File "/home/Shared/UniBe-swiss-ndvi/GitHub/swiss-ndvi-processing/.venv/lib/python3.12/site-packages/tornado/platform/asyncio.py", line 208, in _handle_events
  File "/home/Shared/UniBe-swiss-ndvi/GitHub/swiss-ndvi-processing/.venv/lib/python3.12/site-packages/tornado/netutil.py", line 273, in accept_handler
  File "/usr/lib/python3.12/socket.py", line 295, in accept
OSError: [Errno 24] Too many open files
Exception in callback BaseAsyncIOLoop._handle_events(7, 1)
handle: <Handle BaseAsyncIOLoop._handle_events(7, 1)>
Traceback (most recent call last):
  File "/usr/lib/python3.12/asyncio/events.py", line 88, in _run
  File "/home/Shared/UniBe-swiss-ndvi/GitHub/swiss-ndvi-processing/.venv/lib/python3.12/site-packages/tornado/platform/asyncio.py", line 208, in _handle_events
  File "/home/Shared/UniBe-swiss-ndvi/GitHub/swiss-ndvi-processing/.venv/lib/python3.12/site-packages/tornado/netutil.py", line 273, in accept_handler
  File "/usr/lib/python3.12/socket.py", line 295, in accept
OSError: [Errno 24] Too many open files
Exception in callback BaseAsyncIOLoop._handle_events(7, 1)
handle: <Handle BaseAsyncIOLoop._handle_events(7, 1)>
Traceback (most recent call last):
  File "/usr/lib/python3.12/asyncio/events.py", line 88, in _run
  File "/home/Shared/UniBe-swiss-ndvi/GitHub/swiss-ndvi-processing/.venv/lib/python3.12/site-packages/tornado/platform/asyncio.py", line 208, in _handle_events
  File "/home/Shared/UniBe-swiss-ndvi/GitHub/swiss-ndvi-processing/.venv/lib/python3.12/site-packages/tornado/netutil.py", line 273, in accept_handler
  File "/usr/lib/python3.12/socket.py", line 295, in accept
OSError: [Errno 24] Too many open files
Exception in callback BaseAsyncIOLoop._handle_events(7, 1)
handle: <Handle BaseAsyncIOLoop._handle_events(7, 1)>
Traceback (most recent call last):
  File "/usr/lib/python3.12/asyncio/events.py", line 88, in _run
  File "/home/Shared/UniBe-swiss-ndvi/GitHub/swiss-ndvi-processing/.venv/lib/python3.12/site-packages/tornado/platform/asyncio.py", line 208, in _handle_events
  File "/home/Shared/UniBe-swiss-ndvi/GitHub/swiss-ndvi-processing/.venv/lib/python3.12/site-packages/tornado/netutil.py", line 273, in accept_handler
  File "/usr/lib/python3.12/socket.py", line 295, in accept
OSError: [Errno 24] Too many open files
Exception in callback BaseAsyncIOLoop._handle_events(7, 1)
handle: <Handle BaseAsyncIOLoop._handle_events(7, 1)>
Traceback (most recent call last):
  File "/usr/lib/python3.12/asyncio/events.py", line 88, in _run
  File "/home/Shared/UniBe-swiss-ndvi/GitHub/swiss-ndvi-processing/.venv/lib/python3.12/site-packages/tornado/platform/asyncio.py", line 208, in _handle_events
  File "/home/Shared/UniBe-swiss-ndvi/GitHub/swiss-ndvi-processing/.venv/lib/python3.12/site-packages/tornado/netutil.py", line 273, in accept_handler
  File "/usr/lib/python3.12/socket.py", line 295, in accept
OSError: [Errno 24] Too many open files
Exception in callback BaseAsyncIOLoop._handle_events(7, 1)
handle: <Handle BaseAsyncIOLoop._handle_events(7, 1)>
Traceback (most recent call last):
  File "/usr/lib/python3.12/asyncio/events.py", line 88, in _run
  File "/home/Shared/UniBe-swiss-ndvi/GitHub/swiss-ndvi-processing/.venv/lib/python3.12/site-packages/tornado/platform/asyncio.py", line 208, in _handle_events
  File "/home/Shared/UniBe-swiss-ndvi/GitHub/swiss-ndvi-processing/.venv/lib/python3.12/site-packages/tornado/netutil.py", line 273, in accept_handler
  File "/usr/lib/python3.12/socket.py", line 295, in accept
OSError: [Errno 24] Too many open files
Exception in callback BaseAsyncIOLoop._handle_events(7, 1)
handle: <Handle BaseAsyncIOLoop._handle_events(7, 1)>
Traceback (most recent call last):
  File "/usr/lib/python3.12/asyncio/events.py", line 88, in _run
  File "/home/Shared/UniBe-swiss-ndvi/GitHub/swiss-ndvi-processing/.venv/lib/python3.12/site-packages/tornado/platform/asyncio.py", line 208, in _handle_events
  File "/home/Shared/UniBe-swiss-ndvi/GitHub/swiss-ndvi-processing/.venv/lib/python3.12/site-packages/tornado/netutil.py", line 273, in accept_handler
  File "/usr/lib/python3.12/socket.py", line 295, in accept
OSError: [Errno 24] Too many open files
Exception in callback BaseAsyncIOLoop._handle_events(7, 1)
handle: <Handle BaseAsyncIOLoop._handle_events(7, 1)>
Traceback (most recent call last):
  File "/usr/lib/python3.12/asyncio/events.py", line 88, in _run
  File "/home/Shared/UniBe-swiss-ndvi/GitHub/swiss-ndvi-processing/.venv/lib/python3.12/site-packages/tornado/platform/asyncio.py", line 208, in _handle_events
  File "/home/Shared/UniBe-swiss-ndvi/GitHub/swiss-ndvi-processing/.venv/lib/python3.12/site-packages/tornado/netutil.py", line 273, in accept_handler
  File "/usr/lib/python3.12/socket.py", line 295, in accept
OSError: [Errno 24] Too many open files
Exception in callback BaseAsyncIOLoop._handle_events(7, 1)
handle: <Handle BaseAsyncIOLoop._handle_events(7, 1)>
Traceback (most recent call last):
  File "/usr/lib/python3.12/asyncio/events.py", line 88, in _run
  File "/home/Shared/UniBe-swiss-ndvi/GitHub/swiss-ndvi-processing/.venv/lib/python3.12/site-packages/tornado/platform/asyncio.py", line 208, in _handle_events
  File "/home/Shared/UniBe-swiss-ndvi/GitHub/swiss-ndvi-processing/.venv/lib/python3.12/site-packages/tornado/netutil.py", line 273, in accept_handler
  File "/usr/lib/python3.12/socket.py", line 295, in accept
OSError: [Errno 24] Too many open files
Exception in callback BaseAsyncIOLoop._handle_events(7, 1)
handle: <Handle BaseAsyncIOLoop._handle_events(7, 1)>
Traceback (most recent call last):
  File "/usr/lib/python3.12/asyncio/events.py", line 88, in _run
  File "/home/Shared/UniBe-swiss-ndvi/GitHub/swiss-ndvi-processing/.venv/lib/python3.12/site-packages/tornado/platform/asyncio.py", line 208, in _handle_events
  File "/home/Shared/UniBe-swiss-ndvi/GitHub/swiss-ndvi-processing/.venv/lib/python3.12/site-packages/tornado/netutil.py", line 273, in accept_handler
  File "/usr/lib/python3.12/socket.py", line 295, in accept
OSError: [Errno 24] Too many open files
Exception in callback BaseAsyncIOLoop._handle_events(7, 1)
handle: <Handle BaseAsyncIOLoop._handle_events(7, 1)>
Traceback (most recent call last):
  File "/usr/lib/python3.12/asyncio/events.py", line 88, in _run
  File "/home/Shared/UniBe-swiss-ndvi/GitHub/swiss-ndvi-processing/.venv/lib/python3.12/site-packages/tornado/platform/asyncio.py", line 208, in _handle_events
  File "/home/Shared/UniBe-swiss-ndvi/GitHub/swiss-ndvi-processing/.venv/lib/python3.12/site-packages/tornado/netutil.py", line 273, in accept_handler
  File "/usr/lib/python3.12/socket.py", line 295, in accept
OSError: [Errno 24] Too many open files
Exception in callback BaseAsyncIOLoop._handle_events(7, 1)
handle: <Handle BaseAsyncIOLoop._handle_events(7, 1)>
Traceback (most recent call last):
  File "/usr/lib/python3.12/asyncio/events.py", line 88, in _run
  File "/home/Shared/UniBe-swiss-ndvi/GitHub/swiss-ndvi-processing/.venv/lib/python3.12/site-packages/tornado/platform/asyncio.py", line 208, in _handle_events
  File "/home/Shared/UniBe-swiss-ndvi/GitHub/swiss-ndvi-processing/.venv/lib/python3.12/site-packages/tornado/netutil.py", line 273, in accept_handler
  File "/usr/lib/python3.12/socket.py", line 295, in accept
OSError: [Errno 24] Too many open files
Exception in callback BaseAsyncIOLoop._handle_events(7, 1)
handle: <Handle BaseAsyncIOLoop._handle_events(7, 1)>
Traceback (most recent call last):
  File "/usr/lib/python3.12/asyncio/events.py", line 88, in _run
  File "/home/Shared/UniBe-swiss-ndvi/GitHub/swiss-ndvi-processing/.venv/lib/python3.12/site-packages/tornado/platform/asyncio.py", line 208, in _handle_events
  File "/home/Shared/UniBe-swiss-ndvi/GitHub/swiss-ndvi-processing/.venv/lib/python3.12/site-packages/tornado/netutil.py", line 273, in accept_handler
  File "/usr/lib/python3.12/socket.py", line 295, in accept
OSError: [Errno 24] Too many open files
Exception in callback BaseAsyncIOLoop._handle_events(7, 1)
handle: <Handle BaseAsyncIOLoop._handle_events(7, 1)>
Traceback (most recent call last):
  File "/usr/lib/python3.12/asyncio/events.py", line 88, in _run
  File "/home/Shared/UniBe-swiss-ndvi/GitHub/swiss-ndvi-processing/.venv/lib/python3.12/site-packages/tornado/platform/asyncio.py", line 208, in _handle_events
  File "/home/Shared/UniBe-swiss-ndvi/GitHub/swiss-ndvi-processing/.venv/lib/python3.12/site-packages/tornado/netutil.py", line 273, in accept_handler
  File "/usr/lib/python3.12/socket.py", line 295, in accept
OSError: [Errno 24] Too many open files
Exception in callback BaseAsyncIOLoop._handle_events(7, 1)
handle: <Handle BaseAsyncIOLoop._handle_events(7, 1)>
Traceback (most recent call last):
  File "/usr/lib/python3.12/asyncio/events.py", line 88, in _run
  File "/home/Shared/UniBe-swiss-ndvi/GitHub/swiss-ndvi-processing/.venv/lib/python3.12/site-packages/tornado/platform/asyncio.py", line 208, in _handle_events
  File "/home/Shared/UniBe-swiss-ndvi/GitHub/swiss-ndvi-processing/.venv/lib/python3.12/site-packages/tornado/netutil.py", line 273, in accept_handler
  File "/usr/lib/python3.12/socket.py", line 295, in accept
OSError: [Errno 24] Too many open files
Exception in callback BaseAsyncIOLoop._handle_events(7, 1)
handle: <Handle BaseAsyncIOLoop._handle_events(7, 1)>
Traceback (most recent call last):
  File "/usr/lib/python3.12/asyncio/events.py", line 88, in _run
  File "/home/Shared/UniBe-swiss-ndvi/GitHub/swiss-ndvi-processing/.venv/lib/python3.12/site-packages/tornado/platform/asyncio.py", line 208, in _handle_events
  File "/home/Shared/UniBe-swiss-ndvi/GitHub/swiss-ndvi-processing/.venv/lib/python3.12/site-packages/tornado/netutil.py", line 273, in accept_handler
  File "/usr/lib/python3.12/socket.py", line 295, in accept
OSError: [Errno 24] Too many open files
Exception in callback BaseAsyncIOLoop._handle_events(7, 1)
handle: <Handle BaseAsyncIOLoop._handle_events(7, 1)>
Traceback (most recent call last):
  File "/usr/lib/python3.12/asyncio/events.py", line 88, in _run
  File "/home/Shared/UniBe-swiss-ndvi/GitHub/swiss-ndvi-processing/.venv/lib/python3.12/site-packages/tornado/platform/asyncio.py", line 208, in _handle_events
  File "/home/Shared/UniBe-swiss-ndvi/GitHub/swiss-ndvi-processing/.venv/lib/python3.12/site-packages/tornado/netutil.py", line 273, in accept_handler
  File "/usr/lib/python3.12/socket.py", line 295, in accept
OSError: [Errno 24] Too many open files
Exception in callback BaseAsyncIOLoop._handle_events(7, 1)
handle: <Handle BaseAsyncIOLoop._handle_events(7, 1)>
Traceback (most recent call last):
  File "/usr/lib/python3.12/asyncio/events.py", line 88, in _run
  File "/home/Shared/UniBe-swiss-ndvi/GitHub/swiss-ndvi-processing/.venv/lib/python3.12/site-packages/tornado/platform/asyncio.py", line 208, in _handle_events
  File "/home/Shared/UniBe-swiss-ndvi/GitHub/swiss-ndvi-processing/.venv/lib/python3.12/site-packages/tornado/netutil.py", line 273, in accept_handler
  File "/usr/lib/python3.12/socket.py", line 295, in accept
OSError: [Errno 24] Too many open files
Exception in callback BaseAsyncIOLoop._handle_events(7, 1)
handle: <Handle BaseAsyncIOLoop._handle_events(7, 1)>
Traceback (most recent call last):
  File "/usr/lib/python3.12/asyncio/events.py", line 88, in _run
  File "/home/Shared/UniBe-swiss-ndvi/GitHub/swiss-ndvi-processing/.venv/lib/python3.12/site-packages/tornado/platform/asyncio.py", line 208, in _handle_events
  File "/home/Shared/UniBe-swiss-ndvi/GitHub/swiss-ndvi-processing/.venv/lib/python3.12/site-packages/tornado/netutil.py", line 273, in accept_handler
  File "/usr/lib/python3.12/socket.py", line 295, in accept
OSError: [Errno 24] Too many open files
Exception in callback BaseAsyncIOLoop._handle_events(7, 1)
handle: <Handle BaseAsyncIOLoop._handle_events(7, 1)>
Traceback (most recent call last):
  File "/usr/lib/python3.12/asyncio/events.py", line 88, in _run
  File "/home/Shared/UniBe-swiss-ndvi/GitHub/swiss-ndvi-processing/.venv/lib/python3.12/site-packages/tornado/platform/asyncio.py", line 208, in _handle_events
  File "/home/Shared/UniBe-swiss-ndvi/GitHub/swiss-ndvi-processing/.venv/lib/python3.12/site-packages/tornado/netutil.py", line 273, in accept_handler
  File "/usr/lib/python3.12/socket.py", line 295, in accept
OSError: [Errno 24] Too many open files
Exception in callback BaseAsyncIOLoop._handle_events(7, 1)
handle: <Handle BaseAsyncIOLoop._handle_events(7, 1)>
Traceback (most recent call last):
  File "/usr/lib/python3.12/asyncio/events.py", line 88, in _run
  File "/home/Shared/UniBe-swiss-ndvi/GitHub/swiss-ndvi-processing/.venv/lib/python3.12/site-packages/tornado/platform/asyncio.py", line 208, in _handle_events
  File "/home/Shared/UniBe-swiss-ndvi/GitHub/swiss-ndvi-processing/.venv/lib/python3.12/site-packages/tornado/netutil.py", line 273, in accept_handler
  File "/usr/lib/python3.12/socket.py", line 295, in accept
OSError: [Errno 24] Too many open files
Exception in callback BaseAsyncIOLoop._handle_events(7, 1)
handle: <Handle BaseAsyncIOLoop._handle_events(7, 1)>
Traceback (most recent call last):
  File "/usr/lib/python3.12/asyncio/events.py", line 88, in _run
  File "/home/Shared/UniBe-swiss-ndvi/GitHub/swiss-ndvi-processing/.venv/lib/python3.12/site-packages/tornado/platform/asyncio.py", line 208, in _handle_events
  File "/home/Shared/UniBe-swiss-ndvi/GitHub/swiss-ndvi-processing/.venv/lib/python3.12/site-packages/tornado/netutil.py", line 273, in accept_handler
  File "/usr/lib/python3.12/socket.py", line 295, in accept
OSError: [Errno 24] Too many open files
Exception in callback BaseAsyncIOLoop._handle_events(7, 1)
handle: <Handle BaseAsyncIOLoop._handle_events(7, 1)>
Traceback (most recent call last):
  File "/usr/lib/python3.12/asyncio/events.py", line 88, in _run
  File "/home/Shared/UniBe-swiss-ndvi/GitHub/swiss-ndvi-processing/.venv/lib/python3.12/site-packages/tornado/platform/asyncio.py", line 208, in _handle_events
  File "/home/Shared/UniBe-swiss-ndvi/GitHub/swiss-ndvi-processing/.venv/lib/python3.12/site-packages/tornado/netutil.py", line 273, in accept_handler
  File "/usr/lib/python3.12/socket.py", line 295, in accept
OSError: [Errno 24] Too many open files
Exception in callback BaseAsyncIOLoop._handle_events(7, 1)
handle: <Handle BaseAsyncIOLoop._handle_events(7, 1)>
Traceback (most recent call last):
  File "/usr/lib/python3.12/asyncio/events.py", line 88, in _run
  File "/home/Shared/UniBe-swiss-ndvi/GitHub/swiss-ndvi-processing/.venv/lib/python3.12/site-packages/tornado/platform/asyncio.py", line 208, in _handle_events
  File "/home/Shared/UniBe-swiss-ndvi/GitHub/swiss-ndvi-processing/.venv/lib/python3.12/site-packages/tornado/netutil.py", line 273, in accept_handler
  File "/usr/lib/python3.12/socket.py", line 295, in accept
OSError: [Errno 24] Too many open files
Exception in callback BaseAsyncIOLoop._handle_events(7, 1)
handle: <Handle BaseAsyncIOLoop._handle_events(7, 1)>
Traceback (most recent call last):
  File "/usr/lib/python3.12/asyncio/events.py", line 88, in _run
  File "/home/Shared/UniBe-swiss-ndvi/GitHub/swiss-ndvi-processing/.venv/lib/python3.12/site-packages/tornado/platform/asyncio.py", line 208, in _handle_events
  File "/home/Shared/UniBe-swiss-ndvi/GitHub/swiss-ndvi-processing/.venv/lib/python3.12/site-packages/tornado/netutil.py", line 273, in accept_handler
  File "/usr/lib/python3.12/socket.py", line 295, in accept
OSError: [Errno 24] Too many open files
Exception in callback BaseAsyncIOLoop._handle_events(7, 1)
handle: <Handle BaseAsyncIOLoop._handle_events(7, 1)>
Traceback (most recent call last):
  File "/usr/lib/python3.12/asyncio/events.py", line 88, in _run
  File "/home/Shared/UniBe-swiss-ndvi/GitHub/swiss-ndvi-processing/.venv/lib/python3.12/site-packages/tornado/platform/asyncio.py", line 208, in _handle_events
  File "/home/Shared/UniBe-swiss-ndvi/GitHub/swiss-ndvi-processing/.venv/lib/python3.12/site-packages/tornado/netutil.py", line 273, in accept_handler
  File "/usr/lib/python3.12/socket.py", line 295, in accept
OSError: [Errno 24] Too many open files
Exception in callback BaseAsyncIOLoop._handle_events(7, 1)
handle: <Handle BaseAsyncIOLoop._handle_events(7, 1)>
Traceback (most recent call last):
  File "/usr/lib/python3.12/asyncio/events.py", line 88, in _run
  File "/home/Shared/UniBe-swiss-ndvi/GitHub/swiss-ndvi-processing/.venv/lib/python3.12/site-packages/tornado/platform/asyncio.py", line 208, in _handle_events
  File "/home/Shared/UniBe-swiss-ndvi/GitHub/swiss-ndvi-processing/.venv/lib/python3.12/site-packages/tornado/netutil.py", line 273, in accept_handler
  File "/usr/lib/python3.12/socket.py", line 295, in accept
OSError: [Errno 24] Too many open files
Exception in callback BaseAsyncIOLoop._handle_events(7, 1)
handle: <Handle BaseAsyncIOLoop._handle_events(7, 1)>
Traceback (most recent call last):
  File "/usr/lib/python3.12/asyncio/events.py", line 88, in _run
  File "/home/Shared/UniBe-swiss-ndvi/GitHub/swiss-ndvi-processing/.venv/lib/python3.12/site-packages/tornado/platform/asyncio.py", line 208, in _handle_events
  File "/home/Shared/UniBe-swiss-ndvi/GitHub/swiss-ndvi-processing/.venv/lib/python3.12/site-packages/tornado/netutil.py", line 273, in accept_handler
  File "/usr/lib/python3.12/socket.py", line 295, in accept
OSError: [Errno 24] Too many open files
Exception in callback BaseAsyncIOLoop._handle_events(7, 1)
handle: <Handle BaseAsyncIOLoop._handle_events(7, 1)>
Traceback (most recent call last):
  File "/usr/lib/python3.12/asyncio/events.py", line 88, in _run
  File "/home/Shared/UniBe-swiss-ndvi/GitHub/swiss-ndvi-processing/.venv/lib/python3.12/site-packages/tornado/platform/asyncio.py", line 208, in _handle_events
  File "/home/Shared/UniBe-swiss-ndvi/GitHub/swiss-ndvi-processing/.venv/lib/python3.12/site-packages/tornado/netutil.py", line 273, in accept_handler
  File "/usr/lib/python3.12/socket.py", line 295, in accept
OSError: [Errno 24] Too many open files
Exception in callback BaseAsyncIOLoop._handle_events(7, 1)
handle: <Handle BaseAsyncIOLoop._handle_events(7, 1)>
Traceback (most recent call last):
  File "/usr/lib/python3.12/asyncio/events.py", line 88, in _run
  File "/home/Shared/UniBe-swiss-ndvi/GitHub/swiss-ndvi-processing/.venv/lib/python3.12/site-packages/tornado/platform/asyncio.py", line 208, in _handle_events
  File "/home/Shared/UniBe-swiss-ndvi/GitHub/swiss-ndvi-processing/.venv/lib/python3.12/site-packages/tornado/netutil.py", line 273, in accept_handler
  File "/usr/lib/python3.12/socket.py", line 295, in accept
OSError: [Errno 24] Too many open files
Exception in callback BaseAsyncIOLoop._handle_events(7, 1)
handle: <Handle BaseAsyncIOLoop._handle_events(7, 1)>
Traceback (most recent call last):
  File "/usr/lib/python3.12/asyncio/events.py", line 88, in _run
  File "/home/Shared/UniBe-swiss-ndvi/GitHub/swiss-ndvi-processing/.venv/lib/python3.12/site-packages/tornado/platform/asyncio.py", line 208, in _handle_events
  File "/home/Shared/UniBe-swiss-ndvi/GitHub/swiss-ndvi-processing/.venv/lib/python3.12/site-packages/tornado/netutil.py", line 273, in accept_handler
  File "/usr/lib/python3.12/socket.py", line 295, in accept
OSError: [Errno 24] Too many open files
Exception in callback BaseAsyncIOLoop._handle_events(7, 1)
handle: <Handle BaseAsyncIOLoop._handle_events(7, 1)>
Traceback (most recent call last):
  File "/usr/lib/python3.12/asyncio/events.py", line 88, in _run
  File "/home/Shared/UniBe-swiss-ndvi/GitHub/swiss-ndvi-processing/.venv/lib/python3.12/site-packages/tornado/platform/asyncio.py", line 208, in _handle_events
  File "/home/Shared/UniBe-swiss-ndvi/GitHub/swiss-ndvi-processing/.venv/lib/python3.12/site-packages/tornado/netutil.py", line 273, in accept_handler
  File "/usr/lib/python3.12/socket.py", line 295, in accept
OSError: [Errno 24] Too many open files
Exception in callback BaseAsyncIOLoop._handle_events(7, 1)
handle: <Handle BaseAsyncIOLoop._handle_events(7, 1)>
Traceback (most recent call last):
  File "/usr/lib/python3.12/asyncio/events.py", line 88, in _run
  File "/home/Shared/UniBe-swiss-ndvi/GitHub/swiss-ndvi-processing/.venv/lib/python3.12/site-packages/tornado/platform/asyncio.py", line 208, in _handle_events
  File "/home/Shared/UniBe-swiss-ndvi/GitHub/swiss-ndvi-processing/.venv/lib/python3.12/site-packages/tornado/netutil.py", line 273, in accept_handler
  File "/usr/lib/python3.12/socket.py", line 295, in accept
OSError: [Errno 24] Too many open files
Exception in callback BaseAsyncIOLoop._handle_events(7, 1)
handle: <Handle BaseAsyncIOLoop._handle_events(7, 1)>
Traceback (most recent call last):
  File "/usr/lib/python3.12/asyncio/events.py", line 88, in _run
  File "/home/Shared/UniBe-swiss-ndvi/GitHub/swiss-ndvi-processing/.venv/lib/python3.12/site-packages/tornado/platform/asyncio.py", line 208, in _handle_events
  File "/home/Shared/UniBe-swiss-ndvi/GitHub/swiss-ndvi-processing/.venv/lib/python3.12/site-packages/tornado/netutil.py", line 273, in accept_handler
  File "/usr/lib/python3.12/socket.py", line 295, in accept
OSError: [Errno 24] Too many open files
Exception in callback BaseAsyncIOLoop._handle_events(7, 1)
handle: <Handle BaseAsyncIOLoop._handle_events(7, 1)>
Traceback (most recent call last):
  File "/usr/lib/python3.12/asyncio/events.py", line 88, in _run
  File "/home/Shared/UniBe-swiss-ndvi/GitHub/swiss-ndvi-processing/.venv/lib/python3.12/site-packages/tornado/platform/asyncio.py", line 208, in _handle_events
  File "/home/Shared/UniBe-swiss-ndvi/GitHub/swiss-ndvi-processing/.venv/lib/python3.12/site-packages/tornado/netutil.py", line 273, in accept_handler
  File "/usr/lib/python3.12/socket.py", line 295, in accept
OSError: [Errno 24] Too many open files
Exception in callback BaseAsyncIOLoop._handle_events(7, 1)
handle: <Handle BaseAsyncIOLoop._handle_events(7, 1)>
Traceback (most recent call last):
  File "/usr/lib/python3.12/asyncio/events.py", line 88, in _run
  File "/home/Shared/UniBe-swiss-ndvi/GitHub/swiss-ndvi-processing/.venv/lib/python3.12/site-packages/tornado/platform/asyncio.py", line 208, in _handle_events
  File "/home/Shared/UniBe-swiss-ndvi/GitHub/swiss-ndvi-processing/.venv/lib/python3.12/site-packages/tornado/netutil.py", line 273, in accept_handler
  File "/usr/lib/python3.12/socket.py", line 295, in accept
OSError: [Errno 24] Too many open files
Exception in callback BaseAsyncIOLoop._handle_events(7, 1)
handle: <Handle BaseAsyncIOLoop._handle_events(7, 1)>
Traceback (most recent call last):
  File "/usr/lib/python3.12/asyncio/events.py", line 88, in _run
  File "/home/Shared/UniBe-swiss-ndvi/GitHub/swiss-ndvi-processing/.venv/lib/python3.12/site-packages/tornado/platform/asyncio.py", line 208, in _handle_events
  File "/home/Shared/UniBe-swiss-ndvi/GitHub/swiss-ndvi-processing/.venv/lib/python3.12/site-packages/tornado/netutil.py", line 273, in accept_handler
  File "/usr/lib/python3.12/socket.py", line 295, in accept
OSError: [Errno 24] Too many open files
Exception in callback BaseAsyncIOLoop._handle_events(7, 1)
handle: <Handle BaseAsyncIOLoop._handle_events(7, 1)>
Traceback (most recent call last):
  File "/usr/lib/python3.12/asyncio/events.py", line 88, in _run
  File "/home/Shared/UniBe-swiss-ndvi/GitHub/swiss-ndvi-processing/.venv/lib/python3.12/site-packages/tornado/platform/asyncio.py", line 208, in _handle_events
  File "/home/Shared/UniBe-swiss-ndvi/GitHub/swiss-ndvi-processing/.venv/lib/python3.12/site-packages/tornado/netutil.py", line 273, in accept_handler
  File "/usr/lib/python3.12/socket.py", line 295, in accept
OSError: [Errno 24] Too many open files
Exception in callback BaseAsyncIOLoop._handle_events(7, 1)
handle: <Handle BaseAsyncIOLoop._handle_events(7, 1)>
Traceback (most recent call last):
  File "/usr/lib/python3.12/asyncio/events.py", line 88, in _run
  File "/home/Shared/UniBe-swiss-ndvi/GitHub/swiss-ndvi-processing/.venv/lib/python3.12/site-packages/tornado/platform/asyncio.py", line 208, in _handle_events
  File "/home/Shared/UniBe-swiss-ndvi/GitHub/swiss-ndvi-processing/.venv/lib/python3.12/site-packages/tornado/netutil.py", line 273, in accept_handler
  File "/usr/lib/python3.12/socket.py", line 295, in accept
OSError: [Errno 24] Too many open files
Exception in callback BaseAsyncIOLoop._handle_events(7, 1)
handle: <Handle BaseAsyncIOLoop._handle_events(7, 1)>
Traceback (most recent call last):
  File "/usr/lib/python3.12/asyncio/events.py", line 88, in _run
  File "/home/Shared/UniBe-swiss-ndvi/GitHub/swiss-ndvi-processing/.venv/lib/python3.12/site-packages/tornado/platform/asyncio.py", line 208, in _handle_events
  File "/home/Shared/UniBe-swiss-ndvi/GitHub/swiss-ndvi-processing/.venv/lib/python3.12/site-packages/tornado/netutil.py", line 273, in accept_handler
  File "/usr/lib/python3.12/socket.py", line 295, in accept
OSError: [Errno 24] Too many open files
Exception in callback BaseAsyncIOLoop._handle_events(7, 1)
handle: <Handle BaseAsyncIOLoop._handle_events(7, 1)>
Traceback (most recent call last):
  File "/usr/lib/python3.12/asyncio/events.py", line 88, in _run
  File "/home/Shared/UniBe-swiss-ndvi/GitHub/swiss-ndvi-processing/.venv/lib/python3.12/site-packages/tornado/platform/asyncio.py", line 208, in _handle_events
  File "/home/Shared/UniBe-swiss-ndvi/GitHub/swiss-ndvi-processing/.venv/lib/python3.12/site-packages/tornado/netutil.py", line 273, in accept_handler
  File "/usr/lib/python3.12/socket.py", line 295, in accept
OSError: [Errno 24] Too many open files
Exception in callback BaseAsyncIOLoop._handle_events(7, 1)
handle: <Handle BaseAsyncIOLoop._handle_events(7, 1)>
Traceback (most recent call last):
  File "/usr/lib/python3.12/asyncio/events.py", line 88, in _run
  File "/home/Shared/UniBe-swiss-ndvi/GitHub/swiss-ndvi-processing/.venv/lib/python3.12/site-packages/tornado/platform/asyncio.py", line 208, in _handle_events
  File "/home/Shared/UniBe-swiss-ndvi/GitHub/swiss-ndvi-processing/.venv/lib/python3.12/site-packages/tornado/netutil.py", line 273, in accept_handler
  File "/usr/lib/python3.12/socket.py", line 295, in accept
OSError: [Errno 24] Too many open files
Exception in callback BaseAsyncIOLoop._handle_events(7, 1)
handle: <Handle BaseAsyncIOLoop._handle_events(7, 1)>
Traceback (most recent call last):
  File "/usr/lib/python3.12/asyncio/events.py", line 88, in _run
  File "/home/Shared/UniBe-swiss-ndvi/GitHub/swiss-ndvi-processing/.venv/lib/python3.12/site-packages/tornado/platform/asyncio.py", line 208, in _handle_events
  File "/home/Shared/UniBe-swiss-ndvi/GitHub/swiss-ndvi-processing/.venv/lib/python3.12/site-packages/tornado/netutil.py", line 273, in accept_handler
  File "/usr/lib/python3.12/socket.py", line 295, in accept
OSError: [Errno 24] Too many open files
Exception in callback BaseAsyncIOLoop._handle_events(7, 1)
handle: <Handle BaseAsyncIOLoop._handle_events(7, 1)>
Traceback (most recent call last):
  File "/usr/lib/python3.12/asyncio/events.py", line 88, in _run
  File "/home/Shared/UniBe-swiss-ndvi/GitHub/swiss-ndvi-processing/.venv/lib/python3.12/site-packages/tornado/platform/asyncio.py", line 208, in _handle_events
  File "/home/Shared/UniBe-swiss-ndvi/GitHub/swiss-ndvi-processing/.venv/lib/python3.12/site-packages/tornado/netutil.py", line 273, in accept_handler
  File "/usr/lib/python3.12/socket.py", line 295, in accept
OSError: [Errno 24] Too many open files
Exception in callback BaseAsyncIOLoop._handle_events(7, 1)
handle: <Handle BaseAsyncIOLoop._handle_events(7, 1)>
Traceback (most recent call last):
  File "/usr/lib/python3.12/asyncio/events.py", line 88, in _run
  File "/home/Shared/UniBe-swiss-ndvi/GitHub/swiss-ndvi-processing/.venv/lib/python3.12/site-packages/tornado/platform/asyncio.py", line 208, in _handle_events
  File "/home/Shared/UniBe-swiss-ndvi/GitHub/swiss-ndvi-processing/.venv/lib/python3.12/site-packages/tornado/netutil.py", line 273, in accept_handler
  File "/usr/lib/python3.12/socket.py", line 295, in accept
OSError: [Errno 24] Too many open files
Exception in callback BaseAsyncIOLoop._handle_events(7, 1)
handle: <Handle BaseAsyncIOLoop._handle_events(7, 1)>
Traceback (most recent call last):
  File "/usr/lib/python3.12/asyncio/events.py", line 88, in _run
  File "/home/Shared/UniBe-swiss-ndvi/GitHub/swiss-ndvi-processing/.venv/lib/python3.12/site-packages/tornado/platform/asyncio.py", line 208, in _handle_events
  File "/home/Shared/UniBe-swiss-ndvi/GitHub/swiss-ndvi-processing/.venv/lib/python3.12/site-packages/tornado/netutil.py", line 273, in accept_handler
  File "/usr/lib/python3.12/socket.py", line 295, in accept
OSError: [Errno 24] Too many open files
Exception in callback BaseAsyncIOLoop._handle_events(7, 1)
handle: <Handle BaseAsyncIOLoop._handle_events(7, 1)>
Traceback (most recent call last):
  File "/usr/lib/python3.12/asyncio/events.py", line 88, in _run
  File "/home/Shared/UniBe-swiss-ndvi/GitHub/swiss-ndvi-processing/.venv/lib/python3.12/site-packages/tornado/platform/asyncio.py", line 208, in _handle_events
  File "/home/Shared/UniBe-swiss-ndvi/GitHub/swiss-ndvi-processing/.venv/lib/python3.12/site-packages/tornado/netutil.py", line 273, in accept_handler
  File "/usr/lib/python3.12/socket.py", line 295, in accept
OSError: [Errno 24] Too many open files
Exception in callback BaseAsyncIOLoop._handle_events(7, 1)
handle: <Handle BaseAsyncIOLoop._handle_events(7, 1)>
Traceback (most recent call last):
  File "/usr/lib/python3.12/asyncio/events.py", line 88, in _run
  File "/home/Shared/UniBe-swiss-ndvi/GitHub/swiss-ndvi-processing/.venv/lib/python3.12/site-packages/tornado/platform/asyncio.py", line 208, in _handle_events
  File "/home/Shared/UniBe-swiss-ndvi/GitHub/swiss-ndvi-processing/.venv/lib/python3.12/site-packages/tornado/netutil.py", line 273, in accept_handler
  File "/usr/lib/python3.12/socket.py", line 295, in accept
OSError: [Errno 24] Too many open files
Exception in callback BaseAsyncIOLoop._handle_events(7, 1)
handle: <Handle BaseAsyncIOLoop._handle_events(7, 1)>
Traceback (most recent call last):
  File "/usr/lib/python3.12/asyncio/events.py", line 88, in _run
  File "/home/Shared/UniBe-swiss-ndvi/GitHub/swiss-ndvi-processing/.venv/lib/python3.12/site-packages/tornado/platform/asyncio.py", line 208, in _handle_events
  File "/home/Shared/UniBe-swiss-ndvi/GitHub/swiss-ndvi-processing/.venv/lib/python3.12/site-packages/tornado/netutil.py", line 273, in accept_handler
  File "/usr/lib/python3.12/socket.py", line 295, in accept
OSError: [Errno 24] Too many open files
2026-04-08 22:14:48,507 - distributed.worker - WARNING - Mismatched versions found

+-------------+---------------------------------------------+-----------+----------+
| Package     | Worker-765ff4d0-d066-4ad8-8927-e61bf80021bb | Scheduler | Workers  |
+-------------+---------------------------------------------+-----------+----------+
| cloudpickle | 3.1.1                                       | None      | 3.1.1    |
| dask        | 2025.9.1                                    | None      | 2025.9.1 |
| distributed | 2025.9.1                                    | None      | 2025.9.1 |
| lz4         | 4.3.2                                       | None      | 4.3.2    |
| msgpack     | 1.1.1                                       | None      | 1.1.1    |
| toolz       | 1.0.0                                       | None      | 1.0.0    |
| tornado     | 6.5.1                                       | None      | 6.5.1    |
+-------------+---------------------------------------------+-----------+----------+
Exception in callback BaseAsyncIOLoop._handle_events(7, 1)
handle: <Handle BaseAsyncIOLoop._handle_events(7, 1)>
Traceback (most recent call last):
  File "/usr/lib/python3.12/asyncio/events.py", line 88, in _run
  File "/home/Shared/UniBe-swiss-ndvi/GitHub/swiss-ndvi-processing/.venv/lib/python3.12/site-packages/tornado/platform/asyncio.py", line 208, in _handle_events
  File "/home/Shared/UniBe-swiss-ndvi/GitHub/swiss-ndvi-processing/.venv/lib/python3.12/site-packages/tornado/netutil.py", line 273, in accept_handler
  File "/usr/lib/python3.12/socket.py", line 295, in accept
OSError: [Errno 24] Too many open files
Exception in callback BaseAsyncIOLoop._handle_events(7, 1)
handle: <Handle BaseAsyncIOLoop._handle_events(7, 1)>
Traceback (most recent call last):
  File "/usr/lib/python3.12/asyncio/events.py", line 88, in _run
  File "/home/Shared/UniBe-swiss-ndvi/GitHub/swiss-ndvi-processing/.venv/lib/python3.12/site-packages/tornado/platform/asyncio.py", line 208, in _handle_events
  File "/home/Shared/UniBe-swiss-ndvi/GitHub/swiss-ndvi-processing/.venv/lib/python3.12/site-packages/tornado/netutil.py", line 273, in accept_handler
  File "/usr/lib/python3.12/socket.py", line 295, in accept
OSError: [Errno 24] Too many open files
Exception in callback BaseAsyncIOLoop._handle_events(7, 1)
handle: <Handle BaseAsyncIOLoop._handle_events(7, 1)>
Traceback (most recent call last):
  File "/usr/lib/python3.12/asyncio/events.py", line 88, in _run
  File "/home/Shared/UniBe-swiss-ndvi/GitHub/swiss-ndvi-processing/.venv/lib/python3.12/site-packages/tornado/platform/asyncio.py", line 208, in _handle_events
  File "/home/Shared/UniBe-swiss-ndvi/GitHub/swiss-ndvi-processing/.venv/lib/python3.12/site-packages/tornado/netutil.py", line 273, in accept_handler
  File "/usr/lib/python3.12/socket.py", line 295, in accept
OSError: [Errno 24] Too many open files
Exception in callback BaseAsyncIOLoop._handle_events(7, 1)
handle: <Handle BaseAsyncIOLoop._handle_events(7, 1)>
Traceback (most recent call last):
  File "/usr/lib/python3.12/asyncio/events.py", line 88, in _run
  File "/home/Shared/UniBe-swiss-ndvi/GitHub/swiss-ndvi-processing/.venv/lib/python3.12/site-packages/tornado/platform/asyncio.py", line 208, in _handle_events
  File "/home/Shared/UniBe-swiss-ndvi/GitHub/swiss-ndvi-processing/.venv/lib/python3.12/site-packages/tornado/netutil.py", line 273, in accept_handler
  File "/usr/lib/python3.12/socket.py", line 295, in accept
OSError: [Errno 24] Too many open files
Exception in callback BaseAsyncIOLoop._handle_events(7, 1)
handle: <Handle BaseAsyncIOLoop._handle_events(7, 1)>
Traceback (most recent call last):
  File "/usr/lib/python3.12/asyncio/events.py", line 88, in _run
  File "/home/Shared/UniBe-swiss-ndvi/GitHub/swiss-ndvi-processing/.venv/lib/python3.12/site-packages/tornado/platform/asyncio.py", line 208, in _handle_events
  File "/home/Shared/UniBe-swiss-ndvi/GitHub/swiss-ndvi-processing/.venv/lib/python3.12/site-packages/tornado/netutil.py", line 273, in accept_handler
  File "/usr/lib/python3.12/socket.py", line 295, in accept
OSError: [Errno 24] Too many open files
Exception in callback BaseAsyncIOLoop._handle_events(7, 1)
handle: <Handle BaseAsyncIOLoop._handle_events(7, 1)>
Traceback (most recent call last):
  File "/usr/lib/python3.12/asyncio/events.py", line 88, in _run
  File "/home/Shared/UniBe-swiss-ndvi/GitHub/swiss-ndvi-processing/.venv/lib/python3.12/site-packages/tornado/platform/asyncio.py", line 208, in _handle_events
  File "/home/Shared/UniBe-swiss-ndvi/GitHub/swiss-ndvi-processing/.venv/lib/python3.12/site-packages/tornado/netutil.py", line 273, in accept_handler
  File "/usr/lib/python3.12/socket.py", line 295, in accept
OSError: [Errno 24] Too many open files
2026-04-08 22:14:48,511 - distributed.worker - WARNING - Mismatched versions found

+-------------+---------------------------------------------+-----------+----------+
| Package     | Worker-ff37f63e-f1e2-43ef-8314-052ed71c0646 | Scheduler | Workers  |
+-------------+---------------------------------------------+-----------+----------+
| cloudpickle | 3.1.1                                       | None      | 3.1.1    |
| dask        | 2025.9.1                                    | None      | 2025.9.1 |
| distributed | 2025.9.1                                    | None      | 2025.9.1 |
| lz4         | 4.3.2                                       | None      | 4.3.2    |
| msgpack     | 1.1.1                                       | None      | 1.1.1    |
| toolz       | 1.0.0                                       | None      | 1.0.0    |
| tornado     | 6.5.1                                       | None      | 6.5.1    |
+-------------+---------------------------------------------+-----------+----------+
Exception in callback BaseAsyncIOLoop._handle_events(7, 1)
handle: <Handle BaseAsyncIOLoop._handle_events(7, 1)>
Traceback (most recent call last):
  File "/usr/lib/python3.12/asyncio/events.py", line 88, in _run
  File "/home/Shared/UniBe-swiss-ndvi/GitHub/swiss-ndvi-processing/.venv/lib/python3.12/site-packages/tornado/platform/asyncio.py", line 208, in _handle_events
  File "/home/Shared/UniBe-swiss-ndvi/GitHub/swiss-ndvi-processing/.venv/lib/python3.12/site-packages/tornado/netutil.py", line 273, in accept_handler
  File "/usr/lib/python3.12/socket.py", line 295, in accept
OSError: [Errno 24] Too many open files
Exception in callback BaseAsyncIOLoop._handle_events(7, 1)
handle: <Handle BaseAsyncIOLoop._handle_events(7, 1)>
Traceback (most recent call last):
  File "/usr/lib/python3.12/asyncio/events.py", line 88, in _run
  File "/home/Shared/UniBe-swiss-ndvi/GitHub/swiss-ndvi-processing/.venv/lib/python3.12/site-packages/tornado/platform/asyncio.py", line 208, in _handle_events
  File "/home/Shared/UniBe-swiss-ndvi/GitHub/swiss-ndvi-processing/.venv/lib/python3.12/site-packages/tornado/netutil.py", line 273, in accept_handler
  File "/usr/lib/python3.12/socket.py", line 295, in accept
OSError: [Errno 24] Too many open files
Exception in callback BaseAsyncIOLoop._handle_events(7, 1)
handle: <Handle BaseAsyncIOLoop._handle_events(7, 1)>
Traceback (most recent call last):
  File "/usr/lib/python3.12/asyncio/events.py", line 88, in _run
  File "/home/Shared/UniBe-swiss-ndvi/GitHub/swiss-ndvi-processing/.venv/lib/python3.12/site-packages/tornado/platform/asyncio.py", line 208, in _handle_events
  File "/home/Shared/UniBe-swiss-ndvi/GitHub/swiss-ndvi-processing/.venv/lib/python3.12/site-packages/tornado/netutil.py", line 273, in accept_handler
  File "/usr/lib/python3.12/socket.py", line 295, in accept
OSError: [Errno 24] Too many open files
Exception in callback BaseAsyncIOLoop._handle_events(7, 1)
handle: <Handle BaseAsyncIOLoop._handle_events(7, 1)>
Traceback (most recent call last):
  File "/usr/lib/python3.12/asyncio/events.py", line 88, in _run
  File "/home/Shared/UniBe-swiss-ndvi/GitHub/swiss-ndvi-processing/.venv/lib/python3.12/site-packages/tornado/platform/asyncio.py", line 208, in _handle_events
  File "/home/Shared/UniBe-swiss-ndvi/GitHub/swiss-ndvi-processing/.venv/lib/python3.12/site-packages/tornado/netutil.py", line 273, in accept_handler
  File "/usr/lib/python3.12/socket.py", line 295, in accept
OSError: [Errno 24] Too many open files
Exception in callback BaseAsyncIOLoop._handle_events(7, 1)
handle: <Handle BaseAsyncIOLoop._handle_events(7, 1)>
Traceback (most recent call last):
  File "/usr/lib/python3.12/asyncio/events.py", line 88, in _run
  File "/home/Shared/UniBe-swiss-ndvi/GitHub/swiss-ndvi-processing/.venv/lib/python3.12/site-packages/tornado/platform/asyncio.py", line 208, in _handle_events
  File "/home/Shared/UniBe-swiss-ndvi/GitHub/swiss-ndvi-processing/.venv/lib/python3.12/site-packages/tornado/netutil.py", line 273, in accept_handler
  File "/usr/lib/python3.12/socket.py", line 295, in accept
OSError: [Errno 24] Too many open files
Exception in callback BaseAsyncIOLoop._handle_events(7, 1)
handle: <Handle BaseAsyncIOLoop._handle_events(7, 1)>
Traceback (most recent call last):
  File "/usr/lib/python3.12/asyncio/events.py", line 88, in _run
  File "/home/Shared/UniBe-swiss-ndvi/GitHub/swiss-ndvi-processing/.venv/lib/python3.12/site-packages/tornado/platform/asyncio.py", line 208, in _handle_events
  File "/home/Shared/UniBe-swiss-ndvi/GitHub/swiss-ndvi-processing/.venv/lib/python3.12/site-packages/tornado/netutil.py", line 273, in accept_handler
  File "/usr/lib/python3.12/socket.py", line 295, in accept
OSError: [Errno 24] Too many open files
Exception in callback BaseAsyncIOLoop._handle_events(7, 1)
handle: <Handle BaseAsyncIOLoop._handle_events(7, 1)>
Traceback (most recent call last):
  File "/usr/lib/python3.12/asyncio/events.py", line 88, in _run
  File "/home/Shared/UniBe-swiss-ndvi/GitHub/swiss-ndvi-processing/.venv/lib/python3.12/site-packages/tornado/platform/asyncio.py", line 208, in _handle_events
  File "/home/Shared/UniBe-swiss-ndvi/GitHub/swiss-ndvi-processing/.venv/lib/python3.12/site-packages/tornado/netutil.py", line 273, in accept_handler
  File "/usr/lib/python3.12/socket.py", line 295, in accept
OSError: [Errno 24] Too many open files
Exception in callback BaseAsyncIOLoop._handle_events(7, 1)
handle: <Handle BaseAsyncIOLoop._handle_events(7, 1)>
Traceback (most recent call last):
  File "/usr/lib/python3.12/asyncio/events.py", line 88, in _run
  File "/home/Shared/UniBe-swiss-ndvi/GitHub/swiss-ndvi-processing/.venv/lib/python3.12/site-packages/tornado/platform/asyncio.py", line 208, in _handle_events
  File "/home/Shared/UniBe-swiss-ndvi/GitHub/swiss-ndvi-processing/.venv/lib/python3.12/site-packages/tornado/netutil.py", line 273, in accept_handler
  File "/usr/lib/python3.12/socket.py", line 295, in accept
OSError: [Errno 24] Too many open files
Exception in callback BaseAsyncIOLoop._handle_events(7, 1)
handle: <Handle BaseAsyncIOLoop._handle_events(7, 1)>
Traceback (most recent call last):
  File "/usr/lib/python3.12/asyncio/events.py", line 88, in _run
  File "/home/Shared/UniBe-swiss-ndvi/GitHub/swiss-ndvi-processing/.venv/lib/python3.12/site-packages/tornado/platform/asyncio.py", line 208, in _handle_events
  File "/home/Shared/UniBe-swiss-ndvi/GitHub/swiss-ndvi-processing/.venv/lib/python3.12/site-packages/tornado/netutil.py", line 273, in accept_handler
  File "/usr/lib/python3.12/socket.py", line 295, in accept
OSError: [Errno 24] Too many open files
Exception in callback BaseAsyncIOLoop._handle_events(7, 1)
handle: <Handle BaseAsyncIOLoop._handle_events(7, 1)>
Traceback (most recent call last):
  File "/usr/lib/python3.12/asyncio/events.py", line 88, in _run
  File "/home/Shared/UniBe-swiss-ndvi/GitHub/swiss-ndvi-processing/.venv/lib/python3.12/site-packages/tornado/platform/asyncio.py", line 208, in _handle_events
  File "/home/Shared/UniBe-swiss-ndvi/GitHub/swiss-ndvi-processing/.venv/lib/python3.12/site-packages/tornado/netutil.py", line 273, in accept_handler
  File "/usr/lib/python3.12/socket.py", line 295, in accept
OSError: [Errno 24] Too many open files
Exception in callback BaseAsyncIOLoop._handle_events(7, 1)
handle: <Handle BaseAsyncIOLoop._handle_events(7, 1)>
Traceback (most recent call last):
  File "/usr/lib/python3.12/asyncio/events.py", line 88, in _run
  File "/home/Shared/UniBe-swiss-ndvi/GitHub/swiss-ndvi-processing/.venv/lib/python3.12/site-packages/tornado/platform/asyncio.py", line 208, in _handle_events
  File "/home/Shared/UniBe-swiss-ndvi/GitHub/swiss-ndvi-processing/.venv/lib/python3.12/site-packages/tornado/netutil.py", line 273, in accept_handler
  File "/usr/lib/python3.12/socket.py", line 295, in accept
OSError: [Errno 24] Too many open files
Exception in callback BaseAsyncIOLoop._handle_events(7, 1)
handle: <Handle BaseAsyncIOLoop._handle_events(7, 1)>
Traceback (most recent call last):
  File "/usr/lib/python3.12/asyncio/events.py", line 88, in _run
  File "/home/Shared/UniBe-swiss-ndvi/GitHub/swiss-ndvi-processing/.venv/lib/python3.12/site-packages/tornado/platform/asyncio.py", line 208, in _handle_events
  File "/home/Shared/UniBe-swiss-ndvi/GitHub/swiss-ndvi-processing/.venv/lib/python3.12/site-packages/tornado/netutil.py", line 273, in accept_handler
  File "/usr/lib/python3.12/socket.py", line 295, in accept
OSError: [Errno 24] Too many open files
Exception in callback BaseAsyncIOLoop._handle_events(7, 1)
handle: <Handle BaseAsyncIOLoop._handle_events(7, 1)>
Traceback (most recent call last):
  File "/usr/lib/python3.12/asyncio/events.py", line 88, in _run
  File "/home/Shared/UniBe-swiss-ndvi/GitHub/swiss-ndvi-processing/.venv/lib/python3.12/site-packages/tornado/platform/asyncio.py", line 208, in _handle_events
  File "/home/Shared/UniBe-swiss-ndvi/GitHub/swiss-ndvi-processing/.venv/lib/python3.12/site-packages/tornado/netutil.py", line 273, in accept_handler
  File "/usr/lib/python3.12/socket.py", line 295, in accept
OSError: [Errno 24] Too many open files
Exception in callback BaseAsyncIOLoop._handle_events(7, 1)
handle: <Handle BaseAsyncIOLoop._handle_events(7, 1)>
Traceback (most recent call last):
  File "/usr/lib/python3.12/asyncio/events.py", line 88, in _run
  File "/home/Shared/UniBe-swiss-ndvi/GitHub/swiss-ndvi-processing/.venv/lib/python3.12/site-packages/tornado/platform/asyncio.py", line 208, in _handle_events
  File "/home/Shared/UniBe-swiss-ndvi/GitHub/swiss-ndvi-processing/.venv/lib/python3.12/site-packages/tornado/netutil.py", line 273, in accept_handler
  File "/usr/lib/python3.12/socket.py", line 295, in accept
OSError: [Errno 24] Too many open files
Exception in callback BaseAsyncIOLoop._handle_events(7, 1)
handle: <Handle BaseAsyncIOLoop._handle_events(7, 1)>
Traceback (most recent call last):
  File "/usr/lib/python3.12/asyncio/events.py", line 88, in _run
  File "/home/Shared/UniBe-swiss-ndvi/GitHub/swiss-ndvi-processing/.venv/lib/python3.12/site-packages/tornado/platform/asyncio.py", line 208, in _handle_events
  File "/home/Shared/UniBe-swiss-ndvi/GitHub/swiss-ndvi-processing/.venv/lib/python3.12/site-packages/tornado/netutil.py", line 273, in accept_handler
  File "/usr/lib/python3.12/socket.py", line 295, in accept
OSError: [Errno 24] Too many open files
Exception in callback BaseAsyncIOLoop._handle_events(7, 1)
handle: <Handle BaseAsyncIOLoop._handle_events(7, 1)>
Traceback (most recent call last):
  File "/usr/lib/python3.12/asyncio/events.py", line 88, in _run
  File "/home/Shared/UniBe-swiss-ndvi/GitHub/swiss-ndvi-processing/.venv/lib/python3.12/site-packages/tornado/platform/asyncio.py", line 208, in _handle_events
  File "/home/Shared/UniBe-swiss-ndvi/GitHub/swiss-ndvi-processing/.venv/lib/python3.12/site-packages/tornado/netutil.py", line 273, in accept_handler
  File "/usr/lib/python3.12/socket.py", line 295, in accept
OSError: [Errno 24] Too many open files
Exception in callback BaseAsyncIOLoop._handle_events(7, 1)
handle: <Handle BaseAsyncIOLoop._handle_events(7, 1)>
Traceback (most recent call last):
  File "/usr/lib/python3.12/asyncio/events.py", line 88, in _run
  File "/home/Shared/UniBe-swiss-ndvi/GitHub/swiss-ndvi-processing/.venv/lib/python3.12/site-packages/tornado/platform/asyncio.py", line 208, in _handle_events
  File "/home/Shared/UniBe-swiss-ndvi/GitHub/swiss-ndvi-processing/.venv/lib/python3.12/site-packages/tornado/netutil.py", line 273, in accept_handler
  File "/usr/lib/python3.12/socket.py", line 295, in accept
OSError: [Errno 24] Too many open files
Exception in callback BaseAsyncIOLoop._handle_events(7, 1)
handle: <Handle BaseAsyncIOLoop._handle_events(7, 1)>
Traceback (most recent call last):
  File "/usr/lib/python3.12/asyncio/events.py", line 88, in _run
  File "/home/Shared/UniBe-swiss-ndvi/GitHub/swiss-ndvi-processing/.venv/lib/python3.12/site-packages/tornado/platform/asyncio.py", line 208, in _handle_events
  File "/home/Shared/UniBe-swiss-ndvi/GitHub/swiss-ndvi-processing/.venv/lib/python3.12/site-packages/tornado/netutil.py", line 273, in accept_handler
  File "/usr/lib/python3.12/socket.py", line 295, in accept
OSError: [Errno 24] Too many open files
Exception in callback BaseAsyncIOLoop._handle_events(7, 1)
handle: <Handle BaseAsyncIOLoop._handle_events(7, 1)>
Traceback (most recent call last):
  File "/usr/lib/python3.12/asyncio/events.py", line 88, in _run
  File "/home/Shared/UniBe-swiss-ndvi/GitHub/swiss-ndvi-processing/.venv/lib/python3.12/site-packages/tornado/platform/asyncio.py", line 208, in _handle_events
  File "/home/Shared/UniBe-swiss-ndvi/GitHub/swiss-ndvi-processing/.venv/lib/python3.12/site-packages/tornado/netutil.py", line 273, in accept_handler
  File "/usr/lib/python3.12/socket.py", line 295, in accept
OSError: [Errno 24] Too many open files
Exception in callback BaseAsyncIOLoop._handle_events(7, 1)
handle: <Handle BaseAsyncIOLoop._handle_events(7, 1)>
Traceback (most recent call last):
  File "/usr/lib/python3.12/asyncio/events.py", line 88, in _run
  File "/home/Shared/UniBe-swiss-ndvi/GitHub/swiss-ndvi-processing/.venv/lib/python3.12/site-packages/tornado/platform/asyncio.py", line 208, in _handle_events
  File "/home/Shared/UniBe-swiss-ndvi/GitHub/swiss-ndvi-processing/.venv/lib/python3.12/site-packages/tornado/netutil.py", line 273, in accept_handler
  File "/usr/lib/python3.12/socket.py", line 295, in accept
OSError: [Errno 24] Too many open files
Exception in callback BaseAsyncIOLoop._handle_events(7, 1)
handle: <Handle BaseAsyncIOLoop._handle_events(7, 1)>
Traceback (most recent call last):
  File "/usr/lib/python3.12/asyncio/events.py", line 88, in _run
  File "/home/Shared/UniBe-swiss-ndvi/GitHub/swiss-ndvi-processing/.venv/lib/python3.12/site-packages/tornado/platform/asyncio.py", line 208, in _handle_events
  File "/home/Shared/UniBe-swiss-ndvi/GitHub/swiss-ndvi-processing/.venv/lib/python3.12/site-packages/tornado/netutil.py", line 273, in accept_handler
  File "/usr/lib/python3.12/socket.py", line 295, in accept
OSError: [Errno 24] Too many open files
Exception in callback BaseAsyncIOLoop._handle_events(7, 1)
handle: <Handle BaseAsyncIOLoop._handle_events(7, 1)>
Traceback (most recent call last):
  File "/usr/lib/python3.12/asyncio/events.py", line 88, in _run
  File "/home/Shared/UniBe-swiss-ndvi/GitHub/swiss-ndvi-processing/.venv/lib/python3.12/site-packages/tornado/platform/asyncio.py", line 208, in _handle_events
  File "/home/Shared/UniBe-swiss-ndvi/GitHub/swiss-ndvi-processing/.venv/lib/python3.12/site-packages/tornado/netutil.py", line 273, in accept_handler
  File "/usr/lib/python3.12/socket.py", line 295, in accept
OSError: [Errno 24] Too many open files
Exception in callback BaseAsyncIOLoop._handle_events(7, 1)
handle: <Handle BaseAsyncIOLoop._handle_events(7, 1)>
Traceback (most recent call last):
  File "/usr/lib/python3.12/asyncio/events.py", line 88, in _run
  File "/home/Shared/UniBe-swiss-ndvi/GitHub/swiss-ndvi-processing/.venv/lib/python3.12/site-packages/tornado/platform/asyncio.py", line 208, in _handle_events
  File "/home/Shared/UniBe-swiss-ndvi/GitHub/swiss-ndvi-processing/.venv/lib/python3.12/site-packages/tornado/netutil.py", line 273, in accept_handler
  File "/usr/lib/python3.12/socket.py", line 295, in accept
OSError: [Errno 24] Too many open files
Exception in callback BaseAsyncIOLoop._handle_events(7, 1)
handle: <Handle BaseAsyncIOLoop._handle_events(7, 1)>
Traceback (most recent call last):
  File "/usr/lib/python3.12/asyncio/events.py", line 88, in _run
  File "/home/Shared/UniBe-swiss-ndvi/GitHub/swiss-ndvi-processing/.venv/lib/python3.12/site-packages/tornado/platform/asyncio.py", line 208, in _handle_events
  File "/home/Shared/UniBe-swiss-ndvi/GitHub/swiss-ndvi-processing/.venv/lib/python3.12/site-packages/tornado/netutil.py", line 273, in accept_handler
  File "/usr/lib/python3.12/socket.py", line 295, in accept
OSError: [Errno 24] Too many open files
Exception in callback BaseAsyncIOLoop._handle_events(7, 1)
handle: <Handle BaseAsyncIOLoop._handle_events(7, 1)>
Traceback (most recent call last):
  File "/usr/lib/python3.12/asyncio/events.py", line 88, in _run
  File "/home/Shared/UniBe-swiss-ndvi/GitHub/swiss-ndvi-processing/.venv/lib/python3.12/site-packages/tornado/platform/asyncio.py", line 208, in _handle_events
  File "/home/Shared/UniBe-swiss-ndvi/GitHub/swiss-ndvi-processing/.venv/lib/python3.12/site-packages/tornado/netutil.py", line 273, in accept_handler
  File "/usr/lib/python3.12/socket.py", line 295, in accept
OSError: [Errno 24] Too many open files
Exception in callback BaseAsyncIOLoop._handle_events(7, 1)
handle: <Handle BaseAsyncIOLoop._handle_events(7, 1)>
Traceback (most recent call last):
  File "/usr/lib/python3.12/asyncio/events.py", line 88, in _run
  File "/home/Shared/UniBe-swiss-ndvi/GitHub/swiss-ndvi-processing/.venv/lib/python3.12/site-packages/tornado/platform/asyncio.py", line 208, in _handle_events
  File "/home/Shared/UniBe-swiss-ndvi/GitHub/swiss-ndvi-processing/.venv/lib/python3.12/site-packages/tornado/netutil.py", line 273, in accept_handler
  File "/usr/lib/python3.12/socket.py", line 295, in accept
OSError: [Errno 24] Too many open files
Exception in callback BaseAsyncIOLoop._handle_events(7, 1)
handle: <Handle BaseAsyncIOLoop._handle_events(7, 1)>
Traceback (most recent call last):
  File "/usr/lib/python3.12/asyncio/events.py", line 88, in _run
  File "/home/Shared/UniBe-swiss-ndvi/GitHub/swiss-ndvi-processing/.venv/lib/python3.12/site-packages/tornado/platform/asyncio.py", line 208, in _handle_events
  File "/home/Shared/UniBe-swiss-ndvi/GitHub/swiss-ndvi-processing/.venv/lib/python3.12/site-packages/tornado/netutil.py", line 273, in accept_handler
  File "/usr/lib/python3.12/socket.py", line 295, in accept
OSError: [Errno 24] Too many open files
Exception in callback BaseAsyncIOLoop._handle_events(7, 1)
handle: <Handle BaseAsyncIOLoop._handle_events(7, 1)>
Traceback (most recent call last):
  File "/usr/lib/python3.12/asyncio/events.py", line 88, in _run
  File "/home/Shared/UniBe-swiss-ndvi/GitHub/swiss-ndvi-processing/.venv/lib/python3.12/site-packages/tornado/platform/asyncio.py", line 208, in _handle_events
  File "/home/Shared/UniBe-swiss-ndvi/GitHub/swiss-ndvi-processing/.venv/lib/python3.12/site-packages/tornado/netutil.py", line 273, in accept_handler
  File "/usr/lib/python3.12/socket.py", line 295, in accept
OSError: [Errno 24] Too many open files
Exception in callback BaseAsyncIOLoop._handle_events(7, 1)
handle: <Handle BaseAsyncIOLoop._handle_events(7, 1)>
Traceback (most recent call last):
  File "/usr/lib/python3.12/asyncio/events.py", line 88, in _run
  File "/home/Shared/UniBe-swiss-ndvi/GitHub/swiss-ndvi-processing/.venv/lib/python3.12/site-packages/tornado/platform/asyncio.py", line 208, in _handle_events
  File "/home/Shared/UniBe-swiss-ndvi/GitHub/swiss-ndvi-processing/.venv/lib/python3.12/site-packages/tornado/netutil.py", line 273, in accept_handler
  File "/usr/lib/python3.12/socket.py", line 295, in accept
OSError: [Errno 24] Too many open files
Exception in callback BaseAsyncIOLoop._handle_events(7, 1)
handle: <Handle BaseAsyncIOLoop._handle_events(7, 1)>
Traceback (most recent call last):
  File "/usr/lib/python3.12/asyncio/events.py", line 88, in _run
  File "/home/Shared/UniBe-swiss-ndvi/GitHub/swiss-ndvi-processing/.venv/lib/python3.12/site-packages/tornado/platform/asyncio.py", line 208, in _handle_events
  File "/home/Shared/UniBe-swiss-ndvi/GitHub/swiss-ndvi-processing/.venv/lib/python3.12/site-packages/tornado/netutil.py", line 273, in accept_handler
  File "/usr/lib/python3.12/socket.py", line 295, in accept
OSError: [Errno 24] Too many open files
Exception in callback BaseAsyncIOLoop._handle_events(7, 1)
handle: <Handle BaseAsyncIOLoop._handle_events(7, 1)>
Traceback (most recent call last):
  File "/usr/lib/python3.12/asyncio/events.py", line 88, in _run
  File "/home/Shared/UniBe-swiss-ndvi/GitHub/swiss-ndvi-processing/.venv/lib/python3.12/site-packages/tornado/platform/asyncio.py", line 208, in _handle_events
  File "/home/Shared/UniBe-swiss-ndvi/GitHub/swiss-ndvi-processing/.venv/lib/python3.12/site-packages/tornado/netutil.py", line 273, in accept_handler
  File "/usr/lib/python3.12/socket.py", line 295, in accept
OSError: [Errno 24] Too many open files
Exception in callback BaseAsyncIOLoop._handle_events(7, 1)
handle: <Handle BaseAsyncIOLoop._handle_events(7, 1)>
Traceback (most recent call last):
  File "/usr/lib/python3.12/asyncio/events.py", line 88, in _run
  File "/home/Shared/UniBe-swiss-ndvi/GitHub/swiss-ndvi-processing/.venv/lib/python3.12/site-packages/tornado/platform/asyncio.py", line 208, in _handle_events
  File "/home/Shared/UniBe-swiss-ndvi/GitHub/swiss-ndvi-processing/.venv/lib/python3.12/site-packages/tornado/netutil.py", line 273, in accept_handler
  File "/usr/lib/python3.12/socket.py", line 295, in accept
OSError: [Errno 24] Too many open files
Exception in callback BaseAsyncIOLoop._handle_events(7, 1)
handle: <Handle BaseAsyncIOLoop._handle_events(7, 1)>
Traceback (most recent call last):
  File "/usr/lib/python3.12/asyncio/events.py", line 88, in _run
  File "/home/Shared/UniBe-swiss-ndvi/GitHub/swiss-ndvi-processing/.venv/lib/python3.12/site-packages/tornado/platform/asyncio.py", line 208, in _handle_events
  File "/home/Shared/UniBe-swiss-ndvi/GitHub/swiss-ndvi-processing/.venv/lib/python3.12/site-packages/tornado/netutil.py", line 273, in accept_handler
  File "/usr/lib/python3.12/socket.py", line 295, in accept
OSError: [Errno 24] Too many open files
2026-04-08 22:14:48,524 - distributed.worker - WARNING - Mismatched versions found

+-------------+---------------------------------------------+-----------+----------+
| Package     | Worker-da80fb6d-66da-4f8f-8dac-afd73c3d7cd6 | Scheduler | Workers  |
+-------------+---------------------------------------------+-----------+----------+
| cloudpickle | 3.1.1                                       | None      | 3.1.1    |
| dask        | 2025.9.1                                    | None      | 2025.9.1 |
| distributed | 2025.9.1                                    | None      | 2025.9.1 |
| lz4         | 4.3.2                                       | None      | 4.3.2    |
| msgpack     | 1.1.1                                       | None      | 1.1.1    |
| toolz       | 1.0.0                                       | None      | 1.0.0    |
| tornado     | 6.5.1                                       | None      | 6.5.1    |
+-------------+---------------------------------------------+-----------+----------+
Exception in callback BaseAsyncIOLoop._handle_events(7, 1)
handle: <Handle BaseAsyncIOLoop._handle_events(7, 1)>
Traceback (most recent call last):
  File "/usr/lib/python3.12/asyncio/events.py", line 88, in _run
  File "/home/Shared/UniBe-swiss-ndvi/GitHub/swiss-ndvi-processing/.venv/lib/python3.12/site-packages/tornado/platform/asyncio.py", line 208, in _handle_events
  File "/home/Shared/UniBe-swiss-ndvi/GitHub/swiss-ndvi-processing/.venv/lib/python3.12/site-packages/tornado/netutil.py", line 273, in accept_handler
  File "/usr/lib/python3.12/socket.py", line 295, in accept
OSError: [Errno 24] Too many open files
Exception in callback BaseAsyncIOLoop._handle_events(7, 1)
handle: <Handle BaseAsyncIOLoop._handle_events(7, 1)>
Traceback (most recent call last):
  File "/usr/lib/python3.12/asyncio/events.py", line 88, in _run
  File "/home/Shared/UniBe-swiss-ndvi/GitHub/swiss-ndvi-processing/.venv/lib/python3.12/site-packages/tornado/platform/asyncio.py", line 208, in _handle_events
  File "/home/Shared/UniBe-swiss-ndvi/GitHub/swiss-ndvi-processing/.venv/lib/python3.12/site-packages/tornado/netutil.py", line 273, in accept_handler
  File "/usr/lib/python3.12/socket.py", line 295, in accept
OSError: [Errno 24] Too many open files
Exception in callback BaseAsyncIOLoop._handle_events(7, 1)
handle: <Handle BaseAsyncIOLoop._handle_events(7, 1)>
Traceback (most recent call last):
  File "/usr/lib/python3.12/asyncio/events.py", line 88, in _run
  File "/home/Shared/UniBe-swiss-ndvi/GitHub/swiss-ndvi-processing/.venv/lib/python3.12/site-packages/tornado/platform/asyncio.py", line 208, in _handle_events
  File "/home/Shared/UniBe-swiss-ndvi/GitHub/swiss-ndvi-processing/.venv/lib/python3.12/site-packages/tornado/netutil.py", line 273, in accept_handler
  File "/usr/lib/python3.12/socket.py", line 295, in accept
OSError: [Errno 24] Too many open files
Exception in callback BaseAsyncIOLoop._handle_events(7, 1)
handle: <Handle BaseAsyncIOLoop._handle_events(7, 1)>
Traceback (most recent call last):
  File "/usr/lib/python3.12/asyncio/events.py", line 88, in _run
  File "/home/Shared/UniBe-swiss-ndvi/GitHub/swiss-ndvi-processing/.venv/lib/python3.12/site-packages/tornado/platform/asyncio.py", line 208, in _handle_events
  File "/home/Shared/UniBe-swiss-ndvi/GitHub/swiss-ndvi-processing/.venv/lib/python3.12/site-packages/tornado/netutil.py", line 273, in accept_handler
  File "/usr/lib/python3.12/socket.py", line 295, in accept
OSError: [Errno 24] Too many open files
Exception in callback BaseAsyncIOLoop._handle_events(7, 1)
handle: <Handle BaseAsyncIOLoop._handle_events(7, 1)>
Traceback (most recent call last):
  File "/usr/lib/python3.12/asyncio/events.py", line 88, in _run
  File "/home/Shared/UniBe-swiss-ndvi/GitHub/swiss-ndvi-processing/.venv/lib/python3.12/site-packages/tornado/platform/asyncio.py", line 208, in _handle_events
  File "/home/Shared/UniBe-swiss-ndvi/GitHub/swiss-ndvi-processing/.venv/lib/python3.12/site-packages/tornado/netutil.py", line 273, in accept_handler
  File "/usr/lib/python3.12/socket.py", line 295, in accept
OSError: [Errno 24] Too many open files
Exception in callback BaseAsyncIOLoop._handle_events(7, 1)
handle: <Handle BaseAsyncIOLoop._handle_events(7, 1)>
Traceback (most recent call last):
  File "/usr/lib/python3.12/asyncio/events.py", line 88, in _run
  File "/home/Shared/UniBe-swiss-ndvi/GitHub/swiss-ndvi-processing/.venv/lib/python3.12/site-packages/tornado/platform/asyncio.py", line 208, in _handle_events
  File "/home/Shared/UniBe-swiss-ndvi/GitHub/swiss-ndvi-processing/.venv/lib/python3.12/site-packages/tornado/netutil.py", line 273, in accept_handler
  File "/usr/lib/python3.12/socket.py", line 295, in accept
OSError: [Errno 24] Too many open files
Exception in callback BaseAsyncIOLoop._handle_events(7, 1)
handle: <Handle BaseAsyncIOLoop._handle_events(7, 1)>
Traceback (most recent call last):
  File "/usr/lib/python3.12/asyncio/events.py", line 88, in _run
  File "/home/Shared/UniBe-swiss-ndvi/GitHub/swiss-ndvi-processing/.venv/lib/python3.12/site-packages/tornado/platform/asyncio.py", line 208, in _handle_events
  File "/home/Shared/UniBe-swiss-ndvi/GitHub/swiss-ndvi-processing/.venv/lib/python3.12/site-packages/tornado/netutil.py", line 273, in accept_handler
  File "/usr/lib/python3.12/socket.py", line 295, in accept
OSError: [Errno 24] Too many open files
Exception in callback BaseAsyncIOLoop._handle_events(7, 1)
handle: <Handle BaseAsyncIOLoop._handle_events(7, 1)>
Traceback (most recent call last):
  File "/usr/lib/python3.12/asyncio/events.py", line 88, in _run
  File "/home/Shared/UniBe-swiss-ndvi/GitHub/swiss-ndvi-processing/.venv/lib/python3.12/site-packages/tornado/platform/asyncio.py", line 208, in _handle_events
  File "/home/Shared/UniBe-swiss-ndvi/GitHub/swiss-ndvi-processing/.venv/lib/python3.12/site-packages/tornado/netutil.py", line 273, in accept_handler
  File "/usr/lib/python3.12/socket.py", line 295, in accept
OSError: [Errno 24] Too many open files
Exception in callback BaseAsyncIOLoop._handle_events(7, 1)
handle: <Handle BaseAsyncIOLoop._handle_events(7, 1)>
Traceback (most recent call last):
  File "/usr/lib/python3.12/asyncio/events.py", line 88, in _run
  File "/home/Shared/UniBe-swiss-ndvi/GitHub/swiss-ndvi-processing/.venv/lib/python3.12/site-packages/tornado/platform/asyncio.py", line 208, in _handle_events
  File "/home/Shared/UniBe-swiss-ndvi/GitHub/swiss-ndvi-processing/.venv/lib/python3.12/site-packages/tornado/netutil.py", line 273, in accept_handler
  File "/usr/lib/python3.12/socket.py", line 295, in accept
OSError: [Errno 24] Too many open files
Exception in callback BaseAsyncIOLoop._handle_events(7, 1)
handle: <Handle BaseAsyncIOLoop._handle_events(7, 1)>
Traceback (most recent call last):
  File "/usr/lib/python3.12/asyncio/events.py", line 88, in _run
  File "/home/Shared/UniBe-swiss-ndvi/GitHub/swiss-ndvi-processing/.venv/lib/python3.12/site-packages/tornado/platform/asyncio.py", line 208, in _handle_events
  File "/home/Shared/UniBe-swiss-ndvi/GitHub/swiss-ndvi-processing/.venv/lib/python3.12/site-packages/tornado/netutil.py", line 273, in accept_handler
  File "/usr/lib/python3.12/socket.py", line 295, in accept
OSError: [Errno 24] Too many open files
Exception in callback BaseAsyncIOLoop._handle_events(7, 1)
handle: <Handle BaseAsyncIOLoop._handle_events(7, 1)>
Traceback (most recent call last):
  File "/usr/lib/python3.12/asyncio/events.py", line 88, in _run
  File "/home/Shared/UniBe-swiss-ndvi/GitHub/swiss-ndvi-processing/.venv/lib/python3.12/site-packages/tornado/platform/asyncio.py", line 208, in _handle_events
  File "/home/Shared/UniBe-swiss-ndvi/GitHub/swiss-ndvi-processing/.venv/lib/python3.12/site-packages/tornado/netutil.py", line 273, in accept_handler
  File "/usr/lib/python3.12/socket.py", line 295, in accept
OSError: [Errno 24] Too many open files
Exception in callback BaseAsyncIOLoop._handle_events(7, 1)
handle: <Handle BaseAsyncIOLoop._handle_events(7, 1)>
Traceback (most recent call last):
  File "/usr/lib/python3.12/asyncio/events.py", line 88, in _run
  File "/home/Shared/UniBe-swiss-ndvi/GitHub/swiss-ndvi-processing/.venv/lib/python3.12/site-packages/tornado/platform/asyncio.py", line 208, in _handle_events
  File "/home/Shared/UniBe-swiss-ndvi/GitHub/swiss-ndvi-processing/.venv/lib/python3.12/site-packages/tornado/netutil.py", line 273, in accept_handler
  File "/usr/lib/python3.12/socket.py", line 295, in accept
OSError: [Errno 24] Too many open files
Exception in callback BaseAsyncIOLoop._handle_events(7, 1)
handle: <Handle BaseAsyncIOLoop._handle_events(7, 1)>
Traceback (most recent call last):
  File "/usr/lib/python3.12/asyncio/events.py", line 88, in _run
  File "/home/Shared/UniBe-swiss-ndvi/GitHub/swiss-ndvi-processing/.venv/lib/python3.12/site-packages/tornado/platform/asyncio.py", line 208, in _handle_events
  File "/home/Shared/UniBe-swiss-ndvi/GitHub/swiss-ndvi-processing/.venv/lib/python3.12/site-packages/tornado/netutil.py", line 273, in accept_handler
  File "/usr/lib/python3.12/socket.py", line 295, in accept
OSError: [Errno 24] Too many open files
Exception in callback BaseAsyncIOLoop._handle_events(7, 1)
handle: <Handle BaseAsyncIOLoop._handle_events(7, 1)>
Traceback (most recent call last):
  File "/usr/lib/python3.12/asyncio/events.py", line 88, in _run
  File "/home/Shared/UniBe-swiss-ndvi/GitHub/swiss-ndvi-processing/.venv/lib/python3.12/site-packages/tornado/platform/asyncio.py", line 208, in _handle_events
  File "/home/Shared/UniBe-swiss-ndvi/GitHub/swiss-ndvi-processing/.venv/lib/python3.12/site-packages/tornado/netutil.py", line 273, in accept_handler
  File "/usr/lib/python3.12/socket.py", line 295, in accept
OSError: [Errno 24] Too many open files
Exception in callback BaseAsyncIOLoop._handle_events(7, 1)
handle: <Handle BaseAsyncIOLoop._handle_events(7, 1)>
Traceback (most recent call last):
  File "/usr/lib/python3.12/asyncio/events.py", line 88, in _run
  File "/home/Shared/UniBe-swiss-ndvi/GitHub/swiss-ndvi-processing/.venv/lib/python3.12/site-packages/tornado/platform/asyncio.py", line 208, in _handle_events
  File "/home/Shared/UniBe-swiss-ndvi/GitHub/swiss-ndvi-processing/.venv/lib/python3.12/site-packages/tornado/netutil.py", line 273, in accept_handler
  File "/usr/lib/python3.12/socket.py", line 295, in accept
OSError: [Errno 24] Too many open files
Exception in callback BaseAsyncIOLoop._handle_events(7, 1)
handle: <Handle BaseAsyncIOLoop._handle_events(7, 1)>
Traceback (most recent call last):
  File "/usr/lib/python3.12/asyncio/events.py", line 88, in _run
  File "/home/Shared/UniBe-swiss-ndvi/GitHub/swiss-ndvi-processing/.venv/lib/python3.12/site-packages/tornado/platform/asyncio.py", line 208, in _handle_events
  File "/home/Shared/UniBe-swiss-ndvi/GitHub/swiss-ndvi-processing/.venv/lib/python3.12/site-packages/tornado/netutil.py", line 273, in accept_handler
  File "/usr/lib/python3.12/socket.py", line 295, in accept
OSError: [Errno 24] Too many open files
Exception in callback BaseAsyncIOLoop._handle_events(7, 1)
handle: <Handle BaseAsyncIOLoop._handle_events(7, 1)>
Traceback (most recent call last):
  File "/usr/lib/python3.12/asyncio/events.py", line 88, in _run
  File "/home/Shared/UniBe-swiss-ndvi/GitHub/swiss-ndvi-processing/.venv/lib/python3.12/site-packages/tornado/platform/asyncio.py", line 208, in _handle_events
  File "/home/Shared/UniBe-swiss-ndvi/GitHub/swiss-ndvi-processing/.venv/lib/python3.12/site-packages/tornado/netutil.py", line 273, in accept_handler
  File "/usr/lib/python3.12/socket.py", line 295, in accept
OSError: [Errno 24] Too many open files
Exception in callback BaseAsyncIOLoop._handle_events(7, 1)
handle: <Handle BaseAsyncIOLoop._handle_events(7, 1)>
Traceback (most recent call last):
  File "/usr/lib/python3.12/asyncio/events.py", line 88, in _run
  File "/home/Shared/UniBe-swiss-ndvi/GitHub/swiss-ndvi-processing/.venv/lib/python3.12/site-packages/tornado/platform/asyncio.py", line 208, in _handle_events
  File "/home/Shared/UniBe-swiss-ndvi/GitHub/swiss-ndvi-processing/.venv/lib/python3.12/site-packages/tornado/netutil.py", line 273, in accept_handler
  File "/usr/lib/python3.12/socket.py", line 295, in accept
OSError: [Errno 24] Too many open files
Exception in callback BaseAsyncIOLoop._handle_events(7, 1)
handle: <Handle BaseAsyncIOLoop._handle_events(7, 1)>
Traceback (most recent call last):
  File "/usr/lib/python3.12/asyncio/events.py", line 88, in _run
  File "/home/Shared/UniBe-swiss-ndvi/GitHub/swiss-ndvi-processing/.venv/lib/python3.12/site-packages/tornado/platform/asyncio.py", line 208, in _handle_events
  File "/home/Shared/UniBe-swiss-ndvi/GitHub/swiss-ndvi-processing/.venv/lib/python3.12/site-packages/tornado/netutil.py", line 273, in accept_handler
  File "/usr/lib/python3.12/socket.py", line 295, in accept
OSError: [Errno 24] Too many open files
Exception in callback BaseAsyncIOLoop._handle_events(7, 1)
handle: <Handle BaseAsyncIOLoop._handle_events(7, 1)>
Traceback (most recent call last):
  File "/usr/lib/python3.12/asyncio/events.py", line 88, in _run
  File "/home/Shared/UniBe-swiss-ndvi/GitHub/swiss-ndvi-processing/.venv/lib/python3.12/site-packages/tornado/platform/asyncio.py", line 208, in _handle_events
  File "/home/Shared/UniBe-swiss-ndvi/GitHub/swiss-ndvi-processing/.venv/lib/python3.12/site-packages/tornado/netutil.py", line 273, in accept_handler
  File "/usr/lib/python3.12/socket.py", line 295, in accept
OSError: [Errno 24] Too many open files
Exception in callback BaseAsyncIOLoop._handle_events(7, 1)
handle: <Handle BaseAsyncIOLoop._handle_events(7, 1)>
Traceback (most recent call last):
  File "/usr/lib/python3.12/asyncio/events.py", line 88, in _run
  File "/home/Shared/UniBe-swiss-ndvi/GitHub/swiss-ndvi-processing/.venv/lib/python3.12/site-packages/tornado/platform/asyncio.py", line 208, in _handle_events
  File "/home/Shared/UniBe-swiss-ndvi/GitHub/swiss-ndvi-processing/.venv/lib/python3.12/site-packages/tornado/netutil.py", line 273, in accept_handler
  File "/usr/lib/python3.12/socket.py", line 295, in accept
OSError: [Errno 24] Too many open files
Exception in callback BaseAsyncIOLoop._handle_events(7, 1)
handle: <Handle BaseAsyncIOLoop._handle_events(7, 1)>
Traceback (most recent call last):
  File "/usr/lib/python3.12/asyncio/events.py", line 88, in _run
  File "/home/Shared/UniBe-swiss-ndvi/GitHub/swiss-ndvi-processing/.venv/lib/python3.12/site-packages/tornado/platform/asyncio.py", line 208, in _handle_events
  File "/home/Shared/UniBe-swiss-ndvi/GitHub/swiss-ndvi-processing/.venv/lib/python3.12/site-packages/tornado/netutil.py", line 273, in accept_handler
  File "/usr/lib/python3.12/socket.py", line 295, in accept
OSError: [Errno 24] Too many open files
Exception in callback BaseAsyncIOLoop._handle_events(7, 1)
handle: <Handle BaseAsyncIOLoop._handle_events(7, 1)>
Traceback (most recent call last):
  File "/usr/lib/python3.12/asyncio/events.py", line 88, in _run
  File "/home/Shared/UniBe-swiss-ndvi/GitHub/swiss-ndvi-processing/.venv/lib/python3.12/site-packages/tornado/platform/asyncio.py", line 208, in _handle_events
  File "/home/Shared/UniBe-swiss-ndvi/GitHub/swiss-ndvi-processing/.venv/lib/python3.12/site-packages/tornado/netutil.py", line 273, in accept_handler
  File "/usr/lib/python3.12/socket.py", line 295, in accept
OSError: [Errno 24] Too many open files
Exception in callback BaseAsyncIOLoop._handle_events(7, 1)
handle: <Handle BaseAsyncIOLoop._handle_events(7, 1)>
Traceback (most recent call last):
  File "/usr/lib/python3.12/asyncio/events.py", line 88, in _run
  File "/home/Shared/UniBe-swiss-ndvi/GitHub/swiss-ndvi-processing/.venv/lib/python3.12/site-packages/tornado/platform/asyncio.py", line 208, in _handle_events
  File "/home/Shared/UniBe-swiss-ndvi/GitHub/swiss-ndvi-processing/.venv/lib/python3.12/site-packages/tornado/netutil.py", line 273, in accept_handler
  File "/usr/lib/python3.12/socket.py", line 295, in accept
OSError: [Errno 24] Too many open files
Exception in callback BaseAsyncIOLoop._handle_events(7, 1)
handle: <Handle BaseAsyncIOLoop._handle_events(7, 1)>
Traceback (most recent call last):
  File "/usr/lib/python3.12/asyncio/events.py", line 88, in _run
  File "/home/Shared/UniBe-swiss-ndvi/GitHub/swiss-ndvi-processing/.venv/lib/python3.12/site-packages/tornado/platform/asyncio.py", line 208, in _handle_events
  File "/home/Shared/UniBe-swiss-ndvi/GitHub/swiss-ndvi-processing/.venv/lib/python3.12/site-packages/tornado/netutil.py", line 273, in accept_handler
  File "/usr/lib/python3.12/socket.py", line 295, in accept
OSError: [Errno 24] Too many open files
Exception in callback BaseAsyncIOLoop._handle_events(7, 1)
handle: <Handle BaseAsyncIOLoop._handle_events(7, 1)>
Traceback (most recent call last):
  File "/usr/lib/python3.12/asyncio/events.py", line 88, in _run
  File "/home/Shared/UniBe-swiss-ndvi/GitHub/swiss-ndvi-processing/.venv/lib/python3.12/site-packages/tornado/platform/asyncio.py", line 208, in _handle_events
  File "/home/Shared/UniBe-swiss-ndvi/GitHub/swiss-ndvi-processing/.venv/lib/python3.12/site-packages/tornado/netutil.py", line 273, in accept_handler
  File "/usr/lib/python3.12/socket.py", line 295, in accept
OSError: [Errno 24] Too many open files
Exception in callback BaseAsyncIOLoop._handle_events(7, 1)
handle: <Handle BaseAsyncIOLoop._handle_events(7, 1)>
Traceback (most recent call last):
  File "/usr/lib/python3.12/asyncio/events.py", line 88, in _run
  File "/home/Shared/UniBe-swiss-ndvi/GitHub/swiss-ndvi-processing/.venv/lib/python3.12/site-packages/tornado/platform/asyncio.py", line 208, in _handle_events
  File "/home/Shared/UniBe-swiss-ndvi/GitHub/swiss-ndvi-processing/.venv/lib/python3.12/site-packages/tornado/netutil.py", line 273, in accept_handler
  File "/usr/lib/python3.12/socket.py", line 295, in accept
OSError: [Errno 24] Too many open files
Exception in callback BaseAsyncIOLoop._handle_events(7, 1)
handle: <Handle BaseAsyncIOLoop._handle_events(7, 1)>
Traceback (most recent call last):
  File "/usr/lib/python3.12/asyncio/events.py", line 88, in _run
  File "/home/Shared/UniBe-swiss-ndvi/GitHub/swiss-ndvi-processing/.venv/lib/python3.12/site-packages/tornado/platform/asyncio.py", line 208, in _handle_events
  File "/home/Shared/UniBe-swiss-ndvi/GitHub/swiss-ndvi-processing/.venv/lib/python3.12/site-packages/tornado/netutil.py", line 273, in accept_handler
  File "/usr/lib/python3.12/socket.py", line 295, in accept
OSError: [Errno 24] Too many open files
Exception in callback BaseAsyncIOLoop._handle_events(7, 1)
handle: <Handle BaseAsyncIOLoop._handle_events(7, 1)>
Traceback (most recent call last):
  File "/usr/lib/python3.12/asyncio/events.py", line 88, in _run
  File "/home/Shared/UniBe-swiss-ndvi/GitHub/swiss-ndvi-processing/.venv/lib/python3.12/site-packages/tornado/platform/asyncio.py", line 208, in _handle_events
  File "/home/Shared/UniBe-swiss-ndvi/GitHub/swiss-ndvi-processing/.venv/lib/python3.12/site-packages/tornado/netutil.py", line 273, in accept_handler
  File "/usr/lib/python3.12/socket.py", line 295, in accept
OSError: [Errno 24] Too many open files
Exception in callback BaseAsyncIOLoop._handle_events(7, 1)
handle: <Handle BaseAsyncIOLoop._handle_events(7, 1)>
Traceback (most recent call last):
  File "/usr/lib/python3.12/asyncio/events.py", line 88, in _run
  File "/home/Shared/UniBe-swiss-ndvi/GitHub/swiss-ndvi-processing/.venv/lib/python3.12/site-packages/tornado/platform/asyncio.py", line 208, in _handle_events
  File "/home/Shared/UniBe-swiss-ndvi/GitHub/swiss-ndvi-processing/.venv/lib/python3.12/site-packages/tornado/netutil.py", line 273, in accept_handler
  File "/usr/lib/python3.12/socket.py", line 295, in accept
OSError: [Errno 24] Too many open files
Exception in callback BaseAsyncIOLoop._handle_events(7, 1)
handle: <Handle BaseAsyncIOLoop._handle_events(7, 1)>
Traceback (most recent call last):
  File "/usr/lib/python3.12/asyncio/events.py", line 88, in _run
  File "/home/Shared/UniBe-swiss-ndvi/GitHub/swiss-ndvi-processing/.venv/lib/python3.12/site-packages/tornado/platform/asyncio.py", line 208, in _handle_events
  File "/home/Shared/UniBe-swiss-ndvi/GitHub/swiss-ndvi-processing/.venv/lib/python3.12/site-packages/tornado/netutil.py", line 273, in accept_handler
  File "/usr/lib/python3.12/socket.py", line 295, in accept
OSError: [Errno 24] Too many open files
Exception in callback BaseAsyncIOLoop._handle_events(7, 1)
handle: <Handle BaseAsyncIOLoop._handle_events(7, 1)>
Traceback (most recent call last):
  File "/usr/lib/python3.12/asyncio/events.py", line 88, in _run
  File "/home/Shared/UniBe-swiss-ndvi/GitHub/swiss-ndvi-processing/.venv/lib/python3.12/site-packages/tornado/platform/asyncio.py", line 208, in _handle_events
  File "/home/Shared/UniBe-swiss-ndvi/GitHub/swiss-ndvi-processing/.venv/lib/python3.12/site-packages/tornado/netutil.py", line 273, in accept_handler
  File "/usr/lib/python3.12/socket.py", line 295, in accept
OSError: [Errno 24] Too many open files
Exception in callback BaseAsyncIOLoop._handle_events(7, 1)
handle: <Handle BaseAsyncIOLoop._handle_events(7, 1)>
Traceback (most recent call last):
  File "/usr/lib/python3.12/asyncio/events.py", line 88, in _run
  File "/home/Shared/UniBe-swiss-ndvi/GitHub/swiss-ndvi-processing/.venv/lib/python3.12/site-packages/tornado/platform/asyncio.py", line 208, in _handle_events
  File "/home/Shared/UniBe-swiss-ndvi/GitHub/swiss-ndvi-processing/.venv/lib/python3.12/site-packages/tornado/netutil.py", line 273, in accept_handler
  File "/usr/lib/python3.12/socket.py", line 295, in accept
OSError: [Errno 24] Too many open files
Exception in callback BaseAsyncIOLoop._handle_events(7, 1)
handle: <Handle BaseAsyncIOLoop._handle_events(7, 1)>
Traceback (most recent call last):
  File "/usr/lib/python3.12/asyncio/events.py", line 88, in _run
  File "/home/Shared/UniBe-swiss-ndvi/GitHub/swiss-ndvi-processing/.venv/lib/python3.12/site-packages/tornado/platform/asyncio.py", line 208, in _handle_events
  File "/home/Shared/UniBe-swiss-ndvi/GitHub/swiss-ndvi-processing/.venv/lib/python3.12/site-packages/tornado/netutil.py", line 273, in accept_handler
  File "/usr/lib/python3.12/socket.py", line 295, in accept
OSError: [Errno 24] Too many open files
Exception in callback BaseAsyncIOLoop._handle_events(7, 1)
handle: <Handle BaseAsyncIOLoop._handle_events(7, 1)>
Traceback (most recent call last):
  File "/usr/lib/python3.12/asyncio/events.py", line 88, in _run
  File "/home/Shared/UniBe-swiss-ndvi/GitHub/swiss-ndvi-processing/.venv/lib/python3.12/site-packages/tornado/platform/asyncio.py", line 208, in _handle_events
  File "/home/Shared/UniBe-swiss-ndvi/GitHub/swiss-ndvi-processing/.venv/lib/python3.12/site-packages/tornado/netutil.py", line 273, in accept_handler
  File "/usr/lib/python3.12/socket.py", line 295, in accept
OSError: [Errno 24] Too many open files
Exception in callback BaseAsyncIOLoop._handle_events(7, 1)
handle: <Handle BaseAsyncIOLoop._handle_events(7, 1)>
Traceback (most recent call last):
  File "/usr/lib/python3.12/asyncio/events.py", line 88, in _run
  File "/home/Shared/UniBe-swiss-ndvi/GitHub/swiss-ndvi-processing/.venv/lib/python3.12/site-packages/tornado/platform/asyncio.py", line 208, in _handle_events
  File "/home/Shared/UniBe-swiss-ndvi/GitHub/swiss-ndvi-processing/.venv/lib/python3.12/site-packages/tornado/netutil.py", line 273, in accept_handler
  File "/usr/lib/python3.12/socket.py", line 295, in accept
OSError: [Errno 24] Too many open files
Exception in callback BaseAsyncIOLoop._handle_events(7, 1)
handle: <Handle BaseAsyncIOLoop._handle_events(7, 1)>
Traceback (most recent call last):
  File "/usr/lib/python3.12/asyncio/events.py", line 88, in _run
  File "/home/Shared/UniBe-swiss-ndvi/GitHub/swiss-ndvi-processing/.venv/lib/python3.12/site-packages/tornado/platform/asyncio.py", line 208, in _handle_events
  File "/home/Shared/UniBe-swiss-ndvi/GitHub/swiss-ndvi-processing/.venv/lib/python3.12/site-packages/tornado/netutil.py", line 273, in accept_handler
  File "/usr/lib/python3.12/socket.py", line 295, in accept
OSError: [Errno 24] Too many open files
Exception in callback BaseAsyncIOLoop._handle_events(7, 1)
handle: <Handle BaseAsyncIOLoop._handle_events(7, 1)>
Traceback (most recent call last):
  File "/usr/lib/python3.12/asyncio/events.py", line 88, in _run
  File "/home/Shared/UniBe-swiss-ndvi/GitHub/swiss-ndvi-processing/.venv/lib/python3.12/site-packages/tornado/platform/asyncio.py", line 208, in _handle_events
  File "/home/Shared/UniBe-swiss-ndvi/GitHub/swiss-ndvi-processing/.venv/lib/python3.12/site-packages/tornado/netutil.py", line 273, in accept_handler
  File "/usr/lib/python3.12/socket.py", line 295, in accept
OSError: [Errno 24] Too many open files
Exception in callback BaseAsyncIOLoop._handle_events(7, 1)
handle: <Handle BaseAsyncIOLoop._handle_events(7, 1)>
Traceback (most recent call last):
  File "/usr/lib/python3.12/asyncio/events.py", line 88, in _run
  File "/home/Shared/UniBe-swiss-ndvi/GitHub/swiss-ndvi-processing/.venv/lib/python3.12/site-packages/tornado/platform/asyncio.py", line 208, in _handle_events
  File "/home/Shared/UniBe-swiss-ndvi/GitHub/swiss-ndvi-processing/.venv/lib/python3.12/site-packages/tornado/netutil.py", line 273, in accept_handler
  File "/usr/lib/python3.12/socket.py", line 295, in accept
OSError: [Errno 24] Too many open files
Exception in callback BaseAsyncIOLoop._handle_events(7, 1)
handle: <Handle BaseAsyncIOLoop._handle_events(7, 1)>
Traceback (most recent call last):
  File "/usr/lib/python3.12/asyncio/events.py", line 88, in _run
  File "/home/Shared/UniBe-swiss-ndvi/GitHub/swiss-ndvi-processing/.venv/lib/python3.12/site-packages/tornado/platform/asyncio.py", line 208, in _handle_events
  File "/home/Shared/UniBe-swiss-ndvi/GitHub/swiss-ndvi-processing/.venv/lib/python3.12/site-packages/tornado/netutil.py", line 273, in accept_handler
  File "/usr/lib/python3.12/socket.py", line 295, in accept
OSError: [Errno 24] Too many open files
Exception in callback BaseAsyncIOLoop._handle_events(7, 1)
handle: <Handle BaseAsyncIOLoop._handle_events(7, 1)>
Traceback (most recent call last):
  File "/usr/lib/python3.12/asyncio/events.py", line 88, in _run
  File "/home/Shared/UniBe-swiss-ndvi/GitHub/swiss-ndvi-processing/.venv/lib/python3.12/site-packages/tornado/platform/asyncio.py", line 208, in _handle_events
  File "/home/Shared/UniBe-swiss-ndvi/GitHub/swiss-ndvi-processing/.venv/lib/python3.12/site-packages/tornado/netutil.py", line 273, in accept_handler
  File "/usr/lib/python3.12/socket.py", line 295, in accept
OSError: [Errno 24] Too many open files
Exception in callback BaseAsyncIOLoop._handle_events(7, 1)
handle: <Handle BaseAsyncIOLoop._handle_events(7, 1)>
Traceback (most recent call last):
  File "/usr/lib/python3.12/asyncio/events.py", line 88, in _run
  File "/home/Shared/UniBe-swiss-ndvi/GitHub/swiss-ndvi-processing/.venv/lib/python3.12/site-packages/tornado/platform/asyncio.py", line 208, in _handle_events
  File "/home/Shared/UniBe-swiss-ndvi/GitHub/swiss-ndvi-processing/.venv/lib/python3.12/site-packages/tornado/netutil.py", line 273, in accept_handler
  File "/usr/lib/python3.12/socket.py", line 295, in accept
OSError: [Errno 24] Too many open files
Exception in callback BaseAsyncIOLoop._handle_events(7, 1)
handle: <Handle BaseAsyncIOLoop._handle_events(7, 1)>
Traceback (most recent call last):
  File "/usr/lib/python3.12/asyncio/events.py", line 88, in _run
  File "/home/Shared/UniBe-swiss-ndvi/GitHub/swiss-ndvi-processing/.venv/lib/python3.12/site-packages/tornado/platform/asyncio.py", line 208, in _handle_events
  File "/home/Shared/UniBe-swiss-ndvi/GitHub/swiss-ndvi-processing/.venv/lib/python3.12/site-packages/tornado/netutil.py", line 273, in accept_handler
  File "/usr/lib/python3.12/socket.py", line 295, in accept
OSError: [Errno 24] Too many open files
Exception in callback BaseAsyncIOLoop._handle_events(7, 1)
handle: <Handle BaseAsyncIOLoop._handle_events(7, 1)>
Traceback (most recent call last):
  File "/usr/lib/python3.12/asyncio/events.py", line 88, in _run
  File "/home/Shared/UniBe-swiss-ndvi/GitHub/swiss-ndvi-processing/.venv/lib/python3.12/site-packages/tornado/platform/asyncio.py", line 208, in _handle_events
  File "/home/Shared/UniBe-swiss-ndvi/GitHub/swiss-ndvi-processing/.venv/lib/python3.12/site-packages/tornado/netutil.py", line 273, in accept_handler
  File "/usr/lib/python3.12/socket.py", line 295, in accept
OSError: [Errno 24] Too many open files
Exception in callback BaseAsyncIOLoop._handle_events(7, 1)
handle: <Handle BaseAsyncIOLoop._handle_events(7, 1)>
Traceback (most recent call last):
  File "/usr/lib/python3.12/asyncio/events.py", line 88, in _run
  File "/home/Shared/UniBe-swiss-ndvi/GitHub/swiss-ndvi-processing/.venv/lib/python3.12/site-packages/tornado/platform/asyncio.py", line 208, in _handle_events
  File "/home/Shared/UniBe-swiss-ndvi/GitHub/swiss-ndvi-processing/.venv/lib/python3.12/site-packages/tornado/netutil.py", line 273, in accept_handler
  File "/usr/lib/python3.12/socket.py", line 295, in accept
OSError: [Errno 24] Too many open files
Exception in callback BaseAsyncIOLoop._handle_events(7, 1)
handle: <Handle BaseAsyncIOLoop._handle_events(7, 1)>
Traceback (most recent call last):
  File "/usr/lib/python3.12/asyncio/events.py", line 88, in _run
  File "/home/Shared/UniBe-swiss-ndvi/GitHub/swiss-ndvi-processing/.venv/lib/python3.12/site-packages/tornado/platform/asyncio.py", line 208, in _handle_events
  File "/home/Shared/UniBe-swiss-ndvi/GitHub/swiss-ndvi-processing/.venv/lib/python3.12/site-packages/tornado/netutil.py", line 273, in accept_handler
  File "/usr/lib/python3.12/socket.py", line 295, in accept
OSError: [Errno 24] Too many open files
Exception in callback BaseAsyncIOLoop._handle_events(7, 1)
handle: <Handle BaseAsyncIOLoop._handle_events(7, 1)>
Traceback (most recent call last):
  File "/usr/lib/python3.12/asyncio/events.py", line 88, in _run
  File "/home/Shared/UniBe-swiss-ndvi/GitHub/swiss-ndvi-processing/.venv/lib/python3.12/site-packages/tornado/platform/asyncio.py", line 208, in _handle_events
  File "/home/Shared/UniBe-swiss-ndvi/GitHub/swiss-ndvi-processing/.venv/lib/python3.12/site-packages/tornado/netutil.py", line 273, in accept_handler
  File "/usr/lib/python3.12/socket.py", line 295, in accept
OSError: [Errno 24] Too many open files
Exception in callback BaseAsyncIOLoop._handle_events(7, 1)
handle: <Handle BaseAsyncIOLoop._handle_events(7, 1)>
Traceback (most recent call last):
  File "/usr/lib/python3.12/asyncio/events.py", line 88, in _run
  File "/home/Shared/UniBe-swiss-ndvi/GitHub/swiss-ndvi-processing/.venv/lib/python3.12/site-packages/tornado/platform/asyncio.py", line 208, in _handle_events
  File "/home/Shared/UniBe-swiss-ndvi/GitHub/swiss-ndvi-processing/.venv/lib/python3.12/site-packages/tornado/netutil.py", line 273, in accept_handler
  File "/usr/lib/python3.12/socket.py", line 295, in accept
OSError: [Errno 24] Too many open files
Exception in callback BaseAsyncIOLoop._handle_events(7, 1)
handle: <Handle BaseAsyncIOLoop._handle_events(7, 1)>
Traceback (most recent call last):
  File "/usr/lib/python3.12/asyncio/events.py", line 88, in _run
  File "/home/Shared/UniBe-swiss-ndvi/GitHub/swiss-ndvi-processing/.venv/lib/python3.12/site-packages/tornado/platform/asyncio.py", line 208, in _handle_events
  File "/home/Shared/UniBe-swiss-ndvi/GitHub/swiss-ndvi-processing/.venv/lib/python3.12/site-packages/tornado/netutil.py", line 273, in accept_handler
  File "/usr/lib/python3.12/socket.py", line 295, in accept
OSError: [Errno 24] Too many open files
Exception in callback BaseAsyncIOLoop._handle_events(7, 1)
handle: <Handle BaseAsyncIOLoop._handle_events(7, 1)>
Traceback (most recent call last):
  File "/usr/lib/python3.12/asyncio/events.py", line 88, in _run
  File "/home/Shared/UniBe-swiss-ndvi/GitHub/swiss-ndvi-processing/.venv/lib/python3.12/site-packages/tornado/platform/asyncio.py", line 208, in _handle_events
  File "/home/Shared/UniBe-swiss-ndvi/GitHub/swiss-ndvi-processing/.venv/lib/python3.12/site-packages/tornado/netutil.py", line 273, in accept_handler
  File "/usr/lib/python3.12/socket.py", line 295, in accept
OSError: [Errno 24] Too many open files
Exception in callback BaseAsyncIOLoop._handle_events(7, 1)
handle: <Handle BaseAsyncIOLoop._handle_events(7, 1)>
Traceback (most recent call last):
  File "/usr/lib/python3.12/asyncio/events.py", line 88, in _run
  File "/home/Shared/UniBe-swiss-ndvi/GitHub/swiss-ndvi-processing/.venv/lib/python3.12/site-packages/tornado/platform/asyncio.py", line 208, in _handle_events
  File "/home/Shared/UniBe-swiss-ndvi/GitHub/swiss-ndvi-processing/.venv/lib/python3.12/site-packages/tornado/netutil.py", line 273, in accept_handler
  File "/usr/lib/python3.12/socket.py", line 295, in accept
OSError: [Errno 24] Too many open files
Exception in callback BaseAsyncIOLoop._handle_events(7, 1)
handle: <Handle BaseAsyncIOLoop._handle_events(7, 1)>
Traceback (most recent call last):
  File "/usr/lib/python3.12/asyncio/events.py", line 88, in _run
  File "/home/Shared/UniBe-swiss-ndvi/GitHub/swiss-ndvi-processing/.venv/lib/python3.12/site-packages/tornado/platform/asyncio.py", line 208, in _handle_events
  File "/home/Shared/UniBe-swiss-ndvi/GitHub/swiss-ndvi-processing/.venv/lib/python3.12/site-packages/tornado/netutil.py", line 273, in accept_handler
  File "/usr/lib/python3.12/socket.py", line 295, in accept
OSError: [Errno 24] Too many open files
Exception in callback BaseAsyncIOLoop._handle_events(7, 1)
handle: <Handle BaseAsyncIOLoop._handle_events(7, 1)>
Traceback (most recent call last):
  File "/usr/lib/python3.12/asyncio/events.py", line 88, in _run
  File "/home/Shared/UniBe-swiss-ndvi/GitHub/swiss-ndvi-processing/.venv/lib/python3.12/site-packages/tornado/platform/asyncio.py", line 208, in _handle_events
  File "/home/Shared/UniBe-swiss-ndvi/GitHub/swiss-ndvi-processing/.venv/lib/python3.12/site-packages/tornado/netutil.py", line 273, in accept_handler
  File "/usr/lib/python3.12/socket.py", line 295, in accept
OSError: [Errno 24] Too many open files
Exception in callback BaseAsyncIOLoop._handle_events(7, 1)
handle: <Handle BaseAsyncIOLoop._handle_events(7, 1)>
Traceback (most recent call last):
  File "/usr/lib/python3.12/asyncio/events.py", line 88, in _run
  File "/home/Shared/UniBe-swiss-ndvi/GitHub/swiss-ndvi-processing/.venv/lib/python3.12/site-packages/tornado/platform/asyncio.py", line 208, in _handle_events
  File "/home/Shared/UniBe-swiss-ndvi/GitHub/swiss-ndvi-processing/.venv/lib/python3.12/site-packages/tornado/netutil.py", line 273, in accept_handler
  File "/usr/lib/python3.12/socket.py", line 295, in accept
OSError: [Errno 24] Too many open files
Exception in callback BaseAsyncIOLoop._handle_events(7, 1)
handle: <Handle BaseAsyncIOLoop._handle_events(7, 1)>
Traceback (most recent call last):
  File "/usr/lib/python3.12/asyncio/events.py", line 88, in _run
  File "/home/Shared/UniBe-swiss-ndvi/GitHub/swiss-ndvi-processing/.venv/lib/python3.12/site-packages/tornado/platform/asyncio.py", line 208, in _handle_events
  File "/home/Shared/UniBe-swiss-ndvi/GitHub/swiss-ndvi-processing/.venv/lib/python3.12/site-packages/tornado/netutil.py", line 273, in accept_handler
  File "/usr/lib/python3.12/socket.py", line 295, in accept
OSError: [Errno 24] Too many open files
Exception in callback BaseAsyncIOLoop._handle_events(7, 1)
handle: <Handle BaseAsyncIOLoop._handle_events(7, 1)>
Traceback (most recent call last):
  File "/usr/lib/python3.12/asyncio/events.py", line 88, in _run
  File "/home/Shared/UniBe-swiss-ndvi/GitHub/swiss-ndvi-processing/.venv/lib/python3.12/site-packages/tornado/platform/asyncio.py", line 208, in _handle_events
  File "/home/Shared/UniBe-swiss-ndvi/GitHub/swiss-ndvi-processing/.venv/lib/python3.12/site-packages/tornado/netutil.py", line 273, in accept_handler
  File "/usr/lib/python3.12/socket.py", line 295, in accept
OSError: [Errno 24] Too many open files
Exception in callback BaseAsyncIOLoop._handle_events(7, 1)
handle: <Handle BaseAsyncIOLoop._handle_events(7, 1)>
Traceback (most recent call last):
  File "/usr/lib/python3.12/asyncio/events.py", line 88, in _run
  File "/home/Shared/UniBe-swiss-ndvi/GitHub/swiss-ndvi-processing/.venv/lib/python3.12/site-packages/tornado/platform/asyncio.py", line 208, in _handle_events
  File "/home/Shared/UniBe-swiss-ndvi/GitHub/swiss-ndvi-processing/.venv/lib/python3.12/site-packages/tornado/netutil.py", line 273, in accept_handler
  File "/usr/lib/python3.12/socket.py", line 295, in accept
OSError: [Errno 24] Too many open files
Exception in callback BaseAsyncIOLoop._handle_events(7, 1)
handle: <Handle BaseAsyncIOLoop._handle_events(7, 1)>
Traceback (most recent call last):
  File "/usr/lib/python3.12/asyncio/events.py", line 88, in _run
  File "/home/Shared/UniBe-swiss-ndvi/GitHub/swiss-ndvi-processing/.venv/lib/python3.12/site-packages/tornado/platform/asyncio.py", line 208, in _handle_events
  File "/home/Shared/UniBe-swiss-ndvi/GitHub/swiss-ndvi-processing/.venv/lib/python3.12/site-packages/tornado/netutil.py", line 273, in accept_handler
  File "/usr/lib/python3.12/socket.py", line 295, in accept
OSError: [Errno 24] Too many open files
Exception in callback BaseAsyncIOLoop._handle_events(7, 1)
handle: <Handle BaseAsyncIOLoop._handle_events(7, 1)>
Traceback (most recent call last):
  File "/usr/lib/python3.12/asyncio/events.py", line 88, in _run
  File "/home/Shared/UniBe-swiss-ndvi/GitHub/swiss-ndvi-processing/.venv/lib/python3.12/site-packages/tornado/platform/asyncio.py", line 208, in _handle_events
  File "/home/Shared/UniBe-swiss-ndvi/GitHub/swiss-ndvi-processing/.venv/lib/python3.12/site-packages/tornado/netutil.py", line 273, in accept_handler
  File "/usr/lib/python3.12/socket.py", line 295, in accept
OSError: [Errno 24] Too many open files
Exception in callback BaseAsyncIOLoop._handle_events(7, 1)
handle: <Handle BaseAsyncIOLoop._handle_events(7, 1)>
Traceback (most recent call last):
  File "/usr/lib/python3.12/asyncio/events.py", line 88, in _run
  File "/home/Shared/UniBe-swiss-ndvi/GitHub/swiss-ndvi-processing/.venv/lib/python3.12/site-packages/tornado/platform/asyncio.py", line 208, in _handle_events
  File "/home/Shared/UniBe-swiss-ndvi/GitHub/swiss-ndvi-processing/.venv/lib/python3.12/site-packages/tornado/netutil.py", line 273, in accept_handler
  File "/usr/lib/python3.12/socket.py", line 295, in accept
OSError: [Errno 24] Too many open files
Exception in callback BaseAsyncIOLoop._handle_events(7, 1)
handle: <Handle BaseAsyncIOLoop._handle_events(7, 1)>
Traceback (most recent call last):
  File "/usr/lib/python3.12/asyncio/events.py", line 88, in _run
  File "/home/Shared/UniBe-swiss-ndvi/GitHub/swiss-ndvi-processing/.venv/lib/python3.12/site-packages/tornado/platform/asyncio.py", line 208, in _handle_events
  File "/home/Shared/UniBe-swiss-ndvi/GitHub/swiss-ndvi-processing/.venv/lib/python3.12/site-packages/tornado/netutil.py", line 273, in accept_handler
  File "/usr/lib/python3.12/socket.py", line 295, in accept
OSError: [Errno 24] Too many open files
Exception in callback BaseAsyncIOLoop._handle_events(7, 1)
handle: <Handle BaseAsyncIOLoop._handle_events(7, 1)>
Traceback (most recent call last):
  File "/usr/lib/python3.12/asyncio/events.py", line 88, in _run
  File "/home/Shared/UniBe-swiss-ndvi/GitHub/swiss-ndvi-processing/.venv/lib/python3.12/site-packages/tornado/platform/asyncio.py", line 208, in _handle_events
  File "/home/Shared/UniBe-swiss-ndvi/GitHub/swiss-ndvi-processing/.venv/lib/python3.12/site-packages/tornado/netutil.py", line 273, in accept_handler
  File "/usr/lib/python3.12/socket.py", line 295, in accept
OSError: [Errno 24] Too many open files
Exception in callback BaseAsyncIOLoop._handle_events(7, 1)
handle: <Handle BaseAsyncIOLoop._handle_events(7, 1)>
Traceback (most recent call last):
  File "/usr/lib/python3.12/asyncio/events.py", line 88, in _run
  File "/home/Shared/UniBe-swiss-ndvi/GitHub/swiss-ndvi-processing/.venv/lib/python3.12/site-packages/tornado/platform/asyncio.py", line 208, in _handle_events
  File "/home/Shared/UniBe-swiss-ndvi/GitHub/swiss-ndvi-processing/.venv/lib/python3.12/site-packages/tornado/netutil.py", line 273, in accept_handler
  File "/usr/lib/python3.12/socket.py", line 295, in accept
OSError: [Errno 24] Too many open files
Exception in callback BaseAsyncIOLoop._handle_events(7, 1)
handle: <Handle BaseAsyncIOLoop._handle_events(7, 1)>
Traceback (most recent call last):
  File "/usr/lib/python3.12/asyncio/events.py", line 88, in _run
  File "/home/Shared/UniBe-swiss-ndvi/GitHub/swiss-ndvi-processing/.venv/lib/python3.12/site-packages/tornado/platform/asyncio.py", line 208, in _handle_events
  File "/home/Shared/UniBe-swiss-ndvi/GitHub/swiss-ndvi-processing/.venv/lib/python3.12/site-packages/tornado/netutil.py", line 273, in accept_handler
  File "/usr/lib/python3.12/socket.py", line 295, in accept
OSError: [Errno 24] Too many open files
Exception in callback BaseAsyncIOLoop._handle_events(7, 1)
handle: <Handle BaseAsyncIOLoop._handle_events(7, 1)>
Traceback (most recent call last):
  File "/usr/lib/python3.12/asyncio/events.py", line 88, in _run
  File "/home/Shared/UniBe-swiss-ndvi/GitHub/swiss-ndvi-processing/.venv/lib/python3.12/site-packages/tornado/platform/asyncio.py", line 208, in _handle_events
  File "/home/Shared/UniBe-swiss-ndvi/GitHub/swiss-ndvi-processing/.venv/lib/python3.12/site-packages/tornado/netutil.py", line 273, in accept_handler
  File "/usr/lib/python3.12/socket.py", line 295, in accept
OSError: [Errno 24] Too many open files
Exception in callback BaseAsyncIOLoop._handle_events(7, 1)
handle: <Handle BaseAsyncIOLoop._handle_events(7, 1)>
Traceback (most recent call last):
  File "/usr/lib/python3.12/asyncio/events.py", line 88, in _run
  File "/home/Shared/UniBe-swiss-ndvi/GitHub/swiss-ndvi-processing/.venv/lib/python3.12/site-packages/tornado/platform/asyncio.py", line 208, in _handle_events
  File "/home/Shared/UniBe-swiss-ndvi/GitHub/swiss-ndvi-processing/.venv/lib/python3.12/site-packages/tornado/netutil.py", line 273, in accept_handler
  File "/usr/lib/python3.12/socket.py", line 295, in accept
OSError: [Errno 24] Too many open files
Exception in callback BaseAsyncIOLoop._handle_events(7, 1)
handle: <Handle BaseAsyncIOLoop._handle_events(7, 1)>
Traceback (most recent call last):
  File "/usr/lib/python3.12/asyncio/events.py", line 88, in _run
  File "/home/Shared/UniBe-swiss-ndvi/GitHub/swiss-ndvi-processing/.venv/lib/python3.12/site-packages/tornado/platform/asyncio.py", line 208, in _handle_events
  File "/home/Shared/UniBe-swiss-ndvi/GitHub/swiss-ndvi-processing/.venv/lib/python3.12/site-packages/tornado/netutil.py", line 273, in accept_handler
  File "/usr/lib/python3.12/socket.py", line 295, in accept
OSError: [Errno 24] Too many open files
Exception in callback BaseAsyncIOLoop._handle_events(7, 1)
handle: <Handle BaseAsyncIOLoop._handle_events(7, 1)>
Traceback (most recent call last):
  File "/usr/lib/python3.12/asyncio/events.py", line 88, in _run
  File "/home/Shared/UniBe-swiss-ndvi/GitHub/swiss-ndvi-processing/.venv/lib/python3.12/site-packages/tornado/platform/asyncio.py", line 208, in _handle_events
  File "/home/Shared/UniBe-swiss-ndvi/GitHub/swiss-ndvi-processing/.venv/lib/python3.12/site-packages/tornado/netutil.py", line 273, in accept_handler
  File "/usr/lib/python3.12/socket.py", line 295, in accept
OSError: [Errno 24] Too many open files
Exception in callback BaseAsyncIOLoop._handle_events(7, 1)
handle: <Handle BaseAsyncIOLoop._handle_events(7, 1)>
Traceback (most recent call last):
  File "/usr/lib/python3.12/asyncio/events.py", line 88, in _run
  File "/home/Shared/UniBe-swiss-ndvi/GitHub/swiss-ndvi-processing/.venv/lib/python3.12/site-packages/tornado/platform/asyncio.py", line 208, in _handle_events
  File "/home/Shared/UniBe-swiss-ndvi/GitHub/swiss-ndvi-processing/.venv/lib/python3.12/site-packages/tornado/netutil.py", line 273, in accept_handler
  File "/usr/lib/python3.12/socket.py", line 295, in accept
OSError: [Errno 24] Too many open files
Exception in callback BaseAsyncIOLoop._handle_events(7, 1)
handle: <Handle BaseAsyncIOLoop._handle_events(7, 1)>
Traceback (most recent call last):
  File "/usr/lib/python3.12/asyncio/events.py", line 88, in _run
  File "/home/Shared/UniBe-swiss-ndvi/GitHub/swiss-ndvi-processing/.venv/lib/python3.12/site-packages/tornado/platform/asyncio.py", line 208, in _handle_events
  File "/home/Shared/UniBe-swiss-ndvi/GitHub/swiss-ndvi-processing/.venv/lib/python3.12/site-packages/tornado/netutil.py", line 273, in accept_handler
  File "/usr/lib/python3.12/socket.py", line 295, in accept
OSError: [Errno 24] Too many open files
Exception in callback BaseAsyncIOLoop._handle_events(7, 1)
handle: <Handle BaseAsyncIOLoop._handle_events(7, 1)>
Traceback (most recent call last):
  File "/usr/lib/python3.12/asyncio/events.py", line 88, in _run
  File "/home/Shared/UniBe-swiss-ndvi/GitHub/swiss-ndvi-processing/.venv/lib/python3.12/site-packages/tornado/platform/asyncio.py", line 208, in _handle_events
  File "/home/Shared/UniBe-swiss-ndvi/GitHub/swiss-ndvi-processing/.venv/lib/python3.12/site-packages/tornado/netutil.py", line 273, in accept_handler
  File "/usr/lib/python3.12/socket.py", line 295, in accept
OSError: [Errno 24] Too many open files
Exception in callback BaseAsyncIOLoop._handle_events(7, 1)
handle: <Handle BaseAsyncIOLoop._handle_events(7, 1)>
Traceback (most recent call last):
  File "/usr/lib/python3.12/asyncio/events.py", line 88, in _run
  File "/home/Shared/UniBe-swiss-ndvi/GitHub/swiss-ndvi-processing/.venv/lib/python3.12/site-packages/tornado/platform/asyncio.py", line 208, in _handle_events
  File "/home/Shared/UniBe-swiss-ndvi/GitHub/swiss-ndvi-processing/.venv/lib/python3.12/site-packages/tornado/netutil.py", line 273, in accept_handler
  File "/usr/lib/python3.12/socket.py", line 295, in accept
OSError: [Errno 24] Too many open files
Exception in callback BaseAsyncIOLoop._handle_events(7, 1)
handle: <Handle BaseAsyncIOLoop._handle_events(7, 1)>
Traceback (most recent call last):
  File "/usr/lib/python3.12/asyncio/events.py", line 88, in _run
  File "/home/Shared/UniBe-swiss-ndvi/GitHub/swiss-ndvi-processing/.venv/lib/python3.12/site-packages/tornado/platform/asyncio.py", line 208, in _handle_events
  File "/home/Shared/UniBe-swiss-ndvi/GitHub/swiss-ndvi-processing/.venv/lib/python3.12/site-packages/tornado/netutil.py", line 273, in accept_handler
  File "/usr/lib/python3.12/socket.py", line 295, in accept
OSError: [Errno 24] Too many open files
Exception in callback BaseAsyncIOLoop._handle_events(7, 1)
handle: <Handle BaseAsyncIOLoop._handle_events(7, 1)>
Traceback (most recent call last):
  File "/usr/lib/python3.12/asyncio/events.py", line 88, in _run
  File "/home/Shared/UniBe-swiss-ndvi/GitHub/swiss-ndvi-processing/.venv/lib/python3.12/site-packages/tornado/platform/asyncio.py", line 208, in _handle_events
  File "/home/Shared/UniBe-swiss-ndvi/GitHub/swiss-ndvi-processing/.venv/lib/python3.12/site-packages/tornado/netutil.py", line 273, in accept_handler
  File "/usr/lib/python3.12/socket.py", line 295, in accept
OSError: [Errno 24] Too many open files
Exception in callback BaseAsyncIOLoop._handle_events(7, 1)
handle: <Handle BaseAsyncIOLoop._handle_events(7, 1)>
Traceback (most recent call last):
  File "/usr/lib/python3.12/asyncio/events.py", line 88, in _run
  File "/home/Shared/UniBe-swiss-ndvi/GitHub/swiss-ndvi-processing/.venv/lib/python3.12/site-packages/tornado/platform/asyncio.py", line 208, in _handle_events
  File "/home/Shared/UniBe-swiss-ndvi/GitHub/swiss-ndvi-processing/.venv/lib/python3.12/site-packages/tornado/netutil.py", line 273, in accept_handler
  File "/usr/lib/python3.12/socket.py", line 295, in accept
OSError: [Errno 24] Too many open files
Exception in callback BaseAsyncIOLoop._handle_events(7, 1)
handle: <Handle BaseAsyncIOLoop._handle_events(7, 1)>
Traceback (most recent call last):
  File "/usr/lib/python3.12/asyncio/events.py", line 88, in _run
  File "/home/Shared/UniBe-swiss-ndvi/GitHub/swiss-ndvi-processing/.venv/lib/python3.12/site-packages/tornado/platform/asyncio.py", line 208, in _handle_events
  File "/home/Shared/UniBe-swiss-ndvi/GitHub/swiss-ndvi-processing/.venv/lib/python3.12/site-packages/tornado/netutil.py", line 273, in accept_handler
  File "/usr/lib/python3.12/socket.py", line 295, in accept
OSError: [Errno 24] Too many open files
Exception in callback BaseAsyncIOLoop._handle_events(7, 1)
handle: <Handle BaseAsyncIOLoop._handle_events(7, 1)>
Traceback (most recent call last):
  File "/usr/lib/python3.12/asyncio/events.py", line 88, in _run
  File "/home/Shared/UniBe-swiss-ndvi/GitHub/swiss-ndvi-processing/.venv/lib/python3.12/site-packages/tornado/platform/asyncio.py", line 208, in _handle_events
  File "/home/Shared/UniBe-swiss-ndvi/GitHub/swiss-ndvi-processing/.venv/lib/python3.12/site-packages/tornado/netutil.py", line 273, in accept_handler
  File "/usr/lib/python3.12/socket.py", line 295, in accept
OSError: [Errno 24] Too many open files
Exception in callback BaseAsyncIOLoop._handle_events(7, 1)
handle: <Handle BaseAsyncIOLoop._handle_events(7, 1)>
Traceback (most recent call last):
  File "/usr/lib/python3.12/asyncio/events.py", line 88, in _run
  File "/home/Shared/UniBe-swiss-ndvi/GitHub/swiss-ndvi-processing/.venv/lib/python3.12/site-packages/tornado/platform/asyncio.py", line 208, in _handle_events
  File "/home/Shared/UniBe-swiss-ndvi/GitHub/swiss-ndvi-processing/.venv/lib/python3.12/site-packages/tornado/netutil.py", line 273, in accept_handler
  File "/usr/lib/python3.12/socket.py", line 295, in accept
OSError: [Errno 24] Too many open files
Exception in callback BaseAsyncIOLoop._handle_events(7, 1)
handle: <Handle BaseAsyncIOLoop._handle_events(7, 1)>
Traceback (most recent call last):
  File "/usr/lib/python3.12/asyncio/events.py", line 88, in _run
  File "/home/Shared/UniBe-swiss-ndvi/GitHub/swiss-ndvi-processing/.venv/lib/python3.12/site-packages/tornado/platform/asyncio.py", line 208, in _handle_events
  File "/home/Shared/UniBe-swiss-ndvi/GitHub/swiss-ndvi-processing/.venv/lib/python3.12/site-packages/tornado/netutil.py", line 273, in accept_handler
  File "/usr/lib/python3.12/socket.py", line 295, in accept
OSError: [Errno 24] Too many open files
Exception in callback BaseAsyncIOLoop._handle_events(7, 1)
handle: <Handle BaseAsyncIOLoop._handle_events(7, 1)>
Traceback (most recent call last):
  File "/usr/lib/python3.12/asyncio/events.py", line 88, in _run
  File "/home/Shared/UniBe-swiss-ndvi/GitHub/swiss-ndvi-processing/.venv/lib/python3.12/site-packages/tornado/platform/asyncio.py", line 208, in _handle_events
  File "/home/Shared/UniBe-swiss-ndvi/GitHub/swiss-ndvi-processing/.venv/lib/python3.12/site-packages/tornado/netutil.py", line 273, in accept_handler
  File "/usr/lib/python3.12/socket.py", line 295, in accept
OSError: [Errno 24] Too many open files
Exception in callback BaseAsyncIOLoop._handle_events(7, 1)
handle: <Handle BaseAsyncIOLoop._handle_events(7, 1)>
Traceback (most recent call last):
  File "/usr/lib/python3.12/asyncio/events.py", line 88, in _run
  File "/home/Shared/UniBe-swiss-ndvi/GitHub/swiss-ndvi-processing/.venv/lib/python3.12/site-packages/tornado/platform/asyncio.py", line 208, in _handle_events
  File "/home/Shared/UniBe-swiss-ndvi/GitHub/swiss-ndvi-processing/.venv/lib/python3.12/site-packages/tornado/netutil.py", line 273, in accept_handler
  File "/usr/lib/python3.12/socket.py", line 295, in accept
OSError: [Errno 24] Too many open files
Exception in callback BaseAsyncIOLoop._handle_events(7, 1)
handle: <Handle BaseAsyncIOLoop._handle_events(7, 1)>
Traceback (most recent call last):
  File "/usr/lib/python3.12/asyncio/events.py", line 88, in _run
  File "/home/Shared/UniBe-swiss-ndvi/GitHub/swiss-ndvi-processing/.venv/lib/python3.12/site-packages/tornado/platform/asyncio.py", line 208, in _handle_events
  File "/home/Shared/UniBe-swiss-ndvi/GitHub/swiss-ndvi-processing/.venv/lib/python3.12/site-packages/tornado/netutil.py", line 273, in accept_handler
  File "/usr/lib/python3.12/socket.py", line 295, in accept
OSError: [Errno 24] Too many open files
Exception in callback BaseAsyncIOLoop._handle_events(7, 1)
handle: <Handle BaseAsyncIOLoop._handle_events(7, 1)>
Traceback (most recent call last):
  File "/usr/lib/python3.12/asyncio/events.py", line 88, in _run
  File "/home/Shared/UniBe-swiss-ndvi/GitHub/swiss-ndvi-processing/.venv/lib/python3.12/site-packages/tornado/platform/asyncio.py", line 208, in _handle_events
  File "/home/Shared/UniBe-swiss-ndvi/GitHub/swiss-ndvi-processing/.venv/lib/python3.12/site-packages/tornado/netutil.py", line 273, in accept_handler
  File "/usr/lib/python3.12/socket.py", line 295, in accept
OSError: [Errno 24] Too many open files
Exception in callback BaseAsyncIOLoop._handle_events(7, 1)
handle: <Handle BaseAsyncIOLoop._handle_events(7, 1)>
Traceback (most recent call last):
  File "/usr/lib/python3.12/asyncio/events.py", line 88, in _run
  File "/home/Shared/UniBe-swiss-ndvi/GitHub/swiss-ndvi-processing/.venv/lib/python3.12/site-packages/tornado/platform/asyncio.py", line 208, in _handle_events
  File "/home/Shared/UniBe-swiss-ndvi/GitHub/swiss-ndvi-processing/.venv/lib/python3.12/site-packages/tornado/netutil.py", line 273, in accept_handler
  File "/usr/lib/python3.12/socket.py", line 295, in accept
OSError: [Errno 24] Too many open files
Exception in callback BaseAsyncIOLoop._handle_events(7, 1)
handle: <Handle BaseAsyncIOLoop._handle_events(7, 1)>
Traceback (most recent call last):
  File "/usr/lib/python3.12/asyncio/events.py", line 88, in _run
  File "/home/Shared/UniBe-swiss-ndvi/GitHub/swiss-ndvi-processing/.venv/lib/python3.12/site-packages/tornado/platform/asyncio.py", line 208, in _handle_events
  File "/home/Shared/UniBe-swiss-ndvi/GitHub/swiss-ndvi-processing/.venv/lib/python3.12/site-packages/tornado/netutil.py", line 273, in accept_handler
  File "/usr/lib/python3.12/socket.py", line 295, in accept
OSError: [Errno 24] Too many open files
Exception in callback BaseAsyncIOLoop._handle_events(7, 1)
handle: <Handle BaseAsyncIOLoop._handle_events(7, 1)>
Traceback (most recent call last):
  File "/usr/lib/python3.12/asyncio/events.py", line 88, in _run
  File "/home/Shared/UniBe-swiss-ndvi/GitHub/swiss-ndvi-processing/.venv/lib/python3.12/site-packages/tornado/platform/asyncio.py", line 208, in _handle_events
  File "/home/Shared/UniBe-swiss-ndvi/GitHub/swiss-ndvi-processing/.venv/lib/python3.12/site-packages/tornado/netutil.py", line 273, in accept_handler
  File "/usr/lib/python3.12/socket.py", line 295, in accept
OSError: [Errno 24] Too many open files
Exception in callback BaseAsyncIOLoop._handle_events(7, 1)
handle: <Handle BaseAsyncIOLoop._handle_events(7, 1)>
Traceback (most recent call last):
  File "/usr/lib/python3.12/asyncio/events.py", line 88, in _run
  File "/home/Shared/UniBe-swiss-ndvi/GitHub/swiss-ndvi-processing/.venv/lib/python3.12/site-packages/tornado/platform/asyncio.py", line 208, in _handle_events
  File "/home/Shared/UniBe-swiss-ndvi/GitHub/swiss-ndvi-processing/.venv/lib/python3.12/site-packages/tornado/netutil.py", line 273, in accept_handler
  File "/usr/lib/python3.12/socket.py", line 295, in accept
OSError: [Errno 24] Too many open files
Exception in callback BaseAsyncIOLoop._handle_events(7, 1)
handle: <Handle BaseAsyncIOLoop._handle_events(7, 1)>
Traceback (most recent call last):
  File "/usr/lib/python3.12/asyncio/events.py", line 88, in _run
  File "/home/Shared/UniBe-swiss-ndvi/GitHub/swiss-ndvi-processing/.venv/lib/python3.12/site-packages/tornado/platform/asyncio.py", line 208, in _handle_events
  File "/home/Shared/UniBe-swiss-ndvi/GitHub/swiss-ndvi-processing/.venv/lib/python3.12/site-packages/tornado/netutil.py", line 273, in accept_handler
  File "/usr/lib/python3.12/socket.py", line 295, in accept
OSError: [Errno 24] Too many open files
Exception in callback BaseAsyncIOLoop._handle_events(7, 1)
handle: <Handle BaseAsyncIOLoop._handle_events(7, 1)>
Traceback (most recent call last):
  File "/usr/lib/python3.12/asyncio/events.py", line 88, in _run
  File "/home/Shared/UniBe-swiss-ndvi/GitHub/swiss-ndvi-processing/.venv/lib/python3.12/site-packages/tornado/platform/asyncio.py", line 208, in _handle_events
  File "/home/Shared/UniBe-swiss-ndvi/GitHub/swiss-ndvi-processing/.venv/lib/python3.12/site-packages/tornado/netutil.py", line 273, in accept_handler
  File "/usr/lib/python3.12/socket.py", line 295, in accept
OSError: [Errno 24] Too many open files
Exception in callback BaseAsyncIOLoop._handle_events(7, 1)
handle: <Handle BaseAsyncIOLoop._handle_events(7, 1)>
Traceback (most recent call last):
  File "/usr/lib/python3.12/asyncio/events.py", line 88, in _run
  File "/home/Shared/UniBe-swiss-ndvi/GitHub/swiss-ndvi-processing/.venv/lib/python3.12/site-packages/tornado/platform/asyncio.py", line 208, in _handle_events
  File "/home/Shared/UniBe-swiss-ndvi/GitHub/swiss-ndvi-processing/.venv/lib/python3.12/site-packages/tornado/netutil.py", line 273, in accept_handler
  File "/usr/lib/python3.12/socket.py", line 295, in accept
OSError: [Errno 24] Too many open files
Exception in callback BaseAsyncIOLoop._handle_events(7, 1)
handle: <Handle BaseAsyncIOLoop._handle_events(7, 1)>
Traceback (most recent call last):
  File "/usr/lib/python3.12/asyncio/events.py", line 88, in _run
  File "/home/Shared/UniBe-swiss-ndvi/GitHub/swiss-ndvi-processing/.venv/lib/python3.12/site-packages/tornado/platform/asyncio.py", line 208, in _handle_events
  File "/home/Shared/UniBe-swiss-ndvi/GitHub/swiss-ndvi-processing/.venv/lib/python3.12/site-packages/tornado/netutil.py", line 273, in accept_handler
  File "/usr/lib/python3.12/socket.py", line 295, in accept
OSError: [Errno 24] Too many open files
Exception in callback BaseAsyncIOLoop._handle_events(7, 1)
handle: <Handle BaseAsyncIOLoop._handle_events(7, 1)>
Traceback (most recent call last):
  File "/usr/lib/python3.12/asyncio/events.py", line 88, in _run
  File "/home/Shared/UniBe-swiss-ndvi/GitHub/swiss-ndvi-processing/.venv/lib/python3.12/site-packages/tornado/platform/asyncio.py", line 208, in _handle_events
  File "/home/Shared/UniBe-swiss-ndvi/GitHub/swiss-ndvi-processing/.venv/lib/python3.12/site-packages/tornado/netutil.py", line 273, in accept_handler
  File "/usr/lib/python3.12/socket.py", line 295, in accept
OSError: [Errno 24] Too many open files
Exception in callback BaseAsyncIOLoop._handle_events(7, 1)
handle: <Handle BaseAsyncIOLoop._handle_events(7, 1)>
Traceback (most recent call last):
  File "/usr/lib/python3.12/asyncio/events.py", line 88, in _run
  File "/home/Shared/UniBe-swiss-ndvi/GitHub/swiss-ndvi-processing/.venv/lib/python3.12/site-packages/tornado/platform/asyncio.py", line 208, in _handle_events
  File "/home/Shared/UniBe-swiss-ndvi/GitHub/swiss-ndvi-processing/.venv/lib/python3.12/site-packages/tornado/netutil.py", line 273, in accept_handler
  File "/usr/lib/python3.12/socket.py", line 295, in accept
OSError: [Errno 24] Too many open files
Exception in callback BaseAsyncIOLoop._handle_events(7, 1)
handle: <Handle BaseAsyncIOLoop._handle_events(7, 1)>
Traceback (most recent call last):
  File "/usr/lib/python3.12/asyncio/events.py", line 88, in _run
  File "/home/Shared/UniBe-swiss-ndvi/GitHub/swiss-ndvi-processing/.venv/lib/python3.12/site-packages/tornado/platform/asyncio.py", line 208, in _handle_events
  File "/home/Shared/UniBe-swiss-ndvi/GitHub/swiss-ndvi-processing/.venv/lib/python3.12/site-packages/tornado/netutil.py", line 273, in accept_handler
  File "/usr/lib/python3.12/socket.py", line 295, in accept
OSError: [Errno 24] Too many open files
Exception in callback BaseAsyncIOLoop._handle_events(7, 1)
handle: <Handle BaseAsyncIOLoop._handle_events(7, 1)>
Traceback (most recent call last):
  File "/usr/lib/python3.12/asyncio/events.py", line 88, in _run
  File "/home/Shared/UniBe-swiss-ndvi/GitHub/swiss-ndvi-processing/.venv/lib/python3.12/site-packages/tornado/platform/asyncio.py", line 208, in _handle_events
  File "/home/Shared/UniBe-swiss-ndvi/GitHub/swiss-ndvi-processing/.venv/lib/python3.12/site-packages/tornado/netutil.py", line 273, in accept_handler
  File "/usr/lib/python3.12/socket.py", line 295, in accept
OSError: [Errno 24] Too many open files
Exception in callback BaseAsyncIOLoop._handle_events(7, 1)
handle: <Handle BaseAsyncIOLoop._handle_events(7, 1)>
Traceback (most recent call last):
  File "/usr/lib/python3.12/asyncio/events.py", line 88, in _run
  File "/home/Shared/UniBe-swiss-ndvi/GitHub/swiss-ndvi-processing/.venv/lib/python3.12/site-packages/tornado/platform/asyncio.py", line 208, in _handle_events
  File "/home/Shared/UniBe-swiss-ndvi/GitHub/swiss-ndvi-processing/.venv/lib/python3.12/site-packages/tornado/netutil.py", line 273, in accept_handler
  File "/usr/lib/python3.12/socket.py", line 295, in accept
OSError: [Errno 24] Too many open files
Exception in callback BaseAsyncIOLoop._handle_events(7, 1)
handle: <Handle BaseAsyncIOLoop._handle_events(7, 1)>
Traceback (most recent call last):
  File "/usr/lib/python3.12/asyncio/events.py", line 88, in _run
  File "/home/Shared/UniBe-swiss-ndvi/GitHub/swiss-ndvi-processing/.venv/lib/python3.12/site-packages/tornado/platform/asyncio.py", line 208, in _handle_events
  File "/home/Shared/UniBe-swiss-ndvi/GitHub/swiss-ndvi-processing/.venv/lib/python3.12/site-packages/tornado/netutil.py", line 273, in accept_handler
  File "/usr/lib/python3.12/socket.py", line 295, in accept
OSError: [Errno 24] Too many open files
2026-04-08 22:14:48,543 - distributed.worker - WARNING - Mismatched versions found

+-------------+---------------------------------------------+-----------+----------+
| Package     | Worker-c77d3c5b-cb57-435a-abb3-85706898590b | Scheduler | Workers  |
+-------------+---------------------------------------------+-----------+----------+
| cloudpickle | 3.1.1                                       | None      | 3.1.1    |
| dask        | 2025.9.1                                    | None      | 2025.9.1 |
| distributed | 2025.9.1                                    | None      | 2025.9.1 |
| lz4         | 4.3.2                                       | None      | 4.3.2    |
| msgpack     | 1.1.1                                       | None      | 1.1.1    |
| toolz       | 1.0.0                                       | None      | 1.0.0    |
| tornado     | 6.5.1                                       | None      | 6.5.1    |
+-------------+---------------------------------------------+-----------+----------+
Exception in callback BaseAsyncIOLoop._handle_events(7, 1)
handle: <Handle BaseAsyncIOLoop._handle_events(7, 1)>
Traceback (most recent call last):
  File "/usr/lib/python3.12/asyncio/events.py", line 88, in _run
  File "/home/Shared/UniBe-swiss-ndvi/GitHub/swiss-ndvi-processing/.venv/lib/python3.12/site-packages/tornado/platform/asyncio.py", line 208, in _handle_events
  File "/home/Shared/UniBe-swiss-ndvi/GitHub/swiss-ndvi-processing/.venv/lib/python3.12/site-packages/tornado/netutil.py", line 273, in accept_handler
  File "/usr/lib/python3.12/socket.py", line 295, in accept
OSError: [Errno 24] Too many open files
Exception in callback BaseAsyncIOLoop._handle_events(7, 1)
handle: <Handle BaseAsyncIOLoop._handle_events(7, 1)>
Traceback (most recent call last):
  File "/usr/lib/python3.12/asyncio/events.py", line 88, in _run
  File "/home/Shared/UniBe-swiss-ndvi/GitHub/swiss-ndvi-processing/.venv/lib/python3.12/site-packages/tornado/platform/asyncio.py", line 208, in _handle_events
  File "/home/Shared/UniBe-swiss-ndvi/GitHub/swiss-ndvi-processing/.venv/lib/python3.12/site-packages/tornado/netutil.py", line 273, in accept_handler
  File "/usr/lib/python3.12/socket.py", line 295, in accept
OSError: [Errno 24] Too many open files
Exception in callback BaseAsyncIOLoop._handle_events(7, 1)
handle: <Handle BaseAsyncIOLoop._handle_events(7, 1)>
Traceback (most recent call last):
  File "/usr/lib/python3.12/asyncio/events.py", line 88, in _run
  File "/home/Shared/UniBe-swiss-ndvi/GitHub/swiss-ndvi-processing/.venv/lib/python3.12/site-packages/tornado/platform/asyncio.py", line 208, in _handle_events
  File "/home/Shared/UniBe-swiss-ndvi/GitHub/swiss-ndvi-processing/.venv/lib/python3.12/site-packages/tornado/netutil.py", line 273, in accept_handler
  File "/usr/lib/python3.12/socket.py", line 295, in accept
OSError: [Errno 24] Too many open files
Exception in callback BaseAsyncIOLoop._handle_events(7, 1)
handle: <Handle BaseAsyncIOLoop._handle_events(7, 1)>
Traceback (most recent call last):
  File "/usr/lib/python3.12/asyncio/events.py", line 88, in _run
  File "/home/Shared/UniBe-swiss-ndvi/GitHub/swiss-ndvi-processing/.venv/lib/python3.12/site-packages/tornado/platform/asyncio.py", line 208, in _handle_events
  File "/home/Shared/UniBe-swiss-ndvi/GitHub/swiss-ndvi-processing/.venv/lib/python3.12/site-packages/tornado/netutil.py", line 273, in accept_handler
  File "/usr/lib/python3.12/socket.py", line 295, in accept
OSError: [Errno 24] Too many open files
Exception in callback BaseAsyncIOLoop._handle_events(7, 1)
handle: <Handle BaseAsyncIOLoop._handle_events(7, 1)>
Traceback (most recent call last):
  File "/usr/lib/python3.12/asyncio/events.py", line 88, in _run
  File "/home/Shared/UniBe-swiss-ndvi/GitHub/swiss-ndvi-processing/.venv/lib/python3.12/site-packages/tornado/platform/asyncio.py", line 208, in _handle_events
  File "/home/Shared/UniBe-swiss-ndvi/GitHub/swiss-ndvi-processing/.venv/lib/python3.12/site-packages/tornado/netutil.py", line 273, in accept_handler
  File "/usr/lib/python3.12/socket.py", line 295, in accept
OSError: [Errno 24] Too many open files
Exception in callback BaseAsyncIOLoop._handle_events(7, 1)
handle: <Handle BaseAsyncIOLoop._handle_events(7, 1)>
Traceback (most recent call last):
  File "/usr/lib/python3.12/asyncio/events.py", line 88, in _run
  File "/home/Shared/UniBe-swiss-ndvi/GitHub/swiss-ndvi-processing/.venv/lib/python3.12/site-packages/tornado/platform/asyncio.py", line 208, in _handle_events
  File "/home/Shared/UniBe-swiss-ndvi/GitHub/swiss-ndvi-processing/.venv/lib/python3.12/site-packages/tornado/netutil.py", line 273, in accept_handler
  File "/usr/lib/python3.12/socket.py", line 295, in accept
OSError: [Errno 24] Too many open files
Exception in callback BaseAsyncIOLoop._handle_events(7, 1)
handle: <Handle BaseAsyncIOLoop._handle_events(7, 1)>
Traceback (most recent call last):
  File "/usr/lib/python3.12/asyncio/events.py", line 88, in _run
  File "/home/Shared/UniBe-swiss-ndvi/GitHub/swiss-ndvi-processing/.venv/lib/python3.12/site-packages/tornado/platform/asyncio.py", line 208, in _handle_events
  File "/home/Shared/UniBe-swiss-ndvi/GitHub/swiss-ndvi-processing/.venv/lib/python3.12/site-packages/tornado/netutil.py", line 273, in accept_handler
  File "/usr/lib/python3.12/socket.py", line 295, in accept
OSError: [Errno 24] Too many open files
Exception in callback BaseAsyncIOLoop._handle_events(7, 1)
handle: <Handle BaseAsyncIOLoop._handle_events(7, 1)>
Traceback (most recent call last):
  File "/usr/lib/python3.12/asyncio/events.py", line 88, in _run
  File "/home/Shared/UniBe-swiss-ndvi/GitHub/swiss-ndvi-processing/.venv/lib/python3.12/site-packages/tornado/platform/asyncio.py", line 208, in _handle_events
  File "/home/Shared/UniBe-swiss-ndvi/GitHub/swiss-ndvi-processing/.venv/lib/python3.12/site-packages/tornado/netutil.py", line 273, in accept_handler
  File "/usr/lib/python3.12/socket.py", line 295, in accept
OSError: [Errno 24] Too many open files
Exception in callback BaseAsyncIOLoop._handle_events(7, 1)
handle: <Handle BaseAsyncIOLoop._handle_events(7, 1)>
Traceback (most recent call last):
  File "/usr/lib/python3.12/asyncio/events.py", line 88, in _run
  File "/home/Shared/UniBe-swiss-ndvi/GitHub/swiss-ndvi-processing/.venv/lib/python3.12/site-packages/tornado/platform/asyncio.py", line 208, in _handle_events
  File "/home/Shared/UniBe-swiss-ndvi/GitHub/swiss-ndvi-processing/.venv/lib/python3.12/site-packages/tornado/netutil.py", line 273, in accept_handler
  File "/usr/lib/python3.12/socket.py", line 295, in accept
OSError: [Errno 24] Too many open files
Exception in callback BaseAsyncIOLoop._handle_events(7, 1)
handle: <Handle BaseAsyncIOLoop._handle_events(7, 1)>
Traceback (most recent call last):
  File "/usr/lib/python3.12/asyncio/events.py", line 88, in _run
  File "/home/Shared/UniBe-swiss-ndvi/GitHub/swiss-ndvi-processing/.venv/lib/python3.12/site-packages/tornado/platform/asyncio.py", line 208, in _handle_events
  File "/home/Shared/UniBe-swiss-ndvi/GitHub/swiss-ndvi-processing/.venv/lib/python3.12/site-packages/tornado/netutil.py", line 273, in accept_handler
  File "/usr/lib/python3.12/socket.py", line 295, in accept
OSError: [Errno 24] Too many open files
Exception in callback BaseAsyncIOLoop._handle_events(7, 1)
handle: <Handle BaseAsyncIOLoop._handle_events(7, 1)>
Traceback (most recent call last):
  File "/usr/lib/python3.12/asyncio/events.py", line 88, in _run
  File "/home/Shared/UniBe-swiss-ndvi/GitHub/swiss-ndvi-processing/.venv/lib/python3.12/site-packages/tornado/platform/asyncio.py", line 208, in _handle_events
  File "/home/Shared/UniBe-swiss-ndvi/GitHub/swiss-ndvi-processing/.venv/lib/python3.12/site-packages/tornado/netutil.py", line 273, in accept_handler
  File "/usr/lib/python3.12/socket.py", line 295, in accept
OSError: [Errno 24] Too many open files
Exception in callback BaseAsyncIOLoop._handle_events(7, 1)
handle: <Handle BaseAsyncIOLoop._handle_events(7, 1)>
Traceback (most recent call last):
  File "/usr/lib/python3.12/asyncio/events.py", line 88, in _run
  File "/home/Shared/UniBe-swiss-ndvi/GitHub/swiss-ndvi-processing/.venv/lib/python3.12/site-packages/tornado/platform/asyncio.py", line 208, in _handle_events
  File "/home/Shared/UniBe-swiss-ndvi/GitHub/swiss-ndvi-processing/.venv/lib/python3.12/site-packages/tornado/netutil.py", line 273, in accept_handler
  File "/usr/lib/python3.12/socket.py", line 295, in accept
OSError: [Errno 24] Too many open files
Exception in callback BaseAsyncIOLoop._handle_events(7, 1)
handle: <Handle BaseAsyncIOLoop._handle_events(7, 1)>
Traceback (most recent call last):
  File "/usr/lib/python3.12/asyncio/events.py", line 88, in _run
  File "/home/Shared/UniBe-swiss-ndvi/GitHub/swiss-ndvi-processing/.venv/lib/python3.12/site-packages/tornado/platform/asyncio.py", line 208, in _handle_events
  File "/home/Shared/UniBe-swiss-ndvi/GitHub/swiss-ndvi-processing/.venv/lib/python3.12/site-packages/tornado/netutil.py", line 273, in accept_handler
  File "/usr/lib/python3.12/socket.py", line 295, in accept
OSError: [Errno 24] Too many open files
Exception in callback BaseAsyncIOLoop._handle_events(7, 1)
handle: <Handle BaseAsyncIOLoop._handle_events(7, 1)>
Traceback (most recent call last):
  File "/usr/lib/python3.12/asyncio/events.py", line 88, in _run
  File "/home/Shared/UniBe-swiss-ndvi/GitHub/swiss-ndvi-processing/.venv/lib/python3.12/site-packages/tornado/platform/asyncio.py", line 208, in _handle_events
  File "/home/Shared/UniBe-swiss-ndvi/GitHub/swiss-ndvi-processing/.venv/lib/python3.12/site-packages/tornado/netutil.py", line 273, in accept_handler
  File "/usr/lib/python3.12/socket.py", line 295, in accept
OSError: [Errno 24] Too many open files
Exception in callback BaseAsyncIOLoop._handle_events(7, 1)
handle: <Handle BaseAsyncIOLoop._handle_events(7, 1)>
Traceback (most recent call last):
  File "/usr/lib/python3.12/asyncio/events.py", line 88, in _run
  File "/home/Shared/UniBe-swiss-ndvi/GitHub/swiss-ndvi-processing/.venv/lib/python3.12/site-packages/tornado/platform/asyncio.py", line 208, in _handle_events
  File "/home/Shared/UniBe-swiss-ndvi/GitHub/swiss-ndvi-processing/.venv/lib/python3.12/site-packages/tornado/netutil.py", line 273, in accept_handler
  File "/usr/lib/python3.12/socket.py", line 295, in accept
OSError: [Errno 24] Too many open files
Exception in callback BaseAsyncIOLoop._handle_events(7, 1)
handle: <Handle BaseAsyncIOLoop._handle_events(7, 1)>
Traceback (most recent call last):
  File "/usr/lib/python3.12/asyncio/events.py", line 88, in _run
  File "/home/Shared/UniBe-swiss-ndvi/GitHub/swiss-ndvi-processing/.venv/lib/python3.12/site-packages/tornado/platform/asyncio.py", line 208, in _handle_events
  File "/home/Shared/UniBe-swiss-ndvi/GitHub/swiss-ndvi-processing/.venv/lib/python3.12/site-packages/tornado/netutil.py", line 273, in accept_handler
  File "/usr/lib/python3.12/socket.py", line 295, in accept
OSError: [Errno 24] Too many open files
Exception in callback BaseAsyncIOLoop._handle_events(7, 1)
handle: <Handle BaseAsyncIOLoop._handle_events(7, 1)>
Traceback (most recent call last):
  File "/usr/lib/python3.12/asyncio/events.py", line 88, in _run
  File "/home/Shared/UniBe-swiss-ndvi/GitHub/swiss-ndvi-processing/.venv/lib/python3.12/site-packages/tornado/platform/asyncio.py", line 208, in _handle_events
  File "/home/Shared/UniBe-swiss-ndvi/GitHub/swiss-ndvi-processing/.venv/lib/python3.12/site-packages/tornado/netutil.py", line 273, in accept_handler
  File "/usr/lib/python3.12/socket.py", line 295, in accept
OSError: [Errno 24] Too many open files
Exception in callback BaseAsyncIOLoop._handle_events(7, 1)
handle: <Handle BaseAsyncIOLoop._handle_events(7, 1)>
Traceback (most recent call last):
  File "/usr/lib/python3.12/asyncio/events.py", line 88, in _run
  File "/home/Shared/UniBe-swiss-ndvi/GitHub/swiss-ndvi-processing/.venv/lib/python3.12/site-packages/tornado/platform/asyncio.py", line 208, in _handle_events
  File "/home/Shared/UniBe-swiss-ndvi/GitHub/swiss-ndvi-processing/.venv/lib/python3.12/site-packages/tornado/netutil.py", line 273, in accept_handler
  File "/usr/lib/python3.12/socket.py", line 295, in accept
OSError: [Errno 24] Too many open files
Exception in callback BaseAsyncIOLoop._handle_events(7, 1)
handle: <Handle BaseAsyncIOLoop._handle_events(7, 1)>
Traceback (most recent call last):
  File "/usr/lib/python3.12/asyncio/events.py", line 88, in _run
  File "/home/Shared/UniBe-swiss-ndvi/GitHub/swiss-ndvi-processing/.venv/lib/python3.12/site-packages/tornado/platform/asyncio.py", line 208, in _handle_events
  File "/home/Shared/UniBe-swiss-ndvi/GitHub/swiss-ndvi-processing/.venv/lib/python3.12/site-packages/tornado/netutil.py", line 273, in accept_handler
  File "/usr/lib/python3.12/socket.py", line 295, in accept
OSError: [Errno 24] Too many open files
Exception in callback BaseAsyncIOLoop._handle_events(7, 1)
handle: <Handle BaseAsyncIOLoop._handle_events(7, 1)>
Traceback (most recent call last):
  File "/usr/lib/python3.12/asyncio/events.py", line 88, in _run
  File "/home/Shared/UniBe-swiss-ndvi/GitHub/swiss-ndvi-processing/.venv/lib/python3.12/site-packages/tornado/platform/asyncio.py", line 208, in _handle_events
  File "/home/Shared/UniBe-swiss-ndvi/GitHub/swiss-ndvi-processing/.venv/lib/python3.12/site-packages/tornado/netutil.py", line 273, in accept_handler
  File "/usr/lib/python3.12/socket.py", line 295, in accept
OSError: [Errno 24] Too many open files
Exception in callback BaseAsyncIOLoop._handle_events(7, 1)
handle: <Handle BaseAsyncIOLoop._handle_events(7, 1)>
Traceback (most recent call last):
  File "/usr/lib/python3.12/asyncio/events.py", line 88, in _run
  File "/home/Shared/UniBe-swiss-ndvi/GitHub/swiss-ndvi-processing/.venv/lib/python3.12/site-packages/tornado/platform/asyncio.py", line 208, in _handle_events
  File "/home/Shared/UniBe-swiss-ndvi/GitHub/swiss-ndvi-processing/.venv/lib/python3.12/site-packages/tornado/netutil.py", line 273, in accept_handler
  File "/usr/lib/python3.12/socket.py", line 295, in accept
OSError: [Errno 24] Too many open files
Exception in callback BaseAsyncIOLoop._handle_events(7, 1)
handle: <Handle BaseAsyncIOLoop._handle_events(7, 1)>
Traceback (most recent call last):
  File "/usr/lib/python3.12/asyncio/events.py", line 88, in _run
  File "/home/Shared/UniBe-swiss-ndvi/GitHub/swiss-ndvi-processing/.venv/lib/python3.12/site-packages/tornado/platform/asyncio.py", line 208, in _handle_events
  File "/home/Shared/UniBe-swiss-ndvi/GitHub/swiss-ndvi-processing/.venv/lib/python3.12/site-packages/tornado/netutil.py", line 273, in accept_handler
  File "/usr/lib/python3.12/socket.py", line 295, in accept
OSError: [Errno 24] Too many open files
Exception in callback BaseAsyncIOLoop._handle_events(7, 1)
handle: <Handle BaseAsyncIOLoop._handle_events(7, 1)>
Traceback (most recent call last):
  File "/usr/lib/python3.12/asyncio/events.py", line 88, in _run
  File "/home/Shared/UniBe-swiss-ndvi/GitHub/swiss-ndvi-processing/.venv/lib/python3.12/site-packages/tornado/platform/asyncio.py", line 208, in _handle_events
  File "/home/Shared/UniBe-swiss-ndvi/GitHub/swiss-ndvi-processing/.venv/lib/python3.12/site-packages/tornado/netutil.py", line 273, in accept_handler
  File "/usr/lib/python3.12/socket.py", line 295, in accept
OSError: [Errno 24] Too many open files
Exception in callback BaseAsyncIOLoop._handle_events(7, 1)
handle: <Handle BaseAsyncIOLoop._handle_events(7, 1)>
Traceback (most recent call last):
  File "/usr/lib/python3.12/asyncio/events.py", line 88, in _run
  File "/home/Shared/UniBe-swiss-ndvi/GitHub/swiss-ndvi-processing/.venv/lib/python3.12/site-packages/tornado/platform/asyncio.py", line 208, in _handle_events
  File "/home/Shared/UniBe-swiss-ndvi/GitHub/swiss-ndvi-processing/.venv/lib/python3.12/site-packages/tornado/netutil.py", line 273, in accept_handler
  File "/usr/lib/python3.12/socket.py", line 295, in accept
OSError: [Errno 24] Too many open files
Exception in callback BaseAsyncIOLoop._handle_events(7, 1)
handle: <Handle BaseAsyncIOLoop._handle_events(7, 1)>
Traceback (most recent call last):
  File "/usr/lib/python3.12/asyncio/events.py", line 88, in _run
  File "/home/Shared/UniBe-swiss-ndvi/GitHub/swiss-ndvi-processing/.venv/lib/python3.12/site-packages/tornado/platform/asyncio.py", line 208, in _handle_events
  File "/home/Shared/UniBe-swiss-ndvi/GitHub/swiss-ndvi-processing/.venv/lib/python3.12/site-packages/tornado/netutil.py", line 273, in accept_handler
  File "/usr/lib/python3.12/socket.py", line 295, in accept
OSError: [Errno 24] Too many open files
Exception in callback BaseAsyncIOLoop._handle_events(7, 1)
handle: <Handle BaseAsyncIOLoop._handle_events(7, 1)>
Traceback (most recent call last):
  File "/usr/lib/python3.12/asyncio/events.py", line 88, in _run
  File "/home/Shared/UniBe-swiss-ndvi/GitHub/swiss-ndvi-processing/.venv/lib/python3.12/site-packages/tornado/platform/asyncio.py", line 208, in _handle_events
  File "/home/Shared/UniBe-swiss-ndvi/GitHub/swiss-ndvi-processing/.venv/lib/python3.12/site-packages/tornado/netutil.py", line 273, in accept_handler
  File "/usr/lib/python3.12/socket.py", line 295, in accept
OSError: [Errno 24] Too many open files
2026-04-08 22:14:48,548 - distributed.worker - WARNING - Mismatched versions found

+-------------+---------------------------------------------+-----------+----------+
| Package     | Worker-6c45168a-8fc6-4698-a558-6e7f83b4e751 | Scheduler | Workers  |
+-------------+---------------------------------------------+-----------+----------+
| cloudpickle | 3.1.1                                       | None      | 3.1.1    |
| dask        | 2025.9.1                                    | None      | 2025.9.1 |
| distributed | 2025.9.1                                    | None      | 2025.9.1 |
| lz4         | 4.3.2                                       | None      | 4.3.2    |
| msgpack     | 1.1.1                                       | None      | 1.1.1    |
| toolz       | 1.0.0                                       | None      | 1.0.0    |
| tornado     | 6.5.1                                       | None      | 6.5.1    |
+-------------+---------------------------------------------+-----------+----------+
Exception in callback BaseAsyncIOLoop._handle_events(7, 1)
handle: <Handle BaseAsyncIOLoop._handle_events(7, 1)>
Traceback (most recent call last):
  File "/usr/lib/python3.12/asyncio/events.py", line 88, in _run
  File "/home/Shared/UniBe-swiss-ndvi/GitHub/swiss-ndvi-processing/.venv/lib/python3.12/site-packages/tornado/platform/asyncio.py", line 208, in _handle_events
  File "/home/Shared/UniBe-swiss-ndvi/GitHub/swiss-ndvi-processing/.venv/lib/python3.12/site-packages/tornado/netutil.py", line 273, in accept_handler
  File "/usr/lib/python3.12/socket.py", line 295, in accept
OSError: [Errno 24] Too many open files
Exception in callback BaseAsyncIOLoop._handle_events(7, 1)
handle: <Handle BaseAsyncIOLoop._handle_events(7, 1)>
Traceback (most recent call last):
  File "/usr/lib/python3.12/asyncio/events.py", line 88, in _run
  File "/home/Shared/UniBe-swiss-ndvi/GitHub/swiss-ndvi-processing/.venv/lib/python3.12/site-packages/tornado/platform/asyncio.py", line 208, in _handle_events
  File "/home/Shared/UniBe-swiss-ndvi/GitHub/swiss-ndvi-processing/.venv/lib/python3.12/site-packages/tornado/netutil.py", line 273, in accept_handler
  File "/usr/lib/python3.12/socket.py", line 295, in accept
OSError: [Errno 24] Too many open files
Exception in callback BaseAsyncIOLoop._handle_events(7, 1)
handle: <Handle BaseAsyncIOLoop._handle_events(7, 1)>
Traceback (most recent call last):
  File "/usr/lib/python3.12/asyncio/events.py", line 88, in _run
  File "/home/Shared/UniBe-swiss-ndvi/GitHub/swiss-ndvi-processing/.venv/lib/python3.12/site-packages/tornado/platform/asyncio.py", line 208, in _handle_events
  File "/home/Shared/UniBe-swiss-ndvi/GitHub/swiss-ndvi-processing/.venv/lib/python3.12/site-packages/tornado/netutil.py", line 273, in accept_handler
  File "/usr/lib/python3.12/socket.py", line 295, in accept
OSError: [Errno 24] Too many open files
Exception in callback BaseAsyncIOLoop._handle_events(7, 1)
handle: <Handle BaseAsyncIOLoop._handle_events(7, 1)>
Traceback (most recent call last):
  File "/usr/lib/python3.12/asyncio/events.py", line 88, in _run
  File "/home/Shared/UniBe-swiss-ndvi/GitHub/swiss-ndvi-processing/.venv/lib/python3.12/site-packages/tornado/platform/asyncio.py", line 208, in _handle_events
  File "/home/Shared/UniBe-swiss-ndvi/GitHub/swiss-ndvi-processing/.venv/lib/python3.12/site-packages/tornado/netutil.py", line 273, in accept_handler
  File "/usr/lib/python3.12/socket.py", line 295, in accept
OSError: [Errno 24] Too many open files
Exception in callback BaseAsyncIOLoop._handle_events(7, 1)
handle: <Handle BaseAsyncIOLoop._handle_events(7, 1)>
Traceback (most recent call last):
  File "/usr/lib/python3.12/asyncio/events.py", line 88, in _run
  File "/home/Shared/UniBe-swiss-ndvi/GitHub/swiss-ndvi-processing/.venv/lib/python3.12/site-packages/tornado/platform/asyncio.py", line 208, in _handle_events
  File "/home/Shared/UniBe-swiss-ndvi/GitHub/swiss-ndvi-processing/.venv/lib/python3.12/site-packages/tornado/netutil.py", line 273, in accept_handler
  File "/usr/lib/python3.12/socket.py", line 295, in accept
OSError: [Errno 24] Too many open files
Exception in callback BaseAsyncIOLoop._handle_events(7, 1)
handle: <Handle BaseAsyncIOLoop._handle_events(7, 1)>
Traceback (most recent call last):
  File "/usr/lib/python3.12/asyncio/events.py", line 88, in _run
  File "/home/Shared/UniBe-swiss-ndvi/GitHub/swiss-ndvi-processing/.venv/lib/python3.12/site-packages/tornado/platform/asyncio.py", line 208, in _handle_events
  File "/home/Shared/UniBe-swiss-ndvi/GitHub/swiss-ndvi-processing/.venv/lib/python3.12/site-packages/tornado/netutil.py", line 273, in accept_handler
  File "/usr/lib/python3.12/socket.py", line 295, in accept
OSError: [Errno 24] Too many open files
Exception in callback BaseAsyncIOLoop._handle_events(7, 1)
handle: <Handle BaseAsyncIOLoop._handle_events(7, 1)>
Traceback (most recent call last):
  File "/usr/lib/python3.12/asyncio/events.py", line 88, in _run
  File "/home/Shared/UniBe-swiss-ndvi/GitHub/swiss-ndvi-processing/.venv/lib/python3.12/site-packages/tornado/platform/asyncio.py", line 208, in _handle_events
  File "/home/Shared/UniBe-swiss-ndvi/GitHub/swiss-ndvi-processing/.venv/lib/python3.12/site-packages/tornado/netutil.py", line 273, in accept_handler
  File "/usr/lib/python3.12/socket.py", line 295, in accept
OSError: [Errno 24] Too many open files
Exception in callback BaseAsyncIOLoop._handle_events(7, 1)
handle: <Handle BaseAsyncIOLoop._handle_events(7, 1)>
Traceback (most recent call last):
  File "/usr/lib/python3.12/asyncio/events.py", line 88, in _run
  File "/home/Shared/UniBe-swiss-ndvi/GitHub/swiss-ndvi-processing/.venv/lib/python3.12/site-packages/tornado/platform/asyncio.py", line 208, in _handle_events
  File "/home/Shared/UniBe-swiss-ndvi/GitHub/swiss-ndvi-processing/.venv/lib/python3.12/site-packages/tornado/netutil.py", line 273, in accept_handler
  File "/usr/lib/python3.12/socket.py", line 295, in accept
OSError: [Errno 24] Too many open files
Exception in callback BaseAsyncIOLoop._handle_events(7, 1)
handle: <Handle BaseAsyncIOLoop._handle_events(7, 1)>
Traceback (most recent call last):
  File "/usr/lib/python3.12/asyncio/events.py", line 88, in _run
  File "/home/Shared/UniBe-swiss-ndvi/GitHub/swiss-ndvi-processing/.venv/lib/python3.12/site-packages/tornado/platform/asyncio.py", line 208, in _handle_events
  File "/home/Shared/UniBe-swiss-ndvi/GitHub/swiss-ndvi-processing/.venv/lib/python3.12/site-packages/tornado/netutil.py", line 273, in accept_handler
  File "/usr/lib/python3.12/socket.py", line 295, in accept
OSError: [Errno 24] Too many open files
Exception in callback BaseAsyncIOLoop._handle_events(7, 1)
handle: <Handle BaseAsyncIOLoop._handle_events(7, 1)>
Traceback (most recent call last):
  File "/usr/lib/python3.12/asyncio/events.py", line 88, in _run
  File "/home/Shared/UniBe-swiss-ndvi/GitHub/swiss-ndvi-processing/.venv/lib/python3.12/site-packages/tornado/platform/asyncio.py", line 208, in _handle_events
  File "/home/Shared/UniBe-swiss-ndvi/GitHub/swiss-ndvi-processing/.venv/lib/python3.12/site-packages/tornado/netutil.py", line 273, in accept_handler
  File "/usr/lib/python3.12/socket.py", line 295, in accept
OSError: [Errno 24] Too many open files
Exception in callback BaseAsyncIOLoop._handle_events(7, 1)
handle: <Handle BaseAsyncIOLoop._handle_events(7, 1)>
Traceback (most recent call last):
  File "/usr/lib/python3.12/asyncio/events.py", line 88, in _run
  File "/home/Shared/UniBe-swiss-ndvi/GitHub/swiss-ndvi-processing/.venv/lib/python3.12/site-packages/tornado/platform/asyncio.py", line 208, in _handle_events
  File "/home/Shared/UniBe-swiss-ndvi/GitHub/swiss-ndvi-processing/.venv/lib/python3.12/site-packages/tornado/netutil.py", line 273, in accept_handler
  File "/usr/lib/python3.12/socket.py", line 295, in accept
OSError: [Errno 24] Too many open files
Exception in callback BaseAsyncIOLoop._handle_events(7, 1)
handle: <Handle BaseAsyncIOLoop._handle_events(7, 1)>
Traceback (most recent call last):
  File "/usr/lib/python3.12/asyncio/events.py", line 88, in _run
  File "/home/Shared/UniBe-swiss-ndvi/GitHub/swiss-ndvi-processing/.venv/lib/python3.12/site-packages/tornado/platform/asyncio.py", line 208, in _handle_events
  File "/home/Shared/UniBe-swiss-ndvi/GitHub/swiss-ndvi-processing/.venv/lib/python3.12/site-packages/tornado/netutil.py", line 273, in accept_handler
  File "/usr/lib/python3.12/socket.py", line 295, in accept
OSError: [Errno 24] Too many open files
Exception in callback BaseAsyncIOLoop._handle_events(7, 1)
handle: <Handle BaseAsyncIOLoop._handle_events(7, 1)>
Traceback (most recent call last):
  File "/usr/lib/python3.12/asyncio/events.py", line 88, in _run
  File "/home/Shared/UniBe-swiss-ndvi/GitHub/swiss-ndvi-processing/.venv/lib/python3.12/site-packages/tornado/platform/asyncio.py", line 208, in _handle_events
  File "/home/Shared/UniBe-swiss-ndvi/GitHub/swiss-ndvi-processing/.venv/lib/python3.12/site-packages/tornado/netutil.py", line 273, in accept_handler
  File "/usr/lib/python3.12/socket.py", line 295, in accept
OSError: [Errno 24] Too many open files
Exception in callback BaseAsyncIOLoop._handle_events(7, 1)
handle: <Handle BaseAsyncIOLoop._handle_events(7, 1)>
Traceback (most recent call last):
  File "/usr/lib/python3.12/asyncio/events.py", line 88, in _run
  File "/home/Shared/UniBe-swiss-ndvi/GitHub/swiss-ndvi-processing/.venv/lib/python3.12/site-packages/tornado/platform/asyncio.py", line 208, in _handle_events
  File "/home/Shared/UniBe-swiss-ndvi/GitHub/swiss-ndvi-processing/.venv/lib/python3.12/site-packages/tornado/netutil.py", line 273, in accept_handler
  File "/usr/lib/python3.12/socket.py", line 295, in accept
OSError: [Errno 24] Too many open files
Exception in callback BaseAsyncIOLoop._handle_events(7, 1)
handle: <Handle BaseAsyncIOLoop._handle_events(7, 1)>
Traceback (most recent call last):
  File "/usr/lib/python3.12/asyncio/events.py", line 88, in _run
  File "/home/Shared/UniBe-swiss-ndvi/GitHub/swiss-ndvi-processing/.venv/lib/python3.12/site-packages/tornado/platform/asyncio.py", line 208, in _handle_events
  File "/home/Shared/UniBe-swiss-ndvi/GitHub/swiss-ndvi-processing/.venv/lib/python3.12/site-packages/tornado/netutil.py", line 273, in accept_handler
  File "/usr/lib/python3.12/socket.py", line 295, in accept
OSError: [Errno 24] Too many open files
Exception in callback BaseAsyncIOLoop._handle_events(7, 1)
handle: <Handle BaseAsyncIOLoop._handle_events(7, 1)>
Traceback (most recent call last):
  File "/usr/lib/python3.12/asyncio/events.py", line 88, in _run
  File "/home/Shared/UniBe-swiss-ndvi/GitHub/swiss-ndvi-processing/.venv/lib/python3.12/site-packages/tornado/platform/asyncio.py", line 208, in _handle_events
  File "/home/Shared/UniBe-swiss-ndvi/GitHub/swiss-ndvi-processing/.venv/lib/python3.12/site-packages/tornado/netutil.py", line 273, in accept_handler
  File "/usr/lib/python3.12/socket.py", line 295, in accept
OSError: [Errno 24] Too many open files
Exception in callback BaseAsyncIOLoop._handle_events(7, 1)
handle: <Handle BaseAsyncIOLoop._handle_events(7, 1)>
Traceback (most recent call last):
  File "/usr/lib/python3.12/asyncio/events.py", line 88, in _run
  File "/home/Shared/UniBe-swiss-ndvi/GitHub/swiss-ndvi-processing/.venv/lib/python3.12/site-packages/tornado/platform/asyncio.py", line 208, in _handle_events
  File "/home/Shared/UniBe-swiss-ndvi/GitHub/swiss-ndvi-processing/.venv/lib/python3.12/site-packages/tornado/netutil.py", line 273, in accept_handler
  File "/usr/lib/python3.12/socket.py", line 295, in accept
OSError: [Errno 24] Too many open files
Exception in callback BaseAsyncIOLoop._handle_events(7, 1)
handle: <Handle BaseAsyncIOLoop._handle_events(7, 1)>
Traceback (most recent call last):
  File "/usr/lib/python3.12/asyncio/events.py", line 88, in _run
  File "/home/Shared/UniBe-swiss-ndvi/GitHub/swiss-ndvi-processing/.venv/lib/python3.12/site-packages/tornado/platform/asyncio.py", line 208, in _handle_events
  File "/home/Shared/UniBe-swiss-ndvi/GitHub/swiss-ndvi-processing/.venv/lib/python3.12/site-packages/tornado/netutil.py", line 273, in accept_handler
  File "/usr/lib/python3.12/socket.py", line 295, in accept
OSError: [Errno 24] Too many open files
Exception in callback BaseAsyncIOLoop._handle_events(7, 1)
handle: <Handle BaseAsyncIOLoop._handle_events(7, 1)>
Traceback (most recent call last):
  File "/usr/lib/python3.12/asyncio/events.py", line 88, in _run
  File "/home/Shared/UniBe-swiss-ndvi/GitHub/swiss-ndvi-processing/.venv/lib/python3.12/site-packages/tornado/platform/asyncio.py", line 208, in _handle_events
  File "/home/Shared/UniBe-swiss-ndvi/GitHub/swiss-ndvi-processing/.venv/lib/python3.12/site-packages/tornado/netutil.py", line 273, in accept_handler
  File "/usr/lib/python3.12/socket.py", line 295, in accept
OSError: [Errno 24] Too many open files
Exception in callback BaseAsyncIOLoop._handle_events(7, 1)
handle: <Handle BaseAsyncIOLoop._handle_events(7, 1)>
Traceback (most recent call last):
  File "/usr/lib/python3.12/asyncio/events.py", line 88, in _run
  File "/home/Shared/UniBe-swiss-ndvi/GitHub/swiss-ndvi-processing/.venv/lib/python3.12/site-packages/tornado/platform/asyncio.py", line 208, in _handle_events
  File "/home/Shared/UniBe-swiss-ndvi/GitHub/swiss-ndvi-processing/.venv/lib/python3.12/site-packages/tornado/netutil.py", line 273, in accept_handler
  File "/usr/lib/python3.12/socket.py", line 295, in accept
OSError: [Errno 24] Too many open files
Exception in callback BaseAsyncIOLoop._handle_events(7, 1)
handle: <Handle BaseAsyncIOLoop._handle_events(7, 1)>
Traceback (most recent call last):
  File "/usr/lib/python3.12/asyncio/events.py", line 88, in _run
  File "/home/Shared/UniBe-swiss-ndvi/GitHub/swiss-ndvi-processing/.venv/lib/python3.12/site-packages/tornado/platform/asyncio.py", line 208, in _handle_events
  File "/home/Shared/UniBe-swiss-ndvi/GitHub/swiss-ndvi-processing/.venv/lib/python3.12/site-packages/tornado/netutil.py", line 273, in accept_handler
  File "/usr/lib/python3.12/socket.py", line 295, in accept
OSError: [Errno 24] Too many open files
Exception in callback BaseAsyncIOLoop._handle_events(7, 1)
handle: <Handle BaseAsyncIOLoop._handle_events(7, 1)>
Traceback (most recent call last):
  File "/usr/lib/python3.12/asyncio/events.py", line 88, in _run
  File "/home/Shared/UniBe-swiss-ndvi/GitHub/swiss-ndvi-processing/.venv/lib/python3.12/site-packages/tornado/platform/asyncio.py", line 208, in _handle_events
  File "/home/Shared/UniBe-swiss-ndvi/GitHub/swiss-ndvi-processing/.venv/lib/python3.12/site-packages/tornado/netutil.py", line 273, in accept_handler
  File "/usr/lib/python3.12/socket.py", line 295, in accept
OSError: [Errno 24] Too many open files
Exception in callback BaseAsyncIOLoop._handle_events(7, 1)
handle: <Handle BaseAsyncIOLoop._handle_events(7, 1)>
Traceback (most recent call last):
  File "/usr/lib/python3.12/asyncio/events.py", line 88, in _run
  File "/home/Shared/UniBe-swiss-ndvi/GitHub/swiss-ndvi-processing/.venv/lib/python3.12/site-packages/tornado/platform/asyncio.py", line 208, in _handle_events
  File "/home/Shared/UniBe-swiss-ndvi/GitHub/swiss-ndvi-processing/.venv/lib/python3.12/site-packages/tornado/netutil.py", line 273, in accept_handler
  File "/usr/lib/python3.12/socket.py", line 295, in accept
OSError: [Errno 24] Too many open files
Exception in callback BaseAsyncIOLoop._handle_events(7, 1)
handle: <Handle BaseAsyncIOLoop._handle_events(7, 1)>
Traceback (most recent call last):
  File "/usr/lib/python3.12/asyncio/events.py", line 88, in _run
  File "/home/Shared/UniBe-swiss-ndvi/GitHub/swiss-ndvi-processing/.venv/lib/python3.12/site-packages/tornado/platform/asyncio.py", line 208, in _handle_events
  File "/home/Shared/UniBe-swiss-ndvi/GitHub/swiss-ndvi-processing/.venv/lib/python3.12/site-packages/tornado/netutil.py", line 273, in accept_handler
  File "/usr/lib/python3.12/socket.py", line 295, in accept
OSError: [Errno 24] Too many open files
Exception in callback BaseAsyncIOLoop._handle_events(7, 1)
handle: <Handle BaseAsyncIOLoop._handle_events(7, 1)>
Traceback (most recent call last):
  File "/usr/lib/python3.12/asyncio/events.py", line 88, in _run
  File "/home/Shared/UniBe-swiss-ndvi/GitHub/swiss-ndvi-processing/.venv/lib/python3.12/site-packages/tornado/platform/asyncio.py", line 208, in _handle_events
  File "/home/Shared/UniBe-swiss-ndvi/GitHub/swiss-ndvi-processing/.venv/lib/python3.12/site-packages/tornado/netutil.py", line 273, in accept_handler
  File "/usr/lib/python3.12/socket.py", line 295, in accept
OSError: [Errno 24] Too many open files
Exception in callback BaseAsyncIOLoop._handle_events(7, 1)
handle: <Handle BaseAsyncIOLoop._handle_events(7, 1)>
Traceback (most recent call last):
  File "/usr/lib/python3.12/asyncio/events.py", line 88, in _run
  File "/home/Shared/UniBe-swiss-ndvi/GitHub/swiss-ndvi-processing/.venv/lib/python3.12/site-packages/tornado/platform/asyncio.py", line 208, in _handle_events
  File "/home/Shared/UniBe-swiss-ndvi/GitHub/swiss-ndvi-processing/.venv/lib/python3.12/site-packages/tornado/netutil.py", line 273, in accept_handler
  File "/usr/lib/python3.12/socket.py", line 295, in accept
OSError: [Errno 24] Too many open files
Exception in callback BaseAsyncIOLoop._handle_events(7, 1)
handle: <Handle BaseAsyncIOLoop._handle_events(7, 1)>
Traceback (most recent call last):
  File "/usr/lib/python3.12/asyncio/events.py", line 88, in _run
  File "/home/Shared/UniBe-swiss-ndvi/GitHub/swiss-ndvi-processing/.venv/lib/python3.12/site-packages/tornado/platform/asyncio.py", line 208, in _handle_events
  File "/home/Shared/UniBe-swiss-ndvi/GitHub/swiss-ndvi-processing/.venv/lib/python3.12/site-packages/tornado/netutil.py", line 273, in accept_handler
  File "/usr/lib/python3.12/socket.py", line 295, in accept
OSError: [Errno 24] Too many open files
Exception in callback BaseAsyncIOLoop._handle_events(7, 1)
handle: <Handle BaseAsyncIOLoop._handle_events(7, 1)>
Traceback (most recent call last):
  File "/usr/lib/python3.12/asyncio/events.py", line 88, in _run
  File "/home/Shared/UniBe-swiss-ndvi/GitHub/swiss-ndvi-processing/.venv/lib/python3.12/site-packages/tornado/platform/asyncio.py", line 208, in _handle_events
  File "/home/Shared/UniBe-swiss-ndvi/GitHub/swiss-ndvi-processing/.venv/lib/python3.12/site-packages/tornado/netutil.py", line 273, in accept_handler
  File "/usr/lib/python3.12/socket.py", line 295, in accept
OSError: [Errno 24] Too many open files
Exception in callback BaseAsyncIOLoop._handle_events(7, 1)
handle: <Handle BaseAsyncIOLoop._handle_events(7, 1)>
Traceback (most recent call last):
  File "/usr/lib/python3.12/asyncio/events.py", line 88, in _run
  File "/home/Shared/UniBe-swiss-ndvi/GitHub/swiss-ndvi-processing/.venv/lib/python3.12/site-packages/tornado/platform/asyncio.py", line 208, in _handle_events
  File "/home/Shared/UniBe-swiss-ndvi/GitHub/swiss-ndvi-processing/.venv/lib/python3.12/site-packages/tornado/netutil.py", line 273, in accept_handler
  File "/usr/lib/python3.12/socket.py", line 295, in accept
OSError: [Errno 24] Too many open files
Exception in callback BaseAsyncIOLoop._handle_events(7, 1)
handle: <Handle BaseAsyncIOLoop._handle_events(7, 1)>
Traceback (most recent call last):
  File "/usr/lib/python3.12/asyncio/events.py", line 88, in _run
  File "/home/Shared/UniBe-swiss-ndvi/GitHub/swiss-ndvi-processing/.venv/lib/python3.12/site-packages/tornado/platform/asyncio.py", line 208, in _handle_events
  File "/home/Shared/UniBe-swiss-ndvi/GitHub/swiss-ndvi-processing/.venv/lib/python3.12/site-packages/tornado/netutil.py", line 273, in accept_handler
  File "/usr/lib/python3.12/socket.py", line 295, in accept
OSError: [Errno 24] Too many open files
Exception in callback BaseAsyncIOLoop._handle_events(7, 1)
handle: <Handle BaseAsyncIOLoop._handle_events(7, 1)>
Traceback (most recent call last):
  File "/usr/lib/python3.12/asyncio/events.py", line 88, in _run
  File "/home/Shared/UniBe-swiss-ndvi/GitHub/swiss-ndvi-processing/.venv/lib/python3.12/site-packages/tornado/platform/asyncio.py", line 208, in _handle_events
  File "/home/Shared/UniBe-swiss-ndvi/GitHub/swiss-ndvi-processing/.venv/lib/python3.12/site-packages/tornado/netutil.py", line 273, in accept_handler
  File "/usr/lib/python3.12/socket.py", line 295, in accept
OSError: [Errno 24] Too many open files
Exception in callback BaseAsyncIOLoop._handle_events(7, 1)
handle: <Handle BaseAsyncIOLoop._handle_events(7, 1)>
Traceback (most recent call last):
  File "/usr/lib/python3.12/asyncio/events.py", line 88, in _run
  File "/home/Shared/UniBe-swiss-ndvi/GitHub/swiss-ndvi-processing/.venv/lib/python3.12/site-packages/tornado/platform/asyncio.py", line 208, in _handle_events
  File "/home/Shared/UniBe-swiss-ndvi/GitHub/swiss-ndvi-processing/.venv/lib/python3.12/site-packages/tornado/netutil.py", line 273, in accept_handler
  File "/usr/lib/python3.12/socket.py", line 295, in accept
OSError: [Errno 24] Too many open files
Exception in callback BaseAsyncIOLoop._handle_events(7, 1)
handle: <Handle BaseAsyncIOLoop._handle_events(7, 1)>
Traceback (most recent call last):
  File "/usr/lib/python3.12/asyncio/events.py", line 88, in _run
  File "/home/Shared/UniBe-swiss-ndvi/GitHub/swiss-ndvi-processing/.venv/lib/python3.12/site-packages/tornado/platform/asyncio.py", line 208, in _handle_events
  File "/home/Shared/UniBe-swiss-ndvi/GitHub/swiss-ndvi-processing/.venv/lib/python3.12/site-packages/tornado/netutil.py", line 273, in accept_handler
  File "/usr/lib/python3.12/socket.py", line 295, in accept
OSError: [Errno 24] Too many open files
Exception in callback BaseAsyncIOLoop._handle_events(7, 1)
handle: <Handle BaseAsyncIOLoop._handle_events(7, 1)>
Traceback (most recent call last):
  File "/usr/lib/python3.12/asyncio/events.py", line 88, in _run
  File "/home/Shared/UniBe-swiss-ndvi/GitHub/swiss-ndvi-processing/.venv/lib/python3.12/site-packages/tornado/platform/asyncio.py", line 208, in _handle_events
  File "/home/Shared/UniBe-swiss-ndvi/GitHub/swiss-ndvi-processing/.venv/lib/python3.12/site-packages/tornado/netutil.py", line 273, in accept_handler
  File "/usr/lib/python3.12/socket.py", line 295, in accept
OSError: [Errno 24] Too many open files
2026-04-08 22:14:48,556 - distributed.worker - WARNING - Mismatched versions found

+-------------+---------------------------------------------+-----------+----------+
| Package     | Worker-c1f81579-d919-46b2-8809-bc696a015c70 | Scheduler | Workers  |
+-------------+---------------------------------------------+-----------+----------+
| cloudpickle | 3.1.1                                       | None      | 3.1.1    |
| dask        | 2025.9.1                                    | None      | 2025.9.1 |
| distributed | 2025.9.1                                    | None      | 2025.9.1 |
| lz4         | 4.3.2                                       | None      | 4.3.2    |
| msgpack     | 1.1.1                                       | None      | 1.1.1    |
| toolz       | 1.0.0                                       | None      | 1.0.0    |
| tornado     | 6.5.1                                       | None      | 6.5.1    |
+-------------+---------------------------------------------+-----------+----------+
Exception in callback BaseAsyncIOLoop._handle_events(7, 1)
handle: <Handle BaseAsyncIOLoop._handle_events(7, 1)>
Traceback (most recent call last):
  File "/usr/lib/python3.12/asyncio/events.py", line 88, in _run
  File "/home/Shared/UniBe-swiss-ndvi/GitHub/swiss-ndvi-processing/.venv/lib/python3.12/site-packages/tornado/platform/asyncio.py", line 208, in _handle_events
  File "/home/Shared/UniBe-swiss-ndvi/GitHub/swiss-ndvi-processing/.venv/lib/python3.12/site-packages/tornado/netutil.py", line 273, in accept_handler
  File "/usr/lib/python3.12/socket.py", line 295, in accept
OSError: [Errno 24] Too many open files
Exception in callback BaseAsyncIOLoop._handle_events(7, 1)
handle: <Handle BaseAsyncIOLoop._handle_events(7, 1)>
Traceback (most recent call last):
  File "/usr/lib/python3.12/asyncio/events.py", line 88, in _run
  File "/home/Shared/UniBe-swiss-ndvi/GitHub/swiss-ndvi-processing/.venv/lib/python3.12/site-packages/tornado/platform/asyncio.py", line 208, in _handle_events
  File "/home/Shared/UniBe-swiss-ndvi/GitHub/swiss-ndvi-processing/.venv/lib/python3.12/site-packages/tornado/netutil.py", line 273, in accept_handler
  File "/usr/lib/python3.12/socket.py", line 295, in accept
OSError: [Errno 24] Too many open files
Exception in callback BaseAsyncIOLoop._handle_events(7, 1)
handle: <Handle BaseAsyncIOLoop._handle_events(7, 1)>
Traceback (most recent call last):
  File "/usr/lib/python3.12/asyncio/events.py", line 88, in _run
  File "/home/Shared/UniBe-swiss-ndvi/GitHub/swiss-ndvi-processing/.venv/lib/python3.12/site-packages/tornado/platform/asyncio.py", line 208, in _handle_events
  File "/home/Shared/UniBe-swiss-ndvi/GitHub/swiss-ndvi-processing/.venv/lib/python3.12/site-packages/tornado/netutil.py", line 273, in accept_handler
  File "/usr/lib/python3.12/socket.py", line 295, in accept
OSError: [Errno 24] Too many open files
Exception in callback BaseAsyncIOLoop._handle_events(7, 1)
handle: <Handle BaseAsyncIOLoop._handle_events(7, 1)>
Traceback (most recent call last):
  File "/usr/lib/python3.12/asyncio/events.py", line 88, in _run
  File "/home/Shared/UniBe-swiss-ndvi/GitHub/swiss-ndvi-processing/.venv/lib/python3.12/site-packages/tornado/platform/asyncio.py", line 208, in _handle_events
  File "/home/Shared/UniBe-swiss-ndvi/GitHub/swiss-ndvi-processing/.venv/lib/python3.12/site-packages/tornado/netutil.py", line 273, in accept_handler
  File "/usr/lib/python3.12/socket.py", line 295, in accept
OSError: [Errno 24] Too many open files
Exception in callback BaseAsyncIOLoop._handle_events(7, 1)
handle: <Handle BaseAsyncIOLoop._handle_events(7, 1)>
Traceback (most recent call last):
  File "/usr/lib/python3.12/asyncio/events.py", line 88, in _run
  File "/home/Shared/UniBe-swiss-ndvi/GitHub/swiss-ndvi-processing/.venv/lib/python3.12/site-packages/tornado/platform/asyncio.py", line 208, in _handle_events
  File "/home/Shared/UniBe-swiss-ndvi/GitHub/swiss-ndvi-processing/.venv/lib/python3.12/site-packages/tornado/netutil.py", line 273, in accept_handler
  File "/usr/lib/python3.12/socket.py", line 295, in accept
OSError: [Errno 24] Too many open files
Exception in callback BaseAsyncIOLoop._handle_events(7, 1)
handle: <Handle BaseAsyncIOLoop._handle_events(7, 1)>
Traceback (most recent call last):
  File "/usr/lib/python3.12/asyncio/events.py", line 88, in _run
  File "/home/Shared/UniBe-swiss-ndvi/GitHub/swiss-ndvi-processing/.venv/lib/python3.12/site-packages/tornado/platform/asyncio.py", line 208, in _handle_events
  File "/home/Shared/UniBe-swiss-ndvi/GitHub/swiss-ndvi-processing/.venv/lib/python3.12/site-packages/tornado/netutil.py", line 273, in accept_handler
  File "/usr/lib/python3.12/socket.py", line 295, in accept
OSError: [Errno 24] Too many open files
Exception in callback BaseAsyncIOLoop._handle_events(7, 1)
handle: <Handle BaseAsyncIOLoop._handle_events(7, 1)>
Traceback (most recent call last):
  File "/usr/lib/python3.12/asyncio/events.py", line 88, in _run
  File "/home/Shared/UniBe-swiss-ndvi/GitHub/swiss-ndvi-processing/.venv/lib/python3.12/site-packages/tornado/platform/asyncio.py", line 208, in _handle_events
  File "/home/Shared/UniBe-swiss-ndvi/GitHub/swiss-ndvi-processing/.venv/lib/python3.12/site-packages/tornado/netutil.py", line 273, in accept_handler
  File "/usr/lib/python3.12/socket.py", line 295, in accept
OSError: [Errno 24] Too many open files
Exception in callback BaseAsyncIOLoop._handle_events(7, 1)
handle: <Handle BaseAsyncIOLoop._handle_events(7, 1)>
Traceback (most recent call last):
  File "/usr/lib/python3.12/asyncio/events.py", line 88, in _run
  File "/home/Shared/UniBe-swiss-ndvi/GitHub/swiss-ndvi-processing/.venv/lib/python3.12/site-packages/tornado/platform/asyncio.py", line 208, in _handle_events
  File "/home/Shared/UniBe-swiss-ndvi/GitHub/swiss-ndvi-processing/.venv/lib/python3.12/site-packages/tornado/netutil.py", line 273, in accept_handler
  File "/usr/lib/python3.12/socket.py", line 295, in accept
OSError: [Errno 24] Too many open files
Exception in callback BaseAsyncIOLoop._handle_events(7, 1)
handle: <Handle BaseAsyncIOLoop._handle_events(7, 1)>
Traceback (most recent call last):
  File "/usr/lib/python3.12/asyncio/events.py", line 88, in _run
  File "/home/Shared/UniBe-swiss-ndvi/GitHub/swiss-ndvi-processing/.venv/lib/python3.12/site-packages/tornado/platform/asyncio.py", line 208, in _handle_events
  File "/home/Shared/UniBe-swiss-ndvi/GitHub/swiss-ndvi-processing/.venv/lib/python3.12/site-packages/tornado/netutil.py", line 273, in accept_handler
  File "/usr/lib/python3.12/socket.py", line 295, in accept
OSError: [Errno 24] Too many open files
Exception in callback BaseAsyncIOLoop._handle_events(7, 1)
handle: <Handle BaseAsyncIOLoop._handle_events(7, 1)>
Traceback (most recent call last):
  File "/usr/lib/python3.12/asyncio/events.py", line 88, in _run
  File "/home/Shared/UniBe-swiss-ndvi/GitHub/swiss-ndvi-processing/.venv/lib/python3.12/site-packages/tornado/platform/asyncio.py", line 208, in _handle_events
  File "/home/Shared/UniBe-swiss-ndvi/GitHub/swiss-ndvi-processing/.venv/lib/python3.12/site-packages/tornado/netutil.py", line 273, in accept_handler
  File "/usr/lib/python3.12/socket.py", line 295, in accept
OSError: [Errno 24] Too many open files
Exception in callback BaseAsyncIOLoop._handle_events(7, 1)
handle: <Handle BaseAsyncIOLoop._handle_events(7, 1)>
Traceback (most recent call last):
  File "/usr/lib/python3.12/asyncio/events.py", line 88, in _run
  File "/home/Shared/UniBe-swiss-ndvi/GitHub/swiss-ndvi-processing/.venv/lib/python3.12/site-packages/tornado/platform/asyncio.py", line 208, in _handle_events
  File "/home/Shared/UniBe-swiss-ndvi/GitHub/swiss-ndvi-processing/.venv/lib/python3.12/site-packages/tornado/netutil.py", line 273, in accept_handler
  File "/usr/lib/python3.12/socket.py", line 295, in accept
OSError: [Errno 24] Too many open files
Exception in callback BaseAsyncIOLoop._handle_events(7, 1)
handle: <Handle BaseAsyncIOLoop._handle_events(7, 1)>
Traceback (most recent call last):
  File "/usr/lib/python3.12/asyncio/events.py", line 88, in _run
  File "/home/Shared/UniBe-swiss-ndvi/GitHub/swiss-ndvi-processing/.venv/lib/python3.12/site-packages/tornado/platform/asyncio.py", line 208, in _handle_events
  File "/home/Shared/UniBe-swiss-ndvi/GitHub/swiss-ndvi-processing/.venv/lib/python3.12/site-packages/tornado/netutil.py", line 273, in accept_handler
  File "/usr/lib/python3.12/socket.py", line 295, in accept
OSError: [Errno 24] Too many open files
Exception in callback BaseAsyncIOLoop._handle_events(7, 1)
handle: <Handle BaseAsyncIOLoop._handle_events(7, 1)>
Traceback (most recent call last):
  File "/usr/lib/python3.12/asyncio/events.py", line 88, in _run
  File "/home/Shared/UniBe-swiss-ndvi/GitHub/swiss-ndvi-processing/.venv/lib/python3.12/site-packages/tornado/platform/asyncio.py", line 208, in _handle_events
  File "/home/Shared/UniBe-swiss-ndvi/GitHub/swiss-ndvi-processing/.venv/lib/python3.12/site-packages/tornado/netutil.py", line 273, in accept_handler
  File "/usr/lib/python3.12/socket.py", line 295, in accept
OSError: [Errno 24] Too many open files
Exception in callback BaseAsyncIOLoop._handle_events(7, 1)
handle: <Handle BaseAsyncIOLoop._handle_events(7, 1)>
Traceback (most recent call last):
  File "/usr/lib/python3.12/asyncio/events.py", line 88, in _run
  File "/home/Shared/UniBe-swiss-ndvi/GitHub/swiss-ndvi-processing/.venv/lib/python3.12/site-packages/tornado/platform/asyncio.py", line 208, in _handle_events
  File "/home/Shared/UniBe-swiss-ndvi/GitHub/swiss-ndvi-processing/.venv/lib/python3.12/site-packages/tornado/netutil.py", line 273, in accept_handler
  File "/usr/lib/python3.12/socket.py", line 295, in accept
OSError: [Errno 24] Too many open files
Exception in callback BaseAsyncIOLoop._handle_events(7, 1)
handle: <Handle BaseAsyncIOLoop._handle_events(7, 1)>
Traceback (most recent call last):
  File "/usr/lib/python3.12/asyncio/events.py", line 88, in _run
  File "/home/Shared/UniBe-swiss-ndvi/GitHub/swiss-ndvi-processing/.venv/lib/python3.12/site-packages/tornado/platform/asyncio.py", line 208, in _handle_events
  File "/home/Shared/UniBe-swiss-ndvi/GitHub/swiss-ndvi-processing/.venv/lib/python3.12/site-packages/tornado/netutil.py", line 273, in accept_handler
  File "/usr/lib/python3.12/socket.py", line 295, in accept
OSError: [Errno 24] Too many open files
Exception in callback BaseAsyncIOLoop._handle_events(7, 1)
handle: <Handle BaseAsyncIOLoop._handle_events(7, 1)>
Traceback (most recent call last):
  File "/usr/lib/python3.12/asyncio/events.py", line 88, in _run
  File "/home/Shared/UniBe-swiss-ndvi/GitHub/swiss-ndvi-processing/.venv/lib/python3.12/site-packages/tornado/platform/asyncio.py", line 208, in _handle_events
  File "/home/Shared/UniBe-swiss-ndvi/GitHub/swiss-ndvi-processing/.venv/lib/python3.12/site-packages/tornado/netutil.py", line 273, in accept_handler
  File "/usr/lib/python3.12/socket.py", line 295, in accept
OSError: [Errno 24] Too many open files
2026-04-08 22:14:48,562 - distributed.worker - WARNING - Mismatched versions found

+-------------+---------------------------------------------+-----------+----------+
| Package     | Worker-60609d69-1d13-4070-937f-b82330b729a2 | Scheduler | Workers  |
+-------------+---------------------------------------------+-----------+----------+
| cloudpickle | 3.1.1                                       | None      | 3.1.1    |
| dask        | 2025.9.1                                    | None      | 2025.9.1 |
| distributed | 2025.9.1                                    | None      | 2025.9.1 |
| lz4         | 4.3.2                                       | None      | 4.3.2    |
| msgpack     | 1.1.1                                       | None      | 1.1.1    |
| toolz       | 1.0.0                                       | None      | 1.0.0    |
| tornado     | 6.5.1                                       | None      | 6.5.1    |
+-------------+---------------------------------------------+-----------+----------+
Exception in callback BaseAsyncIOLoop._handle_events(7, 1)
handle: <Handle BaseAsyncIOLoop._handle_events(7, 1)>
Traceback (most recent call last):
  File "/usr/lib/python3.12/asyncio/events.py", line 88, in _run
  File "/home/Shared/UniBe-swiss-ndvi/GitHub/swiss-ndvi-processing/.venv/lib/python3.12/site-packages/tornado/platform/asyncio.py", line 208, in _handle_events
  File "/home/Shared/UniBe-swiss-ndvi/GitHub/swiss-ndvi-processing/.venv/lib/python3.12/site-packages/tornado/netutil.py", line 273, in accept_handler
  File "/usr/lib/python3.12/socket.py", line 295, in accept
OSError: [Errno 24] Too many open files
Exception in callback BaseAsyncIOLoop._handle_events(7, 1)
handle: <Handle BaseAsyncIOLoop._handle_events(7, 1)>
Traceback (most recent call last):
  File "/usr/lib/python3.12/asyncio/events.py", line 88, in _run
  File "/home/Shared/UniBe-swiss-ndvi/GitHub/swiss-ndvi-processing/.venv/lib/python3.12/site-packages/tornado/platform/asyncio.py", line 208, in _handle_events
  File "/home/Shared/UniBe-swiss-ndvi/GitHub/swiss-ndvi-processing/.venv/lib/python3.12/site-packages/tornado/netutil.py", line 273, in accept_handler
  File "/usr/lib/python3.12/socket.py", line 295, in accept
OSError: [Errno 24] Too many open files
Exception in callback BaseAsyncIOLoop._handle_events(7, 1)
handle: <Handle BaseAsyncIOLoop._handle_events(7, 1)>
Traceback (most recent call last):
  File "/usr/lib/python3.12/asyncio/events.py", line 88, in _run
  File "/home/Shared/UniBe-swiss-ndvi/GitHub/swiss-ndvi-processing/.venv/lib/python3.12/site-packages/tornado/platform/asyncio.py", line 208, in _handle_events
  File "/home/Shared/UniBe-swiss-ndvi/GitHub/swiss-ndvi-processing/.venv/lib/python3.12/site-packages/tornado/netutil.py", line 273, in accept_handler
  File "/usr/lib/python3.12/socket.py", line 295, in accept
OSError: [Errno 24] Too many open files
Exception in callback BaseAsyncIOLoop._handle_events(7, 1)
handle: <Handle BaseAsyncIOLoop._handle_events(7, 1)>
Traceback (most recent call last):
  File "/usr/lib/python3.12/asyncio/events.py", line 88, in _run
  File "/home/Shared/UniBe-swiss-ndvi/GitHub/swiss-ndvi-processing/.venv/lib/python3.12/site-packages/tornado/platform/asyncio.py", line 208, in _handle_events
  File "/home/Shared/UniBe-swiss-ndvi/GitHub/swiss-ndvi-processing/.venv/lib/python3.12/site-packages/tornado/netutil.py", line 273, in accept_handler
  File "/usr/lib/python3.12/socket.py", line 295, in accept
OSError: [Errno 24] Too many open files
Exception in callback BaseAsyncIOLoop._handle_events(7, 1)
handle: <Handle BaseAsyncIOLoop._handle_events(7, 1)>
Traceback (most recent call last):
  File "/usr/lib/python3.12/asyncio/events.py", line 88, in _run
  File "/home/Shared/UniBe-swiss-ndvi/GitHub/swiss-ndvi-processing/.venv/lib/python3.12/site-packages/tornado/platform/asyncio.py", line 208, in _handle_events
  File "/home/Shared/UniBe-swiss-ndvi/GitHub/swiss-ndvi-processing/.venv/lib/python3.12/site-packages/tornado/netutil.py", line 273, in accept_handler
  File "/usr/lib/python3.12/socket.py", line 295, in accept
OSError: [Errno 24] Too many open files
Exception in callback BaseAsyncIOLoop._handle_events(7, 1)
handle: <Handle BaseAsyncIOLoop._handle_events(7, 1)>
Traceback (most recent call last):
  File "/usr/lib/python3.12/asyncio/events.py", line 88, in _run
  File "/home/Shared/UniBe-swiss-ndvi/GitHub/swiss-ndvi-processing/.venv/lib/python3.12/site-packages/tornado/platform/asyncio.py", line 208, in _handle_events
  File "/home/Shared/UniBe-swiss-ndvi/GitHub/swiss-ndvi-processing/.venv/lib/python3.12/site-packages/tornado/netutil.py", line 273, in accept_handler
  File "/usr/lib/python3.12/socket.py", line 295, in accept
OSError: [Errno 24] Too many open files
Exception in callback BaseAsyncIOLoop._handle_events(7, 1)
handle: <Handle BaseAsyncIOLoop._handle_events(7, 1)>
Traceback (most recent call last):
  File "/usr/lib/python3.12/asyncio/events.py", line 88, in _run
  File "/home/Shared/UniBe-swiss-ndvi/GitHub/swiss-ndvi-processing/.venv/lib/python3.12/site-packages/tornado/platform/asyncio.py", line 208, in _handle_events
  File "/home/Shared/UniBe-swiss-ndvi/GitHub/swiss-ndvi-processing/.venv/lib/python3.12/site-packages/tornado/netutil.py", line 273, in accept_handler
  File "/usr/lib/python3.12/socket.py", line 295, in accept
OSError: [Errno 24] Too many open files
Exception in callback BaseAsyncIOLoop._handle_events(7, 1)
handle: <Handle BaseAsyncIOLoop._handle_events(7, 1)>
Traceback (most recent call last):
  File "/usr/lib/python3.12/asyncio/events.py", line 88, in _run
  File "/home/Shared/UniBe-swiss-ndvi/GitHub/swiss-ndvi-processing/.venv/lib/python3.12/site-packages/tornado/platform/asyncio.py", line 208, in _handle_events
  File "/home/Shared/UniBe-swiss-ndvi/GitHub/swiss-ndvi-processing/.venv/lib/python3.12/site-packages/tornado/netutil.py", line 273, in accept_handler
  File "/usr/lib/python3.12/socket.py", line 295, in accept
OSError: [Errno 24] Too many open files
Exception in callback BaseAsyncIOLoop._handle_events(7, 1)
handle: <Handle BaseAsyncIOLoop._handle_events(7, 1)>
Traceback (most recent call last):
  File "/usr/lib/python3.12/asyncio/events.py", line 88, in _run
  File "/home/Shared/UniBe-swiss-ndvi/GitHub/swiss-ndvi-processing/.venv/lib/python3.12/site-packages/tornado/platform/asyncio.py", line 208, in _handle_events
  File "/home/Shared/UniBe-swiss-ndvi/GitHub/swiss-ndvi-processing/.venv/lib/python3.12/site-packages/tornado/netutil.py", line 273, in accept_handler
  File "/usr/lib/python3.12/socket.py", line 295, in accept
OSError: [Errno 24] Too many open files
Exception in callback BaseAsyncIOLoop._handle_events(7, 1)
handle: <Handle BaseAsyncIOLoop._handle_events(7, 1)>
Traceback (most recent call last):
  File "/usr/lib/python3.12/asyncio/events.py", line 88, in _run
  File "/home/Shared/UniBe-swiss-ndvi/GitHub/swiss-ndvi-processing/.venv/lib/python3.12/site-packages/tornado/platform/asyncio.py", line 208, in _handle_events
  File "/home/Shared/UniBe-swiss-ndvi/GitHub/swiss-ndvi-processing/.venv/lib/python3.12/site-packages/tornado/netutil.py", line 273, in accept_handler
  File "/usr/lib/python3.12/socket.py", line 295, in accept
OSError: [Errno 24] Too many open files
Exception in callback BaseAsyncIOLoop._handle_events(7, 1)
handle: <Handle BaseAsyncIOLoop._handle_events(7, 1)>
Traceback (most recent call last):
  File "/usr/lib/python3.12/asyncio/events.py", line 88, in _run
  File "/home/Shared/UniBe-swiss-ndvi/GitHub/swiss-ndvi-processing/.venv/lib/python3.12/site-packages/tornado/platform/asyncio.py", line 208, in _handle_events
  File "/home/Shared/UniBe-swiss-ndvi/GitHub/swiss-ndvi-processing/.venv/lib/python3.12/site-packages/tornado/netutil.py", line 273, in accept_handler
  File "/usr/lib/python3.12/socket.py", line 295, in accept
OSError: [Errno 24] Too many open files
Exception in callback BaseAsyncIOLoop._handle_events(7, 1)
handle: <Handle BaseAsyncIOLoop._handle_events(7, 1)>
Traceback (most recent call last):
  File "/usr/lib/python3.12/asyncio/events.py", line 88, in _run
  File "/home/Shared/UniBe-swiss-ndvi/GitHub/swiss-ndvi-processing/.venv/lib/python3.12/site-packages/tornado/platform/asyncio.py", line 208, in _handle_events
  File "/home/Shared/UniBe-swiss-ndvi/GitHub/swiss-ndvi-processing/.venv/lib/python3.12/site-packages/tornado/netutil.py", line 273, in accept_handler
  File "/usr/lib/python3.12/socket.py", line 295, in accept
OSError: [Errno 24] Too many open files
Exception in callback BaseAsyncIOLoop._handle_events(7, 1)
handle: <Handle BaseAsyncIOLoop._handle_events(7, 1)>
Traceback (most recent call last):
  File "/usr/lib/python3.12/asyncio/events.py", line 88, in _run
  File "/home/Shared/UniBe-swiss-ndvi/GitHub/swiss-ndvi-processing/.venv/lib/python3.12/site-packages/tornado/platform/asyncio.py", line 208, in _handle_events
  File "/home/Shared/UniBe-swiss-ndvi/GitHub/swiss-ndvi-processing/.venv/lib/python3.12/site-packages/tornado/netutil.py", line 273, in accept_handler
  File "/usr/lib/python3.12/socket.py", line 295, in accept
OSError: [Errno 24] Too many open files
Exception in callback BaseAsyncIOLoop._handle_events(7, 1)
handle: <Handle BaseAsyncIOLoop._handle_events(7, 1)>
Traceback (most recent call last):
  File "/usr/lib/python3.12/asyncio/events.py", line 88, in _run
  File "/home/Shared/UniBe-swiss-ndvi/GitHub/swiss-ndvi-processing/.venv/lib/python3.12/site-packages/tornado/platform/asyncio.py", line 208, in _handle_events
  File "/home/Shared/UniBe-swiss-ndvi/GitHub/swiss-ndvi-processing/.venv/lib/python3.12/site-packages/tornado/netutil.py", line 273, in accept_handler
  File "/usr/lib/python3.12/socket.py", line 295, in accept
OSError: [Errno 24] Too many open files
Exception in callback BaseAsyncIOLoop._handle_events(7, 1)
handle: <Handle BaseAsyncIOLoop._handle_events(7, 1)>
Traceback (most recent call last):
  File "/usr/lib/python3.12/asyncio/events.py", line 88, in _run
  File "/home/Shared/UniBe-swiss-ndvi/GitHub/swiss-ndvi-processing/.venv/lib/python3.12/site-packages/tornado/platform/asyncio.py", line 208, in _handle_events
  File "/home/Shared/UniBe-swiss-ndvi/GitHub/swiss-ndvi-processing/.venv/lib/python3.12/site-packages/tornado/netutil.py", line 273, in accept_handler
  File "/usr/lib/python3.12/socket.py", line 295, in accept
OSError: [Errno 24] Too many open files
Exception in callback BaseAsyncIOLoop._handle_events(7, 1)
handle: <Handle BaseAsyncIOLoop._handle_events(7, 1)>
Traceback (most recent call last):
  File "/usr/lib/python3.12/asyncio/events.py", line 88, in _run
  File "/home/Shared/UniBe-swiss-ndvi/GitHub/swiss-ndvi-processing/.venv/lib/python3.12/site-packages/tornado/platform/asyncio.py", line 208, in _handle_events
  File "/home/Shared/UniBe-swiss-ndvi/GitHub/swiss-ndvi-processing/.venv/lib/python3.12/site-packages/tornado/netutil.py", line 273, in accept_handler
  File "/usr/lib/python3.12/socket.py", line 295, in accept
OSError: [Errno 24] Too many open files
Exception in callback BaseAsyncIOLoop._handle_events(7, 1)
handle: <Handle BaseAsyncIOLoop._handle_events(7, 1)>
Traceback (most recent call last):
  File "/usr/lib/python3.12/asyncio/events.py", line 88, in _run
  File "/home/Shared/UniBe-swiss-ndvi/GitHub/swiss-ndvi-processing/.venv/lib/python3.12/site-packages/tornado/platform/asyncio.py", line 208, in _handle_events
  File "/home/Shared/UniBe-swiss-ndvi/GitHub/swiss-ndvi-processing/.venv/lib/python3.12/site-packages/tornado/netutil.py", line 273, in accept_handler
  File "/usr/lib/python3.12/socket.py", line 295, in accept
OSError: [Errno 24] Too many open files
Exception in callback BaseAsyncIOLoop._handle_events(7, 1)
handle: <Handle BaseAsyncIOLoop._handle_events(7, 1)>
Traceback (most recent call last):
  File "/usr/lib/python3.12/asyncio/events.py", line 88, in _run
  File "/home/Shared/UniBe-swiss-ndvi/GitHub/swiss-ndvi-processing/.venv/lib/python3.12/site-packages/tornado/platform/asyncio.py", line 208, in _handle_events
  File "/home/Shared/UniBe-swiss-ndvi/GitHub/swiss-ndvi-processing/.venv/lib/python3.12/site-packages/tornado/netutil.py", line 273, in accept_handler
  File "/usr/lib/python3.12/socket.py", line 295, in accept
OSError: [Errno 24] Too many open files
Exception in callback BaseAsyncIOLoop._handle_events(7, 1)
handle: <Handle BaseAsyncIOLoop._handle_events(7, 1)>
Traceback (most recent call last):
  File "/usr/lib/python3.12/asyncio/events.py", line 88, in _run
  File "/home/Shared/UniBe-swiss-ndvi/GitHub/swiss-ndvi-processing/.venv/lib/python3.12/site-packages/tornado/platform/asyncio.py", line 208, in _handle_events
  File "/home/Shared/UniBe-swiss-ndvi/GitHub/swiss-ndvi-processing/.venv/lib/python3.12/site-packages/tornado/netutil.py", line 273, in accept_handler
  File "/usr/lib/python3.12/socket.py", line 295, in accept
OSError: [Errno 24] Too many open files
Exception in callback BaseAsyncIOLoop._handle_events(7, 1)
handle: <Handle BaseAsyncIOLoop._handle_events(7, 1)>
Traceback (most recent call last):
  File "/usr/lib/python3.12/asyncio/events.py", line 88, in _run
  File "/home/Shared/UniBe-swiss-ndvi/GitHub/swiss-ndvi-processing/.venv/lib/python3.12/site-packages/tornado/platform/asyncio.py", line 208, in _handle_events
  File "/home/Shared/UniBe-swiss-ndvi/GitHub/swiss-ndvi-processing/.venv/lib/python3.12/site-packages/tornado/netutil.py", line 273, in accept_handler
  File "/usr/lib/python3.12/socket.py", line 295, in accept
OSError: [Errno 24] Too many open files
Exception in callback BaseAsyncIOLoop._handle_events(7, 1)
handle: <Handle BaseAsyncIOLoop._handle_events(7, 1)>
Traceback (most recent call last):
  File "/usr/lib/python3.12/asyncio/events.py", line 88, in _run
  File "/home/Shared/UniBe-swiss-ndvi/GitHub/swiss-ndvi-processing/.venv/lib/python3.12/site-packages/tornado/platform/asyncio.py", line 208, in _handle_events
  File "/home/Shared/UniBe-swiss-ndvi/GitHub/swiss-ndvi-processing/.venv/lib/python3.12/site-packages/tornado/netutil.py", line 273, in accept_handler
  File "/usr/lib/python3.12/socket.py", line 295, in accept
OSError: [Errno 24] Too many open files
Exception in callback BaseAsyncIOLoop._handle_events(7, 1)
handle: <Handle BaseAsyncIOLoop._handle_events(7, 1)>
Traceback (most recent call last):
  File "/usr/lib/python3.12/asyncio/events.py", line 88, in _run
  File "/home/Shared/UniBe-swiss-ndvi/GitHub/swiss-ndvi-processing/.venv/lib/python3.12/site-packages/tornado/platform/asyncio.py", line 208, in _handle_events
  File "/home/Shared/UniBe-swiss-ndvi/GitHub/swiss-ndvi-processing/.venv/lib/python3.12/site-packages/tornado/netutil.py", line 273, in accept_handler
  File "/usr/lib/python3.12/socket.py", line 295, in accept
OSError: [Errno 24] Too many open files
Exception in callback BaseAsyncIOLoop._handle_events(7, 1)
handle: <Handle BaseAsyncIOLoop._handle_events(7, 1)>
Traceback (most recent call last):
  File "/usr/lib/python3.12/asyncio/events.py", line 88, in _run
  File "/home/Shared/UniBe-swiss-ndvi/GitHub/swiss-ndvi-processing/.venv/lib/python3.12/site-packages/tornado/platform/asyncio.py", line 208, in _handle_events
  File "/home/Shared/UniBe-swiss-ndvi/GitHub/swiss-ndvi-processing/.venv/lib/python3.12/site-packages/tornado/netutil.py", line 273, in accept_handler
  File "/usr/lib/python3.12/socket.py", line 295, in accept
OSError: [Errno 24] Too many open files
Exception in callback BaseAsyncIOLoop._handle_events(7, 1)
handle: <Handle BaseAsyncIOLoop._handle_events(7, 1)>
Traceback (most recent call last):
  File "/usr/lib/python3.12/asyncio/events.py", line 88, in _run
  File "/home/Shared/UniBe-swiss-ndvi/GitHub/swiss-ndvi-processing/.venv/lib/python3.12/site-packages/tornado/platform/asyncio.py", line 208, in _handle_events
  File "/home/Shared/UniBe-swiss-ndvi/GitHub/swiss-ndvi-processing/.venv/lib/python3.12/site-packages/tornado/netutil.py", line 273, in accept_handler
  File "/usr/lib/python3.12/socket.py", line 295, in accept
OSError: [Errno 24] Too many open files
Exception in callback BaseAsyncIOLoop._handle_events(7, 1)
handle: <Handle BaseAsyncIOLoop._handle_events(7, 1)>
Traceback (most recent call last):
  File "/usr/lib/python3.12/asyncio/events.py", line 88, in _run
  File "/home/Shared/UniBe-swiss-ndvi/GitHub/swiss-ndvi-processing/.venv/lib/python3.12/site-packages/tornado/platform/asyncio.py", line 208, in _handle_events
  File "/home/Shared/UniBe-swiss-ndvi/GitHub/swiss-ndvi-processing/.venv/lib/python3.12/site-packages/tornado/netutil.py", line 273, in accept_handler
  File "/usr/lib/python3.12/socket.py", line 295, in accept
OSError: [Errno 24] Too many open files
Exception in callback BaseAsyncIOLoop._handle_events(7, 1)
handle: <Handle BaseAsyncIOLoop._handle_events(7, 1)>
Traceback (most recent call last):
  File "/usr/lib/python3.12/asyncio/events.py", line 88, in _run
  File "/home/Shared/UniBe-swiss-ndvi/GitHub/swiss-ndvi-processing/.venv/lib/python3.12/site-packages/tornado/platform/asyncio.py", line 208, in _handle_events
  File "/home/Shared/UniBe-swiss-ndvi/GitHub/swiss-ndvi-processing/.venv/lib/python3.12/site-packages/tornado/netutil.py", line 273, in accept_handler
  File "/usr/lib/python3.12/socket.py", line 295, in accept
OSError: [Errno 24] Too many open files
Exception in callback BaseAsyncIOLoop._handle_events(7, 1)
handle: <Handle BaseAsyncIOLoop._handle_events(7, 1)>
Traceback (most recent call last):
  File "/usr/lib/python3.12/asyncio/events.py", line 88, in _run
  File "/home/Shared/UniBe-swiss-ndvi/GitHub/swiss-ndvi-processing/.venv/lib/python3.12/site-packages/tornado/platform/asyncio.py", line 208, in _handle_events
  File "/home/Shared/UniBe-swiss-ndvi/GitHub/swiss-ndvi-processing/.venv/lib/python3.12/site-packages/tornado/netutil.py", line 273, in accept_handler
  File "/usr/lib/python3.12/socket.py", line 295, in accept
OSError: [Errno 24] Too many open files
Exception in callback BaseAsyncIOLoop._handle_events(7, 1)
handle: <Handle BaseAsyncIOLoop._handle_events(7, 1)>
Traceback (most recent call last):
  File "/usr/lib/python3.12/asyncio/events.py", line 88, in _run
  File "/home/Shared/UniBe-swiss-ndvi/GitHub/swiss-ndvi-processing/.venv/lib/python3.12/site-packages/tornado/platform/asyncio.py", line 208, in _handle_events
  File "/home/Shared/UniBe-swiss-ndvi/GitHub/swiss-ndvi-processing/.venv/lib/python3.12/site-packages/tornado/netutil.py", line 273, in accept_handler
  File "/usr/lib/python3.12/socket.py", line 295, in accept
OSError: [Errno 24] Too many open files
Exception in callback BaseAsyncIOLoop._handle_events(7, 1)
handle: <Handle BaseAsyncIOLoop._handle_events(7, 1)>
Traceback (most recent call last):
  File "/usr/lib/python3.12/asyncio/events.py", line 88, in _run
  File "/home/Shared/UniBe-swiss-ndvi/GitHub/swiss-ndvi-processing/.venv/lib/python3.12/site-packages/tornado/platform/asyncio.py", line 208, in _handle_events
  File "/home/Shared/UniBe-swiss-ndvi/GitHub/swiss-ndvi-processing/.venv/lib/python3.12/site-packages/tornado/netutil.py", line 273, in accept_handler
  File "/usr/lib/python3.12/socket.py", line 295, in accept
OSError: [Errno 24] Too many open files
Exception in callback BaseAsyncIOLoop._handle_events(7, 1)
handle: <Handle BaseAsyncIOLoop._handle_events(7, 1)>
Traceback (most recent call last):
  File "/usr/lib/python3.12/asyncio/events.py", line 88, in _run
  File "/home/Shared/UniBe-swiss-ndvi/GitHub/swiss-ndvi-processing/.venv/lib/python3.12/site-packages/tornado/platform/asyncio.py", line 208, in _handle_events
  File "/home/Shared/UniBe-swiss-ndvi/GitHub/swiss-ndvi-processing/.venv/lib/python3.12/site-packages/tornado/netutil.py", line 273, in accept_handler
  File "/usr/lib/python3.12/socket.py", line 295, in accept
OSError: [Errno 24] Too many open files
Exception in callback BaseAsyncIOLoop._handle_events(7, 1)
handle: <Handle BaseAsyncIOLoop._handle_events(7, 1)>
Traceback (most recent call last):
  File "/usr/lib/python3.12/asyncio/events.py", line 88, in _run
  File "/home/Shared/UniBe-swiss-ndvi/GitHub/swiss-ndvi-processing/.venv/lib/python3.12/site-packages/tornado/platform/asyncio.py", line 208, in _handle_events
  File "/home/Shared/UniBe-swiss-ndvi/GitHub/swiss-ndvi-processing/.venv/lib/python3.12/site-packages/tornado/netutil.py", line 273, in accept_handler
  File "/usr/lib/python3.12/socket.py", line 295, in accept
OSError: [Errno 24] Too many open files
Exception in callback BaseAsyncIOLoop._handle_events(7, 1)
handle: <Handle BaseAsyncIOLoop._handle_events(7, 1)>
Traceback (most recent call last):
  File "/usr/lib/python3.12/asyncio/events.py", line 88, in _run
  File "/home/Shared/UniBe-swiss-ndvi/GitHub/swiss-ndvi-processing/.venv/lib/python3.12/site-packages/tornado/platform/asyncio.py", line 208, in _handle_events
  File "/home/Shared/UniBe-swiss-ndvi/GitHub/swiss-ndvi-processing/.venv/lib/python3.12/site-packages/tornado/netutil.py", line 273, in accept_handler
  File "/usr/lib/python3.12/socket.py", line 295, in accept
OSError: [Errno 24] Too many open files
Exception in callback BaseAsyncIOLoop._handle_events(7, 1)
handle: <Handle BaseAsyncIOLoop._handle_events(7, 1)>
Traceback (most recent call last):
  File "/usr/lib/python3.12/asyncio/events.py", line 88, in _run
  File "/home/Shared/UniBe-swiss-ndvi/GitHub/swiss-ndvi-processing/.venv/lib/python3.12/site-packages/tornado/platform/asyncio.py", line 208, in _handle_events
  File "/home/Shared/UniBe-swiss-ndvi/GitHub/swiss-ndvi-processing/.venv/lib/python3.12/site-packages/tornado/netutil.py", line 273, in accept_handler
  File "/usr/lib/python3.12/socket.py", line 295, in accept
OSError: [Errno 24] Too many open files
Exception in callback BaseAsyncIOLoop._handle_events(7, 1)
handle: <Handle BaseAsyncIOLoop._handle_events(7, 1)>
Traceback (most recent call last):
  File "/usr/lib/python3.12/asyncio/events.py", line 88, in _run
  File "/home/Shared/UniBe-swiss-ndvi/GitHub/swiss-ndvi-processing/.venv/lib/python3.12/site-packages/tornado/platform/asyncio.py", line 208, in _handle_events
  File "/home/Shared/UniBe-swiss-ndvi/GitHub/swiss-ndvi-processing/.venv/lib/python3.12/site-packages/tornado/netutil.py", line 273, in accept_handler
  File "/usr/lib/python3.12/socket.py", line 295, in accept
OSError: [Errno 24] Too many open files
Exception in callback BaseAsyncIOLoop._handle_events(7, 1)
handle: <Handle BaseAsyncIOLoop._handle_events(7, 1)>
Traceback (most recent call last):
  File "/usr/lib/python3.12/asyncio/events.py", line 88, in _run
  File "/home/Shared/UniBe-swiss-ndvi/GitHub/swiss-ndvi-processing/.venv/lib/python3.12/site-packages/tornado/platform/asyncio.py", line 208, in _handle_events
  File "/home/Shared/UniBe-swiss-ndvi/GitHub/swiss-ndvi-processing/.venv/lib/python3.12/site-packages/tornado/netutil.py", line 273, in accept_handler
  File "/usr/lib/python3.12/socket.py", line 295, in accept
OSError: [Errno 24] Too many open files
Exception in callback BaseAsyncIOLoop._handle_events(7, 1)
handle: <Handle BaseAsyncIOLoop._handle_events(7, 1)>
Traceback (most recent call last):
  File "/usr/lib/python3.12/asyncio/events.py", line 88, in _run
  File "/home/Shared/UniBe-swiss-ndvi/GitHub/swiss-ndvi-processing/.venv/lib/python3.12/site-packages/tornado/platform/asyncio.py", line 208, in _handle_events
  File "/home/Shared/UniBe-swiss-ndvi/GitHub/swiss-ndvi-processing/.venv/lib/python3.12/site-packages/tornado/netutil.py", line 273, in accept_handler
  File "/usr/lib/python3.12/socket.py", line 295, in accept
OSError: [Errno 24] Too many open files
Exception in callback BaseAsyncIOLoop._handle_events(7, 1)
handle: <Handle BaseAsyncIOLoop._handle_events(7, 1)>
Traceback (most recent call last):
  File "/usr/lib/python3.12/asyncio/events.py", line 88, in _run
  File "/home/Shared/UniBe-swiss-ndvi/GitHub/swiss-ndvi-processing/.venv/lib/python3.12/site-packages/tornado/platform/asyncio.py", line 208, in _handle_events
  File "/home/Shared/UniBe-swiss-ndvi/GitHub/swiss-ndvi-processing/.venv/lib/python3.12/site-packages/tornado/netutil.py", line 273, in accept_handler
  File "/usr/lib/python3.12/socket.py", line 295, in accept
OSError: [Errno 24] Too many open files
Exception in callback BaseAsyncIOLoop._handle_events(7, 1)
handle: <Handle BaseAsyncIOLoop._handle_events(7, 1)>
Traceback (most recent call last):
  File "/usr/lib/python3.12/asyncio/events.py", line 88, in _run
  File "/home/Shared/UniBe-swiss-ndvi/GitHub/swiss-ndvi-processing/.venv/lib/python3.12/site-packages/tornado/platform/asyncio.py", line 208, in _handle_events
  File "/home/Shared/UniBe-swiss-ndvi/GitHub/swiss-ndvi-processing/.venv/lib/python3.12/site-packages/tornado/netutil.py", line 273, in accept_handler
  File "/usr/lib/python3.12/socket.py", line 295, in accept
OSError: [Errno 24] Too many open files
Exception in callback BaseAsyncIOLoop._handle_events(7, 1)
handle: <Handle BaseAsyncIOLoop._handle_events(7, 1)>
Traceback (most recent call last):
  File "/usr/lib/python3.12/asyncio/events.py", line 88, in _run
  File "/home/Shared/UniBe-swiss-ndvi/GitHub/swiss-ndvi-processing/.venv/lib/python3.12/site-packages/tornado/platform/asyncio.py", line 208, in _handle_events
  File "/home/Shared/UniBe-swiss-ndvi/GitHub/swiss-ndvi-processing/.venv/lib/python3.12/site-packages/tornado/netutil.py", line 273, in accept_handler
  File "/usr/lib/python3.12/socket.py", line 295, in accept
OSError: [Errno 24] Too many open files
Exception in callback BaseAsyncIOLoop._handle_events(7, 1)
handle: <Handle BaseAsyncIOLoop._handle_events(7, 1)>
Traceback (most recent call last):
  File "/usr/lib/python3.12/asyncio/events.py", line 88, in _run
  File "/home/Shared/UniBe-swiss-ndvi/GitHub/swiss-ndvi-processing/.venv/lib/python3.12/site-packages/tornado/platform/asyncio.py", line 208, in _handle_events
  File "/home/Shared/UniBe-swiss-ndvi/GitHub/swiss-ndvi-processing/.venv/lib/python3.12/site-packages/tornado/netutil.py", line 273, in accept_handler
  File "/usr/lib/python3.12/socket.py", line 295, in accept
OSError: [Errno 24] Too many open files
Exception in callback BaseAsyncIOLoop._handle_events(7, 1)
handle: <Handle BaseAsyncIOLoop._handle_events(7, 1)>
Traceback (most recent call last):
  File "/usr/lib/python3.12/asyncio/events.py", line 88, in _run
  File "/home/Shared/UniBe-swiss-ndvi/GitHub/swiss-ndvi-processing/.venv/lib/python3.12/site-packages/tornado/platform/asyncio.py", line 208, in _handle_events
  File "/home/Shared/UniBe-swiss-ndvi/GitHub/swiss-ndvi-processing/.venv/lib/python3.12/site-packages/tornado/netutil.py", line 273, in accept_handler
  File "/usr/lib/python3.12/socket.py", line 295, in accept
OSError: [Errno 24] Too many open files
Exception in callback BaseAsyncIOLoop._handle_events(7, 1)
handle: <Handle BaseAsyncIOLoop._handle_events(7, 1)>
Traceback (most recent call last):
  File "/usr/lib/python3.12/asyncio/events.py", line 88, in _run
  File "/home/Shared/UniBe-swiss-ndvi/GitHub/swiss-ndvi-processing/.venv/lib/python3.12/site-packages/tornado/platform/asyncio.py", line 208, in _handle_events
  File "/home/Shared/UniBe-swiss-ndvi/GitHub/swiss-ndvi-processing/.venv/lib/python3.12/site-packages/tornado/netutil.py", line 273, in accept_handler
  File "/usr/lib/python3.12/socket.py", line 295, in accept
OSError: [Errno 24] Too many open files
Exception in callback BaseAsyncIOLoop._handle_events(7, 1)
handle: <Handle BaseAsyncIOLoop._handle_events(7, 1)>
Traceback (most recent call last):
  File "/usr/lib/python3.12/asyncio/events.py", line 88, in _run
  File "/home/Shared/UniBe-swiss-ndvi/GitHub/swiss-ndvi-processing/.venv/lib/python3.12/site-packages/tornado/platform/asyncio.py", line 208, in _handle_events
  File "/home/Shared/UniBe-swiss-ndvi/GitHub/swiss-ndvi-processing/.venv/lib/python3.12/site-packages/tornado/netutil.py", line 273, in accept_handler
  File "/usr/lib/python3.12/socket.py", line 295, in accept
OSError: [Errno 24] Too many open files
Exception in callback BaseAsyncIOLoop._handle_events(7, 1)
handle: <Handle BaseAsyncIOLoop._handle_events(7, 1)>
Traceback (most recent call last):
  File "/usr/lib/python3.12/asyncio/events.py", line 88, in _run
  File "/home/Shared/UniBe-swiss-ndvi/GitHub/swiss-ndvi-processing/.venv/lib/python3.12/site-packages/tornado/platform/asyncio.py", line 208, in _handle_events
  File "/home/Shared/UniBe-swiss-ndvi/GitHub/swiss-ndvi-processing/.venv/lib/python3.12/site-packages/tornado/netutil.py", line 273, in accept_handler
  File "/usr/lib/python3.12/socket.py", line 295, in accept
OSError: [Errno 24] Too many open files
Exception in callback BaseAsyncIOLoop._handle_events(7, 1)
handle: <Handle BaseAsyncIOLoop._handle_events(7, 1)>
Traceback (most recent call last):
  File "/usr/lib/python3.12/asyncio/events.py", line 88, in _run
  File "/home/Shared/UniBe-swiss-ndvi/GitHub/swiss-ndvi-processing/.venv/lib/python3.12/site-packages/tornado/platform/asyncio.py", line 208, in _handle_events
  File "/home/Shared/UniBe-swiss-ndvi/GitHub/swiss-ndvi-processing/.venv/lib/python3.12/site-packages/tornado/netutil.py", line 273, in accept_handler
  File "/usr/lib/python3.12/socket.py", line 295, in accept
OSError: [Errno 24] Too many open files
Exception in callback BaseAsyncIOLoop._handle_events(7, 1)
handle: <Handle BaseAsyncIOLoop._handle_events(7, 1)>
Traceback (most recent call last):
  File "/usr/lib/python3.12/asyncio/events.py", line 88, in _run
  File "/home/Shared/UniBe-swiss-ndvi/GitHub/swiss-ndvi-processing/.venv/lib/python3.12/site-packages/tornado/platform/asyncio.py", line 208, in _handle_events
  File "/home/Shared/UniBe-swiss-ndvi/GitHub/swiss-ndvi-processing/.venv/lib/python3.12/site-packages/tornado/netutil.py", line 273, in accept_handler
  File "/usr/lib/python3.12/socket.py", line 295, in accept
OSError: [Errno 24] Too many open files
Exception in callback BaseAsyncIOLoop._handle_events(7, 1)
handle: <Handle BaseAsyncIOLoop._handle_events(7, 1)>
Traceback (most recent call last):
  File "/usr/lib/python3.12/asyncio/events.py", line 88, in _run
  File "/home/Shared/UniBe-swiss-ndvi/GitHub/swiss-ndvi-processing/.venv/lib/python3.12/site-packages/tornado/platform/asyncio.py", line 208, in _handle_events
  File "/home/Shared/UniBe-swiss-ndvi/GitHub/swiss-ndvi-processing/.venv/lib/python3.12/site-packages/tornado/netutil.py", line 273, in accept_handler
  File "/usr/lib/python3.12/socket.py", line 295, in accept
OSError: [Errno 24] Too many open files
Exception in callback BaseAsyncIOLoop._handle_events(7, 1)
handle: <Handle BaseAsyncIOLoop._handle_events(7, 1)>
Traceback (most recent call last):
  File "/usr/lib/python3.12/asyncio/events.py", line 88, in _run
  File "/home/Shared/UniBe-swiss-ndvi/GitHub/swiss-ndvi-processing/.venv/lib/python3.12/site-packages/tornado/platform/asyncio.py", line 208, in _handle_events
  File "/home/Shared/UniBe-swiss-ndvi/GitHub/swiss-ndvi-processing/.venv/lib/python3.12/site-packages/tornado/netutil.py", line 273, in accept_handler
  File "/usr/lib/python3.12/socket.py", line 295, in accept
OSError: [Errno 24] Too many open files
Exception in callback BaseAsyncIOLoop._handle_events(7, 1)
handle: <Handle BaseAsyncIOLoop._handle_events(7, 1)>
Traceback (most recent call last):
  File "/usr/lib/python3.12/asyncio/events.py", line 88, in _run
  File "/home/Shared/UniBe-swiss-ndvi/GitHub/swiss-ndvi-processing/.venv/lib/python3.12/site-packages/tornado/platform/asyncio.py", line 208, in _handle_events
  File "/home/Shared/UniBe-swiss-ndvi/GitHub/swiss-ndvi-processing/.venv/lib/python3.12/site-packages/tornado/netutil.py", line 273, in accept_handler
  File "/usr/lib/python3.12/socket.py", line 295, in accept
OSError: [Errno 24] Too many open files
Exception in callback BaseAsyncIOLoop._handle_events(7, 1)
handle: <Handle BaseAsyncIOLoop._handle_events(7, 1)>
Traceback (most recent call last):
  File "/usr/lib/python3.12/asyncio/events.py", line 88, in _run
  File "/home/Shared/UniBe-swiss-ndvi/GitHub/swiss-ndvi-processing/.venv/lib/python3.12/site-packages/tornado/platform/asyncio.py", line 208, in _handle_events
  File "/home/Shared/UniBe-swiss-ndvi/GitHub/swiss-ndvi-processing/.venv/lib/python3.12/site-packages/tornado/netutil.py", line 273, in accept_handler
  File "/usr/lib/python3.12/socket.py", line 295, in accept
OSError: [Errno 24] Too many open files
Exception in callback BaseAsyncIOLoop._handle_events(7, 1)
handle: <Handle BaseAsyncIOLoop._handle_events(7, 1)>
Traceback (most recent call last):
  File "/usr/lib/python3.12/asyncio/events.py", line 88, in _run
  File "/home/Shared/UniBe-swiss-ndvi/GitHub/swiss-ndvi-processing/.venv/lib/python3.12/site-packages/tornado/platform/asyncio.py", line 208, in _handle_events
  File "/home/Shared/UniBe-swiss-ndvi/GitHub/swiss-ndvi-processing/.venv/lib/python3.12/site-packages/tornado/netutil.py", line 273, in accept_handler
  File "/usr/lib/python3.12/socket.py", line 295, in accept
OSError: [Errno 24] Too many open files
Exception in callback BaseAsyncIOLoop._handle_events(7, 1)
handle: <Handle BaseAsyncIOLoop._handle_events(7, 1)>
Traceback (most recent call last):
  File "/usr/lib/python3.12/asyncio/events.py", line 88, in _run
  File "/home/Shared/UniBe-swiss-ndvi/GitHub/swiss-ndvi-processing/.venv/lib/python3.12/site-packages/tornado/platform/asyncio.py", line 208, in _handle_events
  File "/home/Shared/UniBe-swiss-ndvi/GitHub/swiss-ndvi-processing/.venv/lib/python3.12/site-packages/tornado/netutil.py", line 273, in accept_handler
  File "/usr/lib/python3.12/socket.py", line 295, in accept
OSError: [Errno 24] Too many open files
Exception in callback BaseAsyncIOLoop._handle_events(7, 1)
handle: <Handle BaseAsyncIOLoop._handle_events(7, 1)>
Traceback (most recent call last):
  File "/usr/lib/python3.12/asyncio/events.py", line 88, in _run
  File "/home/Shared/UniBe-swiss-ndvi/GitHub/swiss-ndvi-processing/.venv/lib/python3.12/site-packages/tornado/platform/asyncio.py", line 208, in _handle_events
  File "/home/Shared/UniBe-swiss-ndvi/GitHub/swiss-ndvi-processing/.venv/lib/python3.12/site-packages/tornado/netutil.py", line 273, in accept_handler
  File "/usr/lib/python3.12/socket.py", line 295, in accept
OSError: [Errno 24] Too many open files
Exception in callback BaseAsyncIOLoop._handle_events(7, 1)
handle: <Handle BaseAsyncIOLoop._handle_events(7, 1)>
Traceback (most recent call last):
  File "/usr/lib/python3.12/asyncio/events.py", line 88, in _run
  File "/home/Shared/UniBe-swiss-ndvi/GitHub/swiss-ndvi-processing/.venv/lib/python3.12/site-packages/tornado/platform/asyncio.py", line 208, in _handle_events
  File "/home/Shared/UniBe-swiss-ndvi/GitHub/swiss-ndvi-processing/.venv/lib/python3.12/site-packages/tornado/netutil.py", line 273, in accept_handler
  File "/usr/lib/python3.12/socket.py", line 295, in accept
OSError: [Errno 24] Too many open files
Exception in callback BaseAsyncIOLoop._handle_events(7, 1)
handle: <Handle BaseAsyncIOLoop._handle_events(7, 1)>
Traceback (most recent call last):
  File "/usr/lib/python3.12/asyncio/events.py", line 88, in _run
  File "/home/Shared/UniBe-swiss-ndvi/GitHub/swiss-ndvi-processing/.venv/lib/python3.12/site-packages/tornado/platform/asyncio.py", line 208, in _handle_events
  File "/home/Shared/UniBe-swiss-ndvi/GitHub/swiss-ndvi-processing/.venv/lib/python3.12/site-packages/tornado/netutil.py", line 273, in accept_handler
  File "/usr/lib/python3.12/socket.py", line 295, in accept
OSError: [Errno 24] Too many open files
Exception in callback BaseAsyncIOLoop._handle_events(7, 1)
handle: <Handle BaseAsyncIOLoop._handle_events(7, 1)>
Traceback (most recent call last):
  File "/usr/lib/python3.12/asyncio/events.py", line 88, in _run
  File "/home/Shared/UniBe-swiss-ndvi/GitHub/swiss-ndvi-processing/.venv/lib/python3.12/site-packages/tornado/platform/asyncio.py", line 208, in _handle_events
  File "/home/Shared/UniBe-swiss-ndvi/GitHub/swiss-ndvi-processing/.venv/lib/python3.12/site-packages/tornado/netutil.py", line 273, in accept_handler
  File "/usr/lib/python3.12/socket.py", line 295, in accept
OSError: [Errno 24] Too many open files
Exception in callback BaseAsyncIOLoop._handle_events(7, 1)
handle: <Handle BaseAsyncIOLoop._handle_events(7, 1)>
Traceback (most recent call last):
  File "/usr/lib/python3.12/asyncio/events.py", line 88, in _run
  File "/home/Shared/UniBe-swiss-ndvi/GitHub/swiss-ndvi-processing/.venv/lib/python3.12/site-packages/tornado/platform/asyncio.py", line 208, in _handle_events
  File "/home/Shared/UniBe-swiss-ndvi/GitHub/swiss-ndvi-processing/.venv/lib/python3.12/site-packages/tornado/netutil.py", line 273, in accept_handler
  File "/usr/lib/python3.12/socket.py", line 295, in accept
OSError: [Errno 24] Too many open files
Exception in callback BaseAsyncIOLoop._handle_events(7, 1)
handle: <Handle BaseAsyncIOLoop._handle_events(7, 1)>
Traceback (most recent call last):
  File "/usr/lib/python3.12/asyncio/events.py", line 88, in _run
  File "/home/Shared/UniBe-swiss-ndvi/GitHub/swiss-ndvi-processing/.venv/lib/python3.12/site-packages/tornado/platform/asyncio.py", line 208, in _handle_events
  File "/home/Shared/UniBe-swiss-ndvi/GitHub/swiss-ndvi-processing/.venv/lib/python3.12/site-packages/tornado/netutil.py", line 273, in accept_handler
  File "/usr/lib/python3.12/socket.py", line 295, in accept
OSError: [Errno 24] Too many open files
Exception in callback BaseAsyncIOLoop._handle_events(7, 1)
handle: <Handle BaseAsyncIOLoop._handle_events(7, 1)>
Traceback (most recent call last):
  File "/usr/lib/python3.12/asyncio/events.py", line 88, in _run
  File "/home/Shared/UniBe-swiss-ndvi/GitHub/swiss-ndvi-processing/.venv/lib/python3.12/site-packages/tornado/platform/asyncio.py", line 208, in _handle_events
  File "/home/Shared/UniBe-swiss-ndvi/GitHub/swiss-ndvi-processing/.venv/lib/python3.12/site-packages/tornado/netutil.py", line 273, in accept_handler
  File "/usr/lib/python3.12/socket.py", line 295, in accept
OSError: [Errno 24] Too many open files
Exception in callback BaseAsyncIOLoop._handle_events(7, 1)
handle: <Handle BaseAsyncIOLoop._handle_events(7, 1)>
Traceback (most recent call last):
  File "/usr/lib/python3.12/asyncio/events.py", line 88, in _run
  File "/home/Shared/UniBe-swiss-ndvi/GitHub/swiss-ndvi-processing/.venv/lib/python3.12/site-packages/tornado/platform/asyncio.py", line 208, in _handle_events
  File "/home/Shared/UniBe-swiss-ndvi/GitHub/swiss-ndvi-processing/.venv/lib/python3.12/site-packages/tornado/netutil.py", line 273, in accept_handler
  File "/usr/lib/python3.12/socket.py", line 295, in accept
OSError: [Errno 24] Too many open files
Exception in callback BaseAsyncIOLoop._handle_events(7, 1)
handle: <Handle BaseAsyncIOLoop._handle_events(7, 1)>
Traceback (most recent call last):
  File "/usr/lib/python3.12/asyncio/events.py", line 88, in _run
  File "/home/Shared/UniBe-swiss-ndvi/GitHub/swiss-ndvi-processing/.venv/lib/python3.12/site-packages/tornado/platform/asyncio.py", line 208, in _handle_events
  File "/home/Shared/UniBe-swiss-ndvi/GitHub/swiss-ndvi-processing/.venv/lib/python3.12/site-packages/tornado/netutil.py", line 273, in accept_handler
  File "/usr/lib/python3.12/socket.py", line 295, in accept
OSError: [Errno 24] Too many open files
Exception in callback BaseAsyncIOLoop._handle_events(7, 1)
handle: <Handle BaseAsyncIOLoop._handle_events(7, 1)>
Traceback (most recent call last):
  File "/usr/lib/python3.12/asyncio/events.py", line 88, in _run
  File "/home/Shared/UniBe-swiss-ndvi/GitHub/swiss-ndvi-processing/.venv/lib/python3.12/site-packages/tornado/platform/asyncio.py", line 208, in _handle_events
  File "/home/Shared/UniBe-swiss-ndvi/GitHub/swiss-ndvi-processing/.venv/lib/python3.12/site-packages/tornado/netutil.py", line 273, in accept_handler
  File "/usr/lib/python3.12/socket.py", line 295, in accept
OSError: [Errno 24] Too many open files
Exception in callback BaseAsyncIOLoop._handle_events(7, 1)
handle: <Handle BaseAsyncIOLoop._handle_events(7, 1)>
Traceback (most recent call last):
  File "/usr/lib/python3.12/asyncio/events.py", line 88, in _run
  File "/home/Shared/UniBe-swiss-ndvi/GitHub/swiss-ndvi-processing/.venv/lib/python3.12/site-packages/tornado/platform/asyncio.py", line 208, in _handle_events
  File "/home/Shared/UniBe-swiss-ndvi/GitHub/swiss-ndvi-processing/.venv/lib/python3.12/site-packages/tornado/netutil.py", line 273, in accept_handler
  File "/usr/lib/python3.12/socket.py", line 295, in accept
OSError: [Errno 24] Too many open files
Exception in callback BaseAsyncIOLoop._handle_events(7, 1)
handle: <Handle BaseAsyncIOLoop._handle_events(7, 1)>
Traceback (most recent call last):
  File "/usr/lib/python3.12/asyncio/events.py", line 88, in _run
  File "/home/Shared/UniBe-swiss-ndvi/GitHub/swiss-ndvi-processing/.venv/lib/python3.12/site-packages/tornado/platform/asyncio.py", line 208, in _handle_events
  File "/home/Shared/UniBe-swiss-ndvi/GitHub/swiss-ndvi-processing/.venv/lib/python3.12/site-packages/tornado/netutil.py", line 273, in accept_handler
  File "/usr/lib/python3.12/socket.py", line 295, in accept
OSError: [Errno 24] Too many open files
Exception in callback BaseAsyncIOLoop._handle_events(7, 1)
handle: <Handle BaseAsyncIOLoop._handle_events(7, 1)>
Traceback (most recent call last):
  File "/usr/lib/python3.12/asyncio/events.py", line 88, in _run
  File "/home/Shared/UniBe-swiss-ndvi/GitHub/swiss-ndvi-processing/.venv/lib/python3.12/site-packages/tornado/platform/asyncio.py", line 208, in _handle_events
  File "/home/Shared/UniBe-swiss-ndvi/GitHub/swiss-ndvi-processing/.venv/lib/python3.12/site-packages/tornado/netutil.py", line 273, in accept_handler
  File "/usr/lib/python3.12/socket.py", line 295, in accept
OSError: [Errno 24] Too many open files
Exception in callback BaseAsyncIOLoop._handle_events(7, 1)
handle: <Handle BaseAsyncIOLoop._handle_events(7, 1)>
Traceback (most recent call last):
  File "/usr/lib/python3.12/asyncio/events.py", line 88, in _run
  File "/home/Shared/UniBe-swiss-ndvi/GitHub/swiss-ndvi-processing/.venv/lib/python3.12/site-packages/tornado/platform/asyncio.py", line 208, in _handle_events
  File "/home/Shared/UniBe-swiss-ndvi/GitHub/swiss-ndvi-processing/.venv/lib/python3.12/site-packages/tornado/netutil.py", line 273, in accept_handler
  File "/usr/lib/python3.12/socket.py", line 295, in accept
OSError: [Errno 24] Too many open files
Exception in callback BaseAsyncIOLoop._handle_events(7, 1)
handle: <Handle BaseAsyncIOLoop._handle_events(7, 1)>
Traceback (most recent call last):
  File "/usr/lib/python3.12/asyncio/events.py", line 88, in _run
  File "/home/Shared/UniBe-swiss-ndvi/GitHub/swiss-ndvi-processing/.venv/lib/python3.12/site-packages/tornado/platform/asyncio.py", line 208, in _handle_events
  File "/home/Shared/UniBe-swiss-ndvi/GitHub/swiss-ndvi-processing/.venv/lib/python3.12/site-packages/tornado/netutil.py", line 273, in accept_handler
  File "/usr/lib/python3.12/socket.py", line 295, in accept
OSError: [Errno 24] Too many open files
Exception in callback BaseAsyncIOLoop._handle_events(7, 1)
handle: <Handle BaseAsyncIOLoop._handle_events(7, 1)>
Traceback (most recent call last):
  File "/usr/lib/python3.12/asyncio/events.py", line 88, in _run
  File "/home/Shared/UniBe-swiss-ndvi/GitHub/swiss-ndvi-processing/.venv/lib/python3.12/site-packages/tornado/platform/asyncio.py", line 208, in _handle_events
  File "/home/Shared/UniBe-swiss-ndvi/GitHub/swiss-ndvi-processing/.venv/lib/python3.12/site-packages/tornado/netutil.py", line 273, in accept_handler
  File "/usr/lib/python3.12/socket.py", line 295, in accept
OSError: [Errno 24] Too many open files
Exception in callback BaseAsyncIOLoop._handle_events(7, 1)
handle: <Handle BaseAsyncIOLoop._handle_events(7, 1)>
Traceback (most recent call last):
  File "/usr/lib/python3.12/asyncio/events.py", line 88, in _run
  File "/home/Shared/UniBe-swiss-ndvi/GitHub/swiss-ndvi-processing/.venv/lib/python3.12/site-packages/tornado/platform/asyncio.py", line 208, in _handle_events
  File "/home/Shared/UniBe-swiss-ndvi/GitHub/swiss-ndvi-processing/.venv/lib/python3.12/site-packages/tornado/netutil.py", line 273, in accept_handler
  File "/usr/lib/python3.12/socket.py", line 295, in accept
OSError: [Errno 24] Too many open files
Exception in callback BaseAsyncIOLoop._handle_events(7, 1)
handle: <Handle BaseAsyncIOLoop._handle_events(7, 1)>
Traceback (most recent call last):
  File "/usr/lib/python3.12/asyncio/events.py", line 88, in _run
  File "/home/Shared/UniBe-swiss-ndvi/GitHub/swiss-ndvi-processing/.venv/lib/python3.12/site-packages/tornado/platform/asyncio.py", line 208, in _handle_events
  File "/home/Shared/UniBe-swiss-ndvi/GitHub/swiss-ndvi-processing/.venv/lib/python3.12/site-packages/tornado/netutil.py", line 273, in accept_handler
  File "/usr/lib/python3.12/socket.py", line 295, in accept
OSError: [Errno 24] Too many open files
Exception in callback BaseAsyncIOLoop._handle_events(7, 1)
handle: <Handle BaseAsyncIOLoop._handle_events(7, 1)>
Traceback (most recent call last):
  File "/usr/lib/python3.12/asyncio/events.py", line 88, in _run
  File "/home/Shared/UniBe-swiss-ndvi/GitHub/swiss-ndvi-processing/.venv/lib/python3.12/site-packages/tornado/platform/asyncio.py", line 208, in _handle_events
  File "/home/Shared/UniBe-swiss-ndvi/GitHub/swiss-ndvi-processing/.venv/lib/python3.12/site-packages/tornado/netutil.py", line 273, in accept_handler
  File "/usr/lib/python3.12/socket.py", line 295, in accept
OSError: [Errno 24] Too many open files
Exception in callback BaseAsyncIOLoop._handle_events(7, 1)
handle: <Handle BaseAsyncIOLoop._handle_events(7, 1)>
Traceback (most recent call last):
  File "/usr/lib/python3.12/asyncio/events.py", line 88, in _run
  File "/home/Shared/UniBe-swiss-ndvi/GitHub/swiss-ndvi-processing/.venv/lib/python3.12/site-packages/tornado/platform/asyncio.py", line 208, in _handle_events
  File "/home/Shared/UniBe-swiss-ndvi/GitHub/swiss-ndvi-processing/.venv/lib/python3.12/site-packages/tornado/netutil.py", line 273, in accept_handler
  File "/usr/lib/python3.12/socket.py", line 295, in accept
OSError: [Errno 24] Too many open files
Exception in callback BaseAsyncIOLoop._handle_events(7, 1)
handle: <Handle BaseAsyncIOLoop._handle_events(7, 1)>
Traceback (most recent call last):
  File "/usr/lib/python3.12/asyncio/events.py", line 88, in _run
  File "/home/Shared/UniBe-swiss-ndvi/GitHub/swiss-ndvi-processing/.venv/lib/python3.12/site-packages/tornado/platform/asyncio.py", line 208, in _handle_events
  File "/home/Shared/UniBe-swiss-ndvi/GitHub/swiss-ndvi-processing/.venv/lib/python3.12/site-packages/tornado/netutil.py", line 273, in accept_handler
  File "/usr/lib/python3.12/socket.py", line 295, in accept
OSError: [Errno 24] Too many open files
Exception in callback BaseAsyncIOLoop._handle_events(7, 1)
handle: <Handle BaseAsyncIOLoop._handle_events(7, 1)>
Traceback (most recent call last):
  File "/usr/lib/python3.12/asyncio/events.py", line 88, in _run
  File "/home/Shared/UniBe-swiss-ndvi/GitHub/swiss-ndvi-processing/.venv/lib/python3.12/site-packages/tornado/platform/asyncio.py", line 208, in _handle_events
  File "/home/Shared/UniBe-swiss-ndvi/GitHub/swiss-ndvi-processing/.venv/lib/python3.12/site-packages/tornado/netutil.py", line 273, in accept_handler
  File "/usr/lib/python3.12/socket.py", line 295, in accept
OSError: [Errno 24] Too many open files
Exception in callback BaseAsyncIOLoop._handle_events(7, 1)
handle: <Handle BaseAsyncIOLoop._handle_events(7, 1)>
Traceback (most recent call last):
  File "/usr/lib/python3.12/asyncio/events.py", line 88, in _run
  File "/home/Shared/UniBe-swiss-ndvi/GitHub/swiss-ndvi-processing/.venv/lib/python3.12/site-packages/tornado/platform/asyncio.py", line 208, in _handle_events
  File "/home/Shared/UniBe-swiss-ndvi/GitHub/swiss-ndvi-processing/.venv/lib/python3.12/site-packages/tornado/netutil.py", line 273, in accept_handler
  File "/usr/lib/python3.12/socket.py", line 295, in accept
OSError: [Errno 24] Too many open files
Exception in callback BaseAsyncIOLoop._handle_events(7, 1)
handle: <Handle BaseAsyncIOLoop._handle_events(7, 1)>
Traceback (most recent call last):
  File "/usr/lib/python3.12/asyncio/events.py", line 88, in _run
  File "/home/Shared/UniBe-swiss-ndvi/GitHub/swiss-ndvi-processing/.venv/lib/python3.12/site-packages/tornado/platform/asyncio.py", line 208, in _handle_events
  File "/home/Shared/UniBe-swiss-ndvi/GitHub/swiss-ndvi-processing/.venv/lib/python3.12/site-packages/tornado/netutil.py", line 273, in accept_handler
  File "/usr/lib/python3.12/socket.py", line 295, in accept
OSError: [Errno 24] Too many open files
Exception in callback BaseAsyncIOLoop._handle_events(7, 1)
handle: <Handle BaseAsyncIOLoop._handle_events(7, 1)>
Traceback (most recent call last):
  File "/usr/lib/python3.12/asyncio/events.py", line 88, in _run
  File "/home/Shared/UniBe-swiss-ndvi/GitHub/swiss-ndvi-processing/.venv/lib/python3.12/site-packages/tornado/platform/asyncio.py", line 208, in _handle_events
  File "/home/Shared/UniBe-swiss-ndvi/GitHub/swiss-ndvi-processing/.venv/lib/python3.12/site-packages/tornado/netutil.py", line 273, in accept_handler
  File "/usr/lib/python3.12/socket.py", line 295, in accept
OSError: [Errno 24] Too many open files
Exception in callback BaseAsyncIOLoop._handle_events(7, 1)
handle: <Handle BaseAsyncIOLoop._handle_events(7, 1)>
Traceback (most recent call last):
  File "/usr/lib/python3.12/asyncio/events.py", line 88, in _run
  File "/home/Shared/UniBe-swiss-ndvi/GitHub/swiss-ndvi-processing/.venv/lib/python3.12/site-packages/tornado/platform/asyncio.py", line 208, in _handle_events
  File "/home/Shared/UniBe-swiss-ndvi/GitHub/swiss-ndvi-processing/.venv/lib/python3.12/site-packages/tornado/netutil.py", line 273, in accept_handler
  File "/usr/lib/python3.12/socket.py", line 295, in accept
OSError: [Errno 24] Too many open files
Exception in callback BaseAsyncIOLoop._handle_events(7, 1)
handle: <Handle BaseAsyncIOLoop._handle_events(7, 1)>
Traceback (most recent call last):
  File "/usr/lib/python3.12/asyncio/events.py", line 88, in _run
  File "/home/Shared/UniBe-swiss-ndvi/GitHub/swiss-ndvi-processing/.venv/lib/python3.12/site-packages/tornado/platform/asyncio.py", line 208, in _handle_events
  File "/home/Shared/UniBe-swiss-ndvi/GitHub/swiss-ndvi-processing/.venv/lib/python3.12/site-packages/tornado/netutil.py", line 273, in accept_handler
  File "/usr/lib/python3.12/socket.py", line 295, in accept
OSError: [Errno 24] Too many open files
Exception in callback BaseAsyncIOLoop._handle_events(7, 1)
handle: <Handle BaseAsyncIOLoop._handle_events(7, 1)>
Traceback (most recent call last):
  File "/usr/lib/python3.12/asyncio/events.py", line 88, in _run
  File "/home/Shared/UniBe-swiss-ndvi/GitHub/swiss-ndvi-processing/.venv/lib/python3.12/site-packages/tornado/platform/asyncio.py", line 208, in _handle_events
  File "/home/Shared/UniBe-swiss-ndvi/GitHub/swiss-ndvi-processing/.venv/lib/python3.12/site-packages/tornado/netutil.py", line 273, in accept_handler
  File "/usr/lib/python3.12/socket.py", line 295, in accept
OSError: [Errno 24] Too many open files
Exception in callback BaseAsyncIOLoop._handle_events(7, 1)
handle: <Handle BaseAsyncIOLoop._handle_events(7, 1)>
Traceback (most recent call last):
  File "/usr/lib/python3.12/asyncio/events.py", line 88, in _run
  File "/home/Shared/UniBe-swiss-ndvi/GitHub/swiss-ndvi-processing/.venv/lib/python3.12/site-packages/tornado/platform/asyncio.py", line 208, in _handle_events
  File "/home/Shared/UniBe-swiss-ndvi/GitHub/swiss-ndvi-processing/.venv/lib/python3.12/site-packages/tornado/netutil.py", line 273, in accept_handler
  File "/usr/lib/python3.12/socket.py", line 295, in accept
OSError: [Errno 24] Too many open files
Exception in callback BaseAsyncIOLoop._handle_events(7, 1)
handle: <Handle BaseAsyncIOLoop._handle_events(7, 1)>
Traceback (most recent call last):
  File "/usr/lib/python3.12/asyncio/events.py", line 88, in _run
  File "/home/Shared/UniBe-swiss-ndvi/GitHub/swiss-ndvi-processing/.venv/lib/python3.12/site-packages/tornado/platform/asyncio.py", line 208, in _handle_events
  File "/home/Shared/UniBe-swiss-ndvi/GitHub/swiss-ndvi-processing/.venv/lib/python3.12/site-packages/tornado/netutil.py", line 273, in accept_handler
  File "/usr/lib/python3.12/socket.py", line 295, in accept
OSError: [Errno 24] Too many open files
Exception in callback BaseAsyncIOLoop._handle_events(7, 1)
handle: <Handle BaseAsyncIOLoop._handle_events(7, 1)>
Traceback (most recent call last):
  File "/usr/lib/python3.12/asyncio/events.py", line 88, in _run
  File "/home/Shared/UniBe-swiss-ndvi/GitHub/swiss-ndvi-processing/.venv/lib/python3.12/site-packages/tornado/platform/asyncio.py", line 208, in _handle_events
  File "/home/Shared/UniBe-swiss-ndvi/GitHub/swiss-ndvi-processing/.venv/lib/python3.12/site-packages/tornado/netutil.py", line 273, in accept_handler
  File "/usr/lib/python3.12/socket.py", line 295, in accept
OSError: [Errno 24] Too many open files
Exception in callback BaseAsyncIOLoop._handle_events(7, 1)
handle: <Handle BaseAsyncIOLoop._handle_events(7, 1)>
Traceback (most recent call last):
  File "/usr/lib/python3.12/asyncio/events.py", line 88, in _run
  File "/home/Shared/UniBe-swiss-ndvi/GitHub/swiss-ndvi-processing/.venv/lib/python3.12/site-packages/tornado/platform/asyncio.py", line 208, in _handle_events
  File "/home/Shared/UniBe-swiss-ndvi/GitHub/swiss-ndvi-processing/.venv/lib/python3.12/site-packages/tornado/netutil.py", line 273, in accept_handler
  File "/usr/lib/python3.12/socket.py", line 295, in accept
OSError: [Errno 24] Too many open files
Exception in callback BaseAsyncIOLoop._handle_events(7, 1)
handle: <Handle BaseAsyncIOLoop._handle_events(7, 1)>
Traceback (most recent call last):
  File "/usr/lib/python3.12/asyncio/events.py", line 88, in _run
  File "/home/Shared/UniBe-swiss-ndvi/GitHub/swiss-ndvi-processing/.venv/lib/python3.12/site-packages/tornado/platform/asyncio.py", line 208, in _handle_events
  File "/home/Shared/UniBe-swiss-ndvi/GitHub/swiss-ndvi-processing/.venv/lib/python3.12/site-packages/tornado/netutil.py", line 273, in accept_handler
  File "/usr/lib/python3.12/socket.py", line 295, in accept
OSError: [Errno 24] Too many open files
Exception in callback BaseAsyncIOLoop._handle_events(7, 1)
handle: <Handle BaseAsyncIOLoop._handle_events(7, 1)>
Traceback (most recent call last):
  File "/usr/lib/python3.12/asyncio/events.py", line 88, in _run
  File "/home/Shared/UniBe-swiss-ndvi/GitHub/swiss-ndvi-processing/.venv/lib/python3.12/site-packages/tornado/platform/asyncio.py", line 208, in _handle_events
  File "/home/Shared/UniBe-swiss-ndvi/GitHub/swiss-ndvi-processing/.venv/lib/python3.12/site-packages/tornado/netutil.py", line 273, in accept_handler
  File "/usr/lib/python3.12/socket.py", line 295, in accept
OSError: [Errno 24] Too many open files
Exception in callback BaseAsyncIOLoop._handle_events(7, 1)
handle: <Handle BaseAsyncIOLoop._handle_events(7, 1)>
Traceback (most recent call last):
  File "/usr/lib/python3.12/asyncio/events.py", line 88, in _run
  File "/home/Shared/UniBe-swiss-ndvi/GitHub/swiss-ndvi-processing/.venv/lib/python3.12/site-packages/tornado/platform/asyncio.py", line 208, in _handle_events
  File "/home/Shared/UniBe-swiss-ndvi/GitHub/swiss-ndvi-processing/.venv/lib/python3.12/site-packages/tornado/netutil.py", line 273, in accept_handler
  File "/usr/lib/python3.12/socket.py", line 295, in accept
OSError: [Errno 24] Too many open files
Exception in callback BaseAsyncIOLoop._handle_events(7, 1)
handle: <Handle BaseAsyncIOLoop._handle_events(7, 1)>
Traceback (most recent call last):
  File "/usr/lib/python3.12/asyncio/events.py", line 88, in _run
  File "/home/Shared/UniBe-swiss-ndvi/GitHub/swiss-ndvi-processing/.venv/lib/python3.12/site-packages/tornado/platform/asyncio.py", line 208, in _handle_events
  File "/home/Shared/UniBe-swiss-ndvi/GitHub/swiss-ndvi-processing/.venv/lib/python3.12/site-packages/tornado/netutil.py", line 273, in accept_handler
  File "/usr/lib/python3.12/socket.py", line 295, in accept
OSError: [Errno 24] Too many open files
Exception in callback BaseAsyncIOLoop._handle_events(7, 1)
handle: <Handle BaseAsyncIOLoop._handle_events(7, 1)>
Traceback (most recent call last):
  File "/usr/lib/python3.12/asyncio/events.py", line 88, in _run
  File "/home/Shared/UniBe-swiss-ndvi/GitHub/swiss-ndvi-processing/.venv/lib/python3.12/site-packages/tornado/platform/asyncio.py", line 208, in _handle_events
  File "/home/Shared/UniBe-swiss-ndvi/GitHub/swiss-ndvi-processing/.venv/lib/python3.12/site-packages/tornado/netutil.py", line 273, in accept_handler
  File "/usr/lib/python3.12/socket.py", line 295, in accept
OSError: [Errno 24] Too many open files
Exception in callback BaseAsyncIOLoop._handle_events(7, 1)
handle: <Handle BaseAsyncIOLoop._handle_events(7, 1)>
Traceback (most recent call last):
  File "/usr/lib/python3.12/asyncio/events.py", line 88, in _run
  File "/home/Shared/UniBe-swiss-ndvi/GitHub/swiss-ndvi-processing/.venv/lib/python3.12/site-packages/tornado/platform/asyncio.py", line 208, in _handle_events
  File "/home/Shared/UniBe-swiss-ndvi/GitHub/swiss-ndvi-processing/.venv/lib/python3.12/site-packages/tornado/netutil.py", line 273, in accept_handler
  File "/usr/lib/python3.12/socket.py", line 295, in accept
OSError: [Errno 24] Too many open files
Exception in callback BaseAsyncIOLoop._handle_events(7, 1)
handle: <Handle BaseAsyncIOLoop._handle_events(7, 1)>
Traceback (most recent call last):
  File "/usr/lib/python3.12/asyncio/events.py", line 88, in _run
  File "/home/Shared/UniBe-swiss-ndvi/GitHub/swiss-ndvi-processing/.venv/lib/python3.12/site-packages/tornado/platform/asyncio.py", line 208, in _handle_events
  File "/home/Shared/UniBe-swiss-ndvi/GitHub/swiss-ndvi-processing/.venv/lib/python3.12/site-packages/tornado/netutil.py", line 273, in accept_handler
  File "/usr/lib/python3.12/socket.py", line 295, in accept
OSError: [Errno 24] Too many open files
Exception in callback BaseAsyncIOLoop._handle_events(7, 1)
handle: <Handle BaseAsyncIOLoop._handle_events(7, 1)>
Traceback (most recent call last):
  File "/usr/lib/python3.12/asyncio/events.py", line 88, in _run
  File "/home/Shared/UniBe-swiss-ndvi/GitHub/swiss-ndvi-processing/.venv/lib/python3.12/site-packages/tornado/platform/asyncio.py", line 208, in _handle_events
  File "/home/Shared/UniBe-swiss-ndvi/GitHub/swiss-ndvi-processing/.venv/lib/python3.12/site-packages/tornado/netutil.py", line 273, in accept_handler
  File "/usr/lib/python3.12/socket.py", line 295, in accept
OSError: [Errno 24] Too many open files
Exception in callback BaseAsyncIOLoop._handle_events(7, 1)
handle: <Handle BaseAsyncIOLoop._handle_events(7, 1)>
Traceback (most recent call last):
  File "/usr/lib/python3.12/asyncio/events.py", line 88, in _run
  File "/home/Shared/UniBe-swiss-ndvi/GitHub/swiss-ndvi-processing/.venv/lib/python3.12/site-packages/tornado/platform/asyncio.py", line 208, in _handle_events
  File "/home/Shared/UniBe-swiss-ndvi/GitHub/swiss-ndvi-processing/.venv/lib/python3.12/site-packages/tornado/netutil.py", line 273, in accept_handler
  File "/usr/lib/python3.12/socket.py", line 295, in accept
OSError: [Errno 24] Too many open files
Exception in callback BaseAsyncIOLoop._handle_events(7, 1)
handle: <Handle BaseAsyncIOLoop._handle_events(7, 1)>
Traceback (most recent call last):
  File "/usr/lib/python3.12/asyncio/events.py", line 88, in _run
  File "/home/Shared/UniBe-swiss-ndvi/GitHub/swiss-ndvi-processing/.venv/lib/python3.12/site-packages/tornado/platform/asyncio.py", line 208, in _handle_events
  File "/home/Shared/UniBe-swiss-ndvi/GitHub/swiss-ndvi-processing/.venv/lib/python3.12/site-packages/tornado/netutil.py", line 273, in accept_handler
  File "/usr/lib/python3.12/socket.py", line 295, in accept
OSError: [Errno 24] Too many open files
Exception in callback BaseAsyncIOLoop._handle_events(7, 1)
handle: <Handle BaseAsyncIOLoop._handle_events(7, 1)>
Traceback (most recent call last):
  File "/usr/lib/python3.12/asyncio/events.py", line 88, in _run
  File "/home/Shared/UniBe-swiss-ndvi/GitHub/swiss-ndvi-processing/.venv/lib/python3.12/site-packages/tornado/platform/asyncio.py", line 208, in _handle_events
  File "/home/Shared/UniBe-swiss-ndvi/GitHub/swiss-ndvi-processing/.venv/lib/python3.12/site-packages/tornado/netutil.py", line 273, in accept_handler
  File "/usr/lib/python3.12/socket.py", line 295, in accept
OSError: [Errno 24] Too many open files
Exception in callback BaseAsyncIOLoop._handle_events(7, 1)
handle: <Handle BaseAsyncIOLoop._handle_events(7, 1)>
Traceback (most recent call last):
  File "/usr/lib/python3.12/asyncio/events.py", line 88, in _run
  File "/home/Shared/UniBe-swiss-ndvi/GitHub/swiss-ndvi-processing/.venv/lib/python3.12/site-packages/tornado/platform/asyncio.py", line 208, in _handle_events
  File "/home/Shared/UniBe-swiss-ndvi/GitHub/swiss-ndvi-processing/.venv/lib/python3.12/site-packages/tornado/netutil.py", line 273, in accept_handler
  File "/usr/lib/python3.12/socket.py", line 295, in accept
OSError: [Errno 24] Too many open files
Exception in callback BaseAsyncIOLoop._handle_events(7, 1)
handle: <Handle BaseAsyncIOLoop._handle_events(7, 1)>
Traceback (most recent call last):
  File "/usr/lib/python3.12/asyncio/events.py", line 88, in _run
  File "/home/Shared/UniBe-swiss-ndvi/GitHub/swiss-ndvi-processing/.venv/lib/python3.12/site-packages/tornado/platform/asyncio.py", line 208, in _handle_events
  File "/home/Shared/UniBe-swiss-ndvi/GitHub/swiss-ndvi-processing/.venv/lib/python3.12/site-packages/tornado/netutil.py", line 273, in accept_handler
  File "/usr/lib/python3.12/socket.py", line 295, in accept
OSError: [Errno 24] Too many open files
Exception in callback BaseAsyncIOLoop._handle_events(7, 1)
handle: <Handle BaseAsyncIOLoop._handle_events(7, 1)>
Traceback (most recent call last):
  File "/usr/lib/python3.12/asyncio/events.py", line 88, in _run
  File "/home/Shared/UniBe-swiss-ndvi/GitHub/swiss-ndvi-processing/.venv/lib/python3.12/site-packages/tornado/platform/asyncio.py", line 208, in _handle_events
  File "/home/Shared/UniBe-swiss-ndvi/GitHub/swiss-ndvi-processing/.venv/lib/python3.12/site-packages/tornado/netutil.py", line 273, in accept_handler
  File "/usr/lib/python3.12/socket.py", line 295, in accept
OSError: [Errno 24] Too many open files
Exception in callback BaseAsyncIOLoop._handle_events(7, 1)
handle: <Handle BaseAsyncIOLoop._handle_events(7, 1)>
Traceback (most recent call last):
  File "/usr/lib/python3.12/asyncio/events.py", line 88, in _run
  File "/home/Shared/UniBe-swiss-ndvi/GitHub/swiss-ndvi-processing/.venv/lib/python3.12/site-packages/tornado/platform/asyncio.py", line 208, in _handle_events
  File "/home/Shared/UniBe-swiss-ndvi/GitHub/swiss-ndvi-processing/.venv/lib/python3.12/site-packages/tornado/netutil.py", line 273, in accept_handler
  File "/usr/lib/python3.12/socket.py", line 295, in accept
OSError: [Errno 24] Too many open files
Exception in callback BaseAsyncIOLoop._handle_events(7, 1)
handle: <Handle BaseAsyncIOLoop._handle_events(7, 1)>
Traceback (most recent call last):
  File "/usr/lib/python3.12/asyncio/events.py", line 88, in _run
  File "/home/Shared/UniBe-swiss-ndvi/GitHub/swiss-ndvi-processing/.venv/lib/python3.12/site-packages/tornado/platform/asyncio.py", line 208, in _handle_events
  File "/home/Shared/UniBe-swiss-ndvi/GitHub/swiss-ndvi-processing/.venv/lib/python3.12/site-packages/tornado/netutil.py", line 273, in accept_handler
  File "/usr/lib/python3.12/socket.py", line 295, in accept
OSError: [Errno 24] Too many open files
Exception in callback BaseAsyncIOLoop._handle_events(7, 1)
handle: <Handle BaseAsyncIOLoop._handle_events(7, 1)>
Traceback (most recent call last):
  File "/usr/lib/python3.12/asyncio/events.py", line 88, in _run
  File "/home/Shared/UniBe-swiss-ndvi/GitHub/swiss-ndvi-processing/.venv/lib/python3.12/site-packages/tornado/platform/asyncio.py", line 208, in _handle_events
  File "/home/Shared/UniBe-swiss-ndvi/GitHub/swiss-ndvi-processing/.venv/lib/python3.12/site-packages/tornado/netutil.py", line 273, in accept_handler
  File "/usr/lib/python3.12/socket.py", line 295, in accept
OSError: [Errno 24] Too many open files
Exception in callback BaseAsyncIOLoop._handle_events(7, 1)
handle: <Handle BaseAsyncIOLoop._handle_events(7, 1)>
Traceback (most recent call last):
  File "/usr/lib/python3.12/asyncio/events.py", line 88, in _run
  File "/home/Shared/UniBe-swiss-ndvi/GitHub/swiss-ndvi-processing/.venv/lib/python3.12/site-packages/tornado/platform/asyncio.py", line 208, in _handle_events
  File "/home/Shared/UniBe-swiss-ndvi/GitHub/swiss-ndvi-processing/.venv/lib/python3.12/site-packages/tornado/netutil.py", line 273, in accept_handler
  File "/usr/lib/python3.12/socket.py", line 295, in accept
OSError: [Errno 24] Too many open files
Exception in callback BaseAsyncIOLoop._handle_events(7, 1)
handle: <Handle BaseAsyncIOLoop._handle_events(7, 1)>
Traceback (most recent call last):
  File "/usr/lib/python3.12/asyncio/events.py", line 88, in _run
  File "/home/Shared/UniBe-swiss-ndvi/GitHub/swiss-ndvi-processing/.venv/lib/python3.12/site-packages/tornado/platform/asyncio.py", line 208, in _handle_events
  File "/home/Shared/UniBe-swiss-ndvi/GitHub/swiss-ndvi-processing/.venv/lib/python3.12/site-packages/tornado/netutil.py", line 273, in accept_handler
  File "/usr/lib/python3.12/socket.py", line 295, in accept
OSError: [Errno 24] Too many open files
Exception in callback BaseAsyncIOLoop._handle_events(7, 1)
handle: <Handle BaseAsyncIOLoop._handle_events(7, 1)>
Traceback (most recent call last):
  File "/usr/lib/python3.12/asyncio/events.py", line 88, in _run
  File "/home/Shared/UniBe-swiss-ndvi/GitHub/swiss-ndvi-processing/.venv/lib/python3.12/site-packages/tornado/platform/asyncio.py", line 208, in _handle_events
  File "/home/Shared/UniBe-swiss-ndvi/GitHub/swiss-ndvi-processing/.venv/lib/python3.12/site-packages/tornado/netutil.py", line 273, in accept_handler
  File "/usr/lib/python3.12/socket.py", line 295, in accept
OSError: [Errno 24] Too many open files
Exception in callback BaseAsyncIOLoop._handle_events(7, 1)
handle: <Handle BaseAsyncIOLoop._handle_events(7, 1)>
Traceback (most recent call last):
  File "/usr/lib/python3.12/asyncio/events.py", line 88, in _run
  File "/home/Shared/UniBe-swiss-ndvi/GitHub/swiss-ndvi-processing/.venv/lib/python3.12/site-packages/tornado/platform/asyncio.py", line 208, in _handle_events
  File "/home/Shared/UniBe-swiss-ndvi/GitHub/swiss-ndvi-processing/.venv/lib/python3.12/site-packages/tornado/netutil.py", line 273, in accept_handler
  File "/usr/lib/python3.12/socket.py", line 295, in accept
OSError: [Errno 24] Too many open files
Exception in callback BaseAsyncIOLoop._handle_events(7, 1)
handle: <Handle BaseAsyncIOLoop._handle_events(7, 1)>
Traceback (most recent call last):
  File "/usr/lib/python3.12/asyncio/events.py", line 88, in _run
  File "/home/Shared/UniBe-swiss-ndvi/GitHub/swiss-ndvi-processing/.venv/lib/python3.12/site-packages/tornado/platform/asyncio.py", line 208, in _handle_events
  File "/home/Shared/UniBe-swiss-ndvi/GitHub/swiss-ndvi-processing/.venv/lib/python3.12/site-packages/tornado/netutil.py", line 273, in accept_handler
  File "/usr/lib/python3.12/socket.py", line 295, in accept
OSError: [Errno 24] Too many open files
Exception in callback BaseAsyncIOLoop._handle_events(7, 1)
handle: <Handle BaseAsyncIOLoop._handle_events(7, 1)>
Traceback (most recent call last):
  File "/usr/lib/python3.12/asyncio/events.py", line 88, in _run
  File "/home/Shared/UniBe-swiss-ndvi/GitHub/swiss-ndvi-processing/.venv/lib/python3.12/site-packages/tornado/platform/asyncio.py", line 208, in _handle_events
  File "/home/Shared/UniBe-swiss-ndvi/GitHub/swiss-ndvi-processing/.venv/lib/python3.12/site-packages/tornado/netutil.py", line 273, in accept_handler
  File "/usr/lib/python3.12/socket.py", line 295, in accept
OSError: [Errno 24] Too many open files
Exception in callback BaseAsyncIOLoop._handle_events(7, 1)
handle: <Handle BaseAsyncIOLoop._handle_events(7, 1)>
Traceback (most recent call last):
  File "/usr/lib/python3.12/asyncio/events.py", line 88, in _run
  File "/home/Shared/UniBe-swiss-ndvi/GitHub/swiss-ndvi-processing/.venv/lib/python3.12/site-packages/tornado/platform/asyncio.py", line 208, in _handle_events
  File "/home/Shared/UniBe-swiss-ndvi/GitHub/swiss-ndvi-processing/.venv/lib/python3.12/site-packages/tornado/netutil.py", line 273, in accept_handler
  File "/usr/lib/python3.12/socket.py", line 295, in accept
OSError: [Errno 24] Too many open files
Exception in callback BaseAsyncIOLoop._handle_events(7, 1)
handle: <Handle BaseAsyncIOLoop._handle_events(7, 1)>
Traceback (most recent call last):
  File "/usr/lib/python3.12/asyncio/events.py", line 88, in _run
  File "/home/Shared/UniBe-swiss-ndvi/GitHub/swiss-ndvi-processing/.venv/lib/python3.12/site-packages/tornado/platform/asyncio.py", line 208, in _handle_events
  File "/home/Shared/UniBe-swiss-ndvi/GitHub/swiss-ndvi-processing/.venv/lib/python3.12/site-packages/tornado/netutil.py", line 273, in accept_handler
  File "/usr/lib/python3.12/socket.py", line 295, in accept
OSError: [Errno 24] Too many open files
Exception in callback BaseAsyncIOLoop._handle_events(7, 1)
handle: <Handle BaseAsyncIOLoop._handle_events(7, 1)>
Traceback (most recent call last):
  File "/usr/lib/python3.12/asyncio/events.py", line 88, in _run
  File "/home/Shared/UniBe-swiss-ndvi/GitHub/swiss-ndvi-processing/.venv/lib/python3.12/site-packages/tornado/platform/asyncio.py", line 208, in _handle_events
  File "/home/Shared/UniBe-swiss-ndvi/GitHub/swiss-ndvi-processing/.venv/lib/python3.12/site-packages/tornado/netutil.py", line 273, in accept_handler
  File "/usr/lib/python3.12/socket.py", line 295, in accept
OSError: [Errno 24] Too many open files
2026-04-08 22:14:48,592 - distributed.worker - WARNING - Mismatched versions found

+-------------+---------------------------------------------+-----------+----------+
| Package     | Worker-66384bca-ef31-4bdf-8f3d-fa43744f3eea | Scheduler | Workers  |
+-------------+---------------------------------------------+-----------+----------+
| cloudpickle | 3.1.1                                       | None      | 3.1.1    |
| dask        | 2025.9.1                                    | None      | 2025.9.1 |
| distributed | 2025.9.1                                    | None      | 2025.9.1 |
| lz4         | 4.3.2                                       | None      | 4.3.2    |
| msgpack     | 1.1.1                                       | None      | 1.1.1    |
| toolz       | 1.0.0                                       | None      | 1.0.0    |
| tornado     | 6.5.1                                       | None      | 6.5.1    |
+-------------+---------------------------------------------+-----------+----------+
Exception in callback BaseAsyncIOLoop._handle_events(7, 1)
handle: <Handle BaseAsyncIOLoop._handle_events(7, 1)>
Traceback (most recent call last):
  File "/usr/lib/python3.12/asyncio/events.py", line 88, in _run
  File "/home/Shared/UniBe-swiss-ndvi/GitHub/swiss-ndvi-processing/.venv/lib/python3.12/site-packages/tornado/platform/asyncio.py", line 208, in _handle_events
  File "/home/Shared/UniBe-swiss-ndvi/GitHub/swiss-ndvi-processing/.venv/lib/python3.12/site-packages/tornado/netutil.py", line 273, in accept_handler
  File "/usr/lib/python3.12/socket.py", line 295, in accept
OSError: [Errno 24] Too many open files
Exception in callback BaseAsyncIOLoop._handle_events(7, 1)
handle: <Handle BaseAsyncIOLoop._handle_events(7, 1)>
Traceback (most recent call last):
  File "/usr/lib/python3.12/asyncio/events.py", line 88, in _run
  File "/home/Shared/UniBe-swiss-ndvi/GitHub/swiss-ndvi-processing/.venv/lib/python3.12/site-packages/tornado/platform/asyncio.py", line 208, in _handle_events
  File "/home/Shared/UniBe-swiss-ndvi/GitHub/swiss-ndvi-processing/.venv/lib/python3.12/site-packages/tornado/netutil.py", line 273, in accept_handler
  File "/usr/lib/python3.12/socket.py", line 295, in accept
OSError: [Errno 24] Too many open files
Exception in callback BaseAsyncIOLoop._handle_events(7, 1)
handle: <Handle BaseAsyncIOLoop._handle_events(7, 1)>
Traceback (most recent call last):
  File "/usr/lib/python3.12/asyncio/events.py", line 88, in _run
  File "/home/Shared/UniBe-swiss-ndvi/GitHub/swiss-ndvi-processing/.venv/lib/python3.12/site-packages/tornado/platform/asyncio.py", line 208, in _handle_events
  File "/home/Shared/UniBe-swiss-ndvi/GitHub/swiss-ndvi-processing/.venv/lib/python3.12/site-packages/tornado/netutil.py", line 273, in accept_handler
  File "/usr/lib/python3.12/socket.py", line 295, in accept
OSError: [Errno 24] Too many open files
Exception in callback BaseAsyncIOLoop._handle_events(7, 1)
handle: <Handle BaseAsyncIOLoop._handle_events(7, 1)>
Traceback (most recent call last):
  File "/usr/lib/python3.12/asyncio/events.py", line 88, in _run
  File "/home/Shared/UniBe-swiss-ndvi/GitHub/swiss-ndvi-processing/.venv/lib/python3.12/site-packages/tornado/platform/asyncio.py", line 208, in _handle_events
  File "/home/Shared/UniBe-swiss-ndvi/GitHub/swiss-ndvi-processing/.venv/lib/python3.12/site-packages/tornado/netutil.py", line 273, in accept_handler
  File "/usr/lib/python3.12/socket.py", line 295, in accept
OSError: [Errno 24] Too many open files
Exception in callback BaseAsyncIOLoop._handle_events(7, 1)
handle: <Handle BaseAsyncIOLoop._handle_events(7, 1)>
Traceback (most recent call last):
  File "/usr/lib/python3.12/asyncio/events.py", line 88, in _run
  File "/home/Shared/UniBe-swiss-ndvi/GitHub/swiss-ndvi-processing/.venv/lib/python3.12/site-packages/tornado/platform/asyncio.py", line 208, in _handle_events
  File "/home/Shared/UniBe-swiss-ndvi/GitHub/swiss-ndvi-processing/.venv/lib/python3.12/site-packages/tornado/netutil.py", line 273, in accept_handler
  File "/usr/lib/python3.12/socket.py", line 295, in accept
OSError: [Errno 24] Too many open files
Exception in callback BaseAsyncIOLoop._handle_events(7, 1)
handle: <Handle BaseAsyncIOLoop._handle_events(7, 1)>
Traceback (most recent call last):
  File "/usr/lib/python3.12/asyncio/events.py", line 88, in _run
  File "/home/Shared/UniBe-swiss-ndvi/GitHub/swiss-ndvi-processing/.venv/lib/python3.12/site-packages/tornado/platform/asyncio.py", line 208, in _handle_events
  File "/home/Shared/UniBe-swiss-ndvi/GitHub/swiss-ndvi-processing/.venv/lib/python3.12/site-packages/tornado/netutil.py", line 273, in accept_handler
  File "/usr/lib/python3.12/socket.py", line 295, in accept
OSError: [Errno 24] Too many open files
Exception in callback BaseAsyncIOLoop._handle_events(7, 1)
handle: <Handle BaseAsyncIOLoop._handle_events(7, 1)>
Traceback (most recent call last):
  File "/usr/lib/python3.12/asyncio/events.py", line 88, in _run
  File "/home/Shared/UniBe-swiss-ndvi/GitHub/swiss-ndvi-processing/.venv/lib/python3.12/site-packages/tornado/platform/asyncio.py", line 208, in _handle_events
  File "/home/Shared/UniBe-swiss-ndvi/GitHub/swiss-ndvi-processing/.venv/lib/python3.12/site-packages/tornado/netutil.py", line 273, in accept_handler
  File "/usr/lib/python3.12/socket.py", line 295, in accept
OSError: [Errno 24] Too many open files
Exception in callback BaseAsyncIOLoop._handle_events(7, 1)
handle: <Handle BaseAsyncIOLoop._handle_events(7, 1)>
Traceback (most recent call last):
  File "/usr/lib/python3.12/asyncio/events.py", line 88, in _run
  File "/home/Shared/UniBe-swiss-ndvi/GitHub/swiss-ndvi-processing/.venv/lib/python3.12/site-packages/tornado/platform/asyncio.py", line 208, in _handle_events
  File "/home/Shared/UniBe-swiss-ndvi/GitHub/swiss-ndvi-processing/.venv/lib/python3.12/site-packages/tornado/netutil.py", line 273, in accept_handler
  File "/usr/lib/python3.12/socket.py", line 295, in accept
OSError: [Errno 24] Too many open files
Exception in callback BaseAsyncIOLoop._handle_events(7, 1)
handle: <Handle BaseAsyncIOLoop._handle_events(7, 1)>
Traceback (most recent call last):
  File "/usr/lib/python3.12/asyncio/events.py", line 88, in _run
  File "/home/Shared/UniBe-swiss-ndvi/GitHub/swiss-ndvi-processing/.venv/lib/python3.12/site-packages/tornado/platform/asyncio.py", line 208, in _handle_events
  File "/home/Shared/UniBe-swiss-ndvi/GitHub/swiss-ndvi-processing/.venv/lib/python3.12/site-packages/tornado/netutil.py", line 273, in accept_handler
  File "/usr/lib/python3.12/socket.py", line 295, in accept
OSError: [Errno 24] Too many open files
Exception in callback BaseAsyncIOLoop._handle_events(7, 1)
handle: <Handle BaseAsyncIOLoop._handle_events(7, 1)>
Traceback (most recent call last):
  File "/usr/lib/python3.12/asyncio/events.py", line 88, in _run
  File "/home/Shared/UniBe-swiss-ndvi/GitHub/swiss-ndvi-processing/.venv/lib/python3.12/site-packages/tornado/platform/asyncio.py", line 208, in _handle_events
  File "/home/Shared/UniBe-swiss-ndvi/GitHub/swiss-ndvi-processing/.venv/lib/python3.12/site-packages/tornado/netutil.py", line 273, in accept_handler
  File "/usr/lib/python3.12/socket.py", line 295, in accept
OSError: [Errno 24] Too many open files
Exception in callback BaseAsyncIOLoop._handle_events(7, 1)
handle: <Handle BaseAsyncIOLoop._handle_events(7, 1)>
Traceback (most recent call last):
  File "/usr/lib/python3.12/asyncio/events.py", line 88, in _run
  File "/home/Shared/UniBe-swiss-ndvi/GitHub/swiss-ndvi-processing/.venv/lib/python3.12/site-packages/tornado/platform/asyncio.py", line 208, in _handle_events
  File "/home/Shared/UniBe-swiss-ndvi/GitHub/swiss-ndvi-processing/.venv/lib/python3.12/site-packages/tornado/netutil.py", line 273, in accept_handler
  File "/usr/lib/python3.12/socket.py", line 295, in accept
OSError: [Errno 24] Too many open files
2026-04-08 22:14:48,596 - distributed.worker - WARNING - Mismatched versions found

+-------------+---------------------------------------------+-----------+----------+
| Package     | Worker-d70ad2af-a42e-431c-97ea-a427bd54e236 | Scheduler | Workers  |
+-------------+---------------------------------------------+-----------+----------+
| cloudpickle | 3.1.1                                       | None      | 3.1.1    |
| dask        | 2025.9.1                                    | None      | 2025.9.1 |
| distributed | 2025.9.1                                    | None      | 2025.9.1 |
| lz4         | 4.3.2                                       | None      | 4.3.2    |
| msgpack     | 1.1.1                                       | None      | 1.1.1    |
| toolz       | 1.0.0                                       | None      | 1.0.0    |
| tornado     | 6.5.1                                       | None      | 6.5.1    |
+-------------+---------------------------------------------+-----------+----------+
Exception in callback BaseAsyncIOLoop._handle_events(7, 1)
handle: <Handle BaseAsyncIOLoop._handle_events(7, 1)>
Traceback (most recent call last):
  File "/usr/lib/python3.12/asyncio/events.py", line 88, in _run
  File "/home/Shared/UniBe-swiss-ndvi/GitHub/swiss-ndvi-processing/.venv/lib/python3.12/site-packages/tornado/platform/asyncio.py", line 208, in _handle_events
  File "/home/Shared/UniBe-swiss-ndvi/GitHub/swiss-ndvi-processing/.venv/lib/python3.12/site-packages/tornado/netutil.py", line 273, in accept_handler
  File "/usr/lib/python3.12/socket.py", line 295, in accept
OSError: [Errno 24] Too many open files
Exception in callback BaseAsyncIOLoop._handle_events(7, 1)
handle: <Handle BaseAsyncIOLoop._handle_events(7, 1)>
Traceback (most recent call last):
  File "/usr/lib/python3.12/asyncio/events.py", line 88, in _run
  File "/home/Shared/UniBe-swiss-ndvi/GitHub/swiss-ndvi-processing/.venv/lib/python3.12/site-packages/tornado/platform/asyncio.py", line 208, in _handle_events
  File "/home/Shared/UniBe-swiss-ndvi/GitHub/swiss-ndvi-processing/.venv/lib/python3.12/site-packages/tornado/netutil.py", line 273, in accept_handler
  File "/usr/lib/python3.12/socket.py", line 295, in accept
OSError: [Errno 24] Too many open files
Exception in callback BaseAsyncIOLoop._handle_events(7, 1)
handle: <Handle BaseAsyncIOLoop._handle_events(7, 1)>
Traceback (most recent call last):
  File "/usr/lib/python3.12/asyncio/events.py", line 88, in _run
  File "/home/Shared/UniBe-swiss-ndvi/GitHub/swiss-ndvi-processing/.venv/lib/python3.12/site-packages/tornado/platform/asyncio.py", line 208, in _handle_events
  File "/home/Shared/UniBe-swiss-ndvi/GitHub/swiss-ndvi-processing/.venv/lib/python3.12/site-packages/tornado/netutil.py", line 273, in accept_handler
  File "/usr/lib/python3.12/socket.py", line 295, in accept
OSError: [Errno 24] Too many open files
2026-04-08 22:14:48,597 - distributed.worker - WARNING - Mismatched versions found

+-------------+---------------------------------------------+-----------+----------+
| Package     | Worker-313b550c-e888-4212-9a4d-e874f271030a | Scheduler | Workers  |
+-------------+---------------------------------------------+-----------+----------+
| cloudpickle | 3.1.1                                       | None      | 3.1.1    |
| dask        | 2025.9.1                                    | None      | 2025.9.1 |
| distributed | 2025.9.1                                    | None      | 2025.9.1 |
| lz4         | 4.3.2                                       | None      | 4.3.2    |
| msgpack     | 1.1.1                                       | None      | 1.1.1    |
| toolz       | 1.0.0                                       | None      | 1.0.0    |
| tornado     | 6.5.1                                       | None      | 6.5.1    |
+-------------+---------------------------------------------+-----------+----------+
Exception in callback BaseAsyncIOLoop._handle_events(7, 1)
handle: <Handle BaseAsyncIOLoop._handle_events(7, 1)>
Traceback (most recent call last):
  File "/usr/lib/python3.12/asyncio/events.py", line 88, in _run
  File "/home/Shared/UniBe-swiss-ndvi/GitHub/swiss-ndvi-processing/.venv/lib/python3.12/site-packages/tornado/platform/asyncio.py", line 208, in _handle_events
  File "/home/Shared/UniBe-swiss-ndvi/GitHub/swiss-ndvi-processing/.venv/lib/python3.12/site-packages/tornado/netutil.py", line 273, in accept_handler
  File "/usr/lib/python3.12/socket.py", line 295, in accept
OSError: [Errno 24] Too many open files
Exception in callback BaseAsyncIOLoop._handle_events(7, 1)
handle: <Handle BaseAsyncIOLoop._handle_events(7, 1)>
Traceback (most recent call last):
  File "/usr/lib/python3.12/asyncio/events.py", line 88, in _run
  File "/home/Shared/UniBe-swiss-ndvi/GitHub/swiss-ndvi-processing/.venv/lib/python3.12/site-packages/tornado/platform/asyncio.py", line 208, in _handle_events
  File "/home/Shared/UniBe-swiss-ndvi/GitHub/swiss-ndvi-processing/.venv/lib/python3.12/site-packages/tornado/netutil.py", line 273, in accept_handler
  File "/usr/lib/python3.12/socket.py", line 295, in accept
OSError: [Errno 24] Too many open files
Exception in callback BaseAsyncIOLoop._handle_events(7, 1)
handle: <Handle BaseAsyncIOLoop._handle_events(7, 1)>
Traceback (most recent call last):
  File "/usr/lib/python3.12/asyncio/events.py", line 88, in _run
  File "/home/Shared/UniBe-swiss-ndvi/GitHub/swiss-ndvi-processing/.venv/lib/python3.12/site-packages/tornado/platform/asyncio.py", line 208, in _handle_events
  File "/home/Shared/UniBe-swiss-ndvi/GitHub/swiss-ndvi-processing/.venv/lib/python3.12/site-packages/tornado/netutil.py", line 273, in accept_handler
  File "/usr/lib/python3.12/socket.py", line 295, in accept
OSError: [Errno 24] Too many open files
Exception in callback BaseAsyncIOLoop._handle_events(7, 1)
handle: <Handle BaseAsyncIOLoop._handle_events(7, 1)>
Traceback (most recent call last):
  File "/usr/lib/python3.12/asyncio/events.py", line 88, in _run
  File "/home/Shared/UniBe-swiss-ndvi/GitHub/swiss-ndvi-processing/.venv/lib/python3.12/site-packages/tornado/platform/asyncio.py", line 208, in _handle_events
  File "/home/Shared/UniBe-swiss-ndvi/GitHub/swiss-ndvi-processing/.venv/lib/python3.12/site-packages/tornado/netutil.py", line 273, in accept_handler
  File "/usr/lib/python3.12/socket.py", line 295, in accept
OSError: [Errno 24] Too many open files
Exception in callback BaseAsyncIOLoop._handle_events(7, 1)
handle: <Handle BaseAsyncIOLoop._handle_events(7, 1)>
Traceback (most recent call last):
  File "/usr/lib/python3.12/asyncio/events.py", line 88, in _run
  File "/home/Shared/UniBe-swiss-ndvi/GitHub/swiss-ndvi-processing/.venv/lib/python3.12/site-packages/tornado/platform/asyncio.py", line 208, in _handle_events
  File "/home/Shared/UniBe-swiss-ndvi/GitHub/swiss-ndvi-processing/.venv/lib/python3.12/site-packages/tornado/netutil.py", line 273, in accept_handler
  File "/usr/lib/python3.12/socket.py", line 295, in accept
OSError: [Errno 24] Too many open files
Exception in callback BaseAsyncIOLoop._handle_events(7, 1)
handle: <Handle BaseAsyncIOLoop._handle_events(7, 1)>
Traceback (most recent call last):
  File "/usr/lib/python3.12/asyncio/events.py", line 88, in _run
  File "/home/Shared/UniBe-swiss-ndvi/GitHub/swiss-ndvi-processing/.venv/lib/python3.12/site-packages/tornado/platform/asyncio.py", line 208, in _handle_events
  File "/home/Shared/UniBe-swiss-ndvi/GitHub/swiss-ndvi-processing/.venv/lib/python3.12/site-packages/tornado/netutil.py", line 273, in accept_handler
  File "/usr/lib/python3.12/socket.py", line 295, in accept
OSError: [Errno 24] Too many open files
Exception in callback BaseAsyncIOLoop._handle_events(7, 1)
handle: <Handle BaseAsyncIOLoop._handle_events(7, 1)>
Traceback (most recent call last):
  File "/usr/lib/python3.12/asyncio/events.py", line 88, in _run
  File "/home/Shared/UniBe-swiss-ndvi/GitHub/swiss-ndvi-processing/.venv/lib/python3.12/site-packages/tornado/platform/asyncio.py", line 208, in _handle_events
  File "/home/Shared/UniBe-swiss-ndvi/GitHub/swiss-ndvi-processing/.venv/lib/python3.12/site-packages/tornado/netutil.py", line 273, in accept_handler
  File "/usr/lib/python3.12/socket.py", line 295, in accept
OSError: [Errno 24] Too many open files
Exception in callback BaseAsyncIOLoop._handle_events(7, 1)
handle: <Handle BaseAsyncIOLoop._handle_events(7, 1)>
Traceback (most recent call last):
  File "/usr/lib/python3.12/asyncio/events.py", line 88, in _run
  File "/home/Shared/UniBe-swiss-ndvi/GitHub/swiss-ndvi-processing/.venv/lib/python3.12/site-packages/tornado/platform/asyncio.py", line 208, in _handle_events
  File "/home/Shared/UniBe-swiss-ndvi/GitHub/swiss-ndvi-processing/.venv/lib/python3.12/site-packages/tornado/netutil.py", line 273, in accept_handler
  File "/usr/lib/python3.12/socket.py", line 295, in accept
OSError: [Errno 24] Too many open files
Exception in callback BaseAsyncIOLoop._handle_events(7, 1)
handle: <Handle BaseAsyncIOLoop._handle_events(7, 1)>
Traceback (most recent call last):
  File "/usr/lib/python3.12/asyncio/events.py", line 88, in _run
  File "/home/Shared/UniBe-swiss-ndvi/GitHub/swiss-ndvi-processing/.venv/lib/python3.12/site-packages/tornado/platform/asyncio.py", line 208, in _handle_events
  File "/home/Shared/UniBe-swiss-ndvi/GitHub/swiss-ndvi-processing/.venv/lib/python3.12/site-packages/tornado/netutil.py", line 273, in accept_handler
  File "/usr/lib/python3.12/socket.py", line 295, in accept
OSError: [Errno 24] Too many open files
Exception in callback BaseAsyncIOLoop._handle_events(7, 1)
handle: <Handle BaseAsyncIOLoop._handle_events(7, 1)>
Traceback (most recent call last):
  File "/usr/lib/python3.12/asyncio/events.py", line 88, in _run
  File "/home/Shared/UniBe-swiss-ndvi/GitHub/swiss-ndvi-processing/.venv/lib/python3.12/site-packages/tornado/platform/asyncio.py", line 208, in _handle_events
  File "/home/Shared/UniBe-swiss-ndvi/GitHub/swiss-ndvi-processing/.venv/lib/python3.12/site-packages/tornado/netutil.py", line 273, in accept_handler
  File "/usr/lib/python3.12/socket.py", line 295, in accept
OSError: [Errno 24] Too many open files
Exception in callback BaseAsyncIOLoop._handle_events(7, 1)
handle: <Handle BaseAsyncIOLoop._handle_events(7, 1)>
Traceback (most recent call last):
  File "/usr/lib/python3.12/asyncio/events.py", line 88, in _run
  File "/home/Shared/UniBe-swiss-ndvi/GitHub/swiss-ndvi-processing/.venv/lib/python3.12/site-packages/tornado/platform/asyncio.py", line 208, in _handle_events
  File "/home/Shared/UniBe-swiss-ndvi/GitHub/swiss-ndvi-processing/.venv/lib/python3.12/site-packages/tornado/netutil.py", line 273, in accept_handler
  File "/usr/lib/python3.12/socket.py", line 295, in accept
OSError: [Errno 24] Too many open files
Exception in callback BaseAsyncIOLoop._handle_events(7, 1)
handle: <Handle BaseAsyncIOLoop._handle_events(7, 1)>
Traceback (most recent call last):
  File "/usr/lib/python3.12/asyncio/events.py", line 88, in _run
  File "/home/Shared/UniBe-swiss-ndvi/GitHub/swiss-ndvi-processing/.venv/lib/python3.12/site-packages/tornado/platform/asyncio.py", line 208, in _handle_events
  File "/home/Shared/UniBe-swiss-ndvi/GitHub/swiss-ndvi-processing/.venv/lib/python3.12/site-packages/tornado/netutil.py", line 273, in accept_handler
  File "/usr/lib/python3.12/socket.py", line 295, in accept
OSError: [Errno 24] Too many open files
Exception in callback BaseAsyncIOLoop._handle_events(7, 1)
handle: <Handle BaseAsyncIOLoop._handle_events(7, 1)>
Traceback (most recent call last):
  File "/usr/lib/python3.12/asyncio/events.py", line 88, in _run
  File "/home/Shared/UniBe-swiss-ndvi/GitHub/swiss-ndvi-processing/.venv/lib/python3.12/site-packages/tornado/platform/asyncio.py", line 208, in _handle_events
  File "/home/Shared/UniBe-swiss-ndvi/GitHub/swiss-ndvi-processing/.venv/lib/python3.12/site-packages/tornado/netutil.py", line 273, in accept_handler
  File "/usr/lib/python3.12/socket.py", line 295, in accept
OSError: [Errno 24] Too many open files
Exception in callback BaseAsyncIOLoop._handle_events(7, 1)
handle: <Handle BaseAsyncIOLoop._handle_events(7, 1)>
Traceback (most recent call last):
  File "/usr/lib/python3.12/asyncio/events.py", line 88, in _run
  File "/home/Shared/UniBe-swiss-ndvi/GitHub/swiss-ndvi-processing/.venv/lib/python3.12/site-packages/tornado/platform/asyncio.py", line 208, in _handle_events
  File "/home/Shared/UniBe-swiss-ndvi/GitHub/swiss-ndvi-processing/.venv/lib/python3.12/site-packages/tornado/netutil.py", line 273, in accept_handler
  File "/usr/lib/python3.12/socket.py", line 295, in accept
OSError: [Errno 24] Too many open files
Exception in callback BaseAsyncIOLoop._handle_events(7, 1)
handle: <Handle BaseAsyncIOLoop._handle_events(7, 1)>
Traceback (most recent call last):
  File "/usr/lib/python3.12/asyncio/events.py", line 88, in _run
  File "/home/Shared/UniBe-swiss-ndvi/GitHub/swiss-ndvi-processing/.venv/lib/python3.12/site-packages/tornado/platform/asyncio.py", line 208, in _handle_events
  File "/home/Shared/UniBe-swiss-ndvi/GitHub/swiss-ndvi-processing/.venv/lib/python3.12/site-packages/tornado/netutil.py", line 273, in accept_handler
  File "/usr/lib/python3.12/socket.py", line 295, in accept
OSError: [Errno 24] Too many open files
Exception in callback BaseAsyncIOLoop._handle_events(7, 1)
handle: <Handle BaseAsyncIOLoop._handle_events(7, 1)>
Traceback (most recent call last):
  File "/usr/lib/python3.12/asyncio/events.py", line 88, in _run
  File "/home/Shared/UniBe-swiss-ndvi/GitHub/swiss-ndvi-processing/.venv/lib/python3.12/site-packages/tornado/platform/asyncio.py", line 208, in _handle_events
  File "/home/Shared/UniBe-swiss-ndvi/GitHub/swiss-ndvi-processing/.venv/lib/python3.12/site-packages/tornado/netutil.py", line 273, in accept_handler
  File "/usr/lib/python3.12/socket.py", line 295, in accept
OSError: [Errno 24] Too many open files
Exception in callback BaseAsyncIOLoop._handle_events(7, 1)
handle: <Handle BaseAsyncIOLoop._handle_events(7, 1)>
Traceback (most recent call last):
  File "/usr/lib/python3.12/asyncio/events.py", line 88, in _run
  File "/home/Shared/UniBe-swiss-ndvi/GitHub/swiss-ndvi-processing/.venv/lib/python3.12/site-packages/tornado/platform/asyncio.py", line 208, in _handle_events
  File "/home/Shared/UniBe-swiss-ndvi/GitHub/swiss-ndvi-processing/.venv/lib/python3.12/site-packages/tornado/netutil.py", line 273, in accept_handler
  File "/usr/lib/python3.12/socket.py", line 295, in accept
OSError: [Errno 24] Too many open files
Exception in callback BaseAsyncIOLoop._handle_events(7, 1)
handle: <Handle BaseAsyncIOLoop._handle_events(7, 1)>
Traceback (most recent call last):
  File "/usr/lib/python3.12/asyncio/events.py", line 88, in _run
  File "/home/Shared/UniBe-swiss-ndvi/GitHub/swiss-ndvi-processing/.venv/lib/python3.12/site-packages/tornado/platform/asyncio.py", line 208, in _handle_events
  File "/home/Shared/UniBe-swiss-ndvi/GitHub/swiss-ndvi-processing/.venv/lib/python3.12/site-packages/tornado/netutil.py", line 273, in accept_handler
  File "/usr/lib/python3.12/socket.py", line 295, in accept
OSError: [Errno 24] Too many open files
Exception in callback BaseAsyncIOLoop._handle_events(7, 1)
handle: <Handle BaseAsyncIOLoop._handle_events(7, 1)>
Traceback (most recent call last):
  File "/usr/lib/python3.12/asyncio/events.py", line 88, in _run
  File "/home/Shared/UniBe-swiss-ndvi/GitHub/swiss-ndvi-processing/.venv/lib/python3.12/site-packages/tornado/platform/asyncio.py", line 208, in _handle_events
  File "/home/Shared/UniBe-swiss-ndvi/GitHub/swiss-ndvi-processing/.venv/lib/python3.12/site-packages/tornado/netutil.py", line 273, in accept_handler
  File "/usr/lib/python3.12/socket.py", line 295, in accept
OSError: [Errno 24] Too many open files
2026-04-08 22:14:48,603 - distributed.worker - WARNING - Mismatched versions found

+-------------+---------------------------------------------+-----------+----------+
| Package     | Worker-ed861119-6a80-460b-a406-8c3e35af2c2b | Scheduler | Workers  |
+-------------+---------------------------------------------+-----------+----------+
| cloudpickle | 3.1.1                                       | None      | 3.1.1    |
| dask        | 2025.9.1                                    | None      | 2025.9.1 |
| distributed | 2025.9.1                                    | None      | 2025.9.1 |
| lz4         | 4.3.2                                       | None      | 4.3.2    |
| msgpack     | 1.1.1                                       | None      | 1.1.1    |
| toolz       | 1.0.0                                       | None      | 1.0.0    |
| tornado     | 6.5.1                                       | None      | 6.5.1    |
+-------------+---------------------------------------------+-----------+----------+
Exception in callback BaseAsyncIOLoop._handle_events(7, 1)
handle: <Handle BaseAsyncIOLoop._handle_events(7, 1)>
Traceback (most recent call last):
  File "/usr/lib/python3.12/asyncio/events.py", line 88, in _run
  File "/home/Shared/UniBe-swiss-ndvi/GitHub/swiss-ndvi-processing/.venv/lib/python3.12/site-packages/tornado/platform/asyncio.py", line 208, in _handle_events
  File "/home/Shared/UniBe-swiss-ndvi/GitHub/swiss-ndvi-processing/.venv/lib/python3.12/site-packages/tornado/netutil.py", line 273, in accept_handler
  File "/usr/lib/python3.12/socket.py", line 295, in accept
OSError: [Errno 24] Too many open files
Exception in callback BaseAsyncIOLoop._handle_events(7, 1)
handle: <Handle BaseAsyncIOLoop._handle_events(7, 1)>
Traceback (most recent call last):
  File "/usr/lib/python3.12/asyncio/events.py", line 88, in _run
  File "/home/Shared/UniBe-swiss-ndvi/GitHub/swiss-ndvi-processing/.venv/lib/python3.12/site-packages/tornado/platform/asyncio.py", line 208, in _handle_events
  File "/home/Shared/UniBe-swiss-ndvi/GitHub/swiss-ndvi-processing/.venv/lib/python3.12/site-packages/tornado/netutil.py", line 273, in accept_handler
  File "/usr/lib/python3.12/socket.py", line 295, in accept
OSError: [Errno 24] Too many open files
Exception in callback BaseAsyncIOLoop._handle_events(7, 1)
handle: <Handle BaseAsyncIOLoop._handle_events(7, 1)>
Traceback (most recent call last):
  File "/usr/lib/python3.12/asyncio/events.py", line 88, in _run
  File "/home/Shared/UniBe-swiss-ndvi/GitHub/swiss-ndvi-processing/.venv/lib/python3.12/site-packages/tornado/platform/asyncio.py", line 208, in _handle_events
  File "/home/Shared/UniBe-swiss-ndvi/GitHub/swiss-ndvi-processing/.venv/lib/python3.12/site-packages/tornado/netutil.py", line 273, in accept_handler
  File "/usr/lib/python3.12/socket.py", line 295, in accept
OSError: [Errno 24] Too many open files
Exception in callback BaseAsyncIOLoop._handle_events(7, 1)
handle: <Handle BaseAsyncIOLoop._handle_events(7, 1)>
Traceback (most recent call last):
  File "/usr/lib/python3.12/asyncio/events.py", line 88, in _run
  File "/home/Shared/UniBe-swiss-ndvi/GitHub/swiss-ndvi-processing/.venv/lib/python3.12/site-packages/tornado/platform/asyncio.py", line 208, in _handle_events
  File "/home/Shared/UniBe-swiss-ndvi/GitHub/swiss-ndvi-processing/.venv/lib/python3.12/site-packages/tornado/netutil.py", line 273, in accept_handler
  File "/usr/lib/python3.12/socket.py", line 295, in accept
OSError: [Errno 24] Too many open files
Exception in callback BaseAsyncIOLoop._handle_events(7, 1)
handle: <Handle BaseAsyncIOLoop._handle_events(7, 1)>
Traceback (most recent call last):
  File "/usr/lib/python3.12/asyncio/events.py", line 88, in _run
  File "/home/Shared/UniBe-swiss-ndvi/GitHub/swiss-ndvi-processing/.venv/lib/python3.12/site-packages/tornado/platform/asyncio.py", line 208, in _handle_events
  File "/home/Shared/UniBe-swiss-ndvi/GitHub/swiss-ndvi-processing/.venv/lib/python3.12/site-packages/tornado/netutil.py", line 273, in accept_handler
  File "/usr/lib/python3.12/socket.py", line 295, in accept
OSError: [Errno 24] Too many open files
Exception in callback BaseAsyncIOLoop._handle_events(7, 1)
handle: <Handle BaseAsyncIOLoop._handle_events(7, 1)>
Traceback (most recent call last):
  File "/usr/lib/python3.12/asyncio/events.py", line 88, in _run
  File "/home/Shared/UniBe-swiss-ndvi/GitHub/swiss-ndvi-processing/.venv/lib/python3.12/site-packages/tornado/platform/asyncio.py", line 208, in _handle_events
  File "/home/Shared/UniBe-swiss-ndvi/GitHub/swiss-ndvi-processing/.venv/lib/python3.12/site-packages/tornado/netutil.py", line 273, in accept_handler
  File "/usr/lib/python3.12/socket.py", line 295, in accept
OSError: [Errno 24] Too many open files
Exception in callback BaseAsyncIOLoop._handle_events(7, 1)
handle: <Handle BaseAsyncIOLoop._handle_events(7, 1)>
Traceback (most recent call last):
  File "/usr/lib/python3.12/asyncio/events.py", line 88, in _run
  File "/home/Shared/UniBe-swiss-ndvi/GitHub/swiss-ndvi-processing/.venv/lib/python3.12/site-packages/tornado/platform/asyncio.py", line 208, in _handle_events
  File "/home/Shared/UniBe-swiss-ndvi/GitHub/swiss-ndvi-processing/.venv/lib/python3.12/site-packages/tornado/netutil.py", line 273, in accept_handler
  File "/usr/lib/python3.12/socket.py", line 295, in accept
OSError: [Errno 24] Too many open files
Exception in callback BaseAsyncIOLoop._handle_events(7, 1)
handle: <Handle BaseAsyncIOLoop._handle_events(7, 1)>
Traceback (most recent call last):
  File "/usr/lib/python3.12/asyncio/events.py", line 88, in _run
  File "/home/Shared/UniBe-swiss-ndvi/GitHub/swiss-ndvi-processing/.venv/lib/python3.12/site-packages/tornado/platform/asyncio.py", line 208, in _handle_events
  File "/home/Shared/UniBe-swiss-ndvi/GitHub/swiss-ndvi-processing/.venv/lib/python3.12/site-packages/tornado/netutil.py", line 273, in accept_handler
  File "/usr/lib/python3.12/socket.py", line 295, in accept
OSError: [Errno 24] Too many open files
Exception in callback BaseAsyncIOLoop._handle_events(7, 1)
handle: <Handle BaseAsyncIOLoop._handle_events(7, 1)>
Traceback (most recent call last):
  File "/usr/lib/python3.12/asyncio/events.py", line 88, in _run
  File "/home/Shared/UniBe-swiss-ndvi/GitHub/swiss-ndvi-processing/.venv/lib/python3.12/site-packages/tornado/platform/asyncio.py", line 208, in _handle_events
  File "/home/Shared/UniBe-swiss-ndvi/GitHub/swiss-ndvi-processing/.venv/lib/python3.12/site-packages/tornado/netutil.py", line 273, in accept_handler
  File "/usr/lib/python3.12/socket.py", line 295, in accept
OSError: [Errno 24] Too many open files
Exception in callback BaseAsyncIOLoop._handle_events(7, 1)
handle: <Handle BaseAsyncIOLoop._handle_events(7, 1)>
Traceback (most recent call last):
  File "/usr/lib/python3.12/asyncio/events.py", line 88, in _run
  File "/home/Shared/UniBe-swiss-ndvi/GitHub/swiss-ndvi-processing/.venv/lib/python3.12/site-packages/tornado/platform/asyncio.py", line 208, in _handle_events
  File "/home/Shared/UniBe-swiss-ndvi/GitHub/swiss-ndvi-processing/.venv/lib/python3.12/site-packages/tornado/netutil.py", line 273, in accept_handler
  File "/usr/lib/python3.12/socket.py", line 295, in accept
OSError: [Errno 24] Too many open files
Exception in callback BaseAsyncIOLoop._handle_events(7, 1)
handle: <Handle BaseAsyncIOLoop._handle_events(7, 1)>
Traceback (most recent call last):
  File "/usr/lib/python3.12/asyncio/events.py", line 88, in _run
  File "/home/Shared/UniBe-swiss-ndvi/GitHub/swiss-ndvi-processing/.venv/lib/python3.12/site-packages/tornado/platform/asyncio.py", line 208, in _handle_events
  File "/home/Shared/UniBe-swiss-ndvi/GitHub/swiss-ndvi-processing/.venv/lib/python3.12/site-packages/tornado/netutil.py", line 273, in accept_handler
  File "/usr/lib/python3.12/socket.py", line 295, in accept
OSError: [Errno 24] Too many open files
Exception in callback BaseAsyncIOLoop._handle_events(7, 1)
handle: <Handle BaseAsyncIOLoop._handle_events(7, 1)>
Traceback (most recent call last):
  File "/usr/lib/python3.12/asyncio/events.py", line 88, in _run
  File "/home/Shared/UniBe-swiss-ndvi/GitHub/swiss-ndvi-processing/.venv/lib/python3.12/site-packages/tornado/platform/asyncio.py", line 208, in _handle_events
  File "/home/Shared/UniBe-swiss-ndvi/GitHub/swiss-ndvi-processing/.venv/lib/python3.12/site-packages/tornado/netutil.py", line 273, in accept_handler
  File "/usr/lib/python3.12/socket.py", line 295, in accept
OSError: [Errno 24] Too many open files
Exception in callback BaseAsyncIOLoop._handle_events(7, 1)
handle: <Handle BaseAsyncIOLoop._handle_events(7, 1)>
Traceback (most recent call last):
  File "/usr/lib/python3.12/asyncio/events.py", line 88, in _run
  File "/home/Shared/UniBe-swiss-ndvi/GitHub/swiss-ndvi-processing/.venv/lib/python3.12/site-packages/tornado/platform/asyncio.py", line 208, in _handle_events
  File "/home/Shared/UniBe-swiss-ndvi/GitHub/swiss-ndvi-processing/.venv/lib/python3.12/site-packages/tornado/netutil.py", line 273, in accept_handler
  File "/usr/lib/python3.12/socket.py", line 295, in accept
OSError: [Errno 24] Too many open files
Exception in callback BaseAsyncIOLoop._handle_events(7, 1)
handle: <Handle BaseAsyncIOLoop._handle_events(7, 1)>
Traceback (most recent call last):
  File "/usr/lib/python3.12/asyncio/events.py", line 88, in _run
  File "/home/Shared/UniBe-swiss-ndvi/GitHub/swiss-ndvi-processing/.venv/lib/python3.12/site-packages/tornado/platform/asyncio.py", line 208, in _handle_events
  File "/home/Shared/UniBe-swiss-ndvi/GitHub/swiss-ndvi-processing/.venv/lib/python3.12/site-packages/tornado/netutil.py", line 273, in accept_handler
  File "/usr/lib/python3.12/socket.py", line 295, in accept
OSError: [Errno 24] Too many open files
2026-04-08 22:14:48,608 - distributed.worker - WARNING - Mismatched versions found

+-------------+---------------------------------------------+-----------+----------+
| Package     | Worker-b5a5ed6d-94ea-40ad-a222-112f66fb9a18 | Scheduler | Workers  |
+-------------+---------------------------------------------+-----------+----------+
| cloudpickle | 3.1.1                                       | None      | 3.1.1    |
| dask        | 2025.9.1                                    | None      | 2025.9.1 |
| distributed | 2025.9.1                                    | None      | 2025.9.1 |
| lz4         | 4.3.2                                       | None      | 4.3.2    |
| msgpack     | 1.1.1                                       | None      | 1.1.1    |
| toolz       | 1.0.0                                       | None      | 1.0.0    |
| tornado     | 6.5.1                                       | None      | 6.5.1    |
+-------------+---------------------------------------------+-----------+----------+
Exception in callback BaseAsyncIOLoop._handle_events(7, 1)
handle: <Handle BaseAsyncIOLoop._handle_events(7, 1)>
Traceback (most recent call last):
  File "/usr/lib/python3.12/asyncio/events.py", line 88, in _run
  File "/home/Shared/UniBe-swiss-ndvi/GitHub/swiss-ndvi-processing/.venv/lib/python3.12/site-packages/tornado/platform/asyncio.py", line 208, in _handle_events
  File "/home/Shared/UniBe-swiss-ndvi/GitHub/swiss-ndvi-processing/.venv/lib/python3.12/site-packages/tornado/netutil.py", line 273, in accept_handler
  File "/usr/lib/python3.12/socket.py", line 295, in accept
OSError: [Errno 24] Too many open files
2026-04-08 22:14:48,609 - distributed.worker - WARNING - Mismatched versions found

+-------------+---------------------------------------------+-----------+----------+
| Package     | Worker-eff4ac21-3414-4d5e-8912-d14a0b814a6f | Scheduler | Workers  |
+-------------+---------------------------------------------+-----------+----------+
| cloudpickle | 3.1.1                                       | None      | 3.1.1    |
| dask        | 2025.9.1                                    | None      | 2025.9.1 |
| distributed | 2025.9.1                                    | None      | 2025.9.1 |
| lz4         | 4.3.2                                       | None      | 4.3.2    |
| msgpack     | 1.1.1                                       | None      | 1.1.1    |
| toolz       | 1.0.0                                       | None      | 1.0.0    |
| tornado     | 6.5.1                                       | None      | 6.5.1    |
+-------------+---------------------------------------------+-----------+----------+
Exception in callback BaseAsyncIOLoop._handle_events(7, 1)
handle: <Handle BaseAsyncIOLoop._handle_events(7, 1)>
Traceback (most recent call last):
  File "/usr/lib/python3.12/asyncio/events.py", line 88, in _run
  File "/home/Shared/UniBe-swiss-ndvi/GitHub/swiss-ndvi-processing/.venv/lib/python3.12/site-packages/tornado/platform/asyncio.py", line 208, in _handle_events
  File "/home/Shared/UniBe-swiss-ndvi/GitHub/swiss-ndvi-processing/.venv/lib/python3.12/site-packages/tornado/netutil.py", line 273, in accept_handler
  File "/usr/lib/python3.12/socket.py", line 295, in accept
OSError: [Errno 24] Too many open files
Exception in callback BaseAsyncIOLoop._handle_events(7, 1)
handle: <Handle BaseAsyncIOLoop._handle_events(7, 1)>
Traceback (most recent call last):
  File "/usr/lib/python3.12/asyncio/events.py", line 88, in _run
  File "/home/Shared/UniBe-swiss-ndvi/GitHub/swiss-ndvi-processing/.venv/lib/python3.12/site-packages/tornado/platform/asyncio.py", line 208, in _handle_events
  File "/home/Shared/UniBe-swiss-ndvi/GitHub/swiss-ndvi-processing/.venv/lib/python3.12/site-packages/tornado/netutil.py", line 273, in accept_handler
  File "/usr/lib/python3.12/socket.py", line 295, in accept
OSError: [Errno 24] Too many open files
Exception in callback BaseAsyncIOLoop._handle_events(7, 1)
handle: <Handle BaseAsyncIOLoop._handle_events(7, 1)>
Traceback (most recent call last):
  File "/usr/lib/python3.12/asyncio/events.py", line 88, in _run
  File "/home/Shared/UniBe-swiss-ndvi/GitHub/swiss-ndvi-processing/.venv/lib/python3.12/site-packages/tornado/platform/asyncio.py", line 208, in _handle_events
  File "/home/Shared/UniBe-swiss-ndvi/GitHub/swiss-ndvi-processing/.venv/lib/python3.12/site-packages/tornado/netutil.py", line 273, in accept_handler
  File "/usr/lib/python3.12/socket.py", line 295, in accept
OSError: [Errno 24] Too many open files
2026-04-08 22:14:48,610 - distributed.worker - WARNING - Mismatched versions found

+-------------+---------------------------------------------+-----------+----------+
| Package     | Worker-8385b793-4513-4fe5-b097-c25af2bfa64f | Scheduler | Workers  |
+-------------+---------------------------------------------+-----------+----------+
| cloudpickle | 3.1.1                                       | None      | 3.1.1    |
| dask        | 2025.9.1                                    | None      | 2025.9.1 |
| distributed | 2025.9.1                                    | None      | 2025.9.1 |
| lz4         | 4.3.2                                       | None      | 4.3.2    |
| msgpack     | 1.1.1                                       | None      | 1.1.1    |
| toolz       | 1.0.0                                       | None      | 1.0.0    |
| tornado     | 6.5.1                                       | None      | 6.5.1    |
+-------------+---------------------------------------------+-----------+----------+
Exception in callback BaseAsyncIOLoop._handle_events(7, 1)
handle: <Handle BaseAsyncIOLoop._handle_events(7, 1)>
Traceback (most recent call last):
  File "/usr/lib/python3.12/asyncio/events.py", line 88, in _run
  File "/home/Shared/UniBe-swiss-ndvi/GitHub/swiss-ndvi-processing/.venv/lib/python3.12/site-packages/tornado/platform/asyncio.py", line 208, in _handle_events
  File "/home/Shared/UniBe-swiss-ndvi/GitHub/swiss-ndvi-processing/.venv/lib/python3.12/site-packages/tornado/netutil.py", line 273, in accept_handler
  File "/usr/lib/python3.12/socket.py", line 295, in accept
OSError: [Errno 24] Too many open files
2026-04-08 22:14:48,611 - distributed.worker - WARNING - Mismatched versions found

+-------------+---------------------------------------------+-----------+----------+
| Package     | Worker-652bede7-9074-4bb6-9810-90c08b3112f8 | Scheduler | Workers  |
+-------------+---------------------------------------------+-----------+----------+
| cloudpickle | 3.1.1                                       | None      | 3.1.1    |
| dask        | 2025.9.1                                    | None      | 2025.9.1 |
| distributed | 2025.9.1                                    | None      | 2025.9.1 |
| lz4         | 4.3.2                                       | None      | 4.3.2    |
| msgpack     | 1.1.1                                       | None      | 1.1.1    |
| toolz       | 1.0.0                                       | None      | 1.0.0    |
| tornado     | 6.5.1                                       | None      | 6.5.1    |
+-------------+---------------------------------------------+-----------+----------+
Exception in callback BaseAsyncIOLoop._handle_events(7, 1)
handle: <Handle BaseAsyncIOLoop._handle_events(7, 1)>
Traceback (most recent call last):
  File "/usr/lib/python3.12/asyncio/events.py", line 88, in _run
  File "/home/Shared/UniBe-swiss-ndvi/GitHub/swiss-ndvi-processing/.venv/lib/python3.12/site-packages/tornado/platform/asyncio.py", line 208, in _handle_events
  File "/home/Shared/UniBe-swiss-ndvi/GitHub/swiss-ndvi-processing/.venv/lib/python3.12/site-packages/tornado/netutil.py", line 273, in accept_handler
  File "/usr/lib/python3.12/socket.py", line 295, in accept
OSError: [Errno 24] Too many open files
2026-04-08 22:14:48,611 - tornado.application - ERROR - Exception in callback functools.partial(<bound method NannyMemoryManager.memory_monitor of <distributed.worker_memory.NannyMemoryManager object at 0x794b6da74650>>, <Nanny: tcp://127.0.0.1:44845, threads: 1>)
Traceback (most recent call last):
  File "/home/Shared/UniBe-swiss-ndvi/GitHub/swiss-ndvi-processing/.venv/lib/python3.12/site-packages/psutil/_common.py", line 441, in wrapper
AttributeError: 'Process' object has no attribute '_cache'

During handling of the above exception, another exception occurred:

Traceback (most recent call last):
  File "/home/Shared/UniBe-swiss-ndvi/GitHub/swiss-ndvi-processing/.venv/lib/python3.12/site-packages/tornado/ioloop.py", line 945, in _run
  File "/home/Shared/UniBe-swiss-ndvi/GitHub/swiss-ndvi-processing/.venv/lib/python3.12/site-packages/distributed/worker_memory.py", line 417, in memory_monitor
  File "/home/Shared/UniBe-swiss-ndvi/GitHub/swiss-ndvi-processing/.venv/lib/python3.12/site-packages/psutil/__init__.py", line 332, in __init__
  File "/home/Shared/UniBe-swiss-ndvi/GitHub/swiss-ndvi-processing/.venv/lib/python3.12/site-packages/psutil/__init__.py", line 361, in _init
  File "/home/Shared/UniBe-swiss-ndvi/GitHub/swiss-ndvi-processing/.venv/lib/python3.12/site-packages/psutil/__init__.py", line 717, in create_time
  File "/home/Shared/UniBe-swiss-ndvi/GitHub/swiss-ndvi-processing/.venv/lib/python3.12/site-packages/psutil/_pslinux.py", line 1661, in wrapper
  File "/home/Shared/UniBe-swiss-ndvi/GitHub/swiss-ndvi-processing/.venv/lib/python3.12/site-packages/psutil/_pslinux.py", line 1873, in create_time
  File "/home/Shared/UniBe-swiss-ndvi/GitHub/swiss-ndvi-processing/.venv/lib/python3.12/site-packages/psutil/_pslinux.py", line 1661, in wrapper
  File "/home/Shared/UniBe-swiss-ndvi/GitHub/swiss-ndvi-processing/.venv/lib/python3.12/site-packages/psutil/_common.py", line 444, in wrapper
  File "/home/Shared/UniBe-swiss-ndvi/GitHub/swiss-ndvi-processing/.venv/lib/python3.12/site-packages/psutil/_pslinux.py", line 1703, in _parse_stat_file
  File "/home/Shared/UniBe-swiss-ndvi/GitHub/swiss-ndvi-processing/.venv/lib/python3.12/site-packages/psutil/_common.py", line 711, in open_binary
OSError: [Errno 24] Too many open files: '/proc/4075127/stat'
Exception in callback BaseAsyncIOLoop._handle_events(7, 1)
handle: <Handle BaseAsyncIOLoop._handle_events(7, 1)>
Traceback (most recent call last):
  File "/usr/lib/python3.12/asyncio/events.py", line 88, in _run
  File "/home/Shared/UniBe-swiss-ndvi/GitHub/swiss-ndvi-processing/.venv/lib/python3.12/site-packages/tornado/platform/asyncio.py", line 208, in _handle_events
  File "/home/Shared/UniBe-swiss-ndvi/GitHub/swiss-ndvi-processing/.venv/lib/python3.12/site-packages/tornado/netutil.py", line 273, in accept_handler
  File "/usr/lib/python3.12/socket.py", line 295, in accept
OSError: [Errno 24] Too many open files
2026-04-08 22:14:48,614 - tornado.application - ERROR - Exception in callback functools.partial(<bound method NannyMemoryManager.memory_monitor of <distributed.worker_memory.NannyMemoryManager object at 0x794b6da74710>>, <Nanny: tcp://127.0.0.1:38781, threads: 1>)
Traceback (most recent call last):
  File "/home/Shared/UniBe-swiss-ndvi/GitHub/swiss-ndvi-processing/.venv/lib/python3.12/site-packages/psutil/_common.py", line 441, in wrapper
AttributeError: 'Process' object has no attribute '_cache'

During handling of the above exception, another exception occurred:

Traceback (most recent call last):
  File "/home/Shared/UniBe-swiss-ndvi/GitHub/swiss-ndvi-processing/.venv/lib/python3.12/site-packages/tornado/ioloop.py", line 945, in _run
  File "/home/Shared/UniBe-swiss-ndvi/GitHub/swiss-ndvi-processing/.venv/lib/python3.12/site-packages/distributed/worker_memory.py", line 417, in memory_monitor
  File "/home/Shared/UniBe-swiss-ndvi/GitHub/swiss-ndvi-processing/.venv/lib/python3.12/site-packages/psutil/__init__.py", line 332, in __init__
  File "/home/Shared/UniBe-swiss-ndvi/GitHub/swiss-ndvi-processing/.venv/lib/python3.12/site-packages/psutil/__init__.py", line 361, in _init
  File "/home/Shared/UniBe-swiss-ndvi/GitHub/swiss-ndvi-processing/.venv/lib/python3.12/site-packages/psutil/__init__.py", line 717, in create_time
  File "/home/Shared/UniBe-swiss-ndvi/GitHub/swiss-ndvi-processing/.venv/lib/python3.12/site-packages/psutil/_pslinux.py", line 1661, in wrapper
  File "/home/Shared/UniBe-swiss-ndvi/GitHub/swiss-ndvi-processing/.venv/lib/python3.12/site-packages/psutil/_pslinux.py", line 1873, in create_time
  File "/home/Shared/UniBe-swiss-ndvi/GitHub/swiss-ndvi-processing/.venv/lib/python3.12/site-packages/psutil/_pslinux.py", line 1661, in wrapper
  File "/home/Shared/UniBe-swiss-ndvi/GitHub/swiss-ndvi-processing/.venv/lib/python3.12/site-packages/psutil/_common.py", line 444, in wrapper
  File "/home/Shared/UniBe-swiss-ndvi/GitHub/swiss-ndvi-processing/.venv/lib/python3.12/site-packages/psutil/_pslinux.py", line 1703, in _parse_stat_file
  File "/home/Shared/UniBe-swiss-ndvi/GitHub/swiss-ndvi-processing/.venv/lib/python3.12/site-packages/psutil/_common.py", line 711, in open_binary
OSError: [Errno 24] Too many open files: '/proc/4075130/stat'
Exception in callback BaseAsyncIOLoop._handle_events(7, 1)
handle: <Handle BaseAsyncIOLoop._handle_events(7, 1)>
Traceback (most recent call last):
  File "/usr/lib/python3.12/asyncio/events.py", line 88, in _run
  File "/home/Shared/UniBe-swiss-ndvi/GitHub/swiss-ndvi-processing/.venv/lib/python3.12/site-packages/tornado/platform/asyncio.py", line 208, in _handle_events
  File "/home/Shared/UniBe-swiss-ndvi/GitHub/swiss-ndvi-processing/.venv/lib/python3.12/site-packages/tornado/netutil.py", line 273, in accept_handler
  File "/usr/lib/python3.12/socket.py", line 295, in accept
OSError: [Errno 24] Too many open files
Exception in callback BaseAsyncIOLoop._handle_events(7, 1)
handle: <Handle BaseAsyncIOLoop._handle_events(7, 1)>
Traceback (most recent call last):
  File "/usr/lib/python3.12/asyncio/events.py", line 88, in _run
  File "/home/Shared/UniBe-swiss-ndvi/GitHub/swiss-ndvi-processing/.venv/lib/python3.12/site-packages/tornado/platform/asyncio.py", line 208, in _handle_events
  File "/home/Shared/UniBe-swiss-ndvi/GitHub/swiss-ndvi-processing/.venv/lib/python3.12/site-packages/tornado/netutil.py", line 273, in accept_handler
  File "/usr/lib/python3.12/socket.py", line 295, in accept
OSError: [Errno 24] Too many open files
Exception in callback BaseAsyncIOLoop._handle_events(7, 1)
handle: <Handle BaseAsyncIOLoop._handle_events(7, 1)>
Traceback (most recent call last):
  File "/usr/lib/python3.12/asyncio/events.py", line 88, in _run
  File "/home/Shared/UniBe-swiss-ndvi/GitHub/swiss-ndvi-processing/.venv/lib/python3.12/site-packages/tornado/platform/asyncio.py", line 208, in _handle_events
  File "/home/Shared/UniBe-swiss-ndvi/GitHub/swiss-ndvi-processing/.venv/lib/python3.12/site-packages/tornado/netutil.py", line 273, in accept_handler
  File "/usr/lib/python3.12/socket.py", line 295, in accept
OSError: [Errno 24] Too many open files
Exception in callback BaseAsyncIOLoop._handle_events(7, 1)
handle: <Handle BaseAsyncIOLoop._handle_events(7, 1)>
Traceback (most recent call last):
  File "/usr/lib/python3.12/asyncio/events.py", line 88, in _run
  File "/home/Shared/UniBe-swiss-ndvi/GitHub/swiss-ndvi-processing/.venv/lib/python3.12/site-packages/tornado/platform/asyncio.py", line 208, in _handle_events
  File "/home/Shared/UniBe-swiss-ndvi/GitHub/swiss-ndvi-processing/.venv/lib/python3.12/site-packages/tornado/netutil.py", line 273, in accept_handler
  File "/usr/lib/python3.12/socket.py", line 295, in accept
OSError: [Errno 24] Too many open files
2026-04-08 22:14:48,622 - distributed.worker - WARNING - Mismatched versions found

+-------------+---------------------------------------------+-----------+----------+
| Package     | Worker-985561da-a6aa-45eb-b649-adbe4c1053c9 | Scheduler | Workers  |
+-------------+---------------------------------------------+-----------+----------+
| cloudpickle | 3.1.1                                       | None      | 3.1.1    |
| dask        | 2025.9.1                                    | None      | 2025.9.1 |
| distributed | 2025.9.1                                    | None      | 2025.9.1 |
| lz4         | 4.3.2                                       | None      | 4.3.2    |
| msgpack     | 1.1.1                                       | None      | 1.1.1    |
| toolz       | 1.0.0                                       | None      | 1.0.0    |
| tornado     | 6.5.1                                       | None      | 6.5.1    |
+-------------+---------------------------------------------+-----------+----------+
2026-04-08 22:14:48,622 - distributed.worker - WARNING - Mismatched versions found

+-------------+---------------------------------------------+-----------+----------+
| Package     | Worker-35608f92-8430-4ee5-a6de-1c8ae4b678b9 | Scheduler | Workers  |
+-------------+---------------------------------------------+-----------+----------+
| cloudpickle | 3.1.1                                       | None      | 3.1.1    |
| dask        | 2025.9.1                                    | None      | 2025.9.1 |
| distributed | 2025.9.1                                    | None      | 2025.9.1 |
| lz4         | 4.3.2                                       | None      | 4.3.2    |
| msgpack     | 1.1.1                                       | None      | 1.1.1    |
| toolz       | 1.0.0                                       | None      | 1.0.0    |
| tornado     | 6.5.1                                       | None      | 6.5.1    |
+-------------+---------------------------------------------+-----------+----------+
Exception in callback BaseAsyncIOLoop._handle_events(7, 1)
handle: <Handle BaseAsyncIOLoop._handle_events(7, 1)>
Traceback (most recent call last):
  File "/usr/lib/python3.12/asyncio/events.py", line 88, in _run
  File "/home/Shared/UniBe-swiss-ndvi/GitHub/swiss-ndvi-processing/.venv/lib/python3.12/site-packages/tornado/platform/asyncio.py", line 208, in _handle_events
  File "/home/Shared/UniBe-swiss-ndvi/GitHub/swiss-ndvi-processing/.venv/lib/python3.12/site-packages/tornado/netutil.py", line 273, in accept_handler
  File "/usr/lib/python3.12/socket.py", line 295, in accept
OSError: [Errno 24] Too many open files
Exception in callback BaseAsyncIOLoop._handle_events(7, 1)
handle: <Handle BaseAsyncIOLoop._handle_events(7, 1)>
Traceback (most recent call last):
  File "/usr/lib/python3.12/asyncio/events.py", line 88, in _run
  File "/home/Shared/UniBe-swiss-ndvi/GitHub/swiss-ndvi-processing/.venv/lib/python3.12/site-packages/tornado/platform/asyncio.py", line 208, in _handle_events
  File "/home/Shared/UniBe-swiss-ndvi/GitHub/swiss-ndvi-processing/.venv/lib/python3.12/site-packages/tornado/netutil.py", line 273, in accept_handler
  File "/usr/lib/python3.12/socket.py", line 295, in accept
OSError: [Errno 24] Too many open files
Exception in callback BaseAsyncIOLoop._handle_events(7, 1)
handle: <Handle BaseAsyncIOLoop._handle_events(7, 1)>
Traceback (most recent call last):
  File "/usr/lib/python3.12/asyncio/events.py", line 88, in _run
  File "/home/Shared/UniBe-swiss-ndvi/GitHub/swiss-ndvi-processing/.venv/lib/python3.12/site-packages/tornado/platform/asyncio.py", line 208, in _handle_events
  File "/home/Shared/UniBe-swiss-ndvi/GitHub/swiss-ndvi-processing/.venv/lib/python3.12/site-packages/tornado/netutil.py", line 273, in accept_handler
  File "/usr/lib/python3.12/socket.py", line 295, in accept
OSError: [Errno 24] Too many open files
Exception in callback BaseAsyncIOLoop._handle_events(7, 1)
handle: <Handle BaseAsyncIOLoop._handle_events(7, 1)>
Traceback (most recent call last):
  File "/usr/lib/python3.12/asyncio/events.py", line 88, in _run
  File "/home/Shared/UniBe-swiss-ndvi/GitHub/swiss-ndvi-processing/.venv/lib/python3.12/site-packages/tornado/platform/asyncio.py", line 208, in _handle_events
  File "/home/Shared/UniBe-swiss-ndvi/GitHub/swiss-ndvi-processing/.venv/lib/python3.12/site-packages/tornado/netutil.py", line 273, in accept_handler
  File "/usr/lib/python3.12/socket.py", line 295, in accept
OSError: [Errno 24] Too many open files
Exception in callback BaseAsyncIOLoop._handle_events(7, 1)
handle: <Handle BaseAsyncIOLoop._handle_events(7, 1)>
Traceback (most recent call last):
  File "/usr/lib/python3.12/asyncio/events.py", line 88, in _run
  File "/home/Shared/UniBe-swiss-ndvi/GitHub/swiss-ndvi-processing/.venv/lib/python3.12/site-packages/tornado/platform/asyncio.py", line 208, in _handle_events
  File "/home/Shared/UniBe-swiss-ndvi/GitHub/swiss-ndvi-processing/.venv/lib/python3.12/site-packages/tornado/netutil.py", line 273, in accept_handler
  File "/usr/lib/python3.12/socket.py", line 295, in accept
OSError: [Errno 24] Too many open files
Exception in callback BaseAsyncIOLoop._handle_events(7, 1)
handle: <Handle BaseAsyncIOLoop._handle_events(7, 1)>
Traceback (most recent call last):
  File "/usr/lib/python3.12/asyncio/events.py", line 88, in _run
  File "/home/Shared/UniBe-swiss-ndvi/GitHub/swiss-ndvi-processing/.venv/lib/python3.12/site-packages/tornado/platform/asyncio.py", line 208, in _handle_events
  File "/home/Shared/UniBe-swiss-ndvi/GitHub/swiss-ndvi-processing/.venv/lib/python3.12/site-packages/tornado/netutil.py", line 273, in accept_handler
  File "/usr/lib/python3.12/socket.py", line 295, in accept
OSError: [Errno 24] Too many open files
Exception in callback BaseAsyncIOLoop._handle_events(7, 1)
handle: <Handle BaseAsyncIOLoop._handle_events(7, 1)>
Traceback (most recent call last):
  File "/usr/lib/python3.12/asyncio/events.py", line 88, in _run
  File "/home/Shared/UniBe-swiss-ndvi/GitHub/swiss-ndvi-processing/.venv/lib/python3.12/site-packages/tornado/platform/asyncio.py", line 208, in _handle_events
  File "/home/Shared/UniBe-swiss-ndvi/GitHub/swiss-ndvi-processing/.venv/lib/python3.12/site-packages/tornado/netutil.py", line 273, in accept_handler
  File "/usr/lib/python3.12/socket.py", line 295, in accept
OSError: [Errno 24] Too many open files
Exception in callback BaseAsyncIOLoop._handle_events(7, 1)
handle: <Handle BaseAsyncIOLoop._handle_events(7, 1)>
Traceback (most recent call last):
  File "/usr/lib/python3.12/asyncio/events.py", line 88, in _run
  File "/home/Shared/UniBe-swiss-ndvi/GitHub/swiss-ndvi-processing/.venv/lib/python3.12/site-packages/tornado/platform/asyncio.py", line 208, in _handle_events
  File "/home/Shared/UniBe-swiss-ndvi/GitHub/swiss-ndvi-processing/.venv/lib/python3.12/site-packages/tornado/netutil.py", line 273, in accept_handler
  File "/usr/lib/python3.12/socket.py", line 295, in accept
OSError: [Errno 24] Too many open files
Exception in callback BaseAsyncIOLoop._handle_events(7, 1)
handle: <Handle BaseAsyncIOLoop._handle_events(7, 1)>
Traceback (most recent call last):
  File "/usr/lib/python3.12/asyncio/events.py", line 88, in _run
  File "/home/Shared/UniBe-swiss-ndvi/GitHub/swiss-ndvi-processing/.venv/lib/python3.12/site-packages/tornado/platform/asyncio.py", line 208, in _handle_events
  File "/home/Shared/UniBe-swiss-ndvi/GitHub/swiss-ndvi-processing/.venv/lib/python3.12/site-packages/tornado/netutil.py", line 273, in accept_handler
  File "/usr/lib/python3.12/socket.py", line 295, in accept
OSError: [Errno 24] Too many open files
Exception in callback BaseAsyncIOLoop._handle_events(7, 1)
handle: <Handle BaseAsyncIOLoop._handle_events(7, 1)>
Traceback (most recent call last):
  File "/usr/lib/python3.12/asyncio/events.py", line 88, in _run
  File "/home/Shared/UniBe-swiss-ndvi/GitHub/swiss-ndvi-processing/.venv/lib/python3.12/site-packages/tornado/platform/asyncio.py", line 208, in _handle_events
  File "/home/Shared/UniBe-swiss-ndvi/GitHub/swiss-ndvi-processing/.venv/lib/python3.12/site-packages/tornado/netutil.py", line 273, in accept_handler
  File "/usr/lib/python3.12/socket.py", line 295, in accept
OSError: [Errno 24] Too many open files
Exception in callback BaseAsyncIOLoop._handle_events(7, 1)
handle: <Handle BaseAsyncIOLoop._handle_events(7, 1)>
Traceback (most recent call last):
  File "/usr/lib/python3.12/asyncio/events.py", line 88, in _run
  File "/home/Shared/UniBe-swiss-ndvi/GitHub/swiss-ndvi-processing/.venv/lib/python3.12/site-packages/tornado/platform/asyncio.py", line 208, in _handle_events
  File "/home/Shared/UniBe-swiss-ndvi/GitHub/swiss-ndvi-processing/.venv/lib/python3.12/site-packages/tornado/netutil.py", line 273, in accept_handler
  File "/usr/lib/python3.12/socket.py", line 295, in accept
OSError: [Errno 24] Too many open files
Exception in callback BaseAsyncIOLoop._handle_events(7, 1)
handle: <Handle BaseAsyncIOLoop._handle_events(7, 1)>
Traceback (most recent call last):
  File "/usr/lib/python3.12/asyncio/events.py", line 88, in _run
  File "/home/Shared/UniBe-swiss-ndvi/GitHub/swiss-ndvi-processing/.venv/lib/python3.12/site-packages/tornado/platform/asyncio.py", line 208, in _handle_events
  File "/home/Shared/UniBe-swiss-ndvi/GitHub/swiss-ndvi-processing/.venv/lib/python3.12/site-packages/tornado/netutil.py", line 273, in accept_handler
  File "/usr/lib/python3.12/socket.py", line 295, in accept
OSError: [Errno 24] Too many open files
Exception in callback BaseAsyncIOLoop._handle_events(7, 1)
handle: <Handle BaseAsyncIOLoop._handle_events(7, 1)>
Traceback (most recent call last):
  File "/usr/lib/python3.12/asyncio/events.py", line 88, in _run
  File "/home/Shared/UniBe-swiss-ndvi/GitHub/swiss-ndvi-processing/.venv/lib/python3.12/site-packages/tornado/platform/asyncio.py", line 208, in _handle_events
  File "/home/Shared/UniBe-swiss-ndvi/GitHub/swiss-ndvi-processing/.venv/lib/python3.12/site-packages/tornado/netutil.py", line 273, in accept_handler
  File "/usr/lib/python3.12/socket.py", line 295, in accept
OSError: [Errno 24] Too many open files
Exception in callback BaseAsyncIOLoop._handle_events(7, 1)
handle: <Handle BaseAsyncIOLoop._handle_events(7, 1)>
Traceback (most recent call last):
  File "/usr/lib/python3.12/asyncio/events.py", line 88, in _run
  File "/home/Shared/UniBe-swiss-ndvi/GitHub/swiss-ndvi-processing/.venv/lib/python3.12/site-packages/tornado/platform/asyncio.py", line 208, in _handle_events
  File "/home/Shared/UniBe-swiss-ndvi/GitHub/swiss-ndvi-processing/.venv/lib/python3.12/site-packages/tornado/netutil.py", line 273, in accept_handler
  File "/usr/lib/python3.12/socket.py", line 295, in accept
OSError: [Errno 24] Too many open files
Exception in callback BaseAsyncIOLoop._handle_events(7, 1)
handle: <Handle BaseAsyncIOLoop._handle_events(7, 1)>
Traceback (most recent call last):
  File "/usr/lib/python3.12/asyncio/events.py", line 88, in _run
  File "/home/Shared/UniBe-swiss-ndvi/GitHub/swiss-ndvi-processing/.venv/lib/python3.12/site-packages/tornado/platform/asyncio.py", line 208, in _handle_events
  File "/home/Shared/UniBe-swiss-ndvi/GitHub/swiss-ndvi-processing/.venv/lib/python3.12/site-packages/tornado/netutil.py", line 273, in accept_handler
  File "/usr/lib/python3.12/socket.py", line 295, in accept
OSError: [Errno 24] Too many open files
Exception in callback BaseAsyncIOLoop._handle_events(7, 1)
handle: <Handle BaseAsyncIOLoop._handle_events(7, 1)>
Traceback (most recent call last):
  File "/usr/lib/python3.12/asyncio/events.py", line 88, in _run
  File "/home/Shared/UniBe-swiss-ndvi/GitHub/swiss-ndvi-processing/.venv/lib/python3.12/site-packages/tornado/platform/asyncio.py", line 208, in _handle_events
  File "/home/Shared/UniBe-swiss-ndvi/GitHub/swiss-ndvi-processing/.venv/lib/python3.12/site-packages/tornado/netutil.py", line 273, in accept_handler
  File "/usr/lib/python3.12/socket.py", line 295, in accept
OSError: [Errno 24] Too many open files
Exception in callback BaseAsyncIOLoop._handle_events(7, 1)
handle: <Handle BaseAsyncIOLoop._handle_events(7, 1)>
Traceback (most recent call last):
  File "/usr/lib/python3.12/asyncio/events.py", line 88, in _run
  File "/home/Shared/UniBe-swiss-ndvi/GitHub/swiss-ndvi-processing/.venv/lib/python3.12/site-packages/tornado/platform/asyncio.py", line 208, in _handle_events
  File "/home/Shared/UniBe-swiss-ndvi/GitHub/swiss-ndvi-processing/.venv/lib/python3.12/site-packages/tornado/netutil.py", line 273, in accept_handler
  File "/usr/lib/python3.12/socket.py", line 295, in accept
OSError: [Errno 24] Too many open files
Exception in callback BaseAsyncIOLoop._handle_events(7, 1)
handle: <Handle BaseAsyncIOLoop._handle_events(7, 1)>
Traceback (most recent call last):
  File "/usr/lib/python3.12/asyncio/events.py", line 88, in _run
  File "/home/Shared/UniBe-swiss-ndvi/GitHub/swiss-ndvi-processing/.venv/lib/python3.12/site-packages/tornado/platform/asyncio.py", line 208, in _handle_events
  File "/home/Shared/UniBe-swiss-ndvi/GitHub/swiss-ndvi-processing/.venv/lib/python3.12/site-packages/tornado/netutil.py", line 273, in accept_handler
  File "/usr/lib/python3.12/socket.py", line 295, in accept
OSError: [Errno 24] Too many open files
Exception in callback BaseAsyncIOLoop._handle_events(7, 1)
handle: <Handle BaseAsyncIOLoop._handle_events(7, 1)>
Traceback (most recent call last):
  File "/usr/lib/python3.12/asyncio/events.py", line 88, in _run
  File "/home/Shared/UniBe-swiss-ndvi/GitHub/swiss-ndvi-processing/.venv/lib/python3.12/site-packages/tornado/platform/asyncio.py", line 208, in _handle_events
  File "/home/Shared/UniBe-swiss-ndvi/GitHub/swiss-ndvi-processing/.venv/lib/python3.12/site-packages/tornado/netutil.py", line 273, in accept_handler
  File "/usr/lib/python3.12/socket.py", line 295, in accept
OSError: [Errno 24] Too many open files
Exception in callback BaseAsyncIOLoop._handle_events(7, 1)
handle: <Handle BaseAsyncIOLoop._handle_events(7, 1)>
Traceback (most recent call last):
  File "/usr/lib/python3.12/asyncio/events.py", line 88, in _run
  File "/home/Shared/UniBe-swiss-ndvi/GitHub/swiss-ndvi-processing/.venv/lib/python3.12/site-packages/tornado/platform/asyncio.py", line 208, in _handle_events
  File "/home/Shared/UniBe-swiss-ndvi/GitHub/swiss-ndvi-processing/.venv/lib/python3.12/site-packages/tornado/netutil.py", line 273, in accept_handler
  File "/usr/lib/python3.12/socket.py", line 295, in accept
OSError: [Errno 24] Too many open files
Exception in callback BaseAsyncIOLoop._handle_events(7, 1)
handle: <Handle BaseAsyncIOLoop._handle_events(7, 1)>
Traceback (most recent call last):
  File "/usr/lib/python3.12/asyncio/events.py", line 88, in _run
  File "/home/Shared/UniBe-swiss-ndvi/GitHub/swiss-ndvi-processing/.venv/lib/python3.12/site-packages/tornado/platform/asyncio.py", line 208, in _handle_events
  File "/home/Shared/UniBe-swiss-ndvi/GitHub/swiss-ndvi-processing/.venv/lib/python3.12/site-packages/tornado/netutil.py", line 273, in accept_handler
  File "/usr/lib/python3.12/socket.py", line 295, in accept
OSError: [Errno 24] Too many open files
Exception in callback BaseAsyncIOLoop._handle_events(7, 1)
handle: <Handle BaseAsyncIOLoop._handle_events(7, 1)>
Traceback (most recent call last):
  File "/usr/lib/python3.12/asyncio/events.py", line 88, in _run
  File "/home/Shared/UniBe-swiss-ndvi/GitHub/swiss-ndvi-processing/.venv/lib/python3.12/site-packages/tornado/platform/asyncio.py", line 208, in _handle_events
  File "/home/Shared/UniBe-swiss-ndvi/GitHub/swiss-ndvi-processing/.venv/lib/python3.12/site-packages/tornado/netutil.py", line 273, in accept_handler
  File "/usr/lib/python3.12/socket.py", line 295, in accept
OSError: [Errno 24] Too many open files
Exception in callback BaseAsyncIOLoop._handle_events(7, 1)
handle: <Handle BaseAsyncIOLoop._handle_events(7, 1)>
Traceback (most recent call last):
  File "/usr/lib/python3.12/asyncio/events.py", line 88, in _run
  File "/home/Shared/UniBe-swiss-ndvi/GitHub/swiss-ndvi-processing/.venv/lib/python3.12/site-packages/tornado/platform/asyncio.py", line 208, in _handle_events
  File "/home/Shared/UniBe-swiss-ndvi/GitHub/swiss-ndvi-processing/.venv/lib/python3.12/site-packages/tornado/netutil.py", line 273, in accept_handler
  File "/usr/lib/python3.12/socket.py", line 295, in accept
OSError: [Errno 24] Too many open files
Exception in callback BaseAsyncIOLoop._handle_events(7, 1)
handle: <Handle BaseAsyncIOLoop._handle_events(7, 1)>
Traceback (most recent call last):
  File "/usr/lib/python3.12/asyncio/events.py", line 88, in _run
  File "/home/Shared/UniBe-swiss-ndvi/GitHub/swiss-ndvi-processing/.venv/lib/python3.12/site-packages/tornado/platform/asyncio.py", line 208, in _handle_events
  File "/home/Shared/UniBe-swiss-ndvi/GitHub/swiss-ndvi-processing/.venv/lib/python3.12/site-packages/tornado/netutil.py", line 273, in accept_handler
  File "/usr/lib/python3.12/socket.py", line 295, in accept
OSError: [Errno 24] Too many open files
Exception in callback BaseAsyncIOLoop._handle_events(7, 1)
handle: <Handle BaseAsyncIOLoop._handle_events(7, 1)>
Traceback (most recent call last):
  File "/usr/lib/python3.12/asyncio/events.py", line 88, in _run
  File "/home/Shared/UniBe-swiss-ndvi/GitHub/swiss-ndvi-processing/.venv/lib/python3.12/site-packages/tornado/platform/asyncio.py", line 208, in _handle_events
  File "/home/Shared/UniBe-swiss-ndvi/GitHub/swiss-ndvi-processing/.venv/lib/python3.12/site-packages/tornado/netutil.py", line 273, in accept_handler
  File "/usr/lib/python3.12/socket.py", line 295, in accept
OSError: [Errno 24] Too many open files
Exception in callback BaseAsyncIOLoop._handle_events(7, 1)
handle: <Handle BaseAsyncIOLoop._handle_events(7, 1)>
Traceback (most recent call last):
  File "/usr/lib/python3.12/asyncio/events.py", line 88, in _run
  File "/home/Shared/UniBe-swiss-ndvi/GitHub/swiss-ndvi-processing/.venv/lib/python3.12/site-packages/tornado/platform/asyncio.py", line 208, in _handle_events
  File "/home/Shared/UniBe-swiss-ndvi/GitHub/swiss-ndvi-processing/.venv/lib/python3.12/site-packages/tornado/netutil.py", line 273, in accept_handler
  File "/usr/lib/python3.12/socket.py", line 295, in accept
OSError: [Errno 24] Too many open files
Exception in callback BaseAsyncIOLoop._handle_events(7, 1)
handle: <Handle BaseAsyncIOLoop._handle_events(7, 1)>
Traceback (most recent call last):
  File "/usr/lib/python3.12/asyncio/events.py", line 88, in _run
  File "/home/Shared/UniBe-swiss-ndvi/GitHub/swiss-ndvi-processing/.venv/lib/python3.12/site-packages/tornado/platform/asyncio.py", line 208, in _handle_events
  File "/home/Shared/UniBe-swiss-ndvi/GitHub/swiss-ndvi-processing/.venv/lib/python3.12/site-packages/tornado/netutil.py", line 273, in accept_handler
  File "/usr/lib/python3.12/socket.py", line 295, in accept
OSError: [Errno 24] Too many open files
Exception in callback BaseAsyncIOLoop._handle_events(7, 1)
handle: <Handle BaseAsyncIOLoop._handle_events(7, 1)>
Traceback (most recent call last):
  File "/usr/lib/python3.12/asyncio/events.py", line 88, in _run
  File "/home/Shared/UniBe-swiss-ndvi/GitHub/swiss-ndvi-processing/.venv/lib/python3.12/site-packages/tornado/platform/asyncio.py", line 208, in _handle_events
  File "/home/Shared/UniBe-swiss-ndvi/GitHub/swiss-ndvi-processing/.venv/lib/python3.12/site-packages/tornado/netutil.py", line 273, in accept_handler
  File "/usr/lib/python3.12/socket.py", line 295, in accept
OSError: [Errno 24] Too many open files
Exception in callback BaseAsyncIOLoop._handle_events(7, 1)
handle: <Handle BaseAsyncIOLoop._handle_events(7, 1)>
Traceback (most recent call last):
  File "/usr/lib/python3.12/asyncio/events.py", line 88, in _run
  File "/home/Shared/UniBe-swiss-ndvi/GitHub/swiss-ndvi-processing/.venv/lib/python3.12/site-packages/tornado/platform/asyncio.py", line 208, in _handle_events
  File "/home/Shared/UniBe-swiss-ndvi/GitHub/swiss-ndvi-processing/.venv/lib/python3.12/site-packages/tornado/netutil.py", line 273, in accept_handler
  File "/usr/lib/python3.12/socket.py", line 295, in accept
OSError: [Errno 24] Too many open files
Exception in callback BaseAsyncIOLoop._handle_events(7, 1)
handle: <Handle BaseAsyncIOLoop._handle_events(7, 1)>
Traceback (most recent call last):
  File "/usr/lib/python3.12/asyncio/events.py", line 88, in _run
  File "/home/Shared/UniBe-swiss-ndvi/GitHub/swiss-ndvi-processing/.venv/lib/python3.12/site-packages/tornado/platform/asyncio.py", line 208, in _handle_events
  File "/home/Shared/UniBe-swiss-ndvi/GitHub/swiss-ndvi-processing/.venv/lib/python3.12/site-packages/tornado/netutil.py", line 273, in accept_handler
  File "/usr/lib/python3.12/socket.py", line 295, in accept
OSError: [Errno 24] Too many open files
Exception in callback BaseAsyncIOLoop._handle_events(7, 1)
handle: <Handle BaseAsyncIOLoop._handle_events(7, 1)>
Traceback (most recent call last):
  File "/usr/lib/python3.12/asyncio/events.py", line 88, in _run
  File "/home/Shared/UniBe-swiss-ndvi/GitHub/swiss-ndvi-processing/.venv/lib/python3.12/site-packages/tornado/platform/asyncio.py", line 208, in _handle_events
  File "/home/Shared/UniBe-swiss-ndvi/GitHub/swiss-ndvi-processing/.venv/lib/python3.12/site-packages/tornado/netutil.py", line 273, in accept_handler
  File "/usr/lib/python3.12/socket.py", line 295, in accept
OSError: [Errno 24] Too many open files
Exception in callback BaseAsyncIOLoop._handle_events(7, 1)
handle: <Handle BaseAsyncIOLoop._handle_events(7, 1)>
Traceback (most recent call last):
  File "/usr/lib/python3.12/asyncio/events.py", line 88, in _run
  File "/home/Shared/UniBe-swiss-ndvi/GitHub/swiss-ndvi-processing/.venv/lib/python3.12/site-packages/tornado/platform/asyncio.py", line 208, in _handle_events
  File "/home/Shared/UniBe-swiss-ndvi/GitHub/swiss-ndvi-processing/.venv/lib/python3.12/site-packages/tornado/netutil.py", line 273, in accept_handler
  File "/usr/lib/python3.12/socket.py", line 295, in accept
OSError: [Errno 24] Too many open files
Exception in callback BaseAsyncIOLoop._handle_events(7, 1)
handle: <Handle BaseAsyncIOLoop._handle_events(7, 1)>
Traceback (most recent call last):
  File "/usr/lib/python3.12/asyncio/events.py", line 88, in _run
  File "/home/Shared/UniBe-swiss-ndvi/GitHub/swiss-ndvi-processing/.venv/lib/python3.12/site-packages/tornado/platform/asyncio.py", line 208, in _handle_events
  File "/home/Shared/UniBe-swiss-ndvi/GitHub/swiss-ndvi-processing/.venv/lib/python3.12/site-packages/tornado/netutil.py", line 273, in accept_handler
  File "/usr/lib/python3.12/socket.py", line 295, in accept
OSError: [Errno 24] Too many open files
Exception in callback BaseAsyncIOLoop._handle_events(7, 1)
handle: <Handle BaseAsyncIOLoop._handle_events(7, 1)>
Traceback (most recent call last):
  File "/usr/lib/python3.12/asyncio/events.py", line 88, in _run
  File "/home/Shared/UniBe-swiss-ndvi/GitHub/swiss-ndvi-processing/.venv/lib/python3.12/site-packages/tornado/platform/asyncio.py", line 208, in _handle_events
  File "/home/Shared/UniBe-swiss-ndvi/GitHub/swiss-ndvi-processing/.venv/lib/python3.12/site-packages/tornado/netutil.py", line 273, in accept_handler
  File "/usr/lib/python3.12/socket.py", line 295, in accept
OSError: [Errno 24] Too many open files
Exception in callback BaseAsyncIOLoop._handle_events(7, 1)
handle: <Handle BaseAsyncIOLoop._handle_events(7, 1)>
Traceback (most recent call last):
  File "/usr/lib/python3.12/asyncio/events.py", line 88, in _run
  File "/home/Shared/UniBe-swiss-ndvi/GitHub/swiss-ndvi-processing/.venv/lib/python3.12/site-packages/tornado/platform/asyncio.py", line 208, in _handle_events
  File "/home/Shared/UniBe-swiss-ndvi/GitHub/swiss-ndvi-processing/.venv/lib/python3.12/site-packages/tornado/netutil.py", line 273, in accept_handler
  File "/usr/lib/python3.12/socket.py", line 295, in accept
OSError: [Errno 24] Too many open files
Exception in callback BaseAsyncIOLoop._handle_events(7, 1)
handle: <Handle BaseAsyncIOLoop._handle_events(7, 1)>
Traceback (most recent call last):
  File "/usr/lib/python3.12/asyncio/events.py", line 88, in _run
  File "/home/Shared/UniBe-swiss-ndvi/GitHub/swiss-ndvi-processing/.venv/lib/python3.12/site-packages/tornado/platform/asyncio.py", line 208, in _handle_events
  File "/home/Shared/UniBe-swiss-ndvi/GitHub/swiss-ndvi-processing/.venv/lib/python3.12/site-packages/tornado/netutil.py", line 273, in accept_handler
  File "/usr/lib/python3.12/socket.py", line 295, in accept
OSError: [Errno 24] Too many open files
Exception in callback BaseAsyncIOLoop._handle_events(7, 1)
handle: <Handle BaseAsyncIOLoop._handle_events(7, 1)>
Traceback (most recent call last):
  File "/usr/lib/python3.12/asyncio/events.py", line 88, in _run
  File "/home/Shared/UniBe-swiss-ndvi/GitHub/swiss-ndvi-processing/.venv/lib/python3.12/site-packages/tornado/platform/asyncio.py", line 208, in _handle_events
  File "/home/Shared/UniBe-swiss-ndvi/GitHub/swiss-ndvi-processing/.venv/lib/python3.12/site-packages/tornado/netutil.py", line 273, in accept_handler
  File "/usr/lib/python3.12/socket.py", line 295, in accept
OSError: [Errno 24] Too many open files
Exception in callback BaseAsyncIOLoop._handle_events(7, 1)
handle: <Handle BaseAsyncIOLoop._handle_events(7, 1)>
Traceback (most recent call last):
  File "/usr/lib/python3.12/asyncio/events.py", line 88, in _run
  File "/home/Shared/UniBe-swiss-ndvi/GitHub/swiss-ndvi-processing/.venv/lib/python3.12/site-packages/tornado/platform/asyncio.py", line 208, in _handle_events
  File "/home/Shared/UniBe-swiss-ndvi/GitHub/swiss-ndvi-processing/.venv/lib/python3.12/site-packages/tornado/netutil.py", line 273, in accept_handler
  File "/usr/lib/python3.12/socket.py", line 295, in accept
OSError: [Errno 24] Too many open files
Exception in callback BaseAsyncIOLoop._handle_events(7, 1)
handle: <Handle BaseAsyncIOLoop._handle_events(7, 1)>
Traceback (most recent call last):
  File "/usr/lib/python3.12/asyncio/events.py", line 88, in _run
  File "/home/Shared/UniBe-swiss-ndvi/GitHub/swiss-ndvi-processing/.venv/lib/python3.12/site-packages/tornado/platform/asyncio.py", line 208, in _handle_events
  File "/home/Shared/UniBe-swiss-ndvi/GitHub/swiss-ndvi-processing/.venv/lib/python3.12/site-packages/tornado/netutil.py", line 273, in accept_handler
  File "/usr/lib/python3.12/socket.py", line 295, in accept
OSError: [Errno 24] Too many open files
Exception in callback BaseAsyncIOLoop._handle_events(7, 1)
handle: <Handle BaseAsyncIOLoop._handle_events(7, 1)>
Traceback (most recent call last):
  File "/usr/lib/python3.12/asyncio/events.py", line 88, in _run
  File "/home/Shared/UniBe-swiss-ndvi/GitHub/swiss-ndvi-processing/.venv/lib/python3.12/site-packages/tornado/platform/asyncio.py", line 208, in _handle_events
  File "/home/Shared/UniBe-swiss-ndvi/GitHub/swiss-ndvi-processing/.venv/lib/python3.12/site-packages/tornado/netutil.py", line 273, in accept_handler
  File "/usr/lib/python3.12/socket.py", line 295, in accept
OSError: [Errno 24] Too many open files
Exception in callback BaseAsyncIOLoop._handle_events(7, 1)
handle: <Handle BaseAsyncIOLoop._handle_events(7, 1)>
Traceback (most recent call last):
  File "/usr/lib/python3.12/asyncio/events.py", line 88, in _run
  File "/home/Shared/UniBe-swiss-ndvi/GitHub/swiss-ndvi-processing/.venv/lib/python3.12/site-packages/tornado/platform/asyncio.py", line 208, in _handle_events
  File "/home/Shared/UniBe-swiss-ndvi/GitHub/swiss-ndvi-processing/.venv/lib/python3.12/site-packages/tornado/netutil.py", line 273, in accept_handler
  File "/usr/lib/python3.12/socket.py", line 295, in accept
OSError: [Errno 24] Too many open files
Exception in callback BaseAsyncIOLoop._handle_events(7, 1)
handle: <Handle BaseAsyncIOLoop._handle_events(7, 1)>
Traceback (most recent call last):
  File "/usr/lib/python3.12/asyncio/events.py", line 88, in _run
  File "/home/Shared/UniBe-swiss-ndvi/GitHub/swiss-ndvi-processing/.venv/lib/python3.12/site-packages/tornado/platform/asyncio.py", line 208, in _handle_events
  File "/home/Shared/UniBe-swiss-ndvi/GitHub/swiss-ndvi-processing/.venv/lib/python3.12/site-packages/tornado/netutil.py", line 273, in accept_handler
  File "/usr/lib/python3.12/socket.py", line 295, in accept
OSError: [Errno 24] Too many open files
Exception in callback BaseAsyncIOLoop._handle_events(7, 1)
handle: <Handle BaseAsyncIOLoop._handle_events(7, 1)>
Traceback (most recent call last):
  File "/usr/lib/python3.12/asyncio/events.py", line 88, in _run
  File "/home/Shared/UniBe-swiss-ndvi/GitHub/swiss-ndvi-processing/.venv/lib/python3.12/site-packages/tornado/platform/asyncio.py", line 208, in _handle_events
  File "/home/Shared/UniBe-swiss-ndvi/GitHub/swiss-ndvi-processing/.venv/lib/python3.12/site-packages/tornado/netutil.py", line 273, in accept_handler
  File "/usr/lib/python3.12/socket.py", line 295, in accept
OSError: [Errno 24] Too many open files
Exception in callback BaseAsyncIOLoop._handle_events(7, 1)
handle: <Handle BaseAsyncIOLoop._handle_events(7, 1)>
Traceback (most recent call last):
  File "/usr/lib/python3.12/asyncio/events.py", line 88, in _run
  File "/home/Shared/UniBe-swiss-ndvi/GitHub/swiss-ndvi-processing/.venv/lib/python3.12/site-packages/tornado/platform/asyncio.py", line 208, in _handle_events
  File "/home/Shared/UniBe-swiss-ndvi/GitHub/swiss-ndvi-processing/.venv/lib/python3.12/site-packages/tornado/netutil.py", line 273, in accept_handler
  File "/usr/lib/python3.12/socket.py", line 295, in accept
OSError: [Errno 24] Too many open files
Exception in callback BaseAsyncIOLoop._handle_events(7, 1)
handle: <Handle BaseAsyncIOLoop._handle_events(7, 1)>
Traceback (most recent call last):
  File "/usr/lib/python3.12/asyncio/events.py", line 88, in _run
  File "/home/Shared/UniBe-swiss-ndvi/GitHub/swiss-ndvi-processing/.venv/lib/python3.12/site-packages/tornado/platform/asyncio.py", line 208, in _handle_events
  File "/home/Shared/UniBe-swiss-ndvi/GitHub/swiss-ndvi-processing/.venv/lib/python3.12/site-packages/tornado/netutil.py", line 273, in accept_handler
  File "/usr/lib/python3.12/socket.py", line 295, in accept
OSError: [Errno 24] Too many open files
Exception in callback BaseAsyncIOLoop._handle_events(7, 1)
handle: <Handle BaseAsyncIOLoop._handle_events(7, 1)>
Traceback (most recent call last):
  File "/usr/lib/python3.12/asyncio/events.py", line 88, in _run
  File "/home/Shared/UniBe-swiss-ndvi/GitHub/swiss-ndvi-processing/.venv/lib/python3.12/site-packages/tornado/platform/asyncio.py", line 208, in _handle_events
  File "/home/Shared/UniBe-swiss-ndvi/GitHub/swiss-ndvi-processing/.venv/lib/python3.12/site-packages/tornado/netutil.py", line 273, in accept_handler
  File "/usr/lib/python3.12/socket.py", line 295, in accept
OSError: [Errno 24] Too many open files
Exception in callback BaseAsyncIOLoop._handle_events(7, 1)
handle: <Handle BaseAsyncIOLoop._handle_events(7, 1)>
Traceback (most recent call last):
  File "/usr/lib/python3.12/asyncio/events.py", line 88, in _run
  File "/home/Shared/UniBe-swiss-ndvi/GitHub/swiss-ndvi-processing/.venv/lib/python3.12/site-packages/tornado/platform/asyncio.py", line 208, in _handle_events
  File "/home/Shared/UniBe-swiss-ndvi/GitHub/swiss-ndvi-processing/.venv/lib/python3.12/site-packages/tornado/netutil.py", line 273, in accept_handler
  File "/usr/lib/python3.12/socket.py", line 295, in accept
OSError: [Errno 24] Too many open files
Exception in callback BaseAsyncIOLoop._handle_events(7, 1)
handle: <Handle BaseAsyncIOLoop._handle_events(7, 1)>
Traceback (most recent call last):
  File "/usr/lib/python3.12/asyncio/events.py", line 88, in _run
  File "/home/Shared/UniBe-swiss-ndvi/GitHub/swiss-ndvi-processing/.venv/lib/python3.12/site-packages/tornado/platform/asyncio.py", line 208, in _handle_events
  File "/home/Shared/UniBe-swiss-ndvi/GitHub/swiss-ndvi-processing/.venv/lib/python3.12/site-packages/tornado/netutil.py", line 273, in accept_handler
  File "/usr/lib/python3.12/socket.py", line 295, in accept
OSError: [Errno 24] Too many open files
Exception in callback BaseAsyncIOLoop._handle_events(7, 1)
handle: <Handle BaseAsyncIOLoop._handle_events(7, 1)>
Traceback (most recent call last):
  File "/usr/lib/python3.12/asyncio/events.py", line 88, in _run
  File "/home/Shared/UniBe-swiss-ndvi/GitHub/swiss-ndvi-processing/.venv/lib/python3.12/site-packages/tornado/platform/asyncio.py", line 208, in _handle_events
  File "/home/Shared/UniBe-swiss-ndvi/GitHub/swiss-ndvi-processing/.venv/lib/python3.12/site-packages/tornado/netutil.py", line 273, in accept_handler
  File "/usr/lib/python3.12/socket.py", line 295, in accept
OSError: [Errno 24] Too many open files
Exception in callback BaseAsyncIOLoop._handle_events(7, 1)
handle: <Handle BaseAsyncIOLoop._handle_events(7, 1)>
Traceback (most recent call last):
  File "/usr/lib/python3.12/asyncio/events.py", line 88, in _run
  File "/home/Shared/UniBe-swiss-ndvi/GitHub/swiss-ndvi-processing/.venv/lib/python3.12/site-packages/tornado/platform/asyncio.py", line 208, in _handle_events
  File "/home/Shared/UniBe-swiss-ndvi/GitHub/swiss-ndvi-processing/.venv/lib/python3.12/site-packages/tornado/netutil.py", line 273, in accept_handler
  File "/usr/lib/python3.12/socket.py", line 295, in accept
OSError: [Errno 24] Too many open files
Exception in callback BaseAsyncIOLoop._handle_events(7, 1)
handle: <Handle BaseAsyncIOLoop._handle_events(7, 1)>
Traceback (most recent call last):
  File "/usr/lib/python3.12/asyncio/events.py", line 88, in _run
  File "/home/Shared/UniBe-swiss-ndvi/GitHub/swiss-ndvi-processing/.venv/lib/python3.12/site-packages/tornado/platform/asyncio.py", line 208, in _handle_events
  File "/home/Shared/UniBe-swiss-ndvi/GitHub/swiss-ndvi-processing/.venv/lib/python3.12/site-packages/tornado/netutil.py", line 273, in accept_handler
  File "/usr/lib/python3.12/socket.py", line 295, in accept
OSError: [Errno 24] Too many open files
Exception in callback BaseAsyncIOLoop._handle_events(7, 1)
handle: <Handle BaseAsyncIOLoop._handle_events(7, 1)>
Traceback (most recent call last):
  File "/usr/lib/python3.12/asyncio/events.py", line 88, in _run
  File "/home/Shared/UniBe-swiss-ndvi/GitHub/swiss-ndvi-processing/.venv/lib/python3.12/site-packages/tornado/platform/asyncio.py", line 208, in _handle_events
  File "/home/Shared/UniBe-swiss-ndvi/GitHub/swiss-ndvi-processing/.venv/lib/python3.12/site-packages/tornado/netutil.py", line 273, in accept_handler
  File "/usr/lib/python3.12/socket.py", line 295, in accept
OSError: [Errno 24] Too many open files
Exception in callback BaseAsyncIOLoop._handle_events(7, 1)
handle: <Handle BaseAsyncIOLoop._handle_events(7, 1)>
Traceback (most recent call last):
  File "/usr/lib/python3.12/asyncio/events.py", line 88, in _run
  File "/home/Shared/UniBe-swiss-ndvi/GitHub/swiss-ndvi-processing/.venv/lib/python3.12/site-packages/tornado/platform/asyncio.py", line 208, in _handle_events
  File "/home/Shared/UniBe-swiss-ndvi/GitHub/swiss-ndvi-processing/.venv/lib/python3.12/site-packages/tornado/netutil.py", line 273, in accept_handler
  File "/usr/lib/python3.12/socket.py", line 295, in accept
OSError: [Errno 24] Too many open files
Exception in callback BaseAsyncIOLoop._handle_events(7, 1)
handle: <Handle BaseAsyncIOLoop._handle_events(7, 1)>
Traceback (most recent call last):
  File "/usr/lib/python3.12/asyncio/events.py", line 88, in _run
  File "/home/Shared/UniBe-swiss-ndvi/GitHub/swiss-ndvi-processing/.venv/lib/python3.12/site-packages/tornado/platform/asyncio.py", line 208, in _handle_events
  File "/home/Shared/UniBe-swiss-ndvi/GitHub/swiss-ndvi-processing/.venv/lib/python3.12/site-packages/tornado/netutil.py", line 273, in accept_handler
  File "/usr/lib/python3.12/socket.py", line 295, in accept
OSError: [Errno 24] Too many open files
Exception in callback BaseAsyncIOLoop._handle_events(7, 1)
handle: <Handle BaseAsyncIOLoop._handle_events(7, 1)>
Traceback (most recent call last):
  File "/usr/lib/python3.12/asyncio/events.py", line 88, in _run
  File "/home/Shared/UniBe-swiss-ndvi/GitHub/swiss-ndvi-processing/.venv/lib/python3.12/site-packages/tornado/platform/asyncio.py", line 208, in _handle_events
  File "/home/Shared/UniBe-swiss-ndvi/GitHub/swiss-ndvi-processing/.venv/lib/python3.12/site-packages/tornado/netutil.py", line 273, in accept_handler
  File "/usr/lib/python3.12/socket.py", line 295, in accept
OSError: [Errno 24] Too many open files
Exception in callback BaseAsyncIOLoop._handle_events(7, 1)
handle: <Handle BaseAsyncIOLoop._handle_events(7, 1)>
Traceback (most recent call last):
  File "/usr/lib/python3.12/asyncio/events.py", line 88, in _run
  File "/home/Shared/UniBe-swiss-ndvi/GitHub/swiss-ndvi-processing/.venv/lib/python3.12/site-packages/tornado/platform/asyncio.py", line 208, in _handle_events
  File "/home/Shared/UniBe-swiss-ndvi/GitHub/swiss-ndvi-processing/.venv/lib/python3.12/site-packages/tornado/netutil.py", line 273, in accept_handler
  File "/usr/lib/python3.12/socket.py", line 295, in accept
OSError: [Errno 24] Too many open files
Exception in callback BaseAsyncIOLoop._handle_events(7, 1)
handle: <Handle BaseAsyncIOLoop._handle_events(7, 1)>
Traceback (most recent call last):
  File "/usr/lib/python3.12/asyncio/events.py", line 88, in _run
  File "/home/Shared/UniBe-swiss-ndvi/GitHub/swiss-ndvi-processing/.venv/lib/python3.12/site-packages/tornado/platform/asyncio.py", line 208, in _handle_events
  File "/home/Shared/UniBe-swiss-ndvi/GitHub/swiss-ndvi-processing/.venv/lib/python3.12/site-packages/tornado/netutil.py", line 273, in accept_handler
  File "/usr/lib/python3.12/socket.py", line 295, in accept
OSError: [Errno 24] Too many open files
Exception in callback BaseAsyncIOLoop._handle_events(7, 1)
handle: <Handle BaseAsyncIOLoop._handle_events(7, 1)>
Traceback (most recent call last):
  File "/usr/lib/python3.12/asyncio/events.py", line 88, in _run
  File "/home/Shared/UniBe-swiss-ndvi/GitHub/swiss-ndvi-processing/.venv/lib/python3.12/site-packages/tornado/platform/asyncio.py", line 208, in _handle_events
  File "/home/Shared/UniBe-swiss-ndvi/GitHub/swiss-ndvi-processing/.venv/lib/python3.12/site-packages/tornado/netutil.py", line 273, in accept_handler
  File "/usr/lib/python3.12/socket.py", line 295, in accept
OSError: [Errno 24] Too many open files
Exception in callback BaseAsyncIOLoop._handle_events(7, 1)
handle: <Handle BaseAsyncIOLoop._handle_events(7, 1)>
Traceback (most recent call last):
  File "/usr/lib/python3.12/asyncio/events.py", line 88, in _run
  File "/home/Shared/UniBe-swiss-ndvi/GitHub/swiss-ndvi-processing/.venv/lib/python3.12/site-packages/tornado/platform/asyncio.py", line 208, in _handle_events
  File "/home/Shared/UniBe-swiss-ndvi/GitHub/swiss-ndvi-processing/.venv/lib/python3.12/site-packages/tornado/netutil.py", line 273, in accept_handler
  File "/usr/lib/python3.12/socket.py", line 295, in accept
OSError: [Errno 24] Too many open files
Exception in callback BaseAsyncIOLoop._handle_events(7, 1)
handle: <Handle BaseAsyncIOLoop._handle_events(7, 1)>
Traceback (most recent call last):
  File "/usr/lib/python3.12/asyncio/events.py", line 88, in _run
  File "/home/Shared/UniBe-swiss-ndvi/GitHub/swiss-ndvi-processing/.venv/lib/python3.12/site-packages/tornado/platform/asyncio.py", line 208, in _handle_events
  File "/home/Shared/UniBe-swiss-ndvi/GitHub/swiss-ndvi-processing/.venv/lib/python3.12/site-packages/tornado/netutil.py", line 273, in accept_handler
  File "/usr/lib/python3.12/socket.py", line 295, in accept
OSError: [Errno 24] Too many open files
Exception in callback BaseAsyncIOLoop._handle_events(7, 1)
handle: <Handle BaseAsyncIOLoop._handle_events(7, 1)>
Traceback (most recent call last):
  File "/usr/lib/python3.12/asyncio/events.py", line 88, in _run
  File "/home/Shared/UniBe-swiss-ndvi/GitHub/swiss-ndvi-processing/.venv/lib/python3.12/site-packages/tornado/platform/asyncio.py", line 208, in _handle_events
  File "/home/Shared/UniBe-swiss-ndvi/GitHub/swiss-ndvi-processing/.venv/lib/python3.12/site-packages/tornado/netutil.py", line 273, in accept_handler
  File "/usr/lib/python3.12/socket.py", line 295, in accept
OSError: [Errno 24] Too many open files
Exception in callback BaseAsyncIOLoop._handle_events(7, 1)
handle: <Handle BaseAsyncIOLoop._handle_events(7, 1)>
Traceback (most recent call last):
  File "/usr/lib/python3.12/asyncio/events.py", line 88, in _run
  File "/home/Shared/UniBe-swiss-ndvi/GitHub/swiss-ndvi-processing/.venv/lib/python3.12/site-packages/tornado/platform/asyncio.py", line 208, in _handle_events
  File "/home/Shared/UniBe-swiss-ndvi/GitHub/swiss-ndvi-processing/.venv/lib/python3.12/site-packages/tornado/netutil.py", line 273, in accept_handler
  File "/usr/lib/python3.12/socket.py", line 295, in accept
OSError: [Errno 24] Too many open files
Exception in callback BaseAsyncIOLoop._handle_events(7, 1)
handle: <Handle BaseAsyncIOLoop._handle_events(7, 1)>
Traceback (most recent call last):
  File "/usr/lib/python3.12/asyncio/events.py", line 88, in _run
  File "/home/Shared/UniBe-swiss-ndvi/GitHub/swiss-ndvi-processing/.venv/lib/python3.12/site-packages/tornado/platform/asyncio.py", line 208, in _handle_events
  File "/home/Shared/UniBe-swiss-ndvi/GitHub/swiss-ndvi-processing/.venv/lib/python3.12/site-packages/tornado/netutil.py", line 273, in accept_handler
  File "/usr/lib/python3.12/socket.py", line 295, in accept
OSError: [Errno 24] Too many open files
Exception in callback BaseAsyncIOLoop._handle_events(7, 1)
handle: <Handle BaseAsyncIOLoop._handle_events(7, 1)>
Traceback (most recent call last):
  File "/usr/lib/python3.12/asyncio/events.py", line 88, in _run
  File "/home/Shared/UniBe-swiss-ndvi/GitHub/swiss-ndvi-processing/.venv/lib/python3.12/site-packages/tornado/platform/asyncio.py", line 208, in _handle_events
  File "/home/Shared/UniBe-swiss-ndvi/GitHub/swiss-ndvi-processing/.venv/lib/python3.12/site-packages/tornado/netutil.py", line 273, in accept_handler
  File "/usr/lib/python3.12/socket.py", line 295, in accept
OSError: [Errno 24] Too many open files
Exception in callback BaseAsyncIOLoop._handle_events(7, 1)
handle: <Handle BaseAsyncIOLoop._handle_events(7, 1)>
Traceback (most recent call last):
  File "/usr/lib/python3.12/asyncio/events.py", line 88, in _run
  File "/home/Shared/UniBe-swiss-ndvi/GitHub/swiss-ndvi-processing/.venv/lib/python3.12/site-packages/tornado/platform/asyncio.py", line 208, in _handle_events
  File "/home/Shared/UniBe-swiss-ndvi/GitHub/swiss-ndvi-processing/.venv/lib/python3.12/site-packages/tornado/netutil.py", line 273, in accept_handler
  File "/usr/lib/python3.12/socket.py", line 295, in accept
OSError: [Errno 24] Too many open files
Exception in callback BaseAsyncIOLoop._handle_events(7, 1)
handle: <Handle BaseAsyncIOLoop._handle_events(7, 1)>
Traceback (most recent call last):
  File "/usr/lib/python3.12/asyncio/events.py", line 88, in _run
  File "/home/Shared/UniBe-swiss-ndvi/GitHub/swiss-ndvi-processing/.venv/lib/python3.12/site-packages/tornado/platform/asyncio.py", line 208, in _handle_events
  File "/home/Shared/UniBe-swiss-ndvi/GitHub/swiss-ndvi-processing/.venv/lib/python3.12/site-packages/tornado/netutil.py", line 273, in accept_handler
  File "/usr/lib/python3.12/socket.py", line 295, in accept
OSError: [Errno 24] Too many open files
Exception in callback BaseAsyncIOLoop._handle_events(7, 1)
handle: <Handle BaseAsyncIOLoop._handle_events(7, 1)>
Traceback (most recent call last):
  File "/usr/lib/python3.12/asyncio/events.py", line 88, in _run
  File "/home/Shared/UniBe-swiss-ndvi/GitHub/swiss-ndvi-processing/.venv/lib/python3.12/site-packages/tornado/platform/asyncio.py", line 208, in _handle_events
  File "/home/Shared/UniBe-swiss-ndvi/GitHub/swiss-ndvi-processing/.venv/lib/python3.12/site-packages/tornado/netutil.py", line 273, in accept_handler
  File "/usr/lib/python3.12/socket.py", line 295, in accept
OSError: [Errno 24] Too many open files
Exception in callback BaseAsyncIOLoop._handle_events(7, 1)
handle: <Handle BaseAsyncIOLoop._handle_events(7, 1)>
Traceback (most recent call last):
  File "/usr/lib/python3.12/asyncio/events.py", line 88, in _run
  File "/home/Shared/UniBe-swiss-ndvi/GitHub/swiss-ndvi-processing/.venv/lib/python3.12/site-packages/tornado/platform/asyncio.py", line 208, in _handle_events
  File "/home/Shared/UniBe-swiss-ndvi/GitHub/swiss-ndvi-processing/.venv/lib/python3.12/site-packages/tornado/netutil.py", line 273, in accept_handler
  File "/usr/lib/python3.12/socket.py", line 295, in accept
OSError: [Errno 24] Too many open files
Exception in callback BaseAsyncIOLoop._handle_events(7, 1)
handle: <Handle BaseAsyncIOLoop._handle_events(7, 1)>
Traceback (most recent call last):
  File "/usr/lib/python3.12/asyncio/events.py", line 88, in _run
  File "/home/Shared/UniBe-swiss-ndvi/GitHub/swiss-ndvi-processing/.venv/lib/python3.12/site-packages/tornado/platform/asyncio.py", line 208, in _handle_events
  File "/home/Shared/UniBe-swiss-ndvi/GitHub/swiss-ndvi-processing/.venv/lib/python3.12/site-packages/tornado/netutil.py", line 273, in accept_handler
  File "/usr/lib/python3.12/socket.py", line 295, in accept
OSError: [Errno 24] Too many open files
Exception in callback BaseAsyncIOLoop._handle_events(7, 1)
handle: <Handle BaseAsyncIOLoop._handle_events(7, 1)>
Traceback (most recent call last):
  File "/usr/lib/python3.12/asyncio/events.py", line 88, in _run
  File "/home/Shared/UniBe-swiss-ndvi/GitHub/swiss-ndvi-processing/.venv/lib/python3.12/site-packages/tornado/platform/asyncio.py", line 208, in _handle_events
  File "/home/Shared/UniBe-swiss-ndvi/GitHub/swiss-ndvi-processing/.venv/lib/python3.12/site-packages/tornado/netutil.py", line 273, in accept_handler
  File "/usr/lib/python3.12/socket.py", line 295, in accept
OSError: [Errno 24] Too many open files
Exception in callback BaseAsyncIOLoop._handle_events(7, 1)
handle: <Handle BaseAsyncIOLoop._handle_events(7, 1)>
Traceback (most recent call last):
  File "/usr/lib/python3.12/asyncio/events.py", line 88, in _run
  File "/home/Shared/UniBe-swiss-ndvi/GitHub/swiss-ndvi-processing/.venv/lib/python3.12/site-packages/tornado/platform/asyncio.py", line 208, in _handle_events
  File "/home/Shared/UniBe-swiss-ndvi/GitHub/swiss-ndvi-processing/.venv/lib/python3.12/site-packages/tornado/netutil.py", line 273, in accept_handler
  File "/usr/lib/python3.12/socket.py", line 295, in accept
OSError: [Errno 24] Too many open files
Exception in callback BaseAsyncIOLoop._handle_events(7, 1)
handle: <Handle BaseAsyncIOLoop._handle_events(7, 1)>
Traceback (most recent call last):
  File "/usr/lib/python3.12/asyncio/events.py", line 88, in _run
  File "/home/Shared/UniBe-swiss-ndvi/GitHub/swiss-ndvi-processing/.venv/lib/python3.12/site-packages/tornado/platform/asyncio.py", line 208, in _handle_events
  File "/home/Shared/UniBe-swiss-ndvi/GitHub/swiss-ndvi-processing/.venv/lib/python3.12/site-packages/tornado/netutil.py", line 273, in accept_handler
  File "/usr/lib/python3.12/socket.py", line 295, in accept
OSError: [Errno 24] Too many open files
Exception in callback BaseAsyncIOLoop._handle_events(7, 1)
handle: <Handle BaseAsyncIOLoop._handle_events(7, 1)>
Traceback (most recent call last):
  File "/usr/lib/python3.12/asyncio/events.py", line 88, in _run
  File "/home/Shared/UniBe-swiss-ndvi/GitHub/swiss-ndvi-processing/.venv/lib/python3.12/site-packages/tornado/platform/asyncio.py", line 208, in _handle_events
  File "/home/Shared/UniBe-swiss-ndvi/GitHub/swiss-ndvi-processing/.venv/lib/python3.12/site-packages/tornado/netutil.py", line 273, in accept_handler
  File "/usr/lib/python3.12/socket.py", line 295, in accept
OSError: [Errno 24] Too many open files
Exception in callback BaseAsyncIOLoop._handle_events(7, 1)
handle: <Handle BaseAsyncIOLoop._handle_events(7, 1)>
Traceback (most recent call last):
  File "/usr/lib/python3.12/asyncio/events.py", line 88, in _run
  File "/home/Shared/UniBe-swiss-ndvi/GitHub/swiss-ndvi-processing/.venv/lib/python3.12/site-packages/tornado/platform/asyncio.py", line 208, in _handle_events
  File "/home/Shared/UniBe-swiss-ndvi/GitHub/swiss-ndvi-processing/.venv/lib/python3.12/site-packages/tornado/netutil.py", line 273, in accept_handler
  File "/usr/lib/python3.12/socket.py", line 295, in accept
OSError: [Errno 24] Too many open files
Exception in callback BaseAsyncIOLoop._handle_events(7, 1)
handle: <Handle BaseAsyncIOLoop._handle_events(7, 1)>
Traceback (most recent call last):
  File "/usr/lib/python3.12/asyncio/events.py", line 88, in _run
  File "/home/Shared/UniBe-swiss-ndvi/GitHub/swiss-ndvi-processing/.venv/lib/python3.12/site-packages/tornado/platform/asyncio.py", line 208, in _handle_events
  File "/home/Shared/UniBe-swiss-ndvi/GitHub/swiss-ndvi-processing/.venv/lib/python3.12/site-packages/tornado/netutil.py", line 273, in accept_handler
  File "/usr/lib/python3.12/socket.py", line 295, in accept
OSError: [Errno 24] Too many open files
Exception in callback BaseAsyncIOLoop._handle_events(7, 1)
handle: <Handle BaseAsyncIOLoop._handle_events(7, 1)>
Traceback (most recent call last):
  File "/usr/lib/python3.12/asyncio/events.py", line 88, in _run
  File "/home/Shared/UniBe-swiss-ndvi/GitHub/swiss-ndvi-processing/.venv/lib/python3.12/site-packages/tornado/platform/asyncio.py", line 208, in _handle_events
  File "/home/Shared/UniBe-swiss-ndvi/GitHub/swiss-ndvi-processing/.venv/lib/python3.12/site-packages/tornado/netutil.py", line 273, in accept_handler
  File "/usr/lib/python3.12/socket.py", line 295, in accept
OSError: [Errno 24] Too many open files
Exception in callback BaseAsyncIOLoop._handle_events(7, 1)
handle: <Handle BaseAsyncIOLoop._handle_events(7, 1)>
Traceback (most recent call last):
  File "/usr/lib/python3.12/asyncio/events.py", line 88, in _run
  File "/home/Shared/UniBe-swiss-ndvi/GitHub/swiss-ndvi-processing/.venv/lib/python3.12/site-packages/tornado/platform/asyncio.py", line 208, in _handle_events
  File "/home/Shared/UniBe-swiss-ndvi/GitHub/swiss-ndvi-processing/.venv/lib/python3.12/site-packages/tornado/netutil.py", line 273, in accept_handler
  File "/usr/lib/python3.12/socket.py", line 295, in accept
OSError: [Errno 24] Too many open files
Exception in callback BaseAsyncIOLoop._handle_events(7, 1)
handle: <Handle BaseAsyncIOLoop._handle_events(7, 1)>
Traceback (most recent call last):
  File "/usr/lib/python3.12/asyncio/events.py", line 88, in _run
  File "/home/Shared/UniBe-swiss-ndvi/GitHub/swiss-ndvi-processing/.venv/lib/python3.12/site-packages/tornado/platform/asyncio.py", line 208, in _handle_events
  File "/home/Shared/UniBe-swiss-ndvi/GitHub/swiss-ndvi-processing/.venv/lib/python3.12/site-packages/tornado/netutil.py", line 273, in accept_handler
  File "/usr/lib/python3.12/socket.py", line 295, in accept
OSError: [Errno 24] Too many open files
Exception in callback BaseAsyncIOLoop._handle_events(7, 1)
handle: <Handle BaseAsyncIOLoop._handle_events(7, 1)>
Traceback (most recent call last):
  File "/usr/lib/python3.12/asyncio/events.py", line 88, in _run
  File "/home/Shared/UniBe-swiss-ndvi/GitHub/swiss-ndvi-processing/.venv/lib/python3.12/site-packages/tornado/platform/asyncio.py", line 208, in _handle_events
  File "/home/Shared/UniBe-swiss-ndvi/GitHub/swiss-ndvi-processing/.venv/lib/python3.12/site-packages/tornado/netutil.py", line 273, in accept_handler
  File "/usr/lib/python3.12/socket.py", line 295, in accept
OSError: [Errno 24] Too many open files
Exception in callback BaseAsyncIOLoop._handle_events(7, 1)
handle: <Handle BaseAsyncIOLoop._handle_events(7, 1)>
Traceback (most recent call last):
  File "/usr/lib/python3.12/asyncio/events.py", line 88, in _run
  File "/home/Shared/UniBe-swiss-ndvi/GitHub/swiss-ndvi-processing/.venv/lib/python3.12/site-packages/tornado/platform/asyncio.py", line 208, in _handle_events
  File "/home/Shared/UniBe-swiss-ndvi/GitHub/swiss-ndvi-processing/.venv/lib/python3.12/site-packages/tornado/netutil.py", line 273, in accept_handler
  File "/usr/lib/python3.12/socket.py", line 295, in accept
OSError: [Errno 24] Too many open files
Exception in callback BaseAsyncIOLoop._handle_events(7, 1)
handle: <Handle BaseAsyncIOLoop._handle_events(7, 1)>
Traceback (most recent call last):
  File "/usr/lib/python3.12/asyncio/events.py", line 88, in _run
  File "/home/Shared/UniBe-swiss-ndvi/GitHub/swiss-ndvi-processing/.venv/lib/python3.12/site-packages/tornado/platform/asyncio.py", line 208, in _handle_events
  File "/home/Shared/UniBe-swiss-ndvi/GitHub/swiss-ndvi-processing/.venv/lib/python3.12/site-packages/tornado/netutil.py", line 273, in accept_handler
  File "/usr/lib/python3.12/socket.py", line 295, in accept
OSError: [Errno 24] Too many open files
Exception in callback BaseAsyncIOLoop._handle_events(7, 1)
handle: <Handle BaseAsyncIOLoop._handle_events(7, 1)>
Traceback (most recent call last):
  File "/usr/lib/python3.12/asyncio/events.py", line 88, in _run
  File "/home/Shared/UniBe-swiss-ndvi/GitHub/swiss-ndvi-processing/.venv/lib/python3.12/site-packages/tornado/platform/asyncio.py", line 208, in _handle_events
  File "/home/Shared/UniBe-swiss-ndvi/GitHub/swiss-ndvi-processing/.venv/lib/python3.12/site-packages/tornado/netutil.py", line 273, in accept_handler
  File "/usr/lib/python3.12/socket.py", line 295, in accept
OSError: [Errno 24] Too many open files
Exception in callback BaseAsyncIOLoop._handle_events(7, 1)
handle: <Handle BaseAsyncIOLoop._handle_events(7, 1)>
Traceback (most recent call last):
  File "/usr/lib/python3.12/asyncio/events.py", line 88, in _run
  File "/home/Shared/UniBe-swiss-ndvi/GitHub/swiss-ndvi-processing/.venv/lib/python3.12/site-packages/tornado/platform/asyncio.py", line 208, in _handle_events
  File "/home/Shared/UniBe-swiss-ndvi/GitHub/swiss-ndvi-processing/.venv/lib/python3.12/site-packages/tornado/netutil.py", line 273, in accept_handler
  File "/usr/lib/python3.12/socket.py", line 295, in accept
OSError: [Errno 24] Too many open files
Exception in callback BaseAsyncIOLoop._handle_events(7, 1)
handle: <Handle BaseAsyncIOLoop._handle_events(7, 1)>
Traceback (most recent call last):
  File "/usr/lib/python3.12/asyncio/events.py", line 88, in _run
  File "/home/Shared/UniBe-swiss-ndvi/GitHub/swiss-ndvi-processing/.venv/lib/python3.12/site-packages/tornado/platform/asyncio.py", line 208, in _handle_events
  File "/home/Shared/UniBe-swiss-ndvi/GitHub/swiss-ndvi-processing/.venv/lib/python3.12/site-packages/tornado/netutil.py", line 273, in accept_handler
  File "/usr/lib/python3.12/socket.py", line 295, in accept
OSError: [Errno 24] Too many open files
Exception in callback BaseAsyncIOLoop._handle_events(7, 1)
handle: <Handle BaseAsyncIOLoop._handle_events(7, 1)>
Traceback (most recent call last):
  File "/usr/lib/python3.12/asyncio/events.py", line 88, in _run
  File "/home/Shared/UniBe-swiss-ndvi/GitHub/swiss-ndvi-processing/.venv/lib/python3.12/site-packages/tornado/platform/asyncio.py", line 208, in _handle_events
  File "/home/Shared/UniBe-swiss-ndvi/GitHub/swiss-ndvi-processing/.venv/lib/python3.12/site-packages/tornado/netutil.py", line 273, in accept_handler
  File "/usr/lib/python3.12/socket.py", line 295, in accept
OSError: [Errno 24] Too many open files
Exception in callback BaseAsyncIOLoop._handle_events(7, 1)
handle: <Handle BaseAsyncIOLoop._handle_events(7, 1)>
Traceback (most recent call last):
  File "/usr/lib/python3.12/asyncio/events.py", line 88, in _run
  File "/home/Shared/UniBe-swiss-ndvi/GitHub/swiss-ndvi-processing/.venv/lib/python3.12/site-packages/tornado/platform/asyncio.py", line 208, in _handle_events
  File "/home/Shared/UniBe-swiss-ndvi/GitHub/swiss-ndvi-processing/.venv/lib/python3.12/site-packages/tornado/netutil.py", line 273, in accept_handler
  File "/usr/lib/python3.12/socket.py", line 295, in accept
OSError: [Errno 24] Too many open files
Exception in callback BaseAsyncIOLoop._handle_events(7, 1)
handle: <Handle BaseAsyncIOLoop._handle_events(7, 1)>
Traceback (most recent call last):
  File "/usr/lib/python3.12/asyncio/events.py", line 88, in _run
  File "/home/Shared/UniBe-swiss-ndvi/GitHub/swiss-ndvi-processing/.venv/lib/python3.12/site-packages/tornado/platform/asyncio.py", line 208, in _handle_events
  File "/home/Shared/UniBe-swiss-ndvi/GitHub/swiss-ndvi-processing/.venv/lib/python3.12/site-packages/tornado/netutil.py", line 273, in accept_handler
  File "/usr/lib/python3.12/socket.py", line 295, in accept
OSError: [Errno 24] Too many open files
Exception in callback BaseAsyncIOLoop._handle_events(7, 1)
handle: <Handle BaseAsyncIOLoop._handle_events(7, 1)>
Traceback (most recent call last):
  File "/usr/lib/python3.12/asyncio/events.py", line 88, in _run
  File "/home/Shared/UniBe-swiss-ndvi/GitHub/swiss-ndvi-processing/.venv/lib/python3.12/site-packages/tornado/platform/asyncio.py", line 208, in _handle_events
  File "/home/Shared/UniBe-swiss-ndvi/GitHub/swiss-ndvi-processing/.venv/lib/python3.12/site-packages/tornado/netutil.py", line 273, in accept_handler
  File "/usr/lib/python3.12/socket.py", line 295, in accept
OSError: [Errno 24] Too many open files
Exception in callback BaseAsyncIOLoop._handle_events(7, 1)
handle: <Handle BaseAsyncIOLoop._handle_events(7, 1)>
Traceback (most recent call last):
  File "/usr/lib/python3.12/asyncio/events.py", line 88, in _run
  File "/home/Shared/UniBe-swiss-ndvi/GitHub/swiss-ndvi-processing/.venv/lib/python3.12/site-packages/tornado/platform/asyncio.py", line 208, in _handle_events
  File "/home/Shared/UniBe-swiss-ndvi/GitHub/swiss-ndvi-processing/.venv/lib/python3.12/site-packages/tornado/netutil.py", line 273, in accept_handler
  File "/usr/lib/python3.12/socket.py", line 295, in accept
OSError: [Errno 24] Too many open files
Exception in callback BaseAsyncIOLoop._handle_events(7, 1)
handle: <Handle BaseAsyncIOLoop._handle_events(7, 1)>
Traceback (most recent call last):
  File "/usr/lib/python3.12/asyncio/events.py", line 88, in _run
  File "/home/Shared/UniBe-swiss-ndvi/GitHub/swiss-ndvi-processing/.venv/lib/python3.12/site-packages/tornado/platform/asyncio.py", line 208, in _handle_events
  File "/home/Shared/UniBe-swiss-ndvi/GitHub/swiss-ndvi-processing/.venv/lib/python3.12/site-packages/tornado/netutil.py", line 273, in accept_handler
  File "/usr/lib/python3.12/socket.py", line 295, in accept
OSError: [Errno 24] Too many open files
Exception in callback BaseAsyncIOLoop._handle_events(7, 1)
handle: <Handle BaseAsyncIOLoop._handle_events(7, 1)>
Traceback (most recent call last):
  File "/usr/lib/python3.12/asyncio/events.py", line 88, in _run
  File "/home/Shared/UniBe-swiss-ndvi/GitHub/swiss-ndvi-processing/.venv/lib/python3.12/site-packages/tornado/platform/asyncio.py", line 208, in _handle_events
  File "/home/Shared/UniBe-swiss-ndvi/GitHub/swiss-ndvi-processing/.venv/lib/python3.12/site-packages/tornado/netutil.py", line 273, in accept_handler
  File "/usr/lib/python3.12/socket.py", line 295, in accept
OSError: [Errno 24] Too many open files
Exception in callback BaseAsyncIOLoop._handle_events(7, 1)
handle: <Handle BaseAsyncIOLoop._handle_events(7, 1)>
Traceback (most recent call last):
  File "/usr/lib/python3.12/asyncio/events.py", line 88, in _run
  File "/home/Shared/UniBe-swiss-ndvi/GitHub/swiss-ndvi-processing/.venv/lib/python3.12/site-packages/tornado/platform/asyncio.py", line 208, in _handle_events
  File "/home/Shared/UniBe-swiss-ndvi/GitHub/swiss-ndvi-processing/.venv/lib/python3.12/site-packages/tornado/netutil.py", line 273, in accept_handler
  File "/usr/lib/python3.12/socket.py", line 295, in accept
OSError: [Errno 24] Too many open files
Exception in callback BaseAsyncIOLoop._handle_events(7, 1)
handle: <Handle BaseAsyncIOLoop._handle_events(7, 1)>
Traceback (most recent call last):
  File "/usr/lib/python3.12/asyncio/events.py", line 88, in _run
  File "/home/Shared/UniBe-swiss-ndvi/GitHub/swiss-ndvi-processing/.venv/lib/python3.12/site-packages/tornado/platform/asyncio.py", line 208, in _handle_events
  File "/home/Shared/UniBe-swiss-ndvi/GitHub/swiss-ndvi-processing/.venv/lib/python3.12/site-packages/tornado/netutil.py", line 273, in accept_handler
  File "/usr/lib/python3.12/socket.py", line 295, in accept
OSError: [Errno 24] Too many open files
Exception in callback BaseAsyncIOLoop._handle_events(7, 1)
handle: <Handle BaseAsyncIOLoop._handle_events(7, 1)>
Traceback (most recent call last):
  File "/usr/lib/python3.12/asyncio/events.py", line 88, in _run
  File "/home/Shared/UniBe-swiss-ndvi/GitHub/swiss-ndvi-processing/.venv/lib/python3.12/site-packages/tornado/platform/asyncio.py", line 208, in _handle_events
  File "/home/Shared/UniBe-swiss-ndvi/GitHub/swiss-ndvi-processing/.venv/lib/python3.12/site-packages/tornado/netutil.py", line 273, in accept_handler
  File "/usr/lib/python3.12/socket.py", line 295, in accept
OSError: [Errno 24] Too many open files
2026-04-08 22:14:48,649 - distributed.worker - WARNING - Mismatched versions found

+-------------+---------------------------------------------+-----------+----------+
| Package     | Worker-7a5ab4fd-30ef-4e82-98be-bd8e7161547e | Scheduler | Workers  |
+-------------+---------------------------------------------+-----------+----------+
| cloudpickle | 3.1.1                                       | None      | 3.1.1    |
| dask        | 2025.9.1                                    | None      | 2025.9.1 |
| distributed | 2025.9.1                                    | None      | 2025.9.1 |
| lz4         | 4.3.2                                       | None      | 4.3.2    |
| msgpack     | 1.1.1                                       | None      | 1.1.1    |
| toolz       | 1.0.0                                       | None      | 1.0.0    |
| tornado     | 6.5.1                                       | None      | 6.5.1    |
+-------------+---------------------------------------------+-----------+----------+
Exception in callback BaseAsyncIOLoop._handle_events(7, 1)
handle: <Handle BaseAsyncIOLoop._handle_events(7, 1)>
Traceback (most recent call last):
  File "/usr/lib/python3.12/asyncio/events.py", line 88, in _run
  File "/home/Shared/UniBe-swiss-ndvi/GitHub/swiss-ndvi-processing/.venv/lib/python3.12/site-packages/tornado/platform/asyncio.py", line 208, in _handle_events
  File "/home/Shared/UniBe-swiss-ndvi/GitHub/swiss-ndvi-processing/.venv/lib/python3.12/site-packages/tornado/netutil.py", line 273, in accept_handler
  File "/usr/lib/python3.12/socket.py", line 295, in accept
OSError: [Errno 24] Too many open files
Exception in callback BaseAsyncIOLoop._handle_events(7, 1)
handle: <Handle BaseAsyncIOLoop._handle_events(7, 1)>
Traceback (most recent call last):
  File "/usr/lib/python3.12/asyncio/events.py", line 88, in _run
  File "/home/Shared/UniBe-swiss-ndvi/GitHub/swiss-ndvi-processing/.venv/lib/python3.12/site-packages/tornado/platform/asyncio.py", line 208, in _handle_events
  File "/home/Shared/UniBe-swiss-ndvi/GitHub/swiss-ndvi-processing/.venv/lib/python3.12/site-packages/tornado/netutil.py", line 273, in accept_handler
  File "/usr/lib/python3.12/socket.py", line 295, in accept
OSError: [Errno 24] Too many open files
Exception in callback BaseAsyncIOLoop._handle_events(7, 1)
handle: <Handle BaseAsyncIOLoop._handle_events(7, 1)>
Traceback (most recent call last):
  File "/usr/lib/python3.12/asyncio/events.py", line 88, in _run
  File "/home/Shared/UniBe-swiss-ndvi/GitHub/swiss-ndvi-processing/.venv/lib/python3.12/site-packages/tornado/platform/asyncio.py", line 208, in _handle_events
  File "/home/Shared/UniBe-swiss-ndvi/GitHub/swiss-ndvi-processing/.venv/lib/python3.12/site-packages/tornado/netutil.py", line 273, in accept_handler
  File "/usr/lib/python3.12/socket.py", line 295, in accept
OSError: [Errno 24] Too many open files
Exception in callback BaseAsyncIOLoop._handle_events(7, 1)
handle: <Handle BaseAsyncIOLoop._handle_events(7, 1)>
Traceback (most recent call last):
  File "/usr/lib/python3.12/asyncio/events.py", line 88, in _run
  File "/home/Shared/UniBe-swiss-ndvi/GitHub/swiss-ndvi-processing/.venv/lib/python3.12/site-packages/tornado/platform/asyncio.py", line 208, in _handle_events
  File "/home/Shared/UniBe-swiss-ndvi/GitHub/swiss-ndvi-processing/.venv/lib/python3.12/site-packages/tornado/netutil.py", line 273, in accept_handler
  File "/usr/lib/python3.12/socket.py", line 295, in accept
OSError: [Errno 24] Too many open files
Exception in callback BaseAsyncIOLoop._handle_events(7, 1)
handle: <Handle BaseAsyncIOLoop._handle_events(7, 1)>
Traceback (most recent call last):
  File "/usr/lib/python3.12/asyncio/events.py", line 88, in _run
  File "/home/Shared/UniBe-swiss-ndvi/GitHub/swiss-ndvi-processing/.venv/lib/python3.12/site-packages/tornado/platform/asyncio.py", line 208, in _handle_events
  File "/home/Shared/UniBe-swiss-ndvi/GitHub/swiss-ndvi-processing/.venv/lib/python3.12/site-packages/tornado/netutil.py", line 273, in accept_handler
  File "/usr/lib/python3.12/socket.py", line 295, in accept
OSError: [Errno 24] Too many open files
2026-04-08 22:14:48,652 - distributed.worker - WARNING - Mismatched versions found

+-------------+---------------------------------------------+-----------+----------+
| Package     | Worker-92b5db01-01a4-4bb8-8d14-114d9ab59926 | Scheduler | Workers  |
+-------------+---------------------------------------------+-----------+----------+
| cloudpickle | 3.1.1                                       | None      | 3.1.1    |
| dask        | 2025.9.1                                    | None      | 2025.9.1 |
| distributed | 2025.9.1                                    | None      | 2025.9.1 |
| lz4         | 4.3.2                                       | None      | 4.3.2    |
| msgpack     | 1.1.1                                       | None      | 1.1.1    |
| toolz       | 1.0.0                                       | None      | 1.0.0    |
| tornado     | 6.5.1                                       | None      | 6.5.1    |
+-------------+---------------------------------------------+-----------+----------+
Exception in callback BaseAsyncIOLoop._handle_events(7, 1)
handle: <Handle BaseAsyncIOLoop._handle_events(7, 1)>
Traceback (most recent call last):
  File "/usr/lib/python3.12/asyncio/events.py", line 88, in _run
  File "/home/Shared/UniBe-swiss-ndvi/GitHub/swiss-ndvi-processing/.venv/lib/python3.12/site-packages/tornado/platform/asyncio.py", line 208, in _handle_events
  File "/home/Shared/UniBe-swiss-ndvi/GitHub/swiss-ndvi-processing/.venv/lib/python3.12/site-packages/tornado/netutil.py", line 273, in accept_handler
  File "/usr/lib/python3.12/socket.py", line 295, in accept
OSError: [Errno 24] Too many open files
Exception in callback BaseAsyncIOLoop._handle_events(7, 1)
handle: <Handle BaseAsyncIOLoop._handle_events(7, 1)>
Traceback (most recent call last):
  File "/usr/lib/python3.12/asyncio/events.py", line 88, in _run
  File "/home/Shared/UniBe-swiss-ndvi/GitHub/swiss-ndvi-processing/.venv/lib/python3.12/site-packages/tornado/platform/asyncio.py", line 208, in _handle_events
  File "/home/Shared/UniBe-swiss-ndvi/GitHub/swiss-ndvi-processing/.venv/lib/python3.12/site-packages/tornado/netutil.py", line 273, in accept_handler
  File "/usr/lib/python3.12/socket.py", line 295, in accept
OSError: [Errno 24] Too many open files
Exception in callback BaseAsyncIOLoop._handle_events(7, 1)
handle: <Handle BaseAsyncIOLoop._handle_events(7, 1)>
Traceback (most recent call last):
  File "/usr/lib/python3.12/asyncio/events.py", line 88, in _run
  File "/home/Shared/UniBe-swiss-ndvi/GitHub/swiss-ndvi-processing/.venv/lib/python3.12/site-packages/tornado/platform/asyncio.py", line 208, in _handle_events
  File "/home/Shared/UniBe-swiss-ndvi/GitHub/swiss-ndvi-processing/.venv/lib/python3.12/site-packages/tornado/netutil.py", line 273, in accept_handler
  File "/usr/lib/python3.12/socket.py", line 295, in accept
OSError: [Errno 24] Too many open files
2026-04-08 22:14:48,654 - distributed.worker - WARNING - Mismatched versions found

+-------------+---------------------------------------------+-----------+----------+
| Package     | Worker-bd82426d-ef04-4d66-99ee-5d75e153b387 | Scheduler | Workers  |
+-------------+---------------------------------------------+-----------+----------+
| cloudpickle | 3.1.1                                       | None      | 3.1.1    |
| dask        | 2025.9.1                                    | None      | 2025.9.1 |
| distributed | 2025.9.1                                    | None      | 2025.9.1 |
| lz4         | 4.3.2                                       | None      | 4.3.2    |
| msgpack     | 1.1.1                                       | None      | 1.1.1    |
| toolz       | 1.0.0                                       | None      | 1.0.0    |
| tornado     | 6.5.1                                       | None      | 6.5.1    |
+-------------+---------------------------------------------+-----------+----------+
Exception in callback BaseAsyncIOLoop._handle_events(7, 1)
handle: <Handle BaseAsyncIOLoop._handle_events(7, 1)>
Traceback (most recent call last):
  File "/usr/lib/python3.12/asyncio/events.py", line 88, in _run
  File "/home/Shared/UniBe-swiss-ndvi/GitHub/swiss-ndvi-processing/.venv/lib/python3.12/site-packages/tornado/platform/asyncio.py", line 208, in _handle_events
  File "/home/Shared/UniBe-swiss-ndvi/GitHub/swiss-ndvi-processing/.venv/lib/python3.12/site-packages/tornado/netutil.py", line 273, in accept_handler
  File "/usr/lib/python3.12/socket.py", line 295, in accept
OSError: [Errno 24] Too many open files
2026-04-08 22:14:48,653 - distributed.worker - WARNING - Mismatched versions found

+-------------+---------------------------------------------+-----------+----------+
| Package     | Worker-9d3c614f-eaa6-48ee-a5c1-1240435cfeb3 | Scheduler | Workers  |
+-------------+---------------------------------------------+-----------+----------+
| cloudpickle | 3.1.1                                       | None      | 3.1.1    |
| dask        | 2025.9.1                                    | None      | 2025.9.1 |
| distributed | 2025.9.1                                    | None      | 2025.9.1 |
| lz4         | 4.3.2                                       | None      | 4.3.2    |
| msgpack     | 1.1.1                                       | None      | 1.1.1    |
| toolz       | 1.0.0                                       | None      | 1.0.0    |
| tornado     | 6.5.1                                       | None      | 6.5.1    |
+-------------+---------------------------------------------+-----------+----------+
Exception in callback BaseAsyncIOLoop._handle_events(7, 1)
handle: <Handle BaseAsyncIOLoop._handle_events(7, 1)>
Traceback (most recent call last):
  File "/usr/lib/python3.12/asyncio/events.py", line 88, in _run
  File "/home/Shared/UniBe-swiss-ndvi/GitHub/swiss-ndvi-processing/.venv/lib/python3.12/site-packages/tornado/platform/asyncio.py", line 208, in _handle_events
  File "/home/Shared/UniBe-swiss-ndvi/GitHub/swiss-ndvi-processing/.venv/lib/python3.12/site-packages/tornado/netutil.py", line 273, in accept_handler
  File "/usr/lib/python3.12/socket.py", line 295, in accept
OSError: [Errno 24] Too many open files
Exception in callback BaseAsyncIOLoop._handle_events(7, 1)
handle: <Handle BaseAsyncIOLoop._handle_events(7, 1)>
Traceback (most recent call last):
  File "/usr/lib/python3.12/asyncio/events.py", line 88, in _run
  File "/home/Shared/UniBe-swiss-ndvi/GitHub/swiss-ndvi-processing/.venv/lib/python3.12/site-packages/tornado/platform/asyncio.py", line 208, in _handle_events
  File "/home/Shared/UniBe-swiss-ndvi/GitHub/swiss-ndvi-processing/.venv/lib/python3.12/site-packages/tornado/netutil.py", line 273, in accept_handler
  File "/usr/lib/python3.12/socket.py", line 295, in accept
OSError: [Errno 24] Too many open files
Exception in callback BaseAsyncIOLoop._handle_events(7, 1)
handle: <Handle BaseAsyncIOLoop._handle_events(7, 1)>
Traceback (most recent call last):
  File "/usr/lib/python3.12/asyncio/events.py", line 88, in _run
  File "/home/Shared/UniBe-swiss-ndvi/GitHub/swiss-ndvi-processing/.venv/lib/python3.12/site-packages/tornado/platform/asyncio.py", line 208, in _handle_events
  File "/home/Shared/UniBe-swiss-ndvi/GitHub/swiss-ndvi-processing/.venv/lib/python3.12/site-packages/tornado/netutil.py", line 273, in accept_handler
  File "/usr/lib/python3.12/socket.py", line 295, in accept
OSError: [Errno 24] Too many open files
2026-04-08 22:14:48,655 - distributed.worker - WARNING - Mismatched versions found

+-------------+---------------------------------------------+-----------+----------+
| Package     | Worker-771e9b36-3013-4483-aba5-82e006fc2799 | Scheduler | Workers  |
+-------------+---------------------------------------------+-----------+----------+
| cloudpickle | 3.1.1                                       | None      | 3.1.1    |
| dask        | 2025.9.1                                    | None      | 2025.9.1 |
| distributed | 2025.9.1                                    | None      | 2025.9.1 |
| lz4         | 4.3.2                                       | None      | 4.3.2    |
| msgpack     | 1.1.1                                       | None      | 1.1.1    |
| toolz       | 1.0.0                                       | None      | 1.0.0    |
| tornado     | 6.5.1                                       | None      | 6.5.1    |
+-------------+---------------------------------------------+-----------+----------+
Exception in callback BaseAsyncIOLoop._handle_events(7, 1)
handle: <Handle BaseAsyncIOLoop._handle_events(7, 1)>
Traceback (most recent call last):
  File "/usr/lib/python3.12/asyncio/events.py", line 88, in _run
  File "/home/Shared/UniBe-swiss-ndvi/GitHub/swiss-ndvi-processing/.venv/lib/python3.12/site-packages/tornado/platform/asyncio.py", line 208, in _handle_events
  File "/home/Shared/UniBe-swiss-ndvi/GitHub/swiss-ndvi-processing/.venv/lib/python3.12/site-packages/tornado/netutil.py", line 273, in accept_handler
  File "/usr/lib/python3.12/socket.py", line 295, in accept
OSError: [Errno 24] Too many open files
Exception in callback BaseAsyncIOLoop._handle_events(7, 1)
handle: <Handle BaseAsyncIOLoop._handle_events(7, 1)>
Traceback (most recent call last):
  File "/usr/lib/python3.12/asyncio/events.py", line 88, in _run
  File "/home/Shared/UniBe-swiss-ndvi/GitHub/swiss-ndvi-processing/.venv/lib/python3.12/site-packages/tornado/platform/asyncio.py", line 208, in _handle_events
  File "/home/Shared/UniBe-swiss-ndvi/GitHub/swiss-ndvi-processing/.venv/lib/python3.12/site-packages/tornado/netutil.py", line 273, in accept_handler
  File "/usr/lib/python3.12/socket.py", line 295, in accept
OSError: [Errno 24] Too many open files
Exception in callback BaseAsyncIOLoop._handle_events(7, 1)
handle: <Handle BaseAsyncIOLoop._handle_events(7, 1)>
Traceback (most recent call last):
  File "/usr/lib/python3.12/asyncio/events.py", line 88, in _run
  File "/home/Shared/UniBe-swiss-ndvi/GitHub/swiss-ndvi-processing/.venv/lib/python3.12/site-packages/tornado/platform/asyncio.py", line 208, in _handle_events
  File "/home/Shared/UniBe-swiss-ndvi/GitHub/swiss-ndvi-processing/.venv/lib/python3.12/site-packages/tornado/netutil.py", line 273, in accept_handler
  File "/usr/lib/python3.12/socket.py", line 295, in accept
OSError: [Errno 24] Too many open files
Exception in callback BaseAsyncIOLoop._handle_events(7, 1)
handle: <Handle BaseAsyncIOLoop._handle_events(7, 1)>
Traceback (most recent call last):
  File "/usr/lib/python3.12/asyncio/events.py", line 88, in _run
  File "/home/Shared/UniBe-swiss-ndvi/GitHub/swiss-ndvi-processing/.venv/lib/python3.12/site-packages/tornado/platform/asyncio.py", line 208, in _handle_events
  File "/home/Shared/UniBe-swiss-ndvi/GitHub/swiss-ndvi-processing/.venv/lib/python3.12/site-packages/tornado/netutil.py", line 273, in accept_handler
  File "/usr/lib/python3.12/socket.py", line 295, in accept
OSError: [Errno 24] Too many open files
Exception in callback BaseAsyncIOLoop._handle_events(7, 1)
handle: <Handle BaseAsyncIOLoop._handle_events(7, 1)>
Traceback (most recent call last):
  File "/usr/lib/python3.12/asyncio/events.py", line 88, in _run
  File "/home/Shared/UniBe-swiss-ndvi/GitHub/swiss-ndvi-processing/.venv/lib/python3.12/site-packages/tornado/platform/asyncio.py", line 208, in _handle_events
  File "/home/Shared/UniBe-swiss-ndvi/GitHub/swiss-ndvi-processing/.venv/lib/python3.12/site-packages/tornado/netutil.py", line 273, in accept_handler
  File "/usr/lib/python3.12/socket.py", line 295, in accept
OSError: [Errno 24] Too many open files
Exception in callback BaseAsyncIOLoop._handle_events(7, 1)
handle: <Handle BaseAsyncIOLoop._handle_events(7, 1)>
Traceback (most recent call last):
  File "/usr/lib/python3.12/asyncio/events.py", line 88, in _run
  File "/home/Shared/UniBe-swiss-ndvi/GitHub/swiss-ndvi-processing/.venv/lib/python3.12/site-packages/tornado/platform/asyncio.py", line 208, in _handle_events
  File "/home/Shared/UniBe-swiss-ndvi/GitHub/swiss-ndvi-processing/.venv/lib/python3.12/site-packages/tornado/netutil.py", line 273, in accept_handler
  File "/usr/lib/python3.12/socket.py", line 295, in accept
OSError: [Errno 24] Too many open files
Exception in callback BaseAsyncIOLoop._handle_events(7, 1)
handle: <Handle BaseAsyncIOLoop._handle_events(7, 1)>
Traceback (most recent call last):
  File "/usr/lib/python3.12/asyncio/events.py", line 88, in _run
  File "/home/Shared/UniBe-swiss-ndvi/GitHub/swiss-ndvi-processing/.venv/lib/python3.12/site-packages/tornado/platform/asyncio.py", line 208, in _handle_events
  File "/home/Shared/UniBe-swiss-ndvi/GitHub/swiss-ndvi-processing/.venv/lib/python3.12/site-packages/tornado/netutil.py", line 273, in accept_handler
  File "/usr/lib/python3.12/socket.py", line 295, in accept
OSError: [Errno 24] Too many open files
2026-04-08 22:14:48,659 - distributed.worker - WARNING - Mismatched versions found

+-------------+---------------------------------------------+-----------+----------+
| Package     | Worker-14ae4739-6da1-41d3-b313-017ac77e2b3a | Scheduler | Workers  |
+-------------+---------------------------------------------+-----------+----------+
| cloudpickle | 3.1.1                                       | None      | 3.1.1    |
| dask        | 2025.9.1                                    | None      | 2025.9.1 |
| distributed | 2025.9.1                                    | None      | 2025.9.1 |
| lz4         | 4.3.2                                       | None      | 4.3.2    |
| msgpack     | 1.1.1                                       | None      | 1.1.1    |
| toolz       | 1.0.0                                       | None      | 1.0.0    |
| tornado     | 6.5.1                                       | None      | 6.5.1    |
+-------------+---------------------------------------------+-----------+----------+
2026-04-08 22:14:48,659 - distributed.worker - WARNING - Mismatched versions found

+-------------+---------------------------------------------+-----------+----------+
| Package     | Worker-625d2ad3-1d0a-4124-b3ff-b585e386e413 | Scheduler | Workers  |
+-------------+---------------------------------------------+-----------+----------+
| cloudpickle | 3.1.1                                       | None      | 3.1.1    |
| dask        | 2025.9.1                                    | None      | 2025.9.1 |
| distributed | 2025.9.1                                    | None      | 2025.9.1 |
| lz4         | 4.3.2                                       | None      | 4.3.2    |
| msgpack     | 1.1.1                                       | None      | 1.1.1    |
| toolz       | 1.0.0                                       | None      | 1.0.0    |
| tornado     | 6.5.1                                       | None      | 6.5.1    |
+-------------+---------------------------------------------+-----------+----------+
Exception in callback BaseAsyncIOLoop._handle_events(7, 1)
handle: <Handle BaseAsyncIOLoop._handle_events(7, 1)>
Traceback (most recent call last):
  File "/usr/lib/python3.12/asyncio/events.py", line 88, in _run
  File "/home/Shared/UniBe-swiss-ndvi/GitHub/swiss-ndvi-processing/.venv/lib/python3.12/site-packages/tornado/platform/asyncio.py", line 208, in _handle_events
  File "/home/Shared/UniBe-swiss-ndvi/GitHub/swiss-ndvi-processing/.venv/lib/python3.12/site-packages/tornado/netutil.py", line 273, in accept_handler
  File "/usr/lib/python3.12/socket.py", line 295, in accept
OSError: [Errno 24] Too many open files
Exception in callback BaseAsyncIOLoop._handle_events(7, 1)
handle: <Handle BaseAsyncIOLoop._handle_events(7, 1)>
Traceback (most recent call last):
  File "/usr/lib/python3.12/asyncio/events.py", line 88, in _run
  File "/home/Shared/UniBe-swiss-ndvi/GitHub/swiss-ndvi-processing/.venv/lib/python3.12/site-packages/tornado/platform/asyncio.py", line 208, in _handle_events
  File "/home/Shared/UniBe-swiss-ndvi/GitHub/swiss-ndvi-processing/.venv/lib/python3.12/site-packages/tornado/netutil.py", line 273, in accept_handler
  File "/usr/lib/python3.12/socket.py", line 295, in accept
OSError: [Errno 24] Too many open files
Exception in callback BaseAsyncIOLoop._handle_events(7, 1)
handle: <Handle BaseAsyncIOLoop._handle_events(7, 1)>
Traceback (most recent call last):
  File "/usr/lib/python3.12/asyncio/events.py", line 88, in _run
  File "/home/Shared/UniBe-swiss-ndvi/GitHub/swiss-ndvi-processing/.venv/lib/python3.12/site-packages/tornado/platform/asyncio.py", line 208, in _handle_events
  File "/home/Shared/UniBe-swiss-ndvi/GitHub/swiss-ndvi-processing/.venv/lib/python3.12/site-packages/tornado/netutil.py", line 273, in accept_handler
  File "/usr/lib/python3.12/socket.py", line 295, in accept
OSError: [Errno 24] Too many open files
2026-04-08 22:14:48,660 - distributed.worker - WARNING - Mismatched versions found

+-------------+---------------------------------------------+-----------+----------+
| Package     | Worker-a42d785b-ca2b-4f35-a22d-49e8c0672f7a | Scheduler | Workers  |
+-------------+---------------------------------------------+-----------+----------+
| cloudpickle | 3.1.1                                       | None      | 3.1.1    |
| dask        | 2025.9.1                                    | None      | 2025.9.1 |
| distributed | 2025.9.1                                    | None      | 2025.9.1 |
| lz4         | 4.3.2                                       | None      | 4.3.2    |
| msgpack     | 1.1.1                                       | None      | 1.1.1    |
| toolz       | 1.0.0                                       | None      | 1.0.0    |
| tornado     | 6.5.1                                       | None      | 6.5.1    |
+-------------+---------------------------------------------+-----------+----------+
Exception in callback BaseAsyncIOLoop._handle_events(7, 1)
handle: <Handle BaseAsyncIOLoop._handle_events(7, 1)>
Traceback (most recent call last):
  File "/usr/lib/python3.12/asyncio/events.py", line 88, in _run
  File "/home/Shared/UniBe-swiss-ndvi/GitHub/swiss-ndvi-processing/.venv/lib/python3.12/site-packages/tornado/platform/asyncio.py", line 208, in _handle_events
  File "/home/Shared/UniBe-swiss-ndvi/GitHub/swiss-ndvi-processing/.venv/lib/python3.12/site-packages/tornado/netutil.py", line 273, in accept_handler
  File "/usr/lib/python3.12/socket.py", line 295, in accept
OSError: [Errno 24] Too many open files
Exception in callback BaseAsyncIOLoop._handle_events(7, 1)
handle: <Handle BaseAsyncIOLoop._handle_events(7, 1)>
Traceback (most recent call last):
  File "/usr/lib/python3.12/asyncio/events.py", line 88, in _run
  File "/home/Shared/UniBe-swiss-ndvi/GitHub/swiss-ndvi-processing/.venv/lib/python3.12/site-packages/tornado/platform/asyncio.py", line 208, in _handle_events
  File "/home/Shared/UniBe-swiss-ndvi/GitHub/swiss-ndvi-processing/.venv/lib/python3.12/site-packages/tornado/netutil.py", line 273, in accept_handler
  File "/usr/lib/python3.12/socket.py", line 295, in accept
OSError: [Errno 24] Too many open files
Exception in callback BaseAsyncIOLoop._handle_events(7, 1)
handle: <Handle BaseAsyncIOLoop._handle_events(7, 1)>
Traceback (most recent call last):
  File "/usr/lib/python3.12/asyncio/events.py", line 88, in _run
  File "/home/Shared/UniBe-swiss-ndvi/GitHub/swiss-ndvi-processing/.venv/lib/python3.12/site-packages/tornado/platform/asyncio.py", line 208, in _handle_events
  File "/home/Shared/UniBe-swiss-ndvi/GitHub/swiss-ndvi-processing/.venv/lib/python3.12/site-packages/tornado/netutil.py", line 273, in accept_handler
  File "/usr/lib/python3.12/socket.py", line 295, in accept
OSError: [Errno 24] Too many open files
Exception in callback BaseAsyncIOLoop._handle_events(7, 1)
handle: <Handle BaseAsyncIOLoop._handle_events(7, 1)>
Traceback (most recent call last):
  File "/usr/lib/python3.12/asyncio/events.py", line 88, in _run
  File "/home/Shared/UniBe-swiss-ndvi/GitHub/swiss-ndvi-processing/.venv/lib/python3.12/site-packages/tornado/platform/asyncio.py", line 208, in _handle_events
  File "/home/Shared/UniBe-swiss-ndvi/GitHub/swiss-ndvi-processing/.venv/lib/python3.12/site-packages/tornado/netutil.py", line 273, in accept_handler
  File "/usr/lib/python3.12/socket.py", line 295, in accept
OSError: [Errno 24] Too many open files
2026-04-08 22:14:48,663 - tornado.application - ERROR - Exception in callback functools.partial(<bound method NannyMemoryManager.memory_monitor of <distributed.worker_memory.NannyMemoryManager object at 0x794b6da75520>>, <Nanny: tcp://127.0.0.1:46527, threads: 1>)
Traceback (most recent call last):
  File "/home/Shared/UniBe-swiss-ndvi/GitHub/swiss-ndvi-processing/.venv/lib/python3.12/site-packages/psutil/_common.py", line 441, in wrapper
AttributeError: 'Process' object has no attribute '_cache'

During handling of the above exception, another exception occurred:

Traceback (most recent call last):
  File "/home/Shared/UniBe-swiss-ndvi/GitHub/swiss-ndvi-processing/.venv/lib/python3.12/site-packages/tornado/ioloop.py", line 945, in _run
  File "/home/Shared/UniBe-swiss-ndvi/GitHub/swiss-ndvi-processing/.venv/lib/python3.12/site-packages/distributed/worker_memory.py", line 417, in memory_monitor
  File "/home/Shared/UniBe-swiss-ndvi/GitHub/swiss-ndvi-processing/.venv/lib/python3.12/site-packages/psutil/__init__.py", line 332, in __init__
  File "/home/Shared/UniBe-swiss-ndvi/GitHub/swiss-ndvi-processing/.venv/lib/python3.12/site-packages/psutil/__init__.py", line 361, in _init
  File "/home/Shared/UniBe-swiss-ndvi/GitHub/swiss-ndvi-processing/.venv/lib/python3.12/site-packages/psutil/__init__.py", line 717, in create_time
  File "/home/Shared/UniBe-swiss-ndvi/GitHub/swiss-ndvi-processing/.venv/lib/python3.12/site-packages/psutil/_pslinux.py", line 1661, in wrapper
  File "/home/Shared/UniBe-swiss-ndvi/GitHub/swiss-ndvi-processing/.venv/lib/python3.12/site-packages/psutil/_pslinux.py", line 1873, in create_time
  File "/home/Shared/UniBe-swiss-ndvi/GitHub/swiss-ndvi-processing/.venv/lib/python3.12/site-packages/psutil/_pslinux.py", line 1661, in wrapper
  File "/home/Shared/UniBe-swiss-ndvi/GitHub/swiss-ndvi-processing/.venv/lib/python3.12/site-packages/psutil/_common.py", line 444, in wrapper
  File "/home/Shared/UniBe-swiss-ndvi/GitHub/swiss-ndvi-processing/.venv/lib/python3.12/site-packages/psutil/_pslinux.py", line 1703, in _parse_stat_file
  File "/home/Shared/UniBe-swiss-ndvi/GitHub/swiss-ndvi-processing/.venv/lib/python3.12/site-packages/psutil/_common.py", line 711, in open_binary
OSError: [Errno 24] Too many open files: '/proc/4075138/stat'
Exception in callback BaseAsyncIOLoop._handle_events(7, 1)
handle: <Handle BaseAsyncIOLoop._handle_events(7, 1)>
Traceback (most recent call last):
  File "/usr/lib/python3.12/asyncio/events.py", line 88, in _run
  File "/home/Shared/UniBe-swiss-ndvi/GitHub/swiss-ndvi-processing/.venv/lib/python3.12/site-packages/tornado/platform/asyncio.py", line 208, in _handle_events
  File "/home/Shared/UniBe-swiss-ndvi/GitHub/swiss-ndvi-processing/.venv/lib/python3.12/site-packages/tornado/netutil.py", line 273, in accept_handler
  File "/usr/lib/python3.12/socket.py", line 295, in accept
OSError: [Errno 24] Too many open files
2026-04-08 22:14:48,663 - distributed.worker - WARNING - Mismatched versions found

+-------------+---------------------------------------------+-----------+----------+
| Package     | Worker-3d26e35c-5c24-4d2c-b624-d5e01e3a7452 | Scheduler | Workers  |
+-------------+---------------------------------------------+-----------+----------+
| cloudpickle | 3.1.1                                       | None      | 3.1.1    |
| dask        | 2025.9.1                                    | None      | 2025.9.1 |
| distributed | 2025.9.1                                    | None      | 2025.9.1 |
| lz4         | 4.3.2                                       | None      | 4.3.2    |
| msgpack     | 1.1.1                                       | None      | 1.1.1    |
| toolz       | 1.0.0                                       | None      | 1.0.0    |
| tornado     | 6.5.1                                       | None      | 6.5.1    |
+-------------+---------------------------------------------+-----------+----------+
2026-04-08 22:14:48,664 - tornado.application - ERROR - Exception in callback functools.partial(<bound method NannyMemoryManager.memory_monitor of <distributed.worker_memory.NannyMemoryManager object at 0x794b6da75a90>>, <Nanny: tcp://127.0.0.1:34619, threads: 1>)
Traceback (most recent call last):
  File "/home/Shared/UniBe-swiss-ndvi/GitHub/swiss-ndvi-processing/.venv/lib/python3.12/site-packages/psutil/_common.py", line 441, in wrapper
AttributeError: 'Process' object has no attribute '_cache'

During handling of the above exception, another exception occurred:

Traceback (most recent call last):
  File "/home/Shared/UniBe-swiss-ndvi/GitHub/swiss-ndvi-processing/.venv/lib/python3.12/site-packages/tornado/ioloop.py", line 945, in _run
  File "/home/Shared/UniBe-swiss-ndvi/GitHub/swiss-ndvi-processing/.venv/lib/python3.12/site-packages/distributed/worker_memory.py", line 417, in memory_monitor
  File "/home/Shared/UniBe-swiss-ndvi/GitHub/swiss-ndvi-processing/.venv/lib/python3.12/site-packages/psutil/__init__.py", line 332, in __init__
  File "/home/Shared/UniBe-swiss-ndvi/GitHub/swiss-ndvi-processing/.venv/lib/python3.12/site-packages/psutil/__init__.py", line 361, in _init
  File "/home/Shared/UniBe-swiss-ndvi/GitHub/swiss-ndvi-processing/.venv/lib/python3.12/site-packages/psutil/__init__.py", line 717, in create_time
  File "/home/Shared/UniBe-swiss-ndvi/GitHub/swiss-ndvi-processing/.venv/lib/python3.12/site-packages/psutil/_pslinux.py", line 1661, in wrapper
  File "/home/Shared/UniBe-swiss-ndvi/GitHub/swiss-ndvi-processing/.venv/lib/python3.12/site-packages/psutil/_pslinux.py", line 1873, in create_time
  File "/home/Shared/UniBe-swiss-ndvi/GitHub/swiss-ndvi-processing/.venv/lib/python3.12/site-packages/psutil/_pslinux.py", line 1661, in wrapper
  File "/home/Shared/UniBe-swiss-ndvi/GitHub/swiss-ndvi-processing/.venv/lib/python3.12/site-packages/psutil/_common.py", line 444, in wrapper
  File "/home/Shared/UniBe-swiss-ndvi/GitHub/swiss-ndvi-processing/.venv/lib/python3.12/site-packages/psutil/_pslinux.py", line 1703, in _parse_stat_file
  File "/home/Shared/UniBe-swiss-ndvi/GitHub/swiss-ndvi-processing/.venv/lib/python3.12/site-packages/psutil/_common.py", line 711, in open_binary
OSError: [Errno 24] Too many open files: '/proc/4075143/stat'
2026-04-08 22:14:48,665 - distributed.worker - WARNING - Mismatched versions found

+-------------+---------------------------------------------+-----------+----------+
| Package     | Worker-915e7a54-410d-4c48-9d1a-d74e2aa3b8a0 | Scheduler | Workers  |
+-------------+---------------------------------------------+-----------+----------+
| cloudpickle | 3.1.1                                       | None      | 3.1.1    |
| dask        | 2025.9.1                                    | None      | 2025.9.1 |
| distributed | 2025.9.1                                    | None      | 2025.9.1 |
| lz4         | 4.3.2                                       | None      | 4.3.2    |
| msgpack     | 1.1.1                                       | None      | 1.1.1    |
| toolz       | 1.0.0                                       | None      | 1.0.0    |
| tornado     | 6.5.1                                       | None      | 6.5.1    |
+-------------+---------------------------------------------+-----------+----------+
Exception in callback BaseAsyncIOLoop._handle_events(7, 1)
handle: <Handle BaseAsyncIOLoop._handle_events(7, 1)>
Traceback (most recent call last):
  File "/usr/lib/python3.12/asyncio/events.py", line 88, in _run
  File "/home/Shared/UniBe-swiss-ndvi/GitHub/swiss-ndvi-processing/.venv/lib/python3.12/site-packages/tornado/platform/asyncio.py", line 208, in _handle_events
  File "/home/Shared/UniBe-swiss-ndvi/GitHub/swiss-ndvi-processing/.venv/lib/python3.12/site-packages/tornado/netutil.py", line 273, in accept_handler
  File "/usr/lib/python3.12/socket.py", line 295, in accept
OSError: [Errno 24] Too many open files
2026-04-08 22:14:48,667 - distributed.worker - WARNING - Mismatched versions found

+-------------+---------------------------------------------+-----------+----------+
| Package     | Worker-2f394570-d581-498e-a538-8c27d0b016d1 | Scheduler | Workers  |
+-------------+---------------------------------------------+-----------+----------+
| cloudpickle | 3.1.1                                       | None      | 3.1.1    |
| dask        | 2025.9.1                                    | None      | 2025.9.1 |
| distributed | 2025.9.1                                    | None      | 2025.9.1 |
| lz4         | 4.3.2                                       | None      | 4.3.2    |
| msgpack     | 1.1.1                                       | None      | 1.1.1    |
| toolz       | 1.0.0                                       | None      | 1.0.0    |
| tornado     | 6.5.1                                       | None      | 6.5.1    |
+-------------+---------------------------------------------+-----------+----------+
2026-04-08 22:14:48,668 - distributed.worker - WARNING - Mismatched versions found

+-------------+---------------------------------------------+-----------+----------+
| Package     | Worker-90284cc4-9a5c-41f2-a9cb-46e5cb0c8229 | Scheduler | Workers  |
+-------------+---------------------------------------------+-----------+----------+
| cloudpickle | 3.1.1                                       | None      | 3.1.1    |
| dask        | 2025.9.1                                    | None      | 2025.9.1 |
| distributed | 2025.9.1                                    | None      | 2025.9.1 |
| lz4         | 4.3.2                                       | None      | 4.3.2    |
| msgpack     | 1.1.1                                       | None      | 1.1.1    |
| toolz       | 1.0.0                                       | None      | 1.0.0    |
| tornado     | 6.5.1                                       | None      | 6.5.1    |
+-------------+---------------------------------------------+-----------+----------+
2026-04-08 22:14:48,667 - tornado.application - ERROR - Exception in callback functools.partial(<bound method NannyMemoryManager.memory_monitor of <distributed.worker_memory.NannyMemoryManager object at 0x794b6da76000>>, <Nanny: tcp://127.0.0.1:37635, threads: 1>)
Traceback (most recent call last):
  File "/home/Shared/UniBe-swiss-ndvi/GitHub/swiss-ndvi-processing/.venv/lib/python3.12/site-packages/psutil/_common.py", line 441, in wrapper
AttributeError: 'Process' object has no attribute '_cache'

During handling of the above exception, another exception occurred:

Traceback (most recent call last):
  File "/home/Shared/UniBe-swiss-ndvi/GitHub/swiss-ndvi-processing/.venv/lib/python3.12/site-packages/tornado/ioloop.py", line 945, in _run
  File "/home/Shared/UniBe-swiss-ndvi/GitHub/swiss-ndvi-processing/.venv/lib/python3.12/site-packages/distributed/worker_memory.py", line 417, in memory_monitor
  File "/home/Shared/UniBe-swiss-ndvi/GitHub/swiss-ndvi-processing/.venv/lib/python3.12/site-packages/psutil/__init__.py", line 332, in __init__
  File "/home/Shared/UniBe-swiss-ndvi/GitHub/swiss-ndvi-processing/.venv/lib/python3.12/site-packages/psutil/__init__.py", line 361, in _init
  File "/home/Shared/UniBe-swiss-ndvi/GitHub/swiss-ndvi-processing/.venv/lib/python3.12/site-packages/psutil/__init__.py", line 717, in create_time
  File "/home/Shared/UniBe-swiss-ndvi/GitHub/swiss-ndvi-processing/.venv/lib/python3.12/site-packages/psutil/_pslinux.py", line 1661, in wrapper
  File "/home/Shared/UniBe-swiss-ndvi/GitHub/swiss-ndvi-processing/.venv/lib/python3.12/site-packages/psutil/_pslinux.py", line 1873, in create_time
  File "/home/Shared/UniBe-swiss-ndvi/GitHub/swiss-ndvi-processing/.venv/lib/python3.12/site-packages/psutil/_pslinux.py", line 1661, in wrapper
  File "/home/Shared/UniBe-swiss-ndvi/GitHub/swiss-ndvi-processing/.venv/lib/python3.12/site-packages/psutil/_common.py", line 444, in wrapper
  File "/home/Shared/UniBe-swiss-ndvi/GitHub/swiss-ndvi-processing/.venv/lib/python3.12/site-packages/psutil/_pslinux.py", line 1703, in _parse_stat_file
  File "/home/Shared/UniBe-swiss-ndvi/GitHub/swiss-ndvi-processing/.venv/lib/python3.12/site-packages/psutil/_common.py", line 711, in open_binary
OSError: [Errno 24] Too many open files: '/proc/4075146/stat'
2026-04-08 22:14:48,668 - tornado.application - ERROR - Exception in callback functools.partial(<bound method NannyMemoryManager.memory_monitor of <distributed.worker_memory.NannyMemoryManager object at 0x794b6da768d0>>, <Nanny: tcp://127.0.0.1:46797, threads: 1>)
Traceback (most recent call last):
  File "/home/Shared/UniBe-swiss-ndvi/GitHub/swiss-ndvi-processing/.venv/lib/python3.12/site-packages/psutil/_common.py", line 441, in wrapper
AttributeError: 'Process' object has no attribute '_cache'

During handling of the above exception, another exception occurred:

Traceback (most recent call last):
  File "/home/Shared/UniBe-swiss-ndvi/GitHub/swiss-ndvi-processing/.venv/lib/python3.12/site-packages/tornado/ioloop.py", line 945, in _run
  File "/home/Shared/UniBe-swiss-ndvi/GitHub/swiss-ndvi-processing/.venv/lib/python3.12/site-packages/distributed/worker_memory.py", line 417, in memory_monitor
  File "/home/Shared/UniBe-swiss-ndvi/GitHub/swiss-ndvi-processing/.venv/lib/python3.12/site-packages/psutil/__init__.py", line 332, in __init__
  File "/home/Shared/UniBe-swiss-ndvi/GitHub/swiss-ndvi-processing/.venv/lib/python3.12/site-packages/psutil/__init__.py", line 361, in _init
  File "/home/Shared/UniBe-swiss-ndvi/GitHub/swiss-ndvi-processing/.venv/lib/python3.12/site-packages/psutil/__init__.py", line 717, in create_time
  File "/home/Shared/UniBe-swiss-ndvi/GitHub/swiss-ndvi-processing/.venv/lib/python3.12/site-packages/psutil/_pslinux.py", line 1661, in wrapper
  File "/home/Shared/UniBe-swiss-ndvi/GitHub/swiss-ndvi-processing/.venv/lib/python3.12/site-packages/psutil/_pslinux.py", line 1873, in create_time
  File "/home/Shared/UniBe-swiss-ndvi/GitHub/swiss-ndvi-processing/.venv/lib/python3.12/site-packages/psutil/_pslinux.py", line 1661, in wrapper
  File "/home/Shared/UniBe-swiss-ndvi/GitHub/swiss-ndvi-processing/.venv/lib/python3.12/site-packages/psutil/_common.py", line 444, in wrapper
  File "/home/Shared/UniBe-swiss-ndvi/GitHub/swiss-ndvi-processing/.venv/lib/python3.12/site-packages/psutil/_pslinux.py", line 1703, in _parse_stat_file
  File "/home/Shared/UniBe-swiss-ndvi/GitHub/swiss-ndvi-processing/.venv/lib/python3.12/site-packages/psutil/_common.py", line 711, in open_binary
OSError: [Errno 24] Too many open files: '/proc/4075152/stat'
Exception in callback BaseAsyncIOLoop._handle_events(7, 1)
handle: <Handle BaseAsyncIOLoop._handle_events(7, 1)>
Traceback (most recent call last):
  File "/usr/lib/python3.12/asyncio/events.py", line 88, in _run
  File "/home/Shared/UniBe-swiss-ndvi/GitHub/swiss-ndvi-processing/.venv/lib/python3.12/site-packages/tornado/platform/asyncio.py", line 208, in _handle_events
  File "/home/Shared/UniBe-swiss-ndvi/GitHub/swiss-ndvi-processing/.venv/lib/python3.12/site-packages/tornado/netutil.py", line 273, in accept_handler
  File "/usr/lib/python3.12/socket.py", line 295, in accept
OSError: [Errno 24] Too many open files
Exception in callback BaseAsyncIOLoop._handle_events(7, 1)
handle: <Handle BaseAsyncIOLoop._handle_events(7, 1)>
Traceback (most recent call last):
  File "/usr/lib/python3.12/asyncio/events.py", line 88, in _run
  File "/home/Shared/UniBe-swiss-ndvi/GitHub/swiss-ndvi-processing/.venv/lib/python3.12/site-packages/tornado/platform/asyncio.py", line 208, in _handle_events
  File "/home/Shared/UniBe-swiss-ndvi/GitHub/swiss-ndvi-processing/.venv/lib/python3.12/site-packages/tornado/netutil.py", line 273, in accept_handler
  File "/usr/lib/python3.12/socket.py", line 295, in accept
OSError: [Errno 24] Too many open files
Exception in callback BaseAsyncIOLoop._handle_events(7, 1)
handle: <Handle BaseAsyncIOLoop._handle_events(7, 1)>
Traceback (most recent call last):
  File "/usr/lib/python3.12/asyncio/events.py", line 88, in _run
  File "/home/Shared/UniBe-swiss-ndvi/GitHub/swiss-ndvi-processing/.venv/lib/python3.12/site-packages/tornado/platform/asyncio.py", line 208, in _handle_events
  File "/home/Shared/UniBe-swiss-ndvi/GitHub/swiss-ndvi-processing/.venv/lib/python3.12/site-packages/tornado/netutil.py", line 273, in accept_handler
  File "/usr/lib/python3.12/socket.py", line 295, in accept
OSError: [Errno 24] Too many open files
2026-04-08 22:14:48,672 - distributed.worker - WARNING - Mismatched versions found

+-------------+---------------------------------------------+-----------+----------+
| Package     | Worker-751f9e2f-330f-4c28-819a-5890307cf099 | Scheduler | Workers  |
+-------------+---------------------------------------------+-----------+----------+
| cloudpickle | 3.1.1                                       | None      | 3.1.1    |
| dask        | 2025.9.1                                    | None      | 2025.9.1 |
| distributed | 2025.9.1                                    | None      | 2025.9.1 |
| lz4         | 4.3.2                                       | None      | 4.3.2    |
| msgpack     | 1.1.1                                       | None      | 1.1.1    |
| toolz       | 1.0.0                                       | None      | 1.0.0    |
| tornado     | 6.5.1                                       | None      | 6.5.1    |
+-------------+---------------------------------------------+-----------+----------+
Exception in callback BaseAsyncIOLoop._handle_events(7, 1)
handle: <Handle BaseAsyncIOLoop._handle_events(7, 1)>
Traceback (most recent call last):
  File "/usr/lib/python3.12/asyncio/events.py", line 88, in _run
  File "/home/Shared/UniBe-swiss-ndvi/GitHub/swiss-ndvi-processing/.venv/lib/python3.12/site-packages/tornado/platform/asyncio.py", line 208, in _handle_events
  File "/home/Shared/UniBe-swiss-ndvi/GitHub/swiss-ndvi-processing/.venv/lib/python3.12/site-packages/tornado/netutil.py", line 273, in accept_handler
  File "/usr/lib/python3.12/socket.py", line 295, in accept
OSError: [Errno 24] Too many open files
2026-04-08 22:14:48,674 - distributed.worker - WARNING - Mismatched versions found

+-------------+---------------------------------------------+-----------+----------+
| Package     | Worker-17221fd1-8ee4-43e4-b41e-13ae3094f04a | Scheduler | Workers  |
+-------------+---------------------------------------------+-----------+----------+
| cloudpickle | 3.1.1                                       | None      | 3.1.1    |
| dask        | 2025.9.1                                    | None      | 2025.9.1 |
| distributed | 2025.9.1                                    | None      | 2025.9.1 |
| lz4         | 4.3.2                                       | None      | 4.3.2    |
| msgpack     | 1.1.1                                       | None      | 1.1.1    |
| toolz       | 1.0.0                                       | None      | 1.0.0    |
| tornado     | 6.5.1                                       | None      | 6.5.1    |
+-------------+---------------------------------------------+-----------+----------+
Exception in callback BaseAsyncIOLoop._handle_events(7, 1)
handle: <Handle BaseAsyncIOLoop._handle_events(7, 1)>
Traceback (most recent call last):
  File "/usr/lib/python3.12/asyncio/events.py", line 88, in _run
  File "/home/Shared/UniBe-swiss-ndvi/GitHub/swiss-ndvi-processing/.venv/lib/python3.12/site-packages/tornado/platform/asyncio.py", line 208, in _handle_events
  File "/home/Shared/UniBe-swiss-ndvi/GitHub/swiss-ndvi-processing/.venv/lib/python3.12/site-packages/tornado/netutil.py", line 273, in accept_handler
  File "/usr/lib/python3.12/socket.py", line 295, in accept
OSError: [Errno 24] Too many open files
2026-04-08 22:14:48,676 - distributed.worker - WARNING - Mismatched versions found

+-------------+---------------------------------------------+-----------+----------+
| Package     | Worker-993776be-0fc6-4f4b-a034-7c5683a6d7a9 | Scheduler | Workers  |
+-------------+---------------------------------------------+-----------+----------+
| cloudpickle | 3.1.1                                       | None      | 3.1.1    |
| dask        | 2025.9.1                                    | None      | 2025.9.1 |
| distributed | 2025.9.1                                    | None      | 2025.9.1 |
| lz4         | 4.3.2                                       | None      | 4.3.2    |
| msgpack     | 1.1.1                                       | None      | 1.1.1    |
| toolz       | 1.0.0                                       | None      | 1.0.0    |
| tornado     | 6.5.1                                       | None      | 6.5.1    |
+-------------+---------------------------------------------+-----------+----------+
2026-04-08 22:14:48,677 - distributed.worker - WARNING - Mismatched versions found

+-------------+---------------------------------------------+-----------+----------+
| Package     | Worker-bae5941c-7f04-45ab-9b38-985755d026ec | Scheduler | Workers  |
+-------------+---------------------------------------------+-----------+----------+
| cloudpickle | 3.1.1                                       | None      | 3.1.1    |
| dask        | 2025.9.1                                    | None      | 2025.9.1 |
| distributed | 2025.9.1                                    | None      | 2025.9.1 |
| lz4         | 4.3.2                                       | None      | 4.3.2    |
| msgpack     | 1.1.1                                       | None      | 1.1.1    |
| toolz       | 1.0.0                                       | None      | 1.0.0    |
| tornado     | 6.5.1                                       | None      | 6.5.1    |
+-------------+---------------------------------------------+-----------+----------+
Exception in callback BaseAsyncIOLoop._handle_events(7, 1)
handle: <Handle BaseAsyncIOLoop._handle_events(7, 1)>
Traceback (most recent call last):
  File "/usr/lib/python3.12/asyncio/events.py", line 88, in _run
  File "/home/Shared/UniBe-swiss-ndvi/GitHub/swiss-ndvi-processing/.venv/lib/python3.12/site-packages/tornado/platform/asyncio.py", line 208, in _handle_events
  File "/home/Shared/UniBe-swiss-ndvi/GitHub/swiss-ndvi-processing/.venv/lib/python3.12/site-packages/tornado/netutil.py", line 273, in accept_handler
  File "/usr/lib/python3.12/socket.py", line 295, in accept
OSError: [Errno 24] Too many open files
2026-04-08 22:14:48,702 - distributed.worker - WARNING - Mismatched versions found

+-------------+---------------------------------------------+-----------+----------+
| Package     | Worker-d5a89067-be5b-4eb0-9cfc-bd06e3657587 | Scheduler | Workers  |
+-------------+---------------------------------------------+-----------+----------+
| cloudpickle | 3.1.1                                       | None      | 3.1.1    |
| dask        | 2025.9.1                                    | None      | 2025.9.1 |
| distributed | 2025.9.1                                    | None      | 2025.9.1 |
| lz4         | 4.3.2                                       | None      | 4.3.2    |
| msgpack     | 1.1.1                                       | None      | 1.1.1    |
| toolz       | 1.0.0                                       | None      | 1.0.0    |
| tornado     | 6.5.1                                       | None      | 6.5.1    |
+-------------+---------------------------------------------+-----------+----------+
2026-04-08 22:14:48,705 - distributed.worker - WARNING - Mismatched versions found

+-------------+---------------------------------------------+-----------+----------+
| Package     | Worker-73a8afd2-0589-4c5b-99c8-5c3c5f315555 | Scheduler | Workers  |
+-------------+---------------------------------------------+-----------+----------+
| cloudpickle | 3.1.1                                       | None      | 3.1.1    |
| dask        | 2025.9.1                                    | None      | 2025.9.1 |
| distributed | 2025.9.1                                    | None      | 2025.9.1 |
| lz4         | 4.3.2                                       | None      | 4.3.2    |
| msgpack     | 1.1.1                                       | None      | 1.1.1    |
| toolz       | 1.0.0                                       | None      | 1.0.0    |
| tornado     | 6.5.1                                       | None      | 6.5.1    |
+-------------+---------------------------------------------+-----------+----------+
2026-04-08 22:14:48,708 - distributed.worker - WARNING - Mismatched versions found

+-------------+---------------------------------------------+-----------+----------+
| Package     | Worker-53393436-e529-4720-ac93-db221b54d7d6 | Scheduler | Workers  |
+-------------+---------------------------------------------+-----------+----------+
| cloudpickle | 3.1.1                                       | None      | 3.1.1    |
| dask        | 2025.9.1                                    | None      | 2025.9.1 |
| distributed | 2025.9.1                                    | None      | 2025.9.1 |
| lz4         | 4.3.2                                       | None      | 4.3.2    |
| msgpack     | 1.1.1                                       | None      | 1.1.1    |
| toolz       | 1.0.0                                       | None      | 1.0.0    |
| tornado     | 6.5.1                                       | None      | 6.5.1    |
+-------------+---------------------------------------------+-----------+----------+
2026-04-08 22:14:48,710 - distributed.worker - WARNING - Mismatched versions found

+-------------+---------------------------------------------+-----------+----------+
| Package     | Worker-49c83124-e4b8-4052-b768-a8ea3aef8822 | Scheduler | Workers  |
+-------------+---------------------------------------------+-----------+----------+
| cloudpickle | 3.1.1                                       | None      | 3.1.1    |
| dask        | 2025.9.1                                    | None      | 2025.9.1 |
| distributed | 2025.9.1                                    | None      | 2025.9.1 |
| lz4         | 4.3.2                                       | None      | 4.3.2    |
| msgpack     | 1.1.1                                       | None      | 1.1.1    |
| toolz       | 1.0.0                                       | None      | 1.0.0    |
| tornado     | 6.5.1                                       | None      | 6.5.1    |
+-------------+---------------------------------------------+-----------+----------+
2026-04-08 22:14:48,712 - distributed.worker - WARNING - Mismatched versions found

+-------------+---------------------------------------------+-----------+----------+
| Package     | Worker-92dd186e-f88f-4a71-ba32-c7778f4d1a7f | Scheduler | Workers  |
+-------------+---------------------------------------------+-----------+----------+
| cloudpickle | 3.1.1                                       | None      | 3.1.1    |
| dask        | 2025.9.1                                    | None      | 2025.9.1 |
| distributed | 2025.9.1                                    | None      | 2025.9.1 |
| lz4         | 4.3.2                                       | None      | 4.3.2    |
| msgpack     | 1.1.1                                       | None      | 1.1.1    |
| toolz       | 1.0.0                                       | None      | 1.0.0    |
| tornado     | 6.5.1                                       | None      | 6.5.1    |
+-------------+---------------------------------------------+-----------+----------+
2026-04-08 22:14:48,714 - distributed.worker - WARNING - Mismatched versions found

+-------------+---------------------------------------------+-----------+----------+
| Package     | Worker-68172050-4020-47df-9efe-5c3831f06953 | Scheduler | Workers  |
+-------------+---------------------------------------------+-----------+----------+
| cloudpickle | 3.1.1                                       | None      | 3.1.1    |
| dask        | 2025.9.1                                    | None      | 2025.9.1 |
| distributed | 2025.9.1                                    | None      | 2025.9.1 |
| lz4         | 4.3.2                                       | None      | 4.3.2    |
| msgpack     | 1.1.1                                       | None      | 1.1.1    |
| toolz       | 1.0.0                                       | None      | 1.0.0    |
| tornado     | 6.5.1                                       | None      | 6.5.1    |
+-------------+---------------------------------------------+-----------+----------+
2026-04-08 22:14:48,715 - distributed.worker - WARNING - Mismatched versions found

+-------------+---------------------------------------------+-----------+----------+
| Package     | Worker-fc4370b4-cf58-4456-9230-1c99c3f4d6b4 | Scheduler | Workers  |
+-------------+---------------------------------------------+-----------+----------+
| cloudpickle | 3.1.1                                       | None      | 3.1.1    |
| dask        | 2025.9.1                                    | None      | 2025.9.1 |
| distributed | 2025.9.1                                    | None      | 2025.9.1 |
| lz4         | 4.3.2                                       | None      | 4.3.2    |
| msgpack     | 1.1.1                                       | None      | 1.1.1    |
| toolz       | 1.0.0                                       | None      | 1.0.0    |
| tornado     | 6.5.1                                       | None      | 6.5.1    |
+-------------+---------------------------------------------+-----------+----------+
2026-04-08 22:14:48,716 - distributed.worker - WARNING - Mismatched versions found

+-------------+---------------------------------------------+-----------+----------+
| Package     | Worker-fee087de-847a-4335-b09d-8fd8c7d44747 | Scheduler | Workers  |
+-------------+---------------------------------------------+-----------+----------+
| cloudpickle | 3.1.1                                       | None      | 3.1.1    |
| dask        | 2025.9.1                                    | None      | 2025.9.1 |
| distributed | 2025.9.1                                    | None      | 2025.9.1 |
| lz4         | 4.3.2                                       | None      | 4.3.2    |
| msgpack     | 1.1.1                                       | None      | 1.1.1    |
| toolz       | 1.0.0                                       | None      | 1.0.0    |
| tornado     | 6.5.1                                       | None      | 6.5.1    |
+-------------+---------------------------------------------+-----------+----------+
2026-04-08 22:14:48,717 - distributed.worker - WARNING - Mismatched versions found

+-------------+---------------------------------------------+-----------+----------+
| Package     | Worker-c1858c48-1040-44e8-a182-46a7cbe43926 | Scheduler | Workers  |
+-------------+---------------------------------------------+-----------+----------+
| cloudpickle | 3.1.1                                       | None      | 3.1.1    |
| dask        | 2025.9.1                                    | None      | 2025.9.1 |
| distributed | 2025.9.1                                    | None      | 2025.9.1 |
| lz4         | 4.3.2                                       | None      | 4.3.2    |
| msgpack     | 1.1.1                                       | None      | 1.1.1    |
| toolz       | 1.0.0                                       | None      | 1.0.0    |
| tornado     | 6.5.1                                       | None      | 6.5.1    |
+-------------+---------------------------------------------+-----------+----------+
2026-04-08 22:14:48,718 - distributed.worker - WARNING - Mismatched versions found

+-------------+---------------------------------------------+-----------+----------+
| Package     | Worker-a9198b99-198b-48ac-947a-ea22cd688144 | Scheduler | Workers  |
+-------------+---------------------------------------------+-----------+----------+
| cloudpickle | 3.1.1                                       | None      | 3.1.1    |
| dask        | 2025.9.1                                    | None      | 2025.9.1 |
| distributed | 2025.9.1                                    | None      | 2025.9.1 |
| lz4         | 4.3.2                                       | None      | 4.3.2    |
| msgpack     | 1.1.1                                       | None      | 1.1.1    |
| toolz       | 1.0.0                                       | None      | 1.0.0    |
| tornado     | 6.5.1                                       | None      | 6.5.1    |
+-------------+---------------------------------------------+-----------+----------+
2026-04-08 22:14:48,722 - distributed.worker - WARNING - Mismatched versions found

+-------------+---------------------------------------------+-----------+----------+
| Package     | Worker-4734733b-84be-484e-8abf-5d5d39455ceb | Scheduler | Workers  |
+-------------+---------------------------------------------+-----------+----------+
| cloudpickle | 3.1.1                                       | None      | 3.1.1    |
| dask        | 2025.9.1                                    | None      | 2025.9.1 |
| distributed | 2025.9.1                                    | None      | 2025.9.1 |
| lz4         | 4.3.2                                       | None      | 4.3.2    |
| msgpack     | 1.1.1                                       | None      | 1.1.1    |
| toolz       | 1.0.0                                       | None      | 1.0.0    |
| tornado     | 6.5.1                                       | None      | 6.5.1    |
+-------------+---------------------------------------------+-----------+----------+
2026-04-08 22:14:48,722 - distributed.worker - WARNING - Mismatched versions found

+-------------+---------------------------------------------+-----------+----------+
| Package     | Worker-656ec714-5a65-4316-be17-31bf16bd8651 | Scheduler | Workers  |
+-------------+---------------------------------------------+-----------+----------+
| cloudpickle | 3.1.1                                       | None      | 3.1.1    |
| dask        | 2025.9.1                                    | None      | 2025.9.1 |
| distributed | 2025.9.1                                    | None      | 2025.9.1 |
| lz4         | 4.3.2                                       | None      | 4.3.2    |
| msgpack     | 1.1.1                                       | None      | 1.1.1    |
| toolz       | 1.0.0                                       | None      | 1.0.0    |
| tornado     | 6.5.1                                       | None      | 6.5.1    |
+-------------+---------------------------------------------+-----------+----------+
2026-04-08 22:14:48,724 - distributed.worker - WARNING - Mismatched versions found

+-------------+---------------------------------------------+-----------+----------+
| Package     | Worker-588afe6c-1744-40f4-a4e3-a2fc9b3b04ee | Scheduler | Workers  |
+-------------+---------------------------------------------+-----------+----------+
| cloudpickle | 3.1.1                                       | None      | 3.1.1    |
| dask        | 2025.9.1                                    | None      | 2025.9.1 |
| distributed | 2025.9.1                                    | None      | 2025.9.1 |
| lz4         | 4.3.2                                       | None      | 4.3.2    |
| msgpack     | 1.1.1                                       | None      | 1.1.1    |
| toolz       | 1.0.0                                       | None      | 1.0.0    |
| tornado     | 6.5.1                                       | None      | 6.5.1    |
+-------------+---------------------------------------------+-----------+----------+
2026-04-08 22:14:48,725 - distributed.worker - WARNING - Mismatched versions found

+-------------+---------------------------------------------+-----------+----------+
| Package     | Worker-8fcc8eb9-613f-4bc0-b303-681ee8a50030 | Scheduler | Workers  |
+-------------+---------------------------------------------+-----------+----------+
| cloudpickle | 3.1.1                                       | None      | 3.1.1    |
| dask        | 2025.9.1                                    | None      | 2025.9.1 |
| distributed | 2025.9.1                                    | None      | 2025.9.1 |
| lz4         | 4.3.2                                       | None      | 4.3.2    |
| msgpack     | 1.1.1                                       | None      | 1.1.1    |
| toolz       | 1.0.0                                       | None      | 1.0.0    |
| tornado     | 6.5.1                                       | None      | 6.5.1    |
+-------------+---------------------------------------------+-----------+----------+
2026-04-08 22:14:48,726 - distributed.worker - WARNING - Mismatched versions found

+-------------+---------------------------------------------+-----------+----------+
| Package     | Worker-3ffa4f52-83a2-4b70-ad02-6610a4cae2c1 | Scheduler | Workers  |
+-------------+---------------------------------------------+-----------+----------+
| cloudpickle | 3.1.1                                       | None      | 3.1.1    |
| dask        | 2025.9.1                                    | None      | 2025.9.1 |
| distributed | 2025.9.1                                    | None      | 2025.9.1 |
| lz4         | 4.3.2                                       | None      | 4.3.2    |
| msgpack     | 1.1.1                                       | None      | 1.1.1    |
| toolz       | 1.0.0                                       | None      | 1.0.0    |
| tornado     | 6.5.1                                       | None      | 6.5.1    |
+-------------+---------------------------------------------+-----------+----------+
2026-04-08 22:14:48,728 - distributed.worker - WARNING - Mismatched versions found

+-------------+---------------------------------------------+-----------+----------+
| Package     | Worker-c4d809ac-0284-43be-aaed-32c4e053d35d | Scheduler | Workers  |
+-------------+---------------------------------------------+-----------+----------+
| cloudpickle | 3.1.1                                       | None      | 3.1.1    |
| dask        | 2025.9.1                                    | None      | 2025.9.1 |
| distributed | 2025.9.1                                    | None      | 2025.9.1 |
| lz4         | 4.3.2                                       | None      | 4.3.2    |
| msgpack     | 1.1.1                                       | None      | 1.1.1    |
| toolz       | 1.0.0                                       | None      | 1.0.0    |
| tornado     | 6.5.1                                       | None      | 6.5.1    |
+-------------+---------------------------------------------+-----------+----------+
2026-04-08 22:14:48,729 - distributed.worker - WARNING - Mismatched versions found

+-------------+---------------------------------------------+-----------+----------+
| Package     | Worker-53a88055-fe0d-4b7f-bea3-4bee23710b5a | Scheduler | Workers  |
+-------------+---------------------------------------------+-----------+----------+
| cloudpickle | 3.1.1                                       | None      | 3.1.1    |
| dask        | 2025.9.1                                    | None      | 2025.9.1 |
| distributed | 2025.9.1                                    | None      | 2025.9.1 |
| lz4         | 4.3.2                                       | None      | 4.3.2    |
| msgpack     | 1.1.1                                       | None      | 1.1.1    |
| toolz       | 1.0.0                                       | None      | 1.0.0    |
| tornado     | 6.5.1                                       | None      | 6.5.1    |
+-------------+---------------------------------------------+-----------+----------+
2026-04-08 22:14:48,731 - distributed.worker - WARNING - Mismatched versions found

+-------------+---------------------------------------------+-----------+----------+
| Package     | Worker-bc96d689-96ea-471c-a596-0c1918ff0e74 | Scheduler | Workers  |
+-------------+---------------------------------------------+-----------+----------+
| cloudpickle | 3.1.1                                       | None      | 3.1.1    |
| dask        | 2025.9.1                                    | None      | 2025.9.1 |
| distributed | 2025.9.1                                    | None      | 2025.9.1 |
| lz4         | 4.3.2                                       | None      | 4.3.2    |
| msgpack     | 1.1.1                                       | None      | 1.1.1    |
| toolz       | 1.0.0                                       | None      | 1.0.0    |
| tornado     | 6.5.1                                       | None      | 6.5.1    |
+-------------+---------------------------------------------+-----------+----------+
2026-04-08 22:14:48,732 - distributed.worker - WARNING - Mismatched versions found

+-------------+---------------------------------------------+-----------+----------+
| Package     | Worker-28d1adfc-ee92-4502-a3e9-2eaff3f7e0a2 | Scheduler | Workers  |
+-------------+---------------------------------------------+-----------+----------+
| cloudpickle | 3.1.1                                       | None      | 3.1.1    |
| dask        | 2025.9.1                                    | None      | 2025.9.1 |
| distributed | 2025.9.1                                    | None      | 2025.9.1 |
| lz4         | 4.3.2                                       | None      | 4.3.2    |
| msgpack     | 1.1.1                                       | None      | 1.1.1    |
| toolz       | 1.0.0                                       | None      | 1.0.0    |
| tornado     | 6.5.1                                       | None      | 6.5.1    |
+-------------+---------------------------------------------+-----------+----------+
2026-04-08 22:14:48,733 - distributed.worker - WARNING - Mismatched versions found

+-------------+---------------------------------------------+-----------+----------+
| Package     | Worker-d7e8f830-0729-488f-8247-910ba94d6d7b | Scheduler | Workers  |
+-------------+---------------------------------------------+-----------+----------+
| cloudpickle | 3.1.1                                       | None      | 3.1.1    |
| dask        | 2025.9.1                                    | None      | 2025.9.1 |
| distributed | 2025.9.1                                    | None      | 2025.9.1 |
| lz4         | 4.3.2                                       | None      | 4.3.2    |
| msgpack     | 1.1.1                                       | None      | 1.1.1    |
| toolz       | 1.0.0                                       | None      | 1.0.0    |
| tornado     | 6.5.1                                       | None      | 6.5.1    |
+-------------+---------------------------------------------+-----------+----------+
2026-04-08 22:14:48,750 - distributed.worker - WARNING - Mismatched versions found

+-------------+---------------------------------------------+-----------+----------+
| Package     | Worker-93e256fe-8592-4e80-baf0-b5d70f908547 | Scheduler | Workers  |
+-------------+---------------------------------------------+-----------+----------+
| cloudpickle | 3.1.1                                       | None      | 3.1.1    |
| dask        | 2025.9.1                                    | None      | 2025.9.1 |
| distributed | 2025.9.1                                    | None      | 2025.9.1 |
| lz4         | 4.3.2                                       | None      | 4.3.2    |
| msgpack     | 1.1.1                                       | None      | 1.1.1    |
| toolz       | 1.0.0                                       | None      | 1.0.0    |
| tornado     | 6.5.1                                       | None      | 6.5.1    |
+-------------+---------------------------------------------+-----------+----------+
2026-04-08 22:14:48,752 - distributed.worker - WARNING - Mismatched versions found

+-------------+---------------------------------------------+-----------+----------+
| Package     | Worker-a3600c21-9496-4b5a-8e92-d5813df1ba85 | Scheduler | Workers  |
+-------------+---------------------------------------------+-----------+----------+
| cloudpickle | 3.1.1                                       | None      | 3.1.1    |
| dask        | 2025.9.1                                    | None      | 2025.9.1 |
| distributed | 2025.9.1                                    | None      | 2025.9.1 |
| lz4         | 4.3.2                                       | None      | 4.3.2    |
| msgpack     | 1.1.1                                       | None      | 1.1.1    |
| toolz       | 1.0.0                                       | None      | 1.0.0    |
| tornado     | 6.5.1                                       | None      | 6.5.1    |
+-------------+---------------------------------------------+-----------+----------+
2026-04-08 22:14:48,757 - distributed.worker - WARNING - Mismatched versions found

+-------------+---------------------------------------------+-----------+----------+
| Package     | Worker-bce44323-2144-481c-8829-14ab82765acd | Scheduler | Workers  |
+-------------+---------------------------------------------+-----------+----------+
| cloudpickle | 3.1.1                                       | None      | 3.1.1    |
| dask        | 2025.9.1                                    | None      | 2025.9.1 |
| distributed | 2025.9.1                                    | None      | 2025.9.1 |
| lz4         | 4.3.2                                       | None      | 4.3.2    |
| msgpack     | 1.1.1                                       | None      | 1.1.1    |
| toolz       | 1.0.0                                       | None      | 1.0.0    |
| tornado     | 6.5.1                                       | None      | 6.5.1    |
+-------------+---------------------------------------------+-----------+----------+
2026-04-08 22:14:48,759 - distributed.worker - WARNING - Mismatched versions found

+-------------+---------------------------------------------+-----------+----------+
| Package     | Worker-53716f99-004c-43c6-b9c3-8948a0412e6c | Scheduler | Workers  |
+-------------+---------------------------------------------+-----------+----------+
| cloudpickle | 3.1.1                                       | None      | 3.1.1    |
| dask        | 2025.9.1                                    | None      | 2025.9.1 |
| distributed | 2025.9.1                                    | None      | 2025.9.1 |
| lz4         | 4.3.2                                       | None      | 4.3.2    |
| msgpack     | 1.1.1                                       | None      | 1.1.1    |
| toolz       | 1.0.0                                       | None      | 1.0.0    |
| tornado     | 6.5.1                                       | None      | 6.5.1    |
+-------------+---------------------------------------------+-----------+----------+
2026-04-08 22:14:48,764 - distributed.worker - WARNING - Mismatched versions found

+-------------+---------------------------------------------+-----------+----------+
| Package     | Worker-7ae65d54-0998-43fd-bfb6-44fafc4b59f8 | Scheduler | Workers  |
+-------------+---------------------------------------------+-----------+----------+
| cloudpickle | 3.1.1                                       | None      | 3.1.1    |
| dask        | 2025.9.1                                    | None      | 2025.9.1 |
| distributed | 2025.9.1                                    | None      | 2025.9.1 |
| lz4         | 4.3.2                                       | None      | 4.3.2    |
| msgpack     | 1.1.1                                       | None      | 1.1.1    |
| toolz       | 1.0.0                                       | None      | 1.0.0    |
| tornado     | 6.5.1                                       | None      | 6.5.1    |
+-------------+---------------------------------------------+-----------+----------+
2026-04-08 22:14:48,767 - distributed.worker - WARNING - Mismatched versions found

+-------------+---------------------------------------------+-----------+----------+
| Package     | Worker-f3111b97-2984-43ee-b361-5c98fd1473ca | Scheduler | Workers  |
+-------------+---------------------------------------------+-----------+----------+
| cloudpickle | 3.1.1                                       | None      | 3.1.1    |
| dask        | 2025.9.1                                    | None      | 2025.9.1 |
| distributed | 2025.9.1                                    | None      | 2025.9.1 |
| lz4         | 4.3.2                                       | None      | 4.3.2    |
| msgpack     | 1.1.1                                       | None      | 1.1.1    |
| toolz       | 1.0.0                                       | None      | 1.0.0    |
| tornado     | 6.5.1                                       | None      | 6.5.1    |
+-------------+---------------------------------------------+-----------+----------+
2026-04-08 22:14:48,769 - distributed.worker - WARNING - Mismatched versions found

+-------------+---------------------------------------------+-----------+----------+
| Package     | Worker-6a902116-8e59-4d25-93f6-2531a25a37cd | Scheduler | Workers  |
+-------------+---------------------------------------------+-----------+----------+
| cloudpickle | 3.1.1                                       | None      | 3.1.1    |
| dask        | 2025.9.1                                    | None      | 2025.9.1 |
| distributed | 2025.9.1                                    | None      | 2025.9.1 |
| lz4         | 4.3.2                                       | None      | 4.3.2    |
| msgpack     | 1.1.1                                       | None      | 1.1.1    |
| toolz       | 1.0.0                                       | None      | 1.0.0    |
| tornado     | 6.5.1                                       | None      | 6.5.1    |
+-------------+---------------------------------------------+-----------+----------+
2026-04-08 22:14:48,775 - distributed.worker - WARNING - Mismatched versions found

+-------------+---------------------------------------------+-----------+----------+
| Package     | Worker-db233e74-3420-4ae4-bed4-af2d9116bee1 | Scheduler | Workers  |
+-------------+---------------------------------------------+-----------+----------+
| cloudpickle | 3.1.1                                       | None      | 3.1.1    |
| dask        | 2025.9.1                                    | None      | 2025.9.1 |
| distributed | 2025.9.1                                    | None      | 2025.9.1 |
| lz4         | 4.3.2                                       | None      | 4.3.2    |
| msgpack     | 1.1.1                                       | None      | 1.1.1    |
| toolz       | 1.0.0                                       | None      | 1.0.0    |
| tornado     | 6.5.1                                       | None      | 6.5.1    |
+-------------+---------------------------------------------+-----------+----------+
2026-04-08 22:14:48,941 - distributed.worker - WARNING - Mismatched versions found

+-------------+---------------------------------------------+-----------+----------+
| Package     | Worker-e8c859f5-67d7-4435-b6e0-8b1c96c5570d | Scheduler | Workers  |
+-------------+---------------------------------------------+-----------+----------+
| cloudpickle | 3.1.1                                       | None      | 3.1.1    |
| dask        | 2025.9.1                                    | None      | 2025.9.1 |
| distributed | 2025.9.1                                    | None      | 2025.9.1 |
| lz4         | 4.3.2                                       | None      | 4.3.2    |
| msgpack     | 1.1.1                                       | None      | 1.1.1    |
| toolz       | 1.0.0                                       | None      | 1.0.0    |
| tornado     | 6.5.1                                       | None      | 6.5.1    |
+-------------+---------------------------------------------+-----------+----------+
2026-04-08 22:14:48,942 - distributed.worker - WARNING - Mismatched versions found

+-------------+---------------------------------------------+-----------+----------+
| Package     | Worker-4dddfc23-1c70-4fa6-b95f-5d283754f999 | Scheduler | Workers  |
+-------------+---------------------------------------------+-----------+----------+
| cloudpickle | 3.1.1                                       | None      | 3.1.1    |
| dask        | 2025.9.1                                    | None      | 2025.9.1 |
| distributed | 2025.9.1                                    | None      | 2025.9.1 |
| lz4         | 4.3.2                                       | None      | 4.3.2    |
| msgpack     | 1.1.1                                       | None      | 1.1.1    |
| toolz       | 1.0.0                                       | None      | 1.0.0    |
| tornado     | 6.5.1                                       | None      | 6.5.1    |
+-------------+---------------------------------------------+-----------+----------+
2026-04-08 22:14:48,942 - distributed.worker - WARNING - Mismatched versions found

+-------------+---------------------------------------------+-----------+----------+
| Package     | Worker-106c38b8-e6cb-402e-9588-ad14e465eba2 | Scheduler | Workers  |
+-------------+---------------------------------------------+-----------+----------+
| cloudpickle | 3.1.1                                       | None      | 3.1.1    |
| dask        | 2025.9.1                                    | None      | 2025.9.1 |
| distributed | 2025.9.1                                    | None      | 2025.9.1 |
| lz4         | 4.3.2                                       | None      | 4.3.2    |
| msgpack     | 1.1.1                                       | None      | 1.1.1    |
| toolz       | 1.0.0                                       | None      | 1.0.0    |
| tornado     | 6.5.1                                       | None      | 6.5.1    |
+-------------+---------------------------------------------+-----------+----------+
2026-04-08 22:14:48,943 - distributed.worker - WARNING - Mismatched versions found

+-------------+---------------------------------------------+-----------+----------+
| Package     | Worker-c7fe2ce8-1b49-4288-85dc-a88e09628116 | Scheduler | Workers  |
+-------------+---------------------------------------------+-----------+----------+
| cloudpickle | 3.1.1                                       | None      | 3.1.1    |
| dask        | 2025.9.1                                    | None      | 2025.9.1 |
| distributed | 2025.9.1                                    | None      | 2025.9.1 |
| lz4         | 4.3.2                                       | None      | 4.3.2    |
| msgpack     | 1.1.1                                       | None      | 1.1.1    |
| toolz       | 1.0.0                                       | None      | 1.0.0    |
| tornado     | 6.5.1                                       | None      | 6.5.1    |
+-------------+---------------------------------------------+-----------+----------+
2026-04-08 22:14:48,944 - distributed.worker - WARNING - Mismatched versions found

+-------------+---------------------------------------------+-----------+----------+
| Package     | Worker-2907e91a-2946-475a-b4fb-6b6ed0ee99d1 | Scheduler | Workers  |
+-------------+---------------------------------------------+-----------+----------+
| cloudpickle | 3.1.1                                       | None      | 3.1.1    |
| dask        | 2025.9.1                                    | None      | 2025.9.1 |
| distributed | 2025.9.1                                    | None      | 2025.9.1 |
| lz4         | 4.3.2                                       | None      | 4.3.2    |
| msgpack     | 1.1.1                                       | None      | 1.1.1    |
| toolz       | 1.0.0                                       | None      | 1.0.0    |
| tornado     | 6.5.1                                       | None      | 6.5.1    |
+-------------+---------------------------------------------+-----------+----------+
2026-04-08 22:14:48,944 - distributed.worker - WARNING - Mismatched versions found

+-------------+---------------------------------------------+-----------+----------+
| Package     | Worker-ea05d022-8a28-4b90-ae82-0700043f6567 | Scheduler | Workers  |
+-------------+---------------------------------------------+-----------+----------+
| cloudpickle | 3.1.1                                       | None      | 3.1.1    |
| dask        | 2025.9.1                                    | None      | 2025.9.1 |
| distributed | 2025.9.1                                    | None      | 2025.9.1 |
| lz4         | 4.3.2                                       | None      | 4.3.2    |
| msgpack     | 1.1.1                                       | None      | 1.1.1    |
| toolz       | 1.0.0                                       | None      | 1.0.0    |
| tornado     | 6.5.1                                       | None      | 6.5.1    |
+-------------+---------------------------------------------+-----------+----------+
2026-04-08 22:14:48,945 - distributed.worker - WARNING - Mismatched versions found

+-------------+---------------------------------------------+-----------+----------+
| Package     | Worker-23fe4f52-7fe0-48a0-b800-b7448eae859c | Scheduler | Workers  |
+-------------+---------------------------------------------+-----------+----------+
| cloudpickle | 3.1.1                                       | None      | 3.1.1    |
| dask        | 2025.9.1                                    | None      | 2025.9.1 |
| distributed | 2025.9.1                                    | None      | 2025.9.1 |
| lz4         | 4.3.2                                       | None      | 4.3.2    |
| msgpack     | 1.1.1                                       | None      | 1.1.1    |
| toolz       | 1.0.0                                       | None      | 1.0.0    |
| tornado     | 6.5.1                                       | None      | 6.5.1    |
+-------------+---------------------------------------------+-----------+----------+
2026-04-08 22:14:48,946 - distributed.worker - WARNING - Mismatched versions found

+-------------+---------------------------------------------+-----------+----------+
| Package     | Worker-cb50294d-3224-4186-a63d-0424394bfab5 | Scheduler | Workers  |
+-------------+---------------------------------------------+-----------+----------+
| cloudpickle | 3.1.1                                       | None      | 3.1.1    |
| dask        | 2025.9.1                                    | None      | 2025.9.1 |
| distributed | 2025.9.1                                    | None      | 2025.9.1 |
| lz4         | 4.3.2                                       | None      | 4.3.2    |
| msgpack     | 1.1.1                                       | None      | 1.1.1    |
| toolz       | 1.0.0                                       | None      | 1.0.0    |
| tornado     | 6.5.1                                       | None      | 6.5.1    |
+-------------+---------------------------------------------+-----------+----------+
2026-04-08 22:14:48,967 - distributed.worker - WARNING - Mismatched versions found

+-------------+---------------------------------------------+-----------+----------+
| Package     | Worker-31f6c96a-cc3a-4f2d-983e-64275f0a205f | Scheduler | Workers  |
+-------------+---------------------------------------------+-----------+----------+
| cloudpickle | 3.1.1                                       | None      | 3.1.1    |
| dask        | 2025.9.1                                    | None      | 2025.9.1 |
| distributed | 2025.9.1                                    | None      | 2025.9.1 |
| lz4         | 4.3.2                                       | None      | 4.3.2    |
| msgpack     | 1.1.1                                       | None      | 1.1.1    |
| toolz       | 1.0.0                                       | None      | 1.0.0    |
| tornado     | 6.5.1                                       | None      | 6.5.1    |
+-------------+---------------------------------------------+-----------+----------+
2026-04-08 22:14:48,970 - distributed.worker - WARNING - Mismatched versions found

+-------------+---------------------------------------------+-----------+----------+
| Package     | Worker-9a21b8e8-1a9c-449b-a475-eb9d676ac034 | Scheduler | Workers  |
+-------------+---------------------------------------------+-----------+----------+
| cloudpickle | 3.1.1                                       | None      | 3.1.1    |
| dask        | 2025.9.1                                    | None      | 2025.9.1 |
| distributed | 2025.9.1                                    | None      | 2025.9.1 |
| lz4         | 4.3.2                                       | None      | 4.3.2    |
| msgpack     | 1.1.1                                       | None      | 1.1.1    |
| toolz       | 1.0.0                                       | None      | 1.0.0    |
| tornado     | 6.5.1                                       | None      | 6.5.1    |
+-------------+---------------------------------------------+-----------+----------+
2026-04-08 22:14:48,972 - distributed.worker - WARNING - Mismatched versions found

+-------------+---------------------------------------------+-----------+----------+
| Package     | Worker-9abdd2cb-bdb7-4055-8e92-5e99402c75b3 | Scheduler | Workers  |
+-------------+---------------------------------------------+-----------+----------+
| cloudpickle | 3.1.1                                       | None      | 3.1.1    |
| dask        | 2025.9.1                                    | None      | 2025.9.1 |
| distributed | 2025.9.1                                    | None      | 2025.9.1 |
| lz4         | 4.3.2                                       | None      | 4.3.2    |
| msgpack     | 1.1.1                                       | None      | 1.1.1    |
| toolz       | 1.0.0                                       | None      | 1.0.0    |
| tornado     | 6.5.1                                       | None      | 6.5.1    |
+-------------+---------------------------------------------+-----------+----------+
2026-04-08 22:14:48,974 - distributed.worker - WARNING - Mismatched versions found

+-------------+---------------------------------------------+-----------+----------+
| Package     | Worker-8016c6f0-58aa-436a-8904-096afc82d2e1 | Scheduler | Workers  |
+-------------+---------------------------------------------+-----------+----------+
| cloudpickle | 3.1.1                                       | None      | 3.1.1    |
| dask        | 2025.9.1                                    | None      | 2025.9.1 |
| distributed | 2025.9.1                                    | None      | 2025.9.1 |
| lz4         | 4.3.2                                       | None      | 4.3.2    |
| msgpack     | 1.1.1                                       | None      | 1.1.1    |
| toolz       | 1.0.0                                       | None      | 1.0.0    |
| tornado     | 6.5.1                                       | None      | 6.5.1    |
+-------------+---------------------------------------------+-----------+----------+
2026-04-08 22:14:48,976 - distributed.worker - WARNING - Mismatched versions found

+-------------+---------------------------------------------+-----------+----------+
| Package     | Worker-d80a08bb-a059-4b24-a8e8-eb57f3fec232 | Scheduler | Workers  |
+-------------+---------------------------------------------+-----------+----------+
| cloudpickle | 3.1.1                                       | None      | 3.1.1    |
| dask        | 2025.9.1                                    | None      | 2025.9.1 |
| distributed | 2025.9.1                                    | None      | 2025.9.1 |
| lz4         | 4.3.2                                       | None      | 4.3.2    |
| msgpack     | 1.1.1                                       | None      | 1.1.1    |
| toolz       | 1.0.0                                       | None      | 1.0.0    |
| tornado     | 6.5.1                                       | None      | 6.5.1    |
+-------------+---------------------------------------------+-----------+----------+
2026-04-08 22:14:48,979 - distributed.worker - WARNING - Mismatched versions found

+-------------+---------------------------------------------+-----------+----------+
| Package     | Worker-78cace6d-a12e-47d9-a3da-5c79a112de1c | Scheduler | Workers  |
+-------------+---------------------------------------------+-----------+----------+
| cloudpickle | 3.1.1                                       | None      | 3.1.1    |
| dask        | 2025.9.1                                    | None      | 2025.9.1 |
| distributed | 2025.9.1                                    | None      | 2025.9.1 |
| lz4         | 4.3.2                                       | None      | 4.3.2    |
| msgpack     | 1.1.1                                       | None      | 1.1.1    |
| toolz       | 1.0.0                                       | None      | 1.0.0    |
| tornado     | 6.5.1                                       | None      | 6.5.1    |
+-------------+---------------------------------------------+-----------+----------+
2026-04-08 22:14:48,980 - distributed.worker - WARNING - Mismatched versions found

+-------------+---------------------------------------------+-----------+----------+
| Package     | Worker-9b6968cb-6196-4951-ba28-5a216cbf5ea3 | Scheduler | Workers  |
+-------------+---------------------------------------------+-----------+----------+
| cloudpickle | 3.1.1                                       | None      | 3.1.1    |
| dask        | 2025.9.1                                    | None      | 2025.9.1 |
| distributed | 2025.9.1                                    | None      | 2025.9.1 |
| lz4         | 4.3.2                                       | None      | 4.3.2    |
| msgpack     | 1.1.1                                       | None      | 1.1.1    |
| toolz       | 1.0.0                                       | None      | 1.0.0    |
| tornado     | 6.5.1                                       | None      | 6.5.1    |
+-------------+---------------------------------------------+-----------+----------+
2026-04-08 22:14:48,982 - distributed.worker - WARNING - Mismatched versions found

+-------------+---------------------------------------------+-----------+----------+
| Package     | Worker-7e9c3709-e401-40f0-b853-ec421473df86 | Scheduler | Workers  |
+-------------+---------------------------------------------+-----------+----------+
| cloudpickle | 3.1.1                                       | None      | 3.1.1    |
| dask        | 2025.9.1                                    | None      | 2025.9.1 |
| distributed | 2025.9.1                                    | None      | 2025.9.1 |
| lz4         | 4.3.2                                       | None      | 4.3.2    |
| msgpack     | 1.1.1                                       | None      | 1.1.1    |
| toolz       | 1.0.0                                       | None      | 1.0.0    |
| tornado     | 6.5.1                                       | None      | 6.5.1    |
+-------------+---------------------------------------------+-----------+----------+
2026-04-08 22:14:48,983 - distributed.worker - WARNING - Mismatched versions found

+-------------+---------------------------------------------+-----------+----------+
| Package     | Worker-71552a1f-0c3b-4ea4-88dc-df461ea622c4 | Scheduler | Workers  |
+-------------+---------------------------------------------+-----------+----------+
| cloudpickle | 3.1.1                                       | None      | 3.1.1    |
| dask        | 2025.9.1                                    | None      | 2025.9.1 |
| distributed | 2025.9.1                                    | None      | 2025.9.1 |
| lz4         | 4.3.2                                       | None      | 4.3.2    |
| msgpack     | 1.1.1                                       | None      | 1.1.1    |
| toolz       | 1.0.0                                       | None      | 1.0.0    |
| tornado     | 6.5.1                                       | None      | 6.5.1    |
+-------------+---------------------------------------------+-----------+----------+
2026-04-08 22:14:48,983 - distributed.worker - WARNING - Mismatched versions found

+-------------+---------------------------------------------+-----------+----------+
| Package     | Worker-1083e2c9-09c3-4cb8-94f8-e2c51a501e51 | Scheduler | Workers  |
+-------------+---------------------------------------------+-----------+----------+
| cloudpickle | 3.1.1                                       | None      | 3.1.1    |
| dask        | 2025.9.1                                    | None      | 2025.9.1 |
| distributed | 2025.9.1                                    | None      | 2025.9.1 |
| lz4         | 4.3.2                                       | None      | 4.3.2    |
| msgpack     | 1.1.1                                       | None      | 1.1.1    |
| toolz       | 1.0.0                                       | None      | 1.0.0    |
| tornado     | 6.5.1                                       | None      | 6.5.1    |
+-------------+---------------------------------------------+-----------+----------+
2026-04-08 22:14:48,984 - distributed.worker - WARNING - Mismatched versions found

+-------------+---------------------------------------------+-----------+----------+
| Package     | Worker-deb10c5c-3b49-4182-a17a-62f1f5d7dd52 | Scheduler | Workers  |
+-------------+---------------------------------------------+-----------+----------+
| cloudpickle | 3.1.1                                       | None      | 3.1.1    |
| dask        | 2025.9.1                                    | None      | 2025.9.1 |
| distributed | 2025.9.1                                    | None      | 2025.9.1 |
| lz4         | 4.3.2                                       | None      | 4.3.2    |
| msgpack     | 1.1.1                                       | None      | 1.1.1    |
| toolz       | 1.0.0                                       | None      | 1.0.0    |
| tornado     | 6.5.1                                       | None      | 6.5.1    |
+-------------+---------------------------------------------+-----------+----------+
2026-04-08 22:14:48,985 - distributed.worker - WARNING - Mismatched versions found

+-------------+---------------------------------------------+-----------+----------+
| Package     | Worker-90214b33-c4c1-443e-803f-64e178dafaf7 | Scheduler | Workers  |
+-------------+---------------------------------------------+-----------+----------+
| cloudpickle | 3.1.1                                       | None      | 3.1.1    |
| dask        | 2025.9.1                                    | None      | 2025.9.1 |
| distributed | 2025.9.1                                    | None      | 2025.9.1 |
| lz4         | 4.3.2                                       | None      | 4.3.2    |
| msgpack     | 1.1.1                                       | None      | 1.1.1    |
| toolz       | 1.0.0                                       | None      | 1.0.0    |
| tornado     | 6.5.1                                       | None      | 6.5.1    |
+-------------+---------------------------------------------+-----------+----------+
2026-04-08 22:14:48,985 - distributed.worker - WARNING - Mismatched versions found

+-------------+---------------------------------------------+-----------+----------+
| Package     | Worker-aea0afe9-1a9d-429e-990e-8e3afb63010f | Scheduler | Workers  |
+-------------+---------------------------------------------+-----------+----------+
| cloudpickle | 3.1.1                                       | None      | 3.1.1    |
| dask        | 2025.9.1                                    | None      | 2025.9.1 |
| distributed | 2025.9.1                                    | None      | 2025.9.1 |
| lz4         | 4.3.2                                       | None      | 4.3.2    |
| msgpack     | 1.1.1                                       | None      | 1.1.1    |
| toolz       | 1.0.0                                       | None      | 1.0.0    |
| tornado     | 6.5.1                                       | None      | 6.5.1    |
+-------------+---------------------------------------------+-----------+----------+
2026-04-08 22:14:48,986 - distributed.worker - WARNING - Mismatched versions found

+-------------+---------------------------------------------+-----------+----------+
| Package     | Worker-23fc4a4a-2238-4ddc-bd9e-19bb3628beed | Scheduler | Workers  |
+-------------+---------------------------------------------+-----------+----------+
| cloudpickle | 3.1.1                                       | None      | 3.1.1    |
| dask        | 2025.9.1                                    | None      | 2025.9.1 |
| distributed | 2025.9.1                                    | None      | 2025.9.1 |
| lz4         | 4.3.2                                       | None      | 4.3.2    |
| msgpack     | 1.1.1                                       | None      | 1.1.1    |
| toolz       | 1.0.0                                       | None      | 1.0.0    |
| tornado     | 6.5.1                                       | None      | 6.5.1    |
+-------------+---------------------------------------------+-----------+----------+
2026-04-08 22:14:48,987 - distributed.worker - WARNING - Mismatched versions found

+-------------+---------------------------------------------+-----------+----------+
| Package     | Worker-3da9126b-c8b3-4243-b67c-c4b3abbced93 | Scheduler | Workers  |
+-------------+---------------------------------------------+-----------+----------+
| cloudpickle | 3.1.1                                       | None      | 3.1.1    |
| dask        | 2025.9.1                                    | None      | 2025.9.1 |
| distributed | 2025.9.1                                    | None      | 2025.9.1 |
| lz4         | 4.3.2                                       | None      | 4.3.2    |
| msgpack     | 1.1.1                                       | None      | 1.1.1    |
| toolz       | 1.0.0                                       | None      | 1.0.0    |
| tornado     | 6.5.1                                       | None      | 6.5.1    |
+-------------+---------------------------------------------+-----------+----------+
2026-04-08 22:14:48,987 - distributed.worker - WARNING - Mismatched versions found

+-------------+---------------------------------------------+-----------+----------+
| Package     | Worker-ef9dfb37-4a4b-4ae5-9693-d1d16c02a6b2 | Scheduler | Workers  |
+-------------+---------------------------------------------+-----------+----------+
| cloudpickle | 3.1.1                                       | None      | 3.1.1    |
| dask        | 2025.9.1                                    | None      | 2025.9.1 |
| distributed | 2025.9.1                                    | None      | 2025.9.1 |
| lz4         | 4.3.2                                       | None      | 4.3.2    |
| msgpack     | 1.1.1                                       | None      | 1.1.1    |
| toolz       | 1.0.0                                       | None      | 1.0.0    |
| tornado     | 6.5.1                                       | None      | 6.5.1    |
+-------------+---------------------------------------------+-----------+----------+
2026-04-08 22:14:48,988 - distributed.worker - WARNING - Mismatched versions found

+-------------+---------------------------------------------+-----------+----------+
| Package     | Worker-67374d89-4662-451b-99c1-25c7512570be | Scheduler | Workers  |
+-------------+---------------------------------------------+-----------+----------+
| cloudpickle | 3.1.1                                       | None      | 3.1.1    |
| dask        | 2025.9.1                                    | None      | 2025.9.1 |
| distributed | 2025.9.1                                    | None      | 2025.9.1 |
| lz4         | 4.3.2                                       | None      | 4.3.2    |
| msgpack     | 1.1.1                                       | None      | 1.1.1    |
| toolz       | 1.0.0                                       | None      | 1.0.0    |
| tornado     | 6.5.1                                       | None      | 6.5.1    |
+-------------+---------------------------------------------+-----------+----------+
2026-04-08 22:14:48,993 - distributed.worker - WARNING - Mismatched versions found

+-------------+---------------------------------------------+-----------+----------+
| Package     | Worker-7e5ed4e7-a233-4f0b-9019-c2c3cbef11b4 | Scheduler | Workers  |
+-------------+---------------------------------------------+-----------+----------+
| cloudpickle | 3.1.1                                       | None      | 3.1.1    |
| dask        | 2025.9.1                                    | None      | 2025.9.1 |
| distributed | 2025.9.1                                    | None      | 2025.9.1 |
| lz4         | 4.3.2                                       | None      | 4.3.2    |
| msgpack     | 1.1.1                                       | None      | 1.1.1    |
| toolz       | 1.0.0                                       | None      | 1.0.0    |
| tornado     | 6.5.1                                       | None      | 6.5.1    |
+-------------+---------------------------------------------+-----------+----------+
