Virtual environment activated
Python executable: /home/Shared/UniBe-swiss-ndvi/GitHub/swiss-ndvi-processing/.venv/bin/python
Python version: Python 3.12.3

2017-04-01
2025-11-30
Current commit:
dbaf9d954260565d742e6e792e3b609453dc7559

Commit details:
*-.   88bb8c2 (refs/stash) On setup-tunder-FB: compiled numba
|\ \  
| | * 8b8f2eb untracked files on setup-tunder-FB: dbaf9d9 Cleanup and go for full dataset
| * e9ec04a index on setup-tunder-FB: dbaf9d9 Cleanup and go for full dataset
|/  
* dbaf9d9 (HEAD -> setup-tunder-FB) Cleanup and go for full dataset
* 27177aa (origin/setup-tunder-FB) perf: Go to 200k batches, use 120 workers, persist() instead of intermediate save
* e246125 Switch N_WORKERS = 80
* 7e74716 Update logging
* 4cf4e3f Fix Batch size to 3*PIXEL_CHUNKS
* f18e93e perf: Improve performance by manual looping through chunks for apply_ufunc()
* c456659 docs: Streamline hist_script 2 by removing comments

Working tree status:
On branch setup-tunder-FB
Your branch is ahead of 'origin/setup-tunder-FB' by 1 commit.
  (use "git push" to publish your local commits)

nothing to commit, working tree clean

============================================================
Historic processing started at: 2026-04-08 22:01:17
Log file: /home/Shared/UniBe-swiss-ndvi/GitHub/swiss-ndvi-processing/logs/historic_analysis_2026-04-08_22h01m17.log
============================================================

Running: with arguments: 2017-04-01 2025-11-30
------------------------------------------------------------
------------------------------------------------------------
Running: /home/Shared/UniBe-swiss-ndvi/GitHub/swiss-ndvi-processing/workflow_implementation/MS1_script_for_historical_NDVI/new_historical_processing/1_download_satellite_images.py
Start time: 2026-04-08 22:01:17
Finished: /home/Shared/UniBe-swiss-ndvi/GitHub/swiss-ndvi-processing/workflow_implementation/MS1_script_for_historical_NDVI/new_historical_processing/1_download_satellite_images.py
Duration: 00:00:00 (hh:mm:ss)
Download script returned value: /mnt/data2/UniBe-swiss-ndvi/historic_data/tmp_2026-04-04_18h16_ndvi_01_downloaded_2017-01-01_2025-12-31.zarr

------------------------------------------------------------
Running: /home/Shared/UniBe-swiss-ndvi/GitHub/swiss-ndvi-processing/workflow_implementation/MS1_script_for_historical_NDVI/new_historical_processing/2_historical_ndvi_test.py
Start time: 2026-04-08 22:01:17
2026-04-08 22:01:19,867 - distributed.nanny - ERROR - Failed to start process
Traceback (most recent call last):
  File "/home/Shared/UniBe-swiss-ndvi/GitHub/swiss-ndvi-processing/.venv/lib/python3.12/site-packages/distributed/nanny.py", line 452, in instantiate
  File "/home/Shared/UniBe-swiss-ndvi/GitHub/swiss-ndvi-processing/.venv/lib/python3.12/site-packages/distributed/nanny.py", line 713, in start
  File "/usr/lib/python3.12/multiprocessing/context.py", line 103, in Queue
  File "/usr/lib/python3.12/multiprocessing/queues.py", line 42, in __init__
  File "/usr/lib/python3.12/multiprocessing/connection.py", line 544, in Pipe
OSError: [Errno 24] Too many open files
2026-04-08 22:01:19,873 - distributed.nanny - ERROR - Failed to start process
Traceback (most recent call last):
  File "/home/Shared/UniBe-swiss-ndvi/GitHub/swiss-ndvi-processing/.venv/lib/python3.12/site-packages/distributed/nanny.py", line 452, in instantiate
    result = await self.process.start()
             ^^^^^^^^^^^^^^^^^^^^^^^^^^
  File "/home/Shared/UniBe-swiss-ndvi/GitHub/swiss-ndvi-processing/.venv/lib/python3.12/site-packages/distributed/nanny.py", line 713, in start
    self.init_result_q = mp_ctx.Queue()
                         ^^^^^^^^^^^^^^
  File "/usr/lib/python3.12/multiprocessing/context.py", line 103, in Queue
    return Queue(maxsize, ctx=self.get_context())
           ^^^^^^^^^^^^^^^^^^^^^^^^^^^^^^^^^^^^^^
  File "/usr/lib/python3.12/multiprocessing/queues.py", line 42, in __init__
    self._reader, self._writer = connection.Pipe(duplex=False)
                                 ^^^^^^^^^^^^^^^^^^^^^^^^^^^^^
  File "/usr/lib/python3.12/multiprocessing/connection.py", line 544, in Pipe
    fd1, fd2 = os.pipe()
               ^^^^^^^^^
OSError: [Errno 24] Too many open files
2026-04-08 22:01:19,880 - distributed.nanny - ERROR - Failed to start process
Traceback (most recent call last):
  File "/home/Shared/UniBe-swiss-ndvi/GitHub/swiss-ndvi-processing/.venv/lib/python3.12/site-packages/distributed/nanny.py", line 452, in instantiate
    result = await self.process.start()
             ^^^^^^^^^^^^^^^^^^^^^^^^^^
  File "/home/Shared/UniBe-swiss-ndvi/GitHub/swiss-ndvi-processing/.venv/lib/python3.12/site-packages/distributed/nanny.py", line 713, in start
    self.init_result_q = mp_ctx.Queue()
                         ^^^^^^^^^^^^^^
  File "/usr/lib/python3.12/multiprocessing/context.py", line 103, in Queue
    return Queue(maxsize, ctx=self.get_context())
           ^^^^^^^^^^^^^^^^^^^^^^^^^^^^^^^^^^^^^^
  File "/usr/lib/python3.12/multiprocessing/queues.py", line 43, in __init__
    self._rlock = ctx.Lock()
                  ^^^^^^^^^^
  File "/usr/lib/python3.12/multiprocessing/context.py", line 68, in Lock
    return Lock(ctx=self.get_context())
           ^^^^^^^^^^^^^^^^^^^^^^^^^^^^
  File "/usr/lib/python3.12/multiprocessing/synchronize.py", line 169, in __init__
  File "/usr/lib/python3.12/multiprocessing/synchronize.py", line 57, in __init__
OSError: [Errno 24] Too many open files
2026-04-08 22:01:19,883 - distributed.nanny - ERROR - Failed to start process
Traceback (most recent call last):
  File "/home/Shared/UniBe-swiss-ndvi/GitHub/swiss-ndvi-processing/.venv/lib/python3.12/site-packages/distributed/nanny.py", line 452, in instantiate
    result = await self.process.start()
             ^^^^^^^^^^^^^^^^^^^^^^^^^^
  File "/home/Shared/UniBe-swiss-ndvi/GitHub/swiss-ndvi-processing/.venv/lib/python3.12/site-packages/distributed/nanny.py", line 713, in start
    self.init_result_q = mp_ctx.Queue()
                         ^^^^^^^^^^^^^^
  File "/usr/lib/python3.12/multiprocessing/context.py", line 103, in Queue
    return Queue(maxsize, ctx=self.get_context())
           ^^^^^^^^^^^^^^^^^^^^^^^^^^^^^^^^^^^^^^
  File "/usr/lib/python3.12/multiprocessing/queues.py", line 42, in __init__
    self._reader, self._writer = connection.Pipe(duplex=False)
                                 ^^^^^^^^^^^^^^^^^^^^^^^^^^^^^
  File "/usr/lib/python3.12/multiprocessing/connection.py", line 544, in Pipe
    fd1, fd2 = os.pipe()
               ^^^^^^^^^
OSError: [Errno 24] Too many open files
2026-04-08 22:01:19,884 - distributed.nanny - ERROR - Failed to start process
Traceback (most recent call last):
  File "/home/Shared/UniBe-swiss-ndvi/GitHub/swiss-ndvi-processing/.venv/lib/python3.12/site-packages/distributed/nanny.py", line 452, in instantiate
    result = await self.process.start()
             ^^^^^^^^^^^^^^^^^^^^^^^^^^
  File "/home/Shared/UniBe-swiss-ndvi/GitHub/swiss-ndvi-processing/.venv/lib/python3.12/site-packages/distributed/nanny.py", line 713, in start
    self.init_result_q = mp_ctx.Queue()
                         ^^^^^^^^^^^^^^
  File "/usr/lib/python3.12/multiprocessing/context.py", line 103, in Queue
    return Queue(maxsize, ctx=self.get_context())
           ^^^^^^^^^^^^^^^^^^^^^^^^^^^^^^^^^^^^^^
  File "/usr/lib/python3.12/multiprocessing/queues.py", line 43, in __init__
    self._rlock = ctx.Lock()
                  ^^^^^^^^^^
  File "/usr/lib/python3.12/multiprocessing/context.py", line 68, in Lock
    return Lock(ctx=self.get_context())
           ^^^^^^^^^^^^^^^^^^^^^^^^^^^^
  File "/usr/lib/python3.12/multiprocessing/synchronize.py", line 169, in __init__
  File "/usr/lib/python3.12/multiprocessing/synchronize.py", line 57, in __init__
OSError: [Errno 24] Too many open files
2026-04-08 22:01:19,885 - distributed.nanny - ERROR - Failed to start process
Traceback (most recent call last):
  File "/home/Shared/UniBe-swiss-ndvi/GitHub/swiss-ndvi-processing/.venv/lib/python3.12/site-packages/distributed/nanny.py", line 452, in instantiate
    result = await self.process.start()
             ^^^^^^^^^^^^^^^^^^^^^^^^^^
  File "/home/Shared/UniBe-swiss-ndvi/GitHub/swiss-ndvi-processing/.venv/lib/python3.12/site-packages/distributed/nanny.py", line 713, in start
    self.init_result_q = mp_ctx.Queue()
                         ^^^^^^^^^^^^^^
  File "/usr/lib/python3.12/multiprocessing/context.py", line 103, in Queue
    return Queue(maxsize, ctx=self.get_context())
           ^^^^^^^^^^^^^^^^^^^^^^^^^^^^^^^^^^^^^^
  File "/usr/lib/python3.12/multiprocessing/queues.py", line 42, in __init__
    self._reader, self._writer = connection.Pipe(duplex=False)
                                 ^^^^^^^^^^^^^^^^^^^^^^^^^^^^^
  File "/usr/lib/python3.12/multiprocessing/connection.py", line 544, in Pipe
    fd1, fd2 = os.pipe()
               ^^^^^^^^^
OSError: [Errno 24] Too many open files
2026-04-08 22:01:19,886 - distributed.nanny - ERROR - Failed to start process
Traceback (most recent call last):
  File "/home/Shared/UniBe-swiss-ndvi/GitHub/swiss-ndvi-processing/.venv/lib/python3.12/site-packages/distributed/nanny.py", line 452, in instantiate
    result = await self.process.start()
             ^^^^^^^^^^^^^^^^^^^^^^^^^^
  File "/home/Shared/UniBe-swiss-ndvi/GitHub/swiss-ndvi-processing/.venv/lib/python3.12/site-packages/distributed/nanny.py", line 713, in start
    self.init_result_q = mp_ctx.Queue()
                         ^^^^^^^^^^^^^^
  File "/usr/lib/python3.12/multiprocessing/context.py", line 103, in Queue
    return Queue(maxsize, ctx=self.get_context())
           ^^^^^^^^^^^^^^^^^^^^^^^^^^^^^^^^^^^^^^
  File "/usr/lib/python3.12/multiprocessing/queues.py", line 43, in __init__
    self._rlock = ctx.Lock()
                  ^^^^^^^^^^
  File "/usr/lib/python3.12/multiprocessing/context.py", line 68, in Lock
    return Lock(ctx=self.get_context())
           ^^^^^^^^^^^^^^^^^^^^^^^^^^^^
  File "/usr/lib/python3.12/multiprocessing/synchronize.py", line 169, in __init__
  File "/usr/lib/python3.12/multiprocessing/synchronize.py", line 57, in __init__
OSError: [Errno 24] Too many open files
2026-04-08 22:01:19,887 - distributed.nanny - ERROR - Failed to start process
Traceback (most recent call last):
  File "/home/Shared/UniBe-swiss-ndvi/GitHub/swiss-ndvi-processing/.venv/lib/python3.12/site-packages/distributed/nanny.py", line 452, in instantiate
    result = await self.process.start()
             ^^^^^^^^^^^^^^^^^^^^^^^^^^
  File "/home/Shared/UniBe-swiss-ndvi/GitHub/swiss-ndvi-processing/.venv/lib/python3.12/site-packages/distributed/nanny.py", line 713, in start
    self.init_result_q = mp_ctx.Queue()
                         ^^^^^^^^^^^^^^
  File "/usr/lib/python3.12/multiprocessing/context.py", line 103, in Queue
    return Queue(maxsize, ctx=self.get_context())
           ^^^^^^^^^^^^^^^^^^^^^^^^^^^^^^^^^^^^^^
  File "/usr/lib/python3.12/multiprocessing/queues.py", line 42, in __init__
    self._reader, self._writer = connection.Pipe(duplex=False)
                                 ^^^^^^^^^^^^^^^^^^^^^^^^^^^^^
  File "/usr/lib/python3.12/multiprocessing/connection.py", line 544, in Pipe
    fd1, fd2 = os.pipe()
               ^^^^^^^^^
OSError: [Errno 24] Too many open files
2026-04-08 22:01:19,888 - distributed.nanny - ERROR - Failed to start process
Traceback (most recent call last):
  File "/home/Shared/UniBe-swiss-ndvi/GitHub/swiss-ndvi-processing/.venv/lib/python3.12/site-packages/distributed/nanny.py", line 452, in instantiate
    result = await self.process.start()
             ^^^^^^^^^^^^^^^^^^^^^^^^^^
  File "/home/Shared/UniBe-swiss-ndvi/GitHub/swiss-ndvi-processing/.venv/lib/python3.12/site-packages/distributed/nanny.py", line 713, in start
    self.init_result_q = mp_ctx.Queue()
                         ^^^^^^^^^^^^^^
  File "/usr/lib/python3.12/multiprocessing/context.py", line 103, in Queue
    return Queue(maxsize, ctx=self.get_context())
           ^^^^^^^^^^^^^^^^^^^^^^^^^^^^^^^^^^^^^^
  File "/usr/lib/python3.12/multiprocessing/queues.py", line 43, in __init__
    self._rlock = ctx.Lock()
                  ^^^^^^^^^^
  File "/usr/lib/python3.12/multiprocessing/context.py", line 68, in Lock
    return Lock(ctx=self.get_context())
           ^^^^^^^^^^^^^^^^^^^^^^^^^^^^
  File "/usr/lib/python3.12/multiprocessing/synchronize.py", line 169, in __init__
  File "/usr/lib/python3.12/multiprocessing/synchronize.py", line 57, in __init__
OSError: [Errno 24] Too many open files
2026-04-08 22:01:19,889 - distributed.nanny - ERROR - Failed to start process
Traceback (most recent call last):
  File "/home/Shared/UniBe-swiss-ndvi/GitHub/swiss-ndvi-processing/.venv/lib/python3.12/site-packages/distributed/nanny.py", line 452, in instantiate
    result = await self.process.start()
             ^^^^^^^^^^^^^^^^^^^^^^^^^^
  File "/home/Shared/UniBe-swiss-ndvi/GitHub/swiss-ndvi-processing/.venv/lib/python3.12/site-packages/distributed/nanny.py", line 713, in start
    self.init_result_q = mp_ctx.Queue()
                         ^^^^^^^^^^^^^^
  File "/usr/lib/python3.12/multiprocessing/context.py", line 103, in Queue
    return Queue(maxsize, ctx=self.get_context())
           ^^^^^^^^^^^^^^^^^^^^^^^^^^^^^^^^^^^^^^
  File "/usr/lib/python3.12/multiprocessing/queues.py", line 42, in __init__
    self._reader, self._writer = connection.Pipe(duplex=False)
                                 ^^^^^^^^^^^^^^^^^^^^^^^^^^^^^
  File "/usr/lib/python3.12/multiprocessing/connection.py", line 544, in Pipe
    fd1, fd2 = os.pipe()
               ^^^^^^^^^
OSError: [Errno 24] Too many open files
2026-04-08 22:01:19,890 - distributed.nanny - ERROR - Failed to start process
Traceback (most recent call last):
  File "/home/Shared/UniBe-swiss-ndvi/GitHub/swiss-ndvi-processing/.venv/lib/python3.12/site-packages/distributed/nanny.py", line 452, in instantiate
    result = await self.process.start()
             ^^^^^^^^^^^^^^^^^^^^^^^^^^
  File "/home/Shared/UniBe-swiss-ndvi/GitHub/swiss-ndvi-processing/.venv/lib/python3.12/site-packages/distributed/nanny.py", line 713, in start
    self.init_result_q = mp_ctx.Queue()
                         ^^^^^^^^^^^^^^
  File "/usr/lib/python3.12/multiprocessing/context.py", line 103, in Queue
    return Queue(maxsize, ctx=self.get_context())
           ^^^^^^^^^^^^^^^^^^^^^^^^^^^^^^^^^^^^^^
  File "/usr/lib/python3.12/multiprocessing/queues.py", line 43, in __init__
    self._rlock = ctx.Lock()
                  ^^^^^^^^^^
  File "/usr/lib/python3.12/multiprocessing/context.py", line 68, in Lock
    return Lock(ctx=self.get_context())
           ^^^^^^^^^^^^^^^^^^^^^^^^^^^^
  File "/usr/lib/python3.12/multiprocessing/synchronize.py", line 169, in __init__
  File "/usr/lib/python3.12/multiprocessing/synchronize.py", line 57, in __init__
OSError: [Errno 24] Too many open files
2026-04-08 22:01:19,892 - distributed.nanny - ERROR - Failed to start process
Traceback (most recent call last):
  File "/home/Shared/UniBe-swiss-ndvi/GitHub/swiss-ndvi-processing/.venv/lib/python3.12/site-packages/distributed/nanny.py", line 452, in instantiate
    result = await self.process.start()
             ^^^^^^^^^^^^^^^^^^^^^^^^^^
  File "/home/Shared/UniBe-swiss-ndvi/GitHub/swiss-ndvi-processing/.venv/lib/python3.12/site-packages/distributed/nanny.py", line 713, in start
    self.init_result_q = mp_ctx.Queue()
                         ^^^^^^^^^^^^^^
  File "/usr/lib/python3.12/multiprocessing/context.py", line 103, in Queue
    return Queue(maxsize, ctx=self.get_context())
           ^^^^^^^^^^^^^^^^^^^^^^^^^^^^^^^^^^^^^^
  File "/usr/lib/python3.12/multiprocessing/queues.py", line 42, in __init__
    self._reader, self._writer = connection.Pipe(duplex=False)
                                 ^^^^^^^^^^^^^^^^^^^^^^^^^^^^^
  File "/usr/lib/python3.12/multiprocessing/connection.py", line 544, in Pipe
    fd1, fd2 = os.pipe()
               ^^^^^^^^^
OSError: [Errno 24] Too many open files
2026-04-08 22:01:19,893 - distributed.nanny - ERROR - Failed to start process
Traceback (most recent call last):
  File "/home/Shared/UniBe-swiss-ndvi/GitHub/swiss-ndvi-processing/.venv/lib/python3.12/site-packages/distributed/nanny.py", line 452, in instantiate
    result = await self.process.start()
             ^^^^^^^^^^^^^^^^^^^^^^^^^^
  File "/home/Shared/UniBe-swiss-ndvi/GitHub/swiss-ndvi-processing/.venv/lib/python3.12/site-packages/distributed/nanny.py", line 713, in start
    self.init_result_q = mp_ctx.Queue()
                         ^^^^^^^^^^^^^^
  File "/usr/lib/python3.12/multiprocessing/context.py", line 103, in Queue
    return Queue(maxsize, ctx=self.get_context())
           ^^^^^^^^^^^^^^^^^^^^^^^^^^^^^^^^^^^^^^
  File "/usr/lib/python3.12/multiprocessing/queues.py", line 43, in __init__
    self._rlock = ctx.Lock()
                  ^^^^^^^^^^
  File "/usr/lib/python3.12/multiprocessing/context.py", line 68, in Lock
    return Lock(ctx=self.get_context())
           ^^^^^^^^^^^^^^^^^^^^^^^^^^^^
  File "/usr/lib/python3.12/multiprocessing/synchronize.py", line 169, in __init__
  File "/usr/lib/python3.12/multiprocessing/synchronize.py", line 57, in __init__
OSError: [Errno 24] Too many open files
2026-04-08 22:01:19,894 - distributed.nanny - ERROR - Failed to start process
Traceback (most recent call last):
  File "/home/Shared/UniBe-swiss-ndvi/GitHub/swiss-ndvi-processing/.venv/lib/python3.12/site-packages/distributed/nanny.py", line 452, in instantiate
    result = await self.process.start()
             ^^^^^^^^^^^^^^^^^^^^^^^^^^
  File "/home/Shared/UniBe-swiss-ndvi/GitHub/swiss-ndvi-processing/.venv/lib/python3.12/site-packages/distributed/nanny.py", line 713, in start
    self.init_result_q = mp_ctx.Queue()
                         ^^^^^^^^^^^^^^
  File "/usr/lib/python3.12/multiprocessing/context.py", line 103, in Queue
    return Queue(maxsize, ctx=self.get_context())
           ^^^^^^^^^^^^^^^^^^^^^^^^^^^^^^^^^^^^^^
  File "/usr/lib/python3.12/multiprocessing/queues.py", line 42, in __init__
    self._reader, self._writer = connection.Pipe(duplex=False)
                                 ^^^^^^^^^^^^^^^^^^^^^^^^^^^^^
  File "/usr/lib/python3.12/multiprocessing/connection.py", line 544, in Pipe
    fd1, fd2 = os.pipe()
               ^^^^^^^^^
OSError: [Errno 24] Too many open files
2026-04-08 22:01:19,895 - distributed.nanny - ERROR - Failed to start process
Traceback (most recent call last):
  File "/home/Shared/UniBe-swiss-ndvi/GitHub/swiss-ndvi-processing/.venv/lib/python3.12/site-packages/distributed/nanny.py", line 452, in instantiate
    result = await self.process.start()
             ^^^^^^^^^^^^^^^^^^^^^^^^^^
  File "/home/Shared/UniBe-swiss-ndvi/GitHub/swiss-ndvi-processing/.venv/lib/python3.12/site-packages/distributed/nanny.py", line 713, in start
    self.init_result_q = mp_ctx.Queue()
                         ^^^^^^^^^^^^^^
  File "/usr/lib/python3.12/multiprocessing/context.py", line 103, in Queue
    return Queue(maxsize, ctx=self.get_context())
           ^^^^^^^^^^^^^^^^^^^^^^^^^^^^^^^^^^^^^^
  File "/usr/lib/python3.12/multiprocessing/queues.py", line 43, in __init__
    self._rlock = ctx.Lock()
                  ^^^^^^^^^^
  File "/usr/lib/python3.12/multiprocessing/context.py", line 68, in Lock
    return Lock(ctx=self.get_context())
           ^^^^^^^^^^^^^^^^^^^^^^^^^^^^
  File "/usr/lib/python3.12/multiprocessing/synchronize.py", line 169, in __init__
  File "/usr/lib/python3.12/multiprocessing/synchronize.py", line 57, in __init__
OSError: [Errno 24] Too many open files
2026-04-08 22:01:19,896 - distributed.nanny - ERROR - Failed to start process
Traceback (most recent call last):
  File "/home/Shared/UniBe-swiss-ndvi/GitHub/swiss-ndvi-processing/.venv/lib/python3.12/site-packages/distributed/nanny.py", line 452, in instantiate
    result = await self.process.start()
             ^^^^^^^^^^^^^^^^^^^^^^^^^^
  File "/home/Shared/UniBe-swiss-ndvi/GitHub/swiss-ndvi-processing/.venv/lib/python3.12/site-packages/distributed/nanny.py", line 713, in start
    self.init_result_q = mp_ctx.Queue()
                         ^^^^^^^^^^^^^^
  File "/usr/lib/python3.12/multiprocessing/context.py", line 103, in Queue
    return Queue(maxsize, ctx=self.get_context())
           ^^^^^^^^^^^^^^^^^^^^^^^^^^^^^^^^^^^^^^
  File "/usr/lib/python3.12/multiprocessing/queues.py", line 42, in __init__
    self._reader, self._writer = connection.Pipe(duplex=False)
                                 ^^^^^^^^^^^^^^^^^^^^^^^^^^^^^
  File "/usr/lib/python3.12/multiprocessing/connection.py", line 544, in Pipe
    fd1, fd2 = os.pipe()
               ^^^^^^^^^
OSError: [Errno 24] Too many open files
2026-04-08 22:01:19,897 - distributed.nanny - ERROR - Failed to start process
Traceback (most recent call last):
  File "/home/Shared/UniBe-swiss-ndvi/GitHub/swiss-ndvi-processing/.venv/lib/python3.12/site-packages/distributed/nanny.py", line 452, in instantiate
    result = await self.process.start()
             ^^^^^^^^^^^^^^^^^^^^^^^^^^
  File "/home/Shared/UniBe-swiss-ndvi/GitHub/swiss-ndvi-processing/.venv/lib/python3.12/site-packages/distributed/nanny.py", line 713, in start
    self.init_result_q = mp_ctx.Queue()
                         ^^^^^^^^^^^^^^
  File "/usr/lib/python3.12/multiprocessing/context.py", line 103, in Queue
    return Queue(maxsize, ctx=self.get_context())
           ^^^^^^^^^^^^^^^^^^^^^^^^^^^^^^^^^^^^^^
  File "/usr/lib/python3.12/multiprocessing/queues.py", line 43, in __init__
    self._rlock = ctx.Lock()
                  ^^^^^^^^^^
  File "/usr/lib/python3.12/multiprocessing/context.py", line 68, in Lock
    return Lock(ctx=self.get_context())
           ^^^^^^^^^^^^^^^^^^^^^^^^^^^^
  File "/usr/lib/python3.12/multiprocessing/synchronize.py", line 169, in __init__
  File "/usr/lib/python3.12/multiprocessing/synchronize.py", line 57, in __init__
OSError: [Errno 24] Too many open files
2026-04-08 22:01:19,898 - distributed.nanny - ERROR - Failed to start process
Traceback (most recent call last):
  File "/home/Shared/UniBe-swiss-ndvi/GitHub/swiss-ndvi-processing/.venv/lib/python3.12/site-packages/distributed/nanny.py", line 452, in instantiate
    result = await self.process.start()
             ^^^^^^^^^^^^^^^^^^^^^^^^^^
  File "/home/Shared/UniBe-swiss-ndvi/GitHub/swiss-ndvi-processing/.venv/lib/python3.12/site-packages/distributed/nanny.py", line 713, in start
    self.init_result_q = mp_ctx.Queue()
                         ^^^^^^^^^^^^^^
  File "/usr/lib/python3.12/multiprocessing/context.py", line 103, in Queue
    return Queue(maxsize, ctx=self.get_context())
           ^^^^^^^^^^^^^^^^^^^^^^^^^^^^^^^^^^^^^^
  File "/usr/lib/python3.12/multiprocessing/queues.py", line 42, in __init__
    self._reader, self._writer = connection.Pipe(duplex=False)
                                 ^^^^^^^^^^^^^^^^^^^^^^^^^^^^^
  File "/usr/lib/python3.12/multiprocessing/connection.py", line 544, in Pipe
    fd1, fd2 = os.pipe()
               ^^^^^^^^^
OSError: [Errno 24] Too many open files
2026-04-08 22:01:19,899 - distributed.nanny - ERROR - Failed to start process
Traceback (most recent call last):
  File "/home/Shared/UniBe-swiss-ndvi/GitHub/swiss-ndvi-processing/.venv/lib/python3.12/site-packages/distributed/nanny.py", line 452, in instantiate
    result = await self.process.start()
             ^^^^^^^^^^^^^^^^^^^^^^^^^^
  File "/home/Shared/UniBe-swiss-ndvi/GitHub/swiss-ndvi-processing/.venv/lib/python3.12/site-packages/distributed/nanny.py", line 713, in start
    self.init_result_q = mp_ctx.Queue()
                         ^^^^^^^^^^^^^^
  File "/usr/lib/python3.12/multiprocessing/context.py", line 103, in Queue
    return Queue(maxsize, ctx=self.get_context())
           ^^^^^^^^^^^^^^^^^^^^^^^^^^^^^^^^^^^^^^
  File "/usr/lib/python3.12/multiprocessing/queues.py", line 43, in __init__
    self._rlock = ctx.Lock()
                  ^^^^^^^^^^
  File "/usr/lib/python3.12/multiprocessing/context.py", line 68, in Lock
    return Lock(ctx=self.get_context())
           ^^^^^^^^^^^^^^^^^^^^^^^^^^^^
  File "/usr/lib/python3.12/multiprocessing/synchronize.py", line 169, in __init__
  File "/usr/lib/python3.12/multiprocessing/synchronize.py", line 57, in __init__
OSError: [Errno 24] Too many open files
2026-04-08 22:01:19,900 - distributed.nanny - ERROR - Failed to start process
Traceback (most recent call last):
  File "/home/Shared/UniBe-swiss-ndvi/GitHub/swiss-ndvi-processing/.venv/lib/python3.12/site-packages/distributed/nanny.py", line 452, in instantiate
    result = await self.process.start()
             ^^^^^^^^^^^^^^^^^^^^^^^^^^
  File "/home/Shared/UniBe-swiss-ndvi/GitHub/swiss-ndvi-processing/.venv/lib/python3.12/site-packages/distributed/nanny.py", line 713, in start
    self.init_result_q = mp_ctx.Queue()
                         ^^^^^^^^^^^^^^
  File "/usr/lib/python3.12/multiprocessing/context.py", line 103, in Queue
    return Queue(maxsize, ctx=self.get_context())
           ^^^^^^^^^^^^^^^^^^^^^^^^^^^^^^^^^^^^^^
  File "/usr/lib/python3.12/multiprocessing/queues.py", line 42, in __init__
    self._reader, self._writer = connection.Pipe(duplex=False)
                                 ^^^^^^^^^^^^^^^^^^^^^^^^^^^^^
  File "/usr/lib/python3.12/multiprocessing/connection.py", line 544, in Pipe
    fd1, fd2 = os.pipe()
               ^^^^^^^^^
OSError: [Errno 24] Too many open files
2026-04-08 22:01:19,901 - distributed.nanny - ERROR - Failed to start process
Traceback (most recent call last):
  File "/home/Shared/UniBe-swiss-ndvi/GitHub/swiss-ndvi-processing/.venv/lib/python3.12/site-packages/distributed/nanny.py", line 452, in instantiate
    result = await self.process.start()
             ^^^^^^^^^^^^^^^^^^^^^^^^^^
  File "/home/Shared/UniBe-swiss-ndvi/GitHub/swiss-ndvi-processing/.venv/lib/python3.12/site-packages/distributed/nanny.py", line 713, in start
    self.init_result_q = mp_ctx.Queue()
                         ^^^^^^^^^^^^^^
  File "/usr/lib/python3.12/multiprocessing/context.py", line 103, in Queue
    return Queue(maxsize, ctx=self.get_context())
           ^^^^^^^^^^^^^^^^^^^^^^^^^^^^^^^^^^^^^^
  File "/usr/lib/python3.12/multiprocessing/queues.py", line 43, in __init__
    self._rlock = ctx.Lock()
                  ^^^^^^^^^^
  File "/usr/lib/python3.12/multiprocessing/context.py", line 68, in Lock
    return Lock(ctx=self.get_context())
           ^^^^^^^^^^^^^^^^^^^^^^^^^^^^
  File "/usr/lib/python3.12/multiprocessing/synchronize.py", line 169, in __init__
  File "/usr/lib/python3.12/multiprocessing/synchronize.py", line 57, in __init__
OSError: [Errno 24] Too many open files
2026-04-08 22:01:19,902 - distributed.nanny - ERROR - Failed to start process
Traceback (most recent call last):
  File "/home/Shared/UniBe-swiss-ndvi/GitHub/swiss-ndvi-processing/.venv/lib/python3.12/site-packages/distributed/nanny.py", line 452, in instantiate
    result = await self.process.start()
             ^^^^^^^^^^^^^^^^^^^^^^^^^^
  File "/home/Shared/UniBe-swiss-ndvi/GitHub/swiss-ndvi-processing/.venv/lib/python3.12/site-packages/distributed/nanny.py", line 713, in start
    self.init_result_q = mp_ctx.Queue()
                         ^^^^^^^^^^^^^^
  File "/usr/lib/python3.12/multiprocessing/context.py", line 103, in Queue
    return Queue(maxsize, ctx=self.get_context())
           ^^^^^^^^^^^^^^^^^^^^^^^^^^^^^^^^^^^^^^
  File "/usr/lib/python3.12/multiprocessing/queues.py", line 42, in __init__
    self._reader, self._writer = connection.Pipe(duplex=False)
                                 ^^^^^^^^^^^^^^^^^^^^^^^^^^^^^
  File "/usr/lib/python3.12/multiprocessing/connection.py", line 544, in Pipe
    fd1, fd2 = os.pipe()
               ^^^^^^^^^
OSError: [Errno 24] Too many open files
2026-04-08 22:01:19,904 - distributed.nanny - ERROR - Failed to start process
Traceback (most recent call last):
  File "/home/Shared/UniBe-swiss-ndvi/GitHub/swiss-ndvi-processing/.venv/lib/python3.12/site-packages/distributed/nanny.py", line 452, in instantiate
    result = await self.process.start()
             ^^^^^^^^^^^^^^^^^^^^^^^^^^
  File "/home/Shared/UniBe-swiss-ndvi/GitHub/swiss-ndvi-processing/.venv/lib/python3.12/site-packages/distributed/nanny.py", line 713, in start
    self.init_result_q = mp_ctx.Queue()
                         ^^^^^^^^^^^^^^
  File "/usr/lib/python3.12/multiprocessing/context.py", line 103, in Queue
    return Queue(maxsize, ctx=self.get_context())
           ^^^^^^^^^^^^^^^^^^^^^^^^^^^^^^^^^^^^^^
  File "/usr/lib/python3.12/multiprocessing/queues.py", line 43, in __init__
    self._rlock = ctx.Lock()
                  ^^^^^^^^^^
  File "/usr/lib/python3.12/multiprocessing/context.py", line 68, in Lock
    return Lock(ctx=self.get_context())
           ^^^^^^^^^^^^^^^^^^^^^^^^^^^^
  File "/usr/lib/python3.12/multiprocessing/synchronize.py", line 169, in __init__
  File "/usr/lib/python3.12/multiprocessing/synchronize.py", line 57, in __init__
OSError: [Errno 24] Too many open files
2026-04-08 22:01:19,905 - distributed.nanny - ERROR - Failed to start process
Traceback (most recent call last):
  File "/home/Shared/UniBe-swiss-ndvi/GitHub/swiss-ndvi-processing/.venv/lib/python3.12/site-packages/distributed/nanny.py", line 452, in instantiate
    result = await self.process.start()
             ^^^^^^^^^^^^^^^^^^^^^^^^^^
  File "/home/Shared/UniBe-swiss-ndvi/GitHub/swiss-ndvi-processing/.venv/lib/python3.12/site-packages/distributed/nanny.py", line 713, in start
    self.init_result_q = mp_ctx.Queue()
                         ^^^^^^^^^^^^^^
  File "/usr/lib/python3.12/multiprocessing/context.py", line 103, in Queue
    return Queue(maxsize, ctx=self.get_context())
           ^^^^^^^^^^^^^^^^^^^^^^^^^^^^^^^^^^^^^^
  File "/usr/lib/python3.12/multiprocessing/queues.py", line 42, in __init__
    self._reader, self._writer = connection.Pipe(duplex=False)
                                 ^^^^^^^^^^^^^^^^^^^^^^^^^^^^^
  File "/usr/lib/python3.12/multiprocessing/connection.py", line 544, in Pipe
    fd1, fd2 = os.pipe()
               ^^^^^^^^^
OSError: [Errno 24] Too many open files
2026-04-08 22:01:19,906 - distributed.nanny - ERROR - Failed to start process
Traceback (most recent call last):
  File "/home/Shared/UniBe-swiss-ndvi/GitHub/swiss-ndvi-processing/.venv/lib/python3.12/site-packages/distributed/nanny.py", line 452, in instantiate
    result = await self.process.start()
             ^^^^^^^^^^^^^^^^^^^^^^^^^^
  File "/home/Shared/UniBe-swiss-ndvi/GitHub/swiss-ndvi-processing/.venv/lib/python3.12/site-packages/distributed/nanny.py", line 713, in start
    self.init_result_q = mp_ctx.Queue()
                         ^^^^^^^^^^^^^^
  File "/usr/lib/python3.12/multiprocessing/context.py", line 103, in Queue
    return Queue(maxsize, ctx=self.get_context())
           ^^^^^^^^^^^^^^^^^^^^^^^^^^^^^^^^^^^^^^
  File "/usr/lib/python3.12/multiprocessing/queues.py", line 43, in __init__
    self._rlock = ctx.Lock()
                  ^^^^^^^^^^
  File "/usr/lib/python3.12/multiprocessing/context.py", line 68, in Lock
    return Lock(ctx=self.get_context())
           ^^^^^^^^^^^^^^^^^^^^^^^^^^^^
  File "/usr/lib/python3.12/multiprocessing/synchronize.py", line 169, in __init__
  File "/usr/lib/python3.12/multiprocessing/synchronize.py", line 57, in __init__
OSError: [Errno 24] Too many open files
2026-04-08 22:01:19,907 - distributed.nanny - ERROR - Failed to start process
Traceback (most recent call last):
  File "/home/Shared/UniBe-swiss-ndvi/GitHub/swiss-ndvi-processing/.venv/lib/python3.12/site-packages/distributed/nanny.py", line 452, in instantiate
    result = await self.process.start()
             ^^^^^^^^^^^^^^^^^^^^^^^^^^
  File "/home/Shared/UniBe-swiss-ndvi/GitHub/swiss-ndvi-processing/.venv/lib/python3.12/site-packages/distributed/nanny.py", line 713, in start
    self.init_result_q = mp_ctx.Queue()
                         ^^^^^^^^^^^^^^
  File "/usr/lib/python3.12/multiprocessing/context.py", line 103, in Queue
    return Queue(maxsize, ctx=self.get_context())
           ^^^^^^^^^^^^^^^^^^^^^^^^^^^^^^^^^^^^^^
  File "/usr/lib/python3.12/multiprocessing/queues.py", line 42, in __init__
    self._reader, self._writer = connection.Pipe(duplex=False)
                                 ^^^^^^^^^^^^^^^^^^^^^^^^^^^^^
  File "/usr/lib/python3.12/multiprocessing/connection.py", line 544, in Pipe
    fd1, fd2 = os.pipe()
               ^^^^^^^^^
OSError: [Errno 24] Too many open files
2026-04-08 22:01:19,908 - distributed.nanny - ERROR - Failed to start process
Traceback (most recent call last):
  File "/home/Shared/UniBe-swiss-ndvi/GitHub/swiss-ndvi-processing/.venv/lib/python3.12/site-packages/distributed/nanny.py", line 452, in instantiate
    result = await self.process.start()
             ^^^^^^^^^^^^^^^^^^^^^^^^^^
  File "/home/Shared/UniBe-swiss-ndvi/GitHub/swiss-ndvi-processing/.venv/lib/python3.12/site-packages/distributed/nanny.py", line 713, in start
    self.init_result_q = mp_ctx.Queue()
                         ^^^^^^^^^^^^^^
  File "/usr/lib/python3.12/multiprocessing/context.py", line 103, in Queue
    return Queue(maxsize, ctx=self.get_context())
           ^^^^^^^^^^^^^^^^^^^^^^^^^^^^^^^^^^^^^^
  File "/usr/lib/python3.12/multiprocessing/queues.py", line 43, in __init__
    self._rlock = ctx.Lock()
                  ^^^^^^^^^^
  File "/usr/lib/python3.12/multiprocessing/context.py", line 68, in Lock
    return Lock(ctx=self.get_context())
           ^^^^^^^^^^^^^^^^^^^^^^^^^^^^
  File "/usr/lib/python3.12/multiprocessing/synchronize.py", line 169, in __init__
  File "/usr/lib/python3.12/multiprocessing/synchronize.py", line 57, in __init__
OSError: [Errno 24] Too many open files
2026-04-08 22:01:19,915 - distributed.nanny - ERROR - Nanny failed to start process
Traceback (most recent call last):
  File "/home/Shared/UniBe-swiss-ndvi/GitHub/swiss-ndvi-processing/.venv/lib/python3.12/site-packages/distributed/nanny.py", line 750, in start
    await self.process.start()
  File "/home/Shared/UniBe-swiss-ndvi/GitHub/swiss-ndvi-processing/.venv/lib/python3.12/site-packages/distributed/process.py", line 55, in _call_and_set_future
    res = func(*args, **kwargs)
          ^^^^^^^^^^^^^^^^^^^^^
  File "/home/Shared/UniBe-swiss-ndvi/GitHub/swiss-ndvi-processing/.venv/lib/python3.12/site-packages/distributed/process.py", line 215, in _start
    process.start()
  File "/usr/lib/python3.12/multiprocessing/process.py", line 121, in start
    self._popen = self._Popen(self)
                  ^^^^^^^^^^^^^^^^^
  File "/usr/lib/python3.12/multiprocessing/context.py", line 289, in _Popen
    return Popen(process_obj)
           ^^^^^^^^^^^^^^^^^^
  File "/usr/lib/python3.12/multiprocessing/popen_spawn_posix.py", line 32, in __init__
    super().__init__(process_obj)
  File "/usr/lib/python3.12/multiprocessing/popen_fork.py", line 19, in __init__
    self._launch(process_obj)
  File "/usr/lib/python3.12/multiprocessing/popen_spawn_posix.py", line 58, in _launch
    self.pid = util.spawnv_passfds(spawn.get_executable(),
               ^^^^^^^^^^^^^^^^^^^^^^^^^^^^^^^^^^^^^^^^^^^
  File "/usr/lib/python3.12/multiprocessing/util.py", line 454, in spawnv_passfds
    errpipe_read, errpipe_write = os.pipe()
                                  ^^^^^^^^^
OSError: [Errno 24] Too many open files
2026-04-08 22:01:19,916 - distributed.nanny - ERROR - Nanny failed to start process
Traceback (most recent call last):
  File "/home/Shared/UniBe-swiss-ndvi/GitHub/swiss-ndvi-processing/.venv/lib/python3.12/site-packages/distributed/nanny.py", line 750, in start
    await self.process.start()
  File "/home/Shared/UniBe-swiss-ndvi/GitHub/swiss-ndvi-processing/.venv/lib/python3.12/site-packages/distributed/process.py", line 55, in _call_and_set_future
    res = func(*args, **kwargs)
          ^^^^^^^^^^^^^^^^^^^^^
  File "/home/Shared/UniBe-swiss-ndvi/GitHub/swiss-ndvi-processing/.venv/lib/python3.12/site-packages/distributed/process.py", line 215, in _start
    process.start()
  File "/usr/lib/python3.12/multiprocessing/process.py", line 121, in start
    self._popen = self._Popen(self)
                  ^^^^^^^^^^^^^^^^^
  File "/usr/lib/python3.12/multiprocessing/context.py", line 289, in _Popen
    return Popen(process_obj)
           ^^^^^^^^^^^^^^^^^^
  File "/usr/lib/python3.12/multiprocessing/popen_spawn_posix.py", line 32, in __init__
    super().__init__(process_obj)
  File "/usr/lib/python3.12/multiprocessing/popen_fork.py", line 19, in __init__
    self._launch(process_obj)
  File "/usr/lib/python3.12/multiprocessing/popen_spawn_posix.py", line 58, in _launch
    self.pid = util.spawnv_passfds(spawn.get_executable(),
               ^^^^^^^^^^^^^^^^^^^^^^^^^^^^^^^^^^^^^^^^^^^
  File "/usr/lib/python3.12/multiprocessing/util.py", line 454, in spawnv_passfds
    errpipe_read, errpipe_write = os.pipe()
                                  ^^^^^^^^^
OSError: [Errno 24] Too many open files
2026-04-08 22:01:19,917 - distributed.nanny - ERROR - Nanny failed to start process
Traceback (most recent call last):
  File "/home/Shared/UniBe-swiss-ndvi/GitHub/swiss-ndvi-processing/.venv/lib/python3.12/site-packages/distributed/nanny.py", line 750, in start
    await self.process.start()
  File "/home/Shared/UniBe-swiss-ndvi/GitHub/swiss-ndvi-processing/.venv/lib/python3.12/site-packages/distributed/process.py", line 55, in _call_and_set_future
    res = func(*args, **kwargs)
          ^^^^^^^^^^^^^^^^^^^^^
  File "/home/Shared/UniBe-swiss-ndvi/GitHub/swiss-ndvi-processing/.venv/lib/python3.12/site-packages/distributed/process.py", line 215, in _start
    process.start()
  File "/usr/lib/python3.12/multiprocessing/process.py", line 121, in start
    self._popen = self._Popen(self)
                  ^^^^^^^^^^^^^^^^^
  File "/usr/lib/python3.12/multiprocessing/context.py", line 289, in _Popen
    return Popen(process_obj)
           ^^^^^^^^^^^^^^^^^^
  File "/usr/lib/python3.12/multiprocessing/popen_spawn_posix.py", line 32, in __init__
    super().__init__(process_obj)
  File "/usr/lib/python3.12/multiprocessing/popen_fork.py", line 19, in __init__
    self._launch(process_obj)
  File "/usr/lib/python3.12/multiprocessing/popen_spawn_posix.py", line 53, in _launch
    parent_r, child_w = os.pipe()
                        ^^^^^^^^^
OSError: [Errno 24] Too many open files
2026-04-08 22:01:19,918 - distributed.nanny - ERROR - Nanny failed to start process
Traceback (most recent call last):
  File "/home/Shared/UniBe-swiss-ndvi/GitHub/swiss-ndvi-processing/.venv/lib/python3.12/site-packages/distributed/nanny.py", line 750, in start
    await self.process.start()
  File "/home/Shared/UniBe-swiss-ndvi/GitHub/swiss-ndvi-processing/.venv/lib/python3.12/site-packages/distributed/process.py", line 55, in _call_and_set_future
    res = func(*args, **kwargs)
          ^^^^^^^^^^^^^^^^^^^^^
  File "/home/Shared/UniBe-swiss-ndvi/GitHub/swiss-ndvi-processing/.venv/lib/python3.12/site-packages/distributed/process.py", line 215, in _start
    process.start()
  File "/usr/lib/python3.12/multiprocessing/process.py", line 121, in start
    self._popen = self._Popen(self)
                  ^^^^^^^^^^^^^^^^^
  File "/usr/lib/python3.12/multiprocessing/context.py", line 289, in _Popen
    return Popen(process_obj)
           ^^^^^^^^^^^^^^^^^^
  File "/usr/lib/python3.12/multiprocessing/popen_spawn_posix.py", line 32, in __init__
    super().__init__(process_obj)
  File "/usr/lib/python3.12/multiprocessing/popen_fork.py", line 19, in __init__
    self._launch(process_obj)
  File "/usr/lib/python3.12/multiprocessing/popen_spawn_posix.py", line 53, in _launch
    parent_r, child_w = os.pipe()
                        ^^^^^^^^^
OSError: [Errno 24] Too many open files
2026-04-08 22:01:19,919 - distributed.nanny - ERROR - Nanny failed to start process
Traceback (most recent call last):
  File "/home/Shared/UniBe-swiss-ndvi/GitHub/swiss-ndvi-processing/.venv/lib/python3.12/site-packages/distributed/nanny.py", line 750, in start
    await self.process.start()
  File "/home/Shared/UniBe-swiss-ndvi/GitHub/swiss-ndvi-processing/.venv/lib/python3.12/site-packages/distributed/process.py", line 55, in _call_and_set_future
    res = func(*args, **kwargs)
          ^^^^^^^^^^^^^^^^^^^^^
  File "/home/Shared/UniBe-swiss-ndvi/GitHub/swiss-ndvi-processing/.venv/lib/python3.12/site-packages/distributed/process.py", line 215, in _start
    process.start()
  File "/usr/lib/python3.12/multiprocessing/process.py", line 121, in start
    self._popen = self._Popen(self)
                  ^^^^^^^^^^^^^^^^^
  File "/usr/lib/python3.12/multiprocessing/context.py", line 289, in _Popen
    return Popen(process_obj)
           ^^^^^^^^^^^^^^^^^^
  File "/usr/lib/python3.12/multiprocessing/popen_spawn_posix.py", line 32, in __init__
    super().__init__(process_obj)
  File "/usr/lib/python3.12/multiprocessing/popen_fork.py", line 19, in __init__
    self._launch(process_obj)
  File "/usr/lib/python3.12/multiprocessing/popen_spawn_posix.py", line 53, in _launch
    parent_r, child_w = os.pipe()
                        ^^^^^^^^^
OSError: [Errno 24] Too many open files
2026-04-08 22:01:19,928 - distributed.nanny - ERROR - Failed to start process
Traceback (most recent call last):
  File "/home/Shared/UniBe-swiss-ndvi/GitHub/swiss-ndvi-processing/.venv/lib/python3.12/site-packages/distributed/nanny.py", line 750, in start
    await self.process.start()
  File "/home/Shared/UniBe-swiss-ndvi/GitHub/swiss-ndvi-processing/.venv/lib/python3.12/site-packages/distributed/process.py", line 55, in _call_and_set_future
    res = func(*args, **kwargs)
          ^^^^^^^^^^^^^^^^^^^^^
  File "/home/Shared/UniBe-swiss-ndvi/GitHub/swiss-ndvi-processing/.venv/lib/python3.12/site-packages/distributed/process.py", line 215, in _start
    process.start()
  File "/usr/lib/python3.12/multiprocessing/process.py", line 121, in start
    self._popen = self._Popen(self)
                  ^^^^^^^^^^^^^^^^^
  File "/usr/lib/python3.12/multiprocessing/context.py", line 289, in _Popen
    return Popen(process_obj)
           ^^^^^^^^^^^^^^^^^^
  File "/usr/lib/python3.12/multiprocessing/popen_spawn_posix.py", line 32, in __init__
    super().__init__(process_obj)
  File "/usr/lib/python3.12/multiprocessing/popen_fork.py", line 19, in __init__
    self._launch(process_obj)
  File "/usr/lib/python3.12/multiprocessing/popen_spawn_posix.py", line 58, in _launch
    self.pid = util.spawnv_passfds(spawn.get_executable(),
               ^^^^^^^^^^^^^^^^^^^^^^^^^^^^^^^^^^^^^^^^^^^
  File "/usr/lib/python3.12/multiprocessing/util.py", line 454, in spawnv_passfds
    errpipe_read, errpipe_write = os.pipe()
                                  ^^^^^^^^^
OSError: [Errno 24] Too many open files

During handling of the above exception, another exception occurred:

Traceback (most recent call last):
  File "/home/Shared/UniBe-swiss-ndvi/GitHub/swiss-ndvi-processing/.venv/lib/python3.12/site-packages/distributed/nanny.py", line 452, in instantiate
    result = await self.process.start()
             ^^^^^^^^^^^^^^^^^^^^^^^^^^
  File "/home/Shared/UniBe-swiss-ndvi/GitHub/swiss-ndvi-processing/.venv/lib/python3.12/site-packages/distributed/nanny.py", line 756, in start
    await self.process.terminate()
  File "/home/Shared/UniBe-swiss-ndvi/GitHub/swiss-ndvi-processing/.venv/lib/python3.12/site-packages/distributed/process.py", line 55, in _call_and_set_future
    res = func(*args, **kwargs)
          ^^^^^^^^^^^^^^^^^^^^^
  File "/usr/lib/python3.12/multiprocessing/process.py", line 133, in terminate
    self._popen.terminate()
    ^^^^^^^^^^^^^^^^^^^^^
AttributeError: 'NoneType' object has no attribute 'terminate'
2026-04-08 22:01:19,931 - distributed.nanny - ERROR - Failed to start process
Traceback (most recent call last):
  File "/home/Shared/UniBe-swiss-ndvi/GitHub/swiss-ndvi-processing/.venv/lib/python3.12/site-packages/distributed/nanny.py", line 750, in start
    await self.process.start()
  File "/home/Shared/UniBe-swiss-ndvi/GitHub/swiss-ndvi-processing/.venv/lib/python3.12/site-packages/distributed/process.py", line 55, in _call_and_set_future
    res = func(*args, **kwargs)
          ^^^^^^^^^^^^^^^^^^^^^
  File "/home/Shared/UniBe-swiss-ndvi/GitHub/swiss-ndvi-processing/.venv/lib/python3.12/site-packages/distributed/process.py", line 215, in _start
    process.start()
  File "/usr/lib/python3.12/multiprocessing/process.py", line 121, in start
    self._popen = self._Popen(self)
                  ^^^^^^^^^^^^^^^^^
  File "/usr/lib/python3.12/multiprocessing/context.py", line 289, in _Popen
    return Popen(process_obj)
           ^^^^^^^^^^^^^^^^^^
  File "/usr/lib/python3.12/multiprocessing/popen_spawn_posix.py", line 32, in __init__
    super().__init__(process_obj)
  File "/usr/lib/python3.12/multiprocessing/popen_fork.py", line 19, in __init__
    self._launch(process_obj)
  File "/usr/lib/python3.12/multiprocessing/popen_spawn_posix.py", line 58, in _launch
    self.pid = util.spawnv_passfds(spawn.get_executable(),
               ^^^^^^^^^^^^^^^^^^^^^^^^^^^^^^^^^^^^^^^^^^^
  File "/usr/lib/python3.12/multiprocessing/util.py", line 454, in spawnv_passfds
    errpipe_read, errpipe_write = os.pipe()
                                  ^^^^^^^^^
OSError: [Errno 24] Too many open files

During handling of the above exception, another exception occurred:

Traceback (most recent call last):
  File "/home/Shared/UniBe-swiss-ndvi/GitHub/swiss-ndvi-processing/.venv/lib/python3.12/site-packages/distributed/nanny.py", line 452, in instantiate
    result = await self.process.start()
             ^^^^^^^^^^^^^^^^^^^^^^^^^^
  File "/home/Shared/UniBe-swiss-ndvi/GitHub/swiss-ndvi-processing/.venv/lib/python3.12/site-packages/distributed/nanny.py", line 756, in start
    await self.process.terminate()
  File "/home/Shared/UniBe-swiss-ndvi/GitHub/swiss-ndvi-processing/.venv/lib/python3.12/site-packages/distributed/process.py", line 55, in _call_and_set_future
    res = func(*args, **kwargs)
          ^^^^^^^^^^^^^^^^^^^^^
  File "/usr/lib/python3.12/multiprocessing/process.py", line 133, in terminate
    self._popen.terminate()
    ^^^^^^^^^^^^^^^^^^^^^
AttributeError: 'NoneType' object has no attribute 'terminate'
2026-04-08 22:01:19,933 - distributed.nanny - ERROR - Failed to start process
Traceback (most recent call last):
  File "/home/Shared/UniBe-swiss-ndvi/GitHub/swiss-ndvi-processing/.venv/lib/python3.12/site-packages/distributed/nanny.py", line 750, in start
    await self.process.start()
  File "/home/Shared/UniBe-swiss-ndvi/GitHub/swiss-ndvi-processing/.venv/lib/python3.12/site-packages/distributed/process.py", line 55, in _call_and_set_future
    res = func(*args, **kwargs)
          ^^^^^^^^^^^^^^^^^^^^^
  File "/home/Shared/UniBe-swiss-ndvi/GitHub/swiss-ndvi-processing/.venv/lib/python3.12/site-packages/distributed/process.py", line 215, in _start
    process.start()
  File "/usr/lib/python3.12/multiprocessing/process.py", line 121, in start
    self._popen = self._Popen(self)
                  ^^^^^^^^^^^^^^^^^
  File "/usr/lib/python3.12/multiprocessing/context.py", line 289, in _Popen
    return Popen(process_obj)
           ^^^^^^^^^^^^^^^^^^
  File "/usr/lib/python3.12/multiprocessing/popen_spawn_posix.py", line 32, in __init__
    super().__init__(process_obj)
  File "/usr/lib/python3.12/multiprocessing/popen_fork.py", line 19, in __init__
    self._launch(process_obj)
  File "/usr/lib/python3.12/multiprocessing/popen_spawn_posix.py", line 53, in _launch
    parent_r, child_w = os.pipe()
                        ^^^^^^^^^
OSError: [Errno 24] Too many open files

During handling of the above exception, another exception occurred:

Traceback (most recent call last):
  File "/home/Shared/UniBe-swiss-ndvi/GitHub/swiss-ndvi-processing/.venv/lib/python3.12/site-packages/distributed/nanny.py", line 452, in instantiate
    result = await self.process.start()
             ^^^^^^^^^^^^^^^^^^^^^^^^^^
  File "/home/Shared/UniBe-swiss-ndvi/GitHub/swiss-ndvi-processing/.venv/lib/python3.12/site-packages/distributed/nanny.py", line 756, in start
    await self.process.terminate()
  File "/home/Shared/UniBe-swiss-ndvi/GitHub/swiss-ndvi-processing/.venv/lib/python3.12/site-packages/distributed/process.py", line 55, in _call_and_set_future
    res = func(*args, **kwargs)
          ^^^^^^^^^^^^^^^^^^^^^
  File "/usr/lib/python3.12/multiprocessing/process.py", line 133, in terminate
    self._popen.terminate()
    ^^^^^^^^^^^^^^^^^^^^^
AttributeError: 'NoneType' object has no attribute 'terminate'
2026-04-08 22:01:19,935 - distributed.nanny - ERROR - Failed to start process
Traceback (most recent call last):
  File "/home/Shared/UniBe-swiss-ndvi/GitHub/swiss-ndvi-processing/.venv/lib/python3.12/site-packages/distributed/nanny.py", line 750, in start
    await self.process.start()
  File "/home/Shared/UniBe-swiss-ndvi/GitHub/swiss-ndvi-processing/.venv/lib/python3.12/site-packages/distributed/process.py", line 55, in _call_and_set_future
    res = func(*args, **kwargs)
          ^^^^^^^^^^^^^^^^^^^^^
  File "/home/Shared/UniBe-swiss-ndvi/GitHub/swiss-ndvi-processing/.venv/lib/python3.12/site-packages/distributed/process.py", line 215, in _start
    process.start()
  File "/usr/lib/python3.12/multiprocessing/process.py", line 121, in start
    self._popen = self._Popen(self)
                  ^^^^^^^^^^^^^^^^^
  File "/usr/lib/python3.12/multiprocessing/context.py", line 289, in _Popen
    return Popen(process_obj)
           ^^^^^^^^^^^^^^^^^^
  File "/usr/lib/python3.12/multiprocessing/popen_spawn_posix.py", line 32, in __init__
    super().__init__(process_obj)
  File "/usr/lib/python3.12/multiprocessing/popen_fork.py", line 19, in __init__
    self._launch(process_obj)
  File "/usr/lib/python3.12/multiprocessing/popen_spawn_posix.py", line 53, in _launch
    parent_r, child_w = os.pipe()
                        ^^^^^^^^^
OSError: [Errno 24] Too many open files

During handling of the above exception, another exception occurred:

Traceback (most recent call last):
  File "/home/Shared/UniBe-swiss-ndvi/GitHub/swiss-ndvi-processing/.venv/lib/python3.12/site-packages/distributed/nanny.py", line 452, in instantiate
    result = await self.process.start()
             ^^^^^^^^^^^^^^^^^^^^^^^^^^
  File "/home/Shared/UniBe-swiss-ndvi/GitHub/swiss-ndvi-processing/.venv/lib/python3.12/site-packages/distributed/nanny.py", line 756, in start
    await self.process.terminate()
  File "/home/Shared/UniBe-swiss-ndvi/GitHub/swiss-ndvi-processing/.venv/lib/python3.12/site-packages/distributed/process.py", line 55, in _call_and_set_future
    res = func(*args, **kwargs)
          ^^^^^^^^^^^^^^^^^^^^^
  File "/usr/lib/python3.12/multiprocessing/process.py", line 133, in terminate
    self._popen.terminate()
    ^^^^^^^^^^^^^^^^^^^^^
AttributeError: 'NoneType' object has no attribute 'terminate'
2026-04-08 22:01:19,937 - distributed.nanny - ERROR - Failed to start process
Traceback (most recent call last):
  File "/home/Shared/UniBe-swiss-ndvi/GitHub/swiss-ndvi-processing/.venv/lib/python3.12/site-packages/distributed/nanny.py", line 750, in start
    await self.process.start()
  File "/home/Shared/UniBe-swiss-ndvi/GitHub/swiss-ndvi-processing/.venv/lib/python3.12/site-packages/distributed/process.py", line 55, in _call_and_set_future
    res = func(*args, **kwargs)
          ^^^^^^^^^^^^^^^^^^^^^
  File "/home/Shared/UniBe-swiss-ndvi/GitHub/swiss-ndvi-processing/.venv/lib/python3.12/site-packages/distributed/process.py", line 215, in _start
    process.start()
  File "/usr/lib/python3.12/multiprocessing/process.py", line 121, in start
    self._popen = self._Popen(self)
                  ^^^^^^^^^^^^^^^^^
  File "/usr/lib/python3.12/multiprocessing/context.py", line 289, in _Popen
    return Popen(process_obj)
           ^^^^^^^^^^^^^^^^^^
  File "/usr/lib/python3.12/multiprocessing/popen_spawn_posix.py", line 32, in __init__
    super().__init__(process_obj)
  File "/usr/lib/python3.12/multiprocessing/popen_fork.py", line 19, in __init__
    self._launch(process_obj)
  File "/usr/lib/python3.12/multiprocessing/popen_spawn_posix.py", line 53, in _launch
    parent_r, child_w = os.pipe()
                        ^^^^^^^^^
OSError: [Errno 24] Too many open files

During handling of the above exception, another exception occurred:

Traceback (most recent call last):
  File "/home/Shared/UniBe-swiss-ndvi/GitHub/swiss-ndvi-processing/.venv/lib/python3.12/site-packages/distributed/nanny.py", line 452, in instantiate
    result = await self.process.start()
             ^^^^^^^^^^^^^^^^^^^^^^^^^^
  File "/home/Shared/UniBe-swiss-ndvi/GitHub/swiss-ndvi-processing/.venv/lib/python3.12/site-packages/distributed/nanny.py", line 756, in start
    await self.process.terminate()
  File "/home/Shared/UniBe-swiss-ndvi/GitHub/swiss-ndvi-processing/.venv/lib/python3.12/site-packages/distributed/process.py", line 55, in _call_and_set_future
    res = func(*args, **kwargs)
          ^^^^^^^^^^^^^^^^^^^^^
  File "/usr/lib/python3.12/multiprocessing/process.py", line 133, in terminate
    self._popen.terminate()
    ^^^^^^^^^^^^^^^^^^^^^
AttributeError: 'NoneType' object has no attribute 'terminate'
Exception in callback BaseAsyncIOLoop._handle_events(7, 1)
handle: <Handle BaseAsyncIOLoop._handle_events(7, 1)>
Traceback (most recent call last):
  File "/usr/lib/python3.12/asyncio/events.py", line 88, in _run
  File "/home/Shared/UniBe-swiss-ndvi/GitHub/swiss-ndvi-processing/.venv/lib/python3.12/site-packages/tornado/platform/asyncio.py", line 208, in _handle_events
  File "/home/Shared/UniBe-swiss-ndvi/GitHub/swiss-ndvi-processing/.venv/lib/python3.12/site-packages/tornado/netutil.py", line 273, in accept_handler
  File "/usr/lib/python3.12/socket.py", line 295, in accept
OSError: [Errno 24] Too many open files
Exception in callback BaseAsyncIOLoop._handle_events(7, 1)
handle: <Handle BaseAsyncIOLoop._handle_events(7, 1)>
Traceback (most recent call last):
  File "/usr/lib/python3.12/asyncio/events.py", line 88, in _run
  File "/home/Shared/UniBe-swiss-ndvi/GitHub/swiss-ndvi-processing/.venv/lib/python3.12/site-packages/tornado/platform/asyncio.py", line 208, in _handle_events
  File "/home/Shared/UniBe-swiss-ndvi/GitHub/swiss-ndvi-processing/.venv/lib/python3.12/site-packages/tornado/netutil.py", line 273, in accept_handler
  File "/usr/lib/python3.12/socket.py", line 295, in accept
OSError: [Errno 24] Too many open files
Exception in callback BaseAsyncIOLoop._handle_events(7, 1)
handle: <Handle BaseAsyncIOLoop._handle_events(7, 1)>
Traceback (most recent call last):
  File "/usr/lib/python3.12/asyncio/events.py", line 88, in _run
  File "/home/Shared/UniBe-swiss-ndvi/GitHub/swiss-ndvi-processing/.venv/lib/python3.12/site-packages/tornado/platform/asyncio.py", line 208, in _handle_events
  File "/home/Shared/UniBe-swiss-ndvi/GitHub/swiss-ndvi-processing/.venv/lib/python3.12/site-packages/tornado/netutil.py", line 273, in accept_handler
  File "/usr/lib/python3.12/socket.py", line 295, in accept
OSError: [Errno 24] Too many open files
Exception in callback BaseAsyncIOLoop._handle_events(7, 1)
handle: <Handle BaseAsyncIOLoop._handle_events(7, 1)>
Traceback (most recent call last):
  File "/usr/lib/python3.12/asyncio/events.py", line 88, in _run
  File "/home/Shared/UniBe-swiss-ndvi/GitHub/swiss-ndvi-processing/.venv/lib/python3.12/site-packages/tornado/platform/asyncio.py", line 208, in _handle_events
  File "/home/Shared/UniBe-swiss-ndvi/GitHub/swiss-ndvi-processing/.venv/lib/python3.12/site-packages/tornado/netutil.py", line 273, in accept_handler
  File "/usr/lib/python3.12/socket.py", line 295, in accept
OSError: [Errno 24] Too many open files
Exception in callback BaseAsyncIOLoop._handle_events(7, 1)
handle: <Handle BaseAsyncIOLoop._handle_events(7, 1)>
Traceback (most recent call last):
  File "/usr/lib/python3.12/asyncio/events.py", line 88, in _run
  File "/home/Shared/UniBe-swiss-ndvi/GitHub/swiss-ndvi-processing/.venv/lib/python3.12/site-packages/tornado/platform/asyncio.py", line 208, in _handle_events
  File "/home/Shared/UniBe-swiss-ndvi/GitHub/swiss-ndvi-processing/.venv/lib/python3.12/site-packages/tornado/netutil.py", line 273, in accept_handler
  File "/usr/lib/python3.12/socket.py", line 295, in accept
OSError: [Errno 24] Too many open files
2026-04-08 22:01:21,436 - distributed.worker - WARNING - Mismatched versions found

+-------------+---------------------------------------------+-----------+----------+
| Package     | Worker-bf4ef5f0-32c5-4427-bd61-eb4e1655b0d2 | Scheduler | Workers  |
+-------------+---------------------------------------------+-----------+----------+
| cloudpickle | 3.1.1                                       | None      | 3.1.1    |
| dask        | 2025.9.1                                    | None      | 2025.9.1 |
| distributed | 2025.9.1                                    | None      | 2025.9.1 |
| lz4         | 4.3.2                                       | None      | 4.3.2    |
| msgpack     | 1.1.1                                       | None      | 1.1.1    |
| toolz       | 1.0.0                                       | None      | 1.0.0    |
| tornado     | 6.5.1                                       | None      | 6.5.1    |
+-------------+---------------------------------------------+-----------+----------+
Exception in callback BaseAsyncIOLoop._handle_events(7, 1)
handle: <Handle BaseAsyncIOLoop._handle_events(7, 1)>
Traceback (most recent call last):
  File "/usr/lib/python3.12/asyncio/events.py", line 88, in _run
  File "/home/Shared/UniBe-swiss-ndvi/GitHub/swiss-ndvi-processing/.venv/lib/python3.12/site-packages/tornado/platform/asyncio.py", line 208, in _handle_events
  File "/home/Shared/UniBe-swiss-ndvi/GitHub/swiss-ndvi-processing/.venv/lib/python3.12/site-packages/tornado/netutil.py", line 273, in accept_handler
  File "/usr/lib/python3.12/socket.py", line 295, in accept
OSError: [Errno 24] Too many open files
Exception in callback BaseAsyncIOLoop._handle_events(7, 1)
handle: <Handle BaseAsyncIOLoop._handle_events(7, 1)>
Traceback (most recent call last):
  File "/usr/lib/python3.12/asyncio/events.py", line 88, in _run
  File "/home/Shared/UniBe-swiss-ndvi/GitHub/swiss-ndvi-processing/.venv/lib/python3.12/site-packages/tornado/platform/asyncio.py", line 208, in _handle_events
  File "/home/Shared/UniBe-swiss-ndvi/GitHub/swiss-ndvi-processing/.venv/lib/python3.12/site-packages/tornado/netutil.py", line 273, in accept_handler
  File "/usr/lib/python3.12/socket.py", line 295, in accept
OSError: [Errno 24] Too many open files
Exception in callback BaseAsyncIOLoop._handle_events(7, 1)
handle: <Handle BaseAsyncIOLoop._handle_events(7, 1)>
Traceback (most recent call last):
  File "/usr/lib/python3.12/asyncio/events.py", line 88, in _run
  File "/home/Shared/UniBe-swiss-ndvi/GitHub/swiss-ndvi-processing/.venv/lib/python3.12/site-packages/tornado/platform/asyncio.py", line 208, in _handle_events
  File "/home/Shared/UniBe-swiss-ndvi/GitHub/swiss-ndvi-processing/.venv/lib/python3.12/site-packages/tornado/netutil.py", line 273, in accept_handler
  File "/usr/lib/python3.12/socket.py", line 295, in accept
OSError: [Errno 24] Too many open files
Exception in callback BaseAsyncIOLoop._handle_events(7, 1)
handle: <Handle BaseAsyncIOLoop._handle_events(7, 1)>
Traceback (most recent call last):
  File "/usr/lib/python3.12/asyncio/events.py", line 88, in _run
  File "/home/Shared/UniBe-swiss-ndvi/GitHub/swiss-ndvi-processing/.venv/lib/python3.12/site-packages/tornado/platform/asyncio.py", line 208, in _handle_events
  File "/home/Shared/UniBe-swiss-ndvi/GitHub/swiss-ndvi-processing/.venv/lib/python3.12/site-packages/tornado/netutil.py", line 273, in accept_handler
  File "/usr/lib/python3.12/socket.py", line 295, in accept
OSError: [Errno 24] Too many open files
Exception in callback BaseAsyncIOLoop._handle_events(7, 1)
handle: <Handle BaseAsyncIOLoop._handle_events(7, 1)>
Traceback (most recent call last):
  File "/usr/lib/python3.12/asyncio/events.py", line 88, in _run
  File "/home/Shared/UniBe-swiss-ndvi/GitHub/swiss-ndvi-processing/.venv/lib/python3.12/site-packages/tornado/platform/asyncio.py", line 208, in _handle_events
  File "/home/Shared/UniBe-swiss-ndvi/GitHub/swiss-ndvi-processing/.venv/lib/python3.12/site-packages/tornado/netutil.py", line 273, in accept_handler
  File "/usr/lib/python3.12/socket.py", line 295, in accept
OSError: [Errno 24] Too many open files
Exception in callback BaseAsyncIOLoop._handle_events(7, 1)
handle: <Handle BaseAsyncIOLoop._handle_events(7, 1)>
Traceback (most recent call last):
  File "/usr/lib/python3.12/asyncio/events.py", line 88, in _run
  File "/home/Shared/UniBe-swiss-ndvi/GitHub/swiss-ndvi-processing/.venv/lib/python3.12/site-packages/tornado/platform/asyncio.py", line 208, in _handle_events
  File "/home/Shared/UniBe-swiss-ndvi/GitHub/swiss-ndvi-processing/.venv/lib/python3.12/site-packages/tornado/netutil.py", line 273, in accept_handler
  File "/usr/lib/python3.12/socket.py", line 295, in accept
OSError: [Errno 24] Too many open files
Exception in callback BaseAsyncIOLoop._handle_events(7, 1)
handle: <Handle BaseAsyncIOLoop._handle_events(7, 1)>
Traceback (most recent call last):
  File "/usr/lib/python3.12/asyncio/events.py", line 88, in _run
  File "/home/Shared/UniBe-swiss-ndvi/GitHub/swiss-ndvi-processing/.venv/lib/python3.12/site-packages/tornado/platform/asyncio.py", line 208, in _handle_events
  File "/home/Shared/UniBe-swiss-ndvi/GitHub/swiss-ndvi-processing/.venv/lib/python3.12/site-packages/tornado/netutil.py", line 273, in accept_handler
  File "/usr/lib/python3.12/socket.py", line 295, in accept
OSError: [Errno 24] Too many open files
Exception in callback BaseAsyncIOLoop._handle_events(7, 1)
handle: <Handle BaseAsyncIOLoop._handle_events(7, 1)>
Traceback (most recent call last):
  File "/usr/lib/python3.12/asyncio/events.py", line 88, in _run
  File "/home/Shared/UniBe-swiss-ndvi/GitHub/swiss-ndvi-processing/.venv/lib/python3.12/site-packages/tornado/platform/asyncio.py", line 208, in _handle_events
  File "/home/Shared/UniBe-swiss-ndvi/GitHub/swiss-ndvi-processing/.venv/lib/python3.12/site-packages/tornado/netutil.py", line 273, in accept_handler
  File "/usr/lib/python3.12/socket.py", line 295, in accept
OSError: [Errno 24] Too many open files
Exception in callback BaseAsyncIOLoop._handle_events(7, 1)
handle: <Handle BaseAsyncIOLoop._handle_events(7, 1)>
Traceback (most recent call last):
  File "/usr/lib/python3.12/asyncio/events.py", line 88, in _run
  File "/home/Shared/UniBe-swiss-ndvi/GitHub/swiss-ndvi-processing/.venv/lib/python3.12/site-packages/tornado/platform/asyncio.py", line 208, in _handle_events
  File "/home/Shared/UniBe-swiss-ndvi/GitHub/swiss-ndvi-processing/.venv/lib/python3.12/site-packages/tornado/netutil.py", line 273, in accept_handler
  File "/usr/lib/python3.12/socket.py", line 295, in accept
OSError: [Errno 24] Too many open files
Exception in callback BaseAsyncIOLoop._handle_events(7, 1)
handle: <Handle BaseAsyncIOLoop._handle_events(7, 1)>
Traceback (most recent call last):
  File "/usr/lib/python3.12/asyncio/events.py", line 88, in _run
  File "/home/Shared/UniBe-swiss-ndvi/GitHub/swiss-ndvi-processing/.venv/lib/python3.12/site-packages/tornado/platform/asyncio.py", line 208, in _handle_events
  File "/home/Shared/UniBe-swiss-ndvi/GitHub/swiss-ndvi-processing/.venv/lib/python3.12/site-packages/tornado/netutil.py", line 273, in accept_handler
  File "/usr/lib/python3.12/socket.py", line 295, in accept
OSError: [Errno 24] Too many open files
Exception in callback BaseAsyncIOLoop._handle_events(7, 1)
handle: <Handle BaseAsyncIOLoop._handle_events(7, 1)>
Traceback (most recent call last):
  File "/usr/lib/python3.12/asyncio/events.py", line 88, in _run
  File "/home/Shared/UniBe-swiss-ndvi/GitHub/swiss-ndvi-processing/.venv/lib/python3.12/site-packages/tornado/platform/asyncio.py", line 208, in _handle_events
  File "/home/Shared/UniBe-swiss-ndvi/GitHub/swiss-ndvi-processing/.venv/lib/python3.12/site-packages/tornado/netutil.py", line 273, in accept_handler
  File "/usr/lib/python3.12/socket.py", line 295, in accept
OSError: [Errno 24] Too many open files
Exception in callback BaseAsyncIOLoop._handle_events(7, 1)
handle: <Handle BaseAsyncIOLoop._handle_events(7, 1)>
Traceback (most recent call last):
  File "/usr/lib/python3.12/asyncio/events.py", line 88, in _run
  File "/home/Shared/UniBe-swiss-ndvi/GitHub/swiss-ndvi-processing/.venv/lib/python3.12/site-packages/tornado/platform/asyncio.py", line 208, in _handle_events
  File "/home/Shared/UniBe-swiss-ndvi/GitHub/swiss-ndvi-processing/.venv/lib/python3.12/site-packages/tornado/netutil.py", line 273, in accept_handler
  File "/usr/lib/python3.12/socket.py", line 295, in accept
OSError: [Errno 24] Too many open files
Exception in callback BaseAsyncIOLoop._handle_events(7, 1)
handle: <Handle BaseAsyncIOLoop._handle_events(7, 1)>
Traceback (most recent call last):
  File "/usr/lib/python3.12/asyncio/events.py", line 88, in _run
  File "/home/Shared/UniBe-swiss-ndvi/GitHub/swiss-ndvi-processing/.venv/lib/python3.12/site-packages/tornado/platform/asyncio.py", line 208, in _handle_events
  File "/home/Shared/UniBe-swiss-ndvi/GitHub/swiss-ndvi-processing/.venv/lib/python3.12/site-packages/tornado/netutil.py", line 273, in accept_handler
  File "/usr/lib/python3.12/socket.py", line 295, in accept
OSError: [Errno 24] Too many open files
Exception in callback BaseAsyncIOLoop._handle_events(7, 1)
handle: <Handle BaseAsyncIOLoop._handle_events(7, 1)>
Traceback (most recent call last):
  File "/usr/lib/python3.12/asyncio/events.py", line 88, in _run
  File "/home/Shared/UniBe-swiss-ndvi/GitHub/swiss-ndvi-processing/.venv/lib/python3.12/site-packages/tornado/platform/asyncio.py", line 208, in _handle_events
  File "/home/Shared/UniBe-swiss-ndvi/GitHub/swiss-ndvi-processing/.venv/lib/python3.12/site-packages/tornado/netutil.py", line 273, in accept_handler
  File "/usr/lib/python3.12/socket.py", line 295, in accept
OSError: [Errno 24] Too many open files
2026-04-08 22:01:21,442 - distributed.worker - WARNING - Mismatched versions found

+-------------+---------------------------------------------+-----------+----------+
| Package     | Worker-cc90570c-5181-443c-a081-42420da74bfc | Scheduler | Workers  |
+-------------+---------------------------------------------+-----------+----------+
| cloudpickle | 3.1.1                                       | None      | 3.1.1    |
| dask        | 2025.9.1                                    | None      | 2025.9.1 |
| distributed | 2025.9.1                                    | None      | 2025.9.1 |
| lz4         | 4.3.2                                       | None      | 4.3.2    |
| msgpack     | 1.1.1                                       | None      | 1.1.1    |
| toolz       | 1.0.0                                       | None      | 1.0.0    |
| tornado     | 6.5.1                                       | None      | 6.5.1    |
+-------------+---------------------------------------------+-----------+----------+
Exception in callback BaseAsyncIOLoop._handle_events(7, 1)
handle: <Handle BaseAsyncIOLoop._handle_events(7, 1)>
Traceback (most recent call last):
  File "/usr/lib/python3.12/asyncio/events.py", line 88, in _run
  File "/home/Shared/UniBe-swiss-ndvi/GitHub/swiss-ndvi-processing/.venv/lib/python3.12/site-packages/tornado/platform/asyncio.py", line 208, in _handle_events
  File "/home/Shared/UniBe-swiss-ndvi/GitHub/swiss-ndvi-processing/.venv/lib/python3.12/site-packages/tornado/netutil.py", line 273, in accept_handler
  File "/usr/lib/python3.12/socket.py", line 295, in accept
OSError: [Errno 24] Too many open files
2026-04-08 22:01:21,444 - distributed.worker - WARNING - Mismatched versions found

+-------------+---------------------------------------------+-----------+----------+
| Package     | Worker-9ae322ba-044b-4dd3-91b3-a1dfade4373e | Scheduler | Workers  |
+-------------+---------------------------------------------+-----------+----------+
| cloudpickle | 3.1.1                                       | None      | 3.1.1    |
| dask        | 2025.9.1                                    | None      | 2025.9.1 |
| distributed | 2025.9.1                                    | None      | 2025.9.1 |
| lz4         | 4.3.2                                       | None      | 4.3.2    |
| msgpack     | 1.1.1                                       | None      | 1.1.1    |
| toolz       | 1.0.0                                       | None      | 1.0.0    |
| tornado     | 6.5.1                                       | None      | 6.5.1    |
+-------------+---------------------------------------------+-----------+----------+
Exception in callback BaseAsyncIOLoop._handle_events(7, 1)
handle: <Handle BaseAsyncIOLoop._handle_events(7, 1)>
Traceback (most recent call last):
  File "/usr/lib/python3.12/asyncio/events.py", line 88, in _run
  File "/home/Shared/UniBe-swiss-ndvi/GitHub/swiss-ndvi-processing/.venv/lib/python3.12/site-packages/tornado/platform/asyncio.py", line 208, in _handle_events
  File "/home/Shared/UniBe-swiss-ndvi/GitHub/swiss-ndvi-processing/.venv/lib/python3.12/site-packages/tornado/netutil.py", line 273, in accept_handler
  File "/usr/lib/python3.12/socket.py", line 295, in accept
OSError: [Errno 24] Too many open files
2026-04-08 22:01:21,445 - distributed.worker - WARNING - Mismatched versions found

+-------------+---------------------------------------------+-----------+----------+
| Package     | Worker-8a9499ac-2df4-4afd-9ded-7b9f11af404c | Scheduler | Workers  |
+-------------+---------------------------------------------+-----------+----------+
| cloudpickle | 3.1.1                                       | None      | 3.1.1    |
| dask        | 2025.9.1                                    | None      | 2025.9.1 |
| distributed | 2025.9.1                                    | None      | 2025.9.1 |
| lz4         | 4.3.2                                       | None      | 4.3.2    |
| msgpack     | 1.1.1                                       | None      | 1.1.1    |
| toolz       | 1.0.0                                       | None      | 1.0.0    |
| tornado     | 6.5.1                                       | None      | 6.5.1    |
+-------------+---------------------------------------------+-----------+----------+
Exception in callback BaseAsyncIOLoop._handle_events(7, 1)
handle: <Handle BaseAsyncIOLoop._handle_events(7, 1)>
Traceback (most recent call last):
  File "/usr/lib/python3.12/asyncio/events.py", line 88, in _run
  File "/home/Shared/UniBe-swiss-ndvi/GitHub/swiss-ndvi-processing/.venv/lib/python3.12/site-packages/tornado/platform/asyncio.py", line 208, in _handle_events
  File "/home/Shared/UniBe-swiss-ndvi/GitHub/swiss-ndvi-processing/.venv/lib/python3.12/site-packages/tornado/netutil.py", line 273, in accept_handler
  File "/usr/lib/python3.12/socket.py", line 295, in accept
OSError: [Errno 24] Too many open files
2026-04-08 22:01:21,450 - distributed.worker - WARNING - Mismatched versions found

+-------------+---------------------------------------------+-----------+----------+
| Package     | Worker-4a178e3e-7128-4a66-83ee-a79b1e908192 | Scheduler | Workers  |
+-------------+---------------------------------------------+-----------+----------+
| cloudpickle | 3.1.1                                       | None      | 3.1.1    |
| dask        | 2025.9.1                                    | None      | 2025.9.1 |
| distributed | 2025.9.1                                    | None      | 2025.9.1 |
| lz4         | 4.3.2                                       | None      | 4.3.2    |
| msgpack     | 1.1.1                                       | None      | 1.1.1    |
| toolz       | 1.0.0                                       | None      | 1.0.0    |
| tornado     | 6.5.1                                       | None      | 6.5.1    |
+-------------+---------------------------------------------+-----------+----------+
2026-04-08 22:01:21,453 - distributed.worker - WARNING - Mismatched versions found

+-------------+---------------------------------------------+-----------+----------+
| Package     | Worker-95c2f213-ae28-400e-9a8d-c2d11c98a1a3 | Scheduler | Workers  |
+-------------+---------------------------------------------+-----------+----------+
| cloudpickle | 3.1.1                                       | None      | 3.1.1    |
| dask        | 2025.9.1                                    | None      | 2025.9.1 |
| distributed | 2025.9.1                                    | None      | 2025.9.1 |
| lz4         | 4.3.2                                       | None      | 4.3.2    |
| msgpack     | 1.1.1                                       | None      | 1.1.1    |
| toolz       | 1.0.0                                       | None      | 1.0.0    |
| tornado     | 6.5.1                                       | None      | 6.5.1    |
+-------------+---------------------------------------------+-----------+----------+
Exception in callback BaseAsyncIOLoop._handle_events(7, 1)
handle: <Handle BaseAsyncIOLoop._handle_events(7, 1)>
Traceback (most recent call last):
  File "/usr/lib/python3.12/asyncio/events.py", line 88, in _run
  File "/home/Shared/UniBe-swiss-ndvi/GitHub/swiss-ndvi-processing/.venv/lib/python3.12/site-packages/tornado/platform/asyncio.py", line 208, in _handle_events
  File "/home/Shared/UniBe-swiss-ndvi/GitHub/swiss-ndvi-processing/.venv/lib/python3.12/site-packages/tornado/netutil.py", line 273, in accept_handler
  File "/usr/lib/python3.12/socket.py", line 295, in accept
OSError: [Errno 24] Too many open files
Exception in callback BaseAsyncIOLoop._handle_events(7, 1)
handle: <Handle BaseAsyncIOLoop._handle_events(7, 1)>
Traceback (most recent call last):
  File "/usr/lib/python3.12/asyncio/events.py", line 88, in _run
  File "/home/Shared/UniBe-swiss-ndvi/GitHub/swiss-ndvi-processing/.venv/lib/python3.12/site-packages/tornado/platform/asyncio.py", line 208, in _handle_events
  File "/home/Shared/UniBe-swiss-ndvi/GitHub/swiss-ndvi-processing/.venv/lib/python3.12/site-packages/tornado/netutil.py", line 273, in accept_handler
  File "/usr/lib/python3.12/socket.py", line 295, in accept
OSError: [Errno 24] Too many open files
Exception in callback BaseAsyncIOLoop._handle_events(7, 1)
handle: <Handle BaseAsyncIOLoop._handle_events(7, 1)>
Traceback (most recent call last):
  File "/usr/lib/python3.12/asyncio/events.py", line 88, in _run
  File "/home/Shared/UniBe-swiss-ndvi/GitHub/swiss-ndvi-processing/.venv/lib/python3.12/site-packages/tornado/platform/asyncio.py", line 208, in _handle_events
  File "/home/Shared/UniBe-swiss-ndvi/GitHub/swiss-ndvi-processing/.venv/lib/python3.12/site-packages/tornado/netutil.py", line 273, in accept_handler
  File "/usr/lib/python3.12/socket.py", line 295, in accept
OSError: [Errno 24] Too many open files
Exception in callback BaseAsyncIOLoop._handle_events(7, 1)
handle: <Handle BaseAsyncIOLoop._handle_events(7, 1)>
Traceback (most recent call last):
  File "/usr/lib/python3.12/asyncio/events.py", line 88, in _run
  File "/home/Shared/UniBe-swiss-ndvi/GitHub/swiss-ndvi-processing/.venv/lib/python3.12/site-packages/tornado/platform/asyncio.py", line 208, in _handle_events
  File "/home/Shared/UniBe-swiss-ndvi/GitHub/swiss-ndvi-processing/.venv/lib/python3.12/site-packages/tornado/netutil.py", line 273, in accept_handler
  File "/usr/lib/python3.12/socket.py", line 295, in accept
OSError: [Errno 24] Too many open files
Exception in callback BaseAsyncIOLoop._handle_events(7, 1)
handle: <Handle BaseAsyncIOLoop._handle_events(7, 1)>
Traceback (most recent call last):
  File "/usr/lib/python3.12/asyncio/events.py", line 88, in _run
  File "/home/Shared/UniBe-swiss-ndvi/GitHub/swiss-ndvi-processing/.venv/lib/python3.12/site-packages/tornado/platform/asyncio.py", line 208, in _handle_events
  File "/home/Shared/UniBe-swiss-ndvi/GitHub/swiss-ndvi-processing/.venv/lib/python3.12/site-packages/tornado/netutil.py", line 273, in accept_handler
  File "/usr/lib/python3.12/socket.py", line 295, in accept
OSError: [Errno 24] Too many open files
Exception in callback BaseAsyncIOLoop._handle_events(7, 1)
handle: <Handle BaseAsyncIOLoop._handle_events(7, 1)>
Traceback (most recent call last):
  File "/usr/lib/python3.12/asyncio/events.py", line 88, in _run
  File "/home/Shared/UniBe-swiss-ndvi/GitHub/swiss-ndvi-processing/.venv/lib/python3.12/site-packages/tornado/platform/asyncio.py", line 208, in _handle_events
  File "/home/Shared/UniBe-swiss-ndvi/GitHub/swiss-ndvi-processing/.venv/lib/python3.12/site-packages/tornado/netutil.py", line 273, in accept_handler
  File "/usr/lib/python3.12/socket.py", line 295, in accept
OSError: [Errno 24] Too many open files
Exception in callback BaseAsyncIOLoop._handle_events(7, 1)
handle: <Handle BaseAsyncIOLoop._handle_events(7, 1)>
Traceback (most recent call last):
  File "/usr/lib/python3.12/asyncio/events.py", line 88, in _run
  File "/home/Shared/UniBe-swiss-ndvi/GitHub/swiss-ndvi-processing/.venv/lib/python3.12/site-packages/tornado/platform/asyncio.py", line 208, in _handle_events
  File "/home/Shared/UniBe-swiss-ndvi/GitHub/swiss-ndvi-processing/.venv/lib/python3.12/site-packages/tornado/netutil.py", line 273, in accept_handler
  File "/usr/lib/python3.12/socket.py", line 295, in accept
OSError: [Errno 24] Too many open files
Exception in callback BaseAsyncIOLoop._handle_events(7, 1)
handle: <Handle BaseAsyncIOLoop._handle_events(7, 1)>
Traceback (most recent call last):
  File "/usr/lib/python3.12/asyncio/events.py", line 88, in _run
  File "/home/Shared/UniBe-swiss-ndvi/GitHub/swiss-ndvi-processing/.venv/lib/python3.12/site-packages/tornado/platform/asyncio.py", line 208, in _handle_events
  File "/home/Shared/UniBe-swiss-ndvi/GitHub/swiss-ndvi-processing/.venv/lib/python3.12/site-packages/tornado/netutil.py", line 273, in accept_handler
  File "/usr/lib/python3.12/socket.py", line 295, in accept
OSError: [Errno 24] Too many open files
Exception in callback BaseAsyncIOLoop._handle_events(7, 1)
handle: <Handle BaseAsyncIOLoop._handle_events(7, 1)>
Traceback (most recent call last):
  File "/usr/lib/python3.12/asyncio/events.py", line 88, in _run
  File "/home/Shared/UniBe-swiss-ndvi/GitHub/swiss-ndvi-processing/.venv/lib/python3.12/site-packages/tornado/platform/asyncio.py", line 208, in _handle_events
  File "/home/Shared/UniBe-swiss-ndvi/GitHub/swiss-ndvi-processing/.venv/lib/python3.12/site-packages/tornado/netutil.py", line 273, in accept_handler
  File "/usr/lib/python3.12/socket.py", line 295, in accept
OSError: [Errno 24] Too many open files
Exception in callback BaseAsyncIOLoop._handle_events(7, 1)
handle: <Handle BaseAsyncIOLoop._handle_events(7, 1)>
Traceback (most recent call last):
  File "/usr/lib/python3.12/asyncio/events.py", line 88, in _run
  File "/home/Shared/UniBe-swiss-ndvi/GitHub/swiss-ndvi-processing/.venv/lib/python3.12/site-packages/tornado/platform/asyncio.py", line 208, in _handle_events
  File "/home/Shared/UniBe-swiss-ndvi/GitHub/swiss-ndvi-processing/.venv/lib/python3.12/site-packages/tornado/netutil.py", line 273, in accept_handler
  File "/usr/lib/python3.12/socket.py", line 295, in accept
OSError: [Errno 24] Too many open files
Exception in callback BaseAsyncIOLoop._handle_events(7, 1)
handle: <Handle BaseAsyncIOLoop._handle_events(7, 1)>
Traceback (most recent call last):
  File "/usr/lib/python3.12/asyncio/events.py", line 88, in _run
  File "/home/Shared/UniBe-swiss-ndvi/GitHub/swiss-ndvi-processing/.venv/lib/python3.12/site-packages/tornado/platform/asyncio.py", line 208, in _handle_events
  File "/home/Shared/UniBe-swiss-ndvi/GitHub/swiss-ndvi-processing/.venv/lib/python3.12/site-packages/tornado/netutil.py", line 273, in accept_handler
  File "/usr/lib/python3.12/socket.py", line 295, in accept
OSError: [Errno 24] Too many open files
Exception in callback BaseAsyncIOLoop._handle_events(7, 1)
handle: <Handle BaseAsyncIOLoop._handle_events(7, 1)>
Traceback (most recent call last):
  File "/usr/lib/python3.12/asyncio/events.py", line 88, in _run
  File "/home/Shared/UniBe-swiss-ndvi/GitHub/swiss-ndvi-processing/.venv/lib/python3.12/site-packages/tornado/platform/asyncio.py", line 208, in _handle_events
  File "/home/Shared/UniBe-swiss-ndvi/GitHub/swiss-ndvi-processing/.venv/lib/python3.12/site-packages/tornado/netutil.py", line 273, in accept_handler
  File "/usr/lib/python3.12/socket.py", line 295, in accept
OSError: [Errno 24] Too many open files
Exception in callback BaseAsyncIOLoop._handle_events(7, 1)
handle: <Handle BaseAsyncIOLoop._handle_events(7, 1)>
Traceback (most recent call last):
  File "/usr/lib/python3.12/asyncio/events.py", line 88, in _run
  File "/home/Shared/UniBe-swiss-ndvi/GitHub/swiss-ndvi-processing/.venv/lib/python3.12/site-packages/tornado/platform/asyncio.py", line 208, in _handle_events
  File "/home/Shared/UniBe-swiss-ndvi/GitHub/swiss-ndvi-processing/.venv/lib/python3.12/site-packages/tornado/netutil.py", line 273, in accept_handler
  File "/usr/lib/python3.12/socket.py", line 295, in accept
OSError: [Errno 24] Too many open files
Exception in callback BaseAsyncIOLoop._handle_events(7, 1)
handle: <Handle BaseAsyncIOLoop._handle_events(7, 1)>
Traceback (most recent call last):
  File "/usr/lib/python3.12/asyncio/events.py", line 88, in _run
  File "/home/Shared/UniBe-swiss-ndvi/GitHub/swiss-ndvi-processing/.venv/lib/python3.12/site-packages/tornado/platform/asyncio.py", line 208, in _handle_events
  File "/home/Shared/UniBe-swiss-ndvi/GitHub/swiss-ndvi-processing/.venv/lib/python3.12/site-packages/tornado/netutil.py", line 273, in accept_handler
  File "/usr/lib/python3.12/socket.py", line 295, in accept
OSError: [Errno 24] Too many open files
Exception in callback BaseAsyncIOLoop._handle_events(7, 1)
handle: <Handle BaseAsyncIOLoop._handle_events(7, 1)>
Traceback (most recent call last):
  File "/usr/lib/python3.12/asyncio/events.py", line 88, in _run
  File "/home/Shared/UniBe-swiss-ndvi/GitHub/swiss-ndvi-processing/.venv/lib/python3.12/site-packages/tornado/platform/asyncio.py", line 208, in _handle_events
  File "/home/Shared/UniBe-swiss-ndvi/GitHub/swiss-ndvi-processing/.venv/lib/python3.12/site-packages/tornado/netutil.py", line 273, in accept_handler
  File "/usr/lib/python3.12/socket.py", line 295, in accept
OSError: [Errno 24] Too many open files
Exception in callback BaseAsyncIOLoop._handle_events(7, 1)
handle: <Handle BaseAsyncIOLoop._handle_events(7, 1)>
Traceback (most recent call last):
  File "/usr/lib/python3.12/asyncio/events.py", line 88, in _run
  File "/home/Shared/UniBe-swiss-ndvi/GitHub/swiss-ndvi-processing/.venv/lib/python3.12/site-packages/tornado/platform/asyncio.py", line 208, in _handle_events
  File "/home/Shared/UniBe-swiss-ndvi/GitHub/swiss-ndvi-processing/.venv/lib/python3.12/site-packages/tornado/netutil.py", line 273, in accept_handler
  File "/usr/lib/python3.12/socket.py", line 295, in accept
OSError: [Errno 24] Too many open files
Exception in callback BaseAsyncIOLoop._handle_events(7, 1)
handle: <Handle BaseAsyncIOLoop._handle_events(7, 1)>
Traceback (most recent call last):
  File "/usr/lib/python3.12/asyncio/events.py", line 88, in _run
  File "/home/Shared/UniBe-swiss-ndvi/GitHub/swiss-ndvi-processing/.venv/lib/python3.12/site-packages/tornado/platform/asyncio.py", line 208, in _handle_events
  File "/home/Shared/UniBe-swiss-ndvi/GitHub/swiss-ndvi-processing/.venv/lib/python3.12/site-packages/tornado/netutil.py", line 273, in accept_handler
  File "/usr/lib/python3.12/socket.py", line 295, in accept
OSError: [Errno 24] Too many open files
Exception in callback BaseAsyncIOLoop._handle_events(7, 1)
handle: <Handle BaseAsyncIOLoop._handle_events(7, 1)>
Traceback (most recent call last):
  File "/usr/lib/python3.12/asyncio/events.py", line 88, in _run
  File "/home/Shared/UniBe-swiss-ndvi/GitHub/swiss-ndvi-processing/.venv/lib/python3.12/site-packages/tornado/platform/asyncio.py", line 208, in _handle_events
  File "/home/Shared/UniBe-swiss-ndvi/GitHub/swiss-ndvi-processing/.venv/lib/python3.12/site-packages/tornado/netutil.py", line 273, in accept_handler
  File "/usr/lib/python3.12/socket.py", line 295, in accept
OSError: [Errno 24] Too many open files
Exception in callback BaseAsyncIOLoop._handle_events(7, 1)
handle: <Handle BaseAsyncIOLoop._handle_events(7, 1)>
Traceback (most recent call last):
  File "/usr/lib/python3.12/asyncio/events.py", line 88, in _run
  File "/home/Shared/UniBe-swiss-ndvi/GitHub/swiss-ndvi-processing/.venv/lib/python3.12/site-packages/tornado/platform/asyncio.py", line 208, in _handle_events
  File "/home/Shared/UniBe-swiss-ndvi/GitHub/swiss-ndvi-processing/.venv/lib/python3.12/site-packages/tornado/netutil.py", line 273, in accept_handler
  File "/usr/lib/python3.12/socket.py", line 295, in accept
OSError: [Errno 24] Too many open files
Exception in callback BaseAsyncIOLoop._handle_events(7, 1)
handle: <Handle BaseAsyncIOLoop._handle_events(7, 1)>
Traceback (most recent call last):
  File "/usr/lib/python3.12/asyncio/events.py", line 88, in _run
  File "/home/Shared/UniBe-swiss-ndvi/GitHub/swiss-ndvi-processing/.venv/lib/python3.12/site-packages/tornado/platform/asyncio.py", line 208, in _handle_events
  File "/home/Shared/UniBe-swiss-ndvi/GitHub/swiss-ndvi-processing/.venv/lib/python3.12/site-packages/tornado/netutil.py", line 273, in accept_handler
  File "/usr/lib/python3.12/socket.py", line 295, in accept
OSError: [Errno 24] Too many open files
Exception in callback BaseAsyncIOLoop._handle_events(7, 1)
handle: <Handle BaseAsyncIOLoop._handle_events(7, 1)>
Traceback (most recent call last):
  File "/usr/lib/python3.12/asyncio/events.py", line 88, in _run
  File "/home/Shared/UniBe-swiss-ndvi/GitHub/swiss-ndvi-processing/.venv/lib/python3.12/site-packages/tornado/platform/asyncio.py", line 208, in _handle_events
  File "/home/Shared/UniBe-swiss-ndvi/GitHub/swiss-ndvi-processing/.venv/lib/python3.12/site-packages/tornado/netutil.py", line 273, in accept_handler
  File "/usr/lib/python3.12/socket.py", line 295, in accept
OSError: [Errno 24] Too many open files
Exception in callback BaseAsyncIOLoop._handle_events(7, 1)
handle: <Handle BaseAsyncIOLoop._handle_events(7, 1)>
Traceback (most recent call last):
  File "/usr/lib/python3.12/asyncio/events.py", line 88, in _run
  File "/home/Shared/UniBe-swiss-ndvi/GitHub/swiss-ndvi-processing/.venv/lib/python3.12/site-packages/tornado/platform/asyncio.py", line 208, in _handle_events
  File "/home/Shared/UniBe-swiss-ndvi/GitHub/swiss-ndvi-processing/.venv/lib/python3.12/site-packages/tornado/netutil.py", line 273, in accept_handler
  File "/usr/lib/python3.12/socket.py", line 295, in accept
OSError: [Errno 24] Too many open files
Exception in callback BaseAsyncIOLoop._handle_events(7, 1)
handle: <Handle BaseAsyncIOLoop._handle_events(7, 1)>
Traceback (most recent call last):
  File "/usr/lib/python3.12/asyncio/events.py", line 88, in _run
  File "/home/Shared/UniBe-swiss-ndvi/GitHub/swiss-ndvi-processing/.venv/lib/python3.12/site-packages/tornado/platform/asyncio.py", line 208, in _handle_events
  File "/home/Shared/UniBe-swiss-ndvi/GitHub/swiss-ndvi-processing/.venv/lib/python3.12/site-packages/tornado/netutil.py", line 273, in accept_handler
  File "/usr/lib/python3.12/socket.py", line 295, in accept
OSError: [Errno 24] Too many open files
Exception in callback BaseAsyncIOLoop._handle_events(7, 1)
handle: <Handle BaseAsyncIOLoop._handle_events(7, 1)>
Traceback (most recent call last):
  File "/usr/lib/python3.12/asyncio/events.py", line 88, in _run
  File "/home/Shared/UniBe-swiss-ndvi/GitHub/swiss-ndvi-processing/.venv/lib/python3.12/site-packages/tornado/platform/asyncio.py", line 208, in _handle_events
  File "/home/Shared/UniBe-swiss-ndvi/GitHub/swiss-ndvi-processing/.venv/lib/python3.12/site-packages/tornado/netutil.py", line 273, in accept_handler
  File "/usr/lib/python3.12/socket.py", line 295, in accept
OSError: [Errno 24] Too many open files
Exception in callback BaseAsyncIOLoop._handle_events(7, 1)
handle: <Handle BaseAsyncIOLoop._handle_events(7, 1)>
Traceback (most recent call last):
  File "/usr/lib/python3.12/asyncio/events.py", line 88, in _run
  File "/home/Shared/UniBe-swiss-ndvi/GitHub/swiss-ndvi-processing/.venv/lib/python3.12/site-packages/tornado/platform/asyncio.py", line 208, in _handle_events
  File "/home/Shared/UniBe-swiss-ndvi/GitHub/swiss-ndvi-processing/.venv/lib/python3.12/site-packages/tornado/netutil.py", line 273, in accept_handler
  File "/usr/lib/python3.12/socket.py", line 295, in accept
OSError: [Errno 24] Too many open files
Exception in callback BaseAsyncIOLoop._handle_events(7, 1)
handle: <Handle BaseAsyncIOLoop._handle_events(7, 1)>
Traceback (most recent call last):
  File "/usr/lib/python3.12/asyncio/events.py", line 88, in _run
  File "/home/Shared/UniBe-swiss-ndvi/GitHub/swiss-ndvi-processing/.venv/lib/python3.12/site-packages/tornado/platform/asyncio.py", line 208, in _handle_events
  File "/home/Shared/UniBe-swiss-ndvi/GitHub/swiss-ndvi-processing/.venv/lib/python3.12/site-packages/tornado/netutil.py", line 273, in accept_handler
  File "/usr/lib/python3.12/socket.py", line 295, in accept
OSError: [Errno 24] Too many open files
Exception in callback BaseAsyncIOLoop._handle_events(7, 1)
handle: <Handle BaseAsyncIOLoop._handle_events(7, 1)>
Traceback (most recent call last):
  File "/usr/lib/python3.12/asyncio/events.py", line 88, in _run
  File "/home/Shared/UniBe-swiss-ndvi/GitHub/swiss-ndvi-processing/.venv/lib/python3.12/site-packages/tornado/platform/asyncio.py", line 208, in _handle_events
  File "/home/Shared/UniBe-swiss-ndvi/GitHub/swiss-ndvi-processing/.venv/lib/python3.12/site-packages/tornado/netutil.py", line 273, in accept_handler
  File "/usr/lib/python3.12/socket.py", line 295, in accept
OSError: [Errno 24] Too many open files
Exception in callback BaseAsyncIOLoop._handle_events(7, 1)
handle: <Handle BaseAsyncIOLoop._handle_events(7, 1)>
Traceback (most recent call last):
  File "/usr/lib/python3.12/asyncio/events.py", line 88, in _run
  File "/home/Shared/UniBe-swiss-ndvi/GitHub/swiss-ndvi-processing/.venv/lib/python3.12/site-packages/tornado/platform/asyncio.py", line 208, in _handle_events
  File "/home/Shared/UniBe-swiss-ndvi/GitHub/swiss-ndvi-processing/.venv/lib/python3.12/site-packages/tornado/netutil.py", line 273, in accept_handler
  File "/usr/lib/python3.12/socket.py", line 295, in accept
OSError: [Errno 24] Too many open files
Exception in callback BaseAsyncIOLoop._handle_events(7, 1)
handle: <Handle BaseAsyncIOLoop._handle_events(7, 1)>
Traceback (most recent call last):
  File "/usr/lib/python3.12/asyncio/events.py", line 88, in _run
  File "/home/Shared/UniBe-swiss-ndvi/GitHub/swiss-ndvi-processing/.venv/lib/python3.12/site-packages/tornado/platform/asyncio.py", line 208, in _handle_events
  File "/home/Shared/UniBe-swiss-ndvi/GitHub/swiss-ndvi-processing/.venv/lib/python3.12/site-packages/tornado/netutil.py", line 273, in accept_handler
  File "/usr/lib/python3.12/socket.py", line 295, in accept
OSError: [Errno 24] Too many open files
Exception in callback BaseAsyncIOLoop._handle_events(7, 1)
handle: <Handle BaseAsyncIOLoop._handle_events(7, 1)>
Traceback (most recent call last):
  File "/usr/lib/python3.12/asyncio/events.py", line 88, in _run
  File "/home/Shared/UniBe-swiss-ndvi/GitHub/swiss-ndvi-processing/.venv/lib/python3.12/site-packages/tornado/platform/asyncio.py", line 208, in _handle_events
  File "/home/Shared/UniBe-swiss-ndvi/GitHub/swiss-ndvi-processing/.venv/lib/python3.12/site-packages/tornado/netutil.py", line 273, in accept_handler
  File "/usr/lib/python3.12/socket.py", line 295, in accept
OSError: [Errno 24] Too many open files
Exception in callback BaseAsyncIOLoop._handle_events(7, 1)
handle: <Handle BaseAsyncIOLoop._handle_events(7, 1)>
Traceback (most recent call last):
  File "/usr/lib/python3.12/asyncio/events.py", line 88, in _run
  File "/home/Shared/UniBe-swiss-ndvi/GitHub/swiss-ndvi-processing/.venv/lib/python3.12/site-packages/tornado/platform/asyncio.py", line 208, in _handle_events
  File "/home/Shared/UniBe-swiss-ndvi/GitHub/swiss-ndvi-processing/.venv/lib/python3.12/site-packages/tornado/netutil.py", line 273, in accept_handler
  File "/usr/lib/python3.12/socket.py", line 295, in accept
OSError: [Errno 24] Too many open files
Exception in callback BaseAsyncIOLoop._handle_events(7, 1)
handle: <Handle BaseAsyncIOLoop._handle_events(7, 1)>
Traceback (most recent call last):
  File "/usr/lib/python3.12/asyncio/events.py", line 88, in _run
  File "/home/Shared/UniBe-swiss-ndvi/GitHub/swiss-ndvi-processing/.venv/lib/python3.12/site-packages/tornado/platform/asyncio.py", line 208, in _handle_events
  File "/home/Shared/UniBe-swiss-ndvi/GitHub/swiss-ndvi-processing/.venv/lib/python3.12/site-packages/tornado/netutil.py", line 273, in accept_handler
  File "/usr/lib/python3.12/socket.py", line 295, in accept
OSError: [Errno 24] Too many open files
Exception in callback BaseAsyncIOLoop._handle_events(7, 1)
handle: <Handle BaseAsyncIOLoop._handle_events(7, 1)>
Traceback (most recent call last):
  File "/usr/lib/python3.12/asyncio/events.py", line 88, in _run
  File "/home/Shared/UniBe-swiss-ndvi/GitHub/swiss-ndvi-processing/.venv/lib/python3.12/site-packages/tornado/platform/asyncio.py", line 208, in _handle_events
  File "/home/Shared/UniBe-swiss-ndvi/GitHub/swiss-ndvi-processing/.venv/lib/python3.12/site-packages/tornado/netutil.py", line 273, in accept_handler
  File "/usr/lib/python3.12/socket.py", line 295, in accept
OSError: [Errno 24] Too many open files
Exception in callback BaseAsyncIOLoop._handle_events(7, 1)
handle: <Handle BaseAsyncIOLoop._handle_events(7, 1)>
Traceback (most recent call last):
  File "/usr/lib/python3.12/asyncio/events.py", line 88, in _run
  File "/home/Shared/UniBe-swiss-ndvi/GitHub/swiss-ndvi-processing/.venv/lib/python3.12/site-packages/tornado/platform/asyncio.py", line 208, in _handle_events
  File "/home/Shared/UniBe-swiss-ndvi/GitHub/swiss-ndvi-processing/.venv/lib/python3.12/site-packages/tornado/netutil.py", line 273, in accept_handler
  File "/usr/lib/python3.12/socket.py", line 295, in accept
OSError: [Errno 24] Too many open files
2026-04-08 22:01:21,474 - distributed.worker - WARNING - Mismatched versions found

+-------------+---------------------------------------------+-----------+----------+
| Package     | Worker-86c31c31-95a0-4aa7-992f-f8e7200240af | Scheduler | Workers  |
+-------------+---------------------------------------------+-----------+----------+
| cloudpickle | 3.1.1                                       | None      | 3.1.1    |
| dask        | 2025.9.1                                    | None      | 2025.9.1 |
| distributed | 2025.9.1                                    | None      | 2025.9.1 |
| lz4         | 4.3.2                                       | None      | 4.3.2    |
| msgpack     | 1.1.1                                       | None      | 1.1.1    |
| toolz       | 1.0.0                                       | None      | 1.0.0    |
| tornado     | 6.5.1                                       | None      | 6.5.1    |
+-------------+---------------------------------------------+-----------+----------+
Exception in callback BaseAsyncIOLoop._handle_events(7, 1)
handle: <Handle BaseAsyncIOLoop._handle_events(7, 1)>
Traceback (most recent call last):
  File "/usr/lib/python3.12/asyncio/events.py", line 88, in _run
  File "/home/Shared/UniBe-swiss-ndvi/GitHub/swiss-ndvi-processing/.venv/lib/python3.12/site-packages/tornado/platform/asyncio.py", line 208, in _handle_events
  File "/home/Shared/UniBe-swiss-ndvi/GitHub/swiss-ndvi-processing/.venv/lib/python3.12/site-packages/tornado/netutil.py", line 273, in accept_handler
  File "/usr/lib/python3.12/socket.py", line 295, in accept
OSError: [Errno 24] Too many open files
Exception in callback BaseAsyncIOLoop._handle_events(7, 1)
handle: <Handle BaseAsyncIOLoop._handle_events(7, 1)>
Traceback (most recent call last):
  File "/usr/lib/python3.12/asyncio/events.py", line 88, in _run
  File "/home/Shared/UniBe-swiss-ndvi/GitHub/swiss-ndvi-processing/.venv/lib/python3.12/site-packages/tornado/platform/asyncio.py", line 208, in _handle_events
  File "/home/Shared/UniBe-swiss-ndvi/GitHub/swiss-ndvi-processing/.venv/lib/python3.12/site-packages/tornado/netutil.py", line 273, in accept_handler
  File "/usr/lib/python3.12/socket.py", line 295, in accept
OSError: [Errno 24] Too many open files
2026-04-08 22:01:21,476 - distributed.worker - WARNING - Mismatched versions found

+-------------+---------------------------------------------+-----------+----------+
| Package     | Worker-b55ede00-d9f2-45af-80c8-0264ad2a4b3f | Scheduler | Workers  |
+-------------+---------------------------------------------+-----------+----------+
| cloudpickle | 3.1.1                                       | None      | 3.1.1    |
| dask        | 2025.9.1                                    | None      | 2025.9.1 |
| distributed | 2025.9.1                                    | None      | 2025.9.1 |
| lz4         | 4.3.2                                       | None      | 4.3.2    |
| msgpack     | 1.1.1                                       | None      | 1.1.1    |
| toolz       | 1.0.0                                       | None      | 1.0.0    |
| tornado     | 6.5.1                                       | None      | 6.5.1    |
+-------------+---------------------------------------------+-----------+----------+
Exception in callback BaseAsyncIOLoop._handle_events(7, 1)
handle: <Handle BaseAsyncIOLoop._handle_events(7, 1)>
Traceback (most recent call last):
  File "/usr/lib/python3.12/asyncio/events.py", line 88, in _run
  File "/home/Shared/UniBe-swiss-ndvi/GitHub/swiss-ndvi-processing/.venv/lib/python3.12/site-packages/tornado/platform/asyncio.py", line 208, in _handle_events
  File "/home/Shared/UniBe-swiss-ndvi/GitHub/swiss-ndvi-processing/.venv/lib/python3.12/site-packages/tornado/netutil.py", line 273, in accept_handler
  File "/usr/lib/python3.12/socket.py", line 295, in accept
OSError: [Errno 24] Too many open files
Exception in callback BaseAsyncIOLoop._handle_events(7, 1)
handle: <Handle BaseAsyncIOLoop._handle_events(7, 1)>
Traceback (most recent call last):
  File "/usr/lib/python3.12/asyncio/events.py", line 88, in _run
  File "/home/Shared/UniBe-swiss-ndvi/GitHub/swiss-ndvi-processing/.venv/lib/python3.12/site-packages/tornado/platform/asyncio.py", line 208, in _handle_events
  File "/home/Shared/UniBe-swiss-ndvi/GitHub/swiss-ndvi-processing/.venv/lib/python3.12/site-packages/tornado/netutil.py", line 273, in accept_handler
  File "/usr/lib/python3.12/socket.py", line 295, in accept
OSError: [Errno 24] Too many open files
Exception in callback BaseAsyncIOLoop._handle_events(7, 1)
handle: <Handle BaseAsyncIOLoop._handle_events(7, 1)>
Traceback (most recent call last):
  File "/usr/lib/python3.12/asyncio/events.py", line 88, in _run
  File "/home/Shared/UniBe-swiss-ndvi/GitHub/swiss-ndvi-processing/.venv/lib/python3.12/site-packages/tornado/platform/asyncio.py", line 208, in _handle_events
  File "/home/Shared/UniBe-swiss-ndvi/GitHub/swiss-ndvi-processing/.venv/lib/python3.12/site-packages/tornado/netutil.py", line 273, in accept_handler
  File "/usr/lib/python3.12/socket.py", line 295, in accept
OSError: [Errno 24] Too many open files
Exception in callback BaseAsyncIOLoop._handle_events(7, 1)
handle: <Handle BaseAsyncIOLoop._handle_events(7, 1)>
Traceback (most recent call last):
  File "/usr/lib/python3.12/asyncio/events.py", line 88, in _run
  File "/home/Shared/UniBe-swiss-ndvi/GitHub/swiss-ndvi-processing/.venv/lib/python3.12/site-packages/tornado/platform/asyncio.py", line 208, in _handle_events
  File "/home/Shared/UniBe-swiss-ndvi/GitHub/swiss-ndvi-processing/.venv/lib/python3.12/site-packages/tornado/netutil.py", line 273, in accept_handler
  File "/usr/lib/python3.12/socket.py", line 295, in accept
OSError: [Errno 24] Too many open files
Exception in callback BaseAsyncIOLoop._handle_events(7, 1)
handle: <Handle BaseAsyncIOLoop._handle_events(7, 1)>
Traceback (most recent call last):
  File "/usr/lib/python3.12/asyncio/events.py", line 88, in _run
  File "/home/Shared/UniBe-swiss-ndvi/GitHub/swiss-ndvi-processing/.venv/lib/python3.12/site-packages/tornado/platform/asyncio.py", line 208, in _handle_events
  File "/home/Shared/UniBe-swiss-ndvi/GitHub/swiss-ndvi-processing/.venv/lib/python3.12/site-packages/tornado/netutil.py", line 273, in accept_handler
  File "/usr/lib/python3.12/socket.py", line 295, in accept
OSError: [Errno 24] Too many open files
Exception in callback BaseAsyncIOLoop._handle_events(7, 1)
handle: <Handle BaseAsyncIOLoop._handle_events(7, 1)>
Traceback (most recent call last):
  File "/usr/lib/python3.12/asyncio/events.py", line 88, in _run
  File "/home/Shared/UniBe-swiss-ndvi/GitHub/swiss-ndvi-processing/.venv/lib/python3.12/site-packages/tornado/platform/asyncio.py", line 208, in _handle_events
  File "/home/Shared/UniBe-swiss-ndvi/GitHub/swiss-ndvi-processing/.venv/lib/python3.12/site-packages/tornado/netutil.py", line 273, in accept_handler
  File "/usr/lib/python3.12/socket.py", line 295, in accept
OSError: [Errno 24] Too many open files
Exception in callback BaseAsyncIOLoop._handle_events(7, 1)
handle: <Handle BaseAsyncIOLoop._handle_events(7, 1)>
Traceback (most recent call last):
  File "/usr/lib/python3.12/asyncio/events.py", line 88, in _run
  File "/home/Shared/UniBe-swiss-ndvi/GitHub/swiss-ndvi-processing/.venv/lib/python3.12/site-packages/tornado/platform/asyncio.py", line 208, in _handle_events
  File "/home/Shared/UniBe-swiss-ndvi/GitHub/swiss-ndvi-processing/.venv/lib/python3.12/site-packages/tornado/netutil.py", line 273, in accept_handler
  File "/usr/lib/python3.12/socket.py", line 295, in accept
OSError: [Errno 24] Too many open files
Exception in callback BaseAsyncIOLoop._handle_events(7, 1)
handle: <Handle BaseAsyncIOLoop._handle_events(7, 1)>
Traceback (most recent call last):
  File "/usr/lib/python3.12/asyncio/events.py", line 88, in _run
  File "/home/Shared/UniBe-swiss-ndvi/GitHub/swiss-ndvi-processing/.venv/lib/python3.12/site-packages/tornado/platform/asyncio.py", line 208, in _handle_events
  File "/home/Shared/UniBe-swiss-ndvi/GitHub/swiss-ndvi-processing/.venv/lib/python3.12/site-packages/tornado/netutil.py", line 273, in accept_handler
  File "/usr/lib/python3.12/socket.py", line 295, in accept
OSError: [Errno 24] Too many open files
Exception in callback BaseAsyncIOLoop._handle_events(7, 1)
handle: <Handle BaseAsyncIOLoop._handle_events(7, 1)>
Traceback (most recent call last):
  File "/usr/lib/python3.12/asyncio/events.py", line 88, in _run
  File "/home/Shared/UniBe-swiss-ndvi/GitHub/swiss-ndvi-processing/.venv/lib/python3.12/site-packages/tornado/platform/asyncio.py", line 208, in _handle_events
  File "/home/Shared/UniBe-swiss-ndvi/GitHub/swiss-ndvi-processing/.venv/lib/python3.12/site-packages/tornado/netutil.py", line 273, in accept_handler
  File "/usr/lib/python3.12/socket.py", line 295, in accept
OSError: [Errno 24] Too many open files
Exception in callback BaseAsyncIOLoop._handle_events(7, 1)
handle: <Handle BaseAsyncIOLoop._handle_events(7, 1)>
Traceback (most recent call last):
  File "/usr/lib/python3.12/asyncio/events.py", line 88, in _run
  File "/home/Shared/UniBe-swiss-ndvi/GitHub/swiss-ndvi-processing/.venv/lib/python3.12/site-packages/tornado/platform/asyncio.py", line 208, in _handle_events
  File "/home/Shared/UniBe-swiss-ndvi/GitHub/swiss-ndvi-processing/.venv/lib/python3.12/site-packages/tornado/netutil.py", line 273, in accept_handler
  File "/usr/lib/python3.12/socket.py", line 295, in accept
OSError: [Errno 24] Too many open files
Exception in callback BaseAsyncIOLoop._handle_events(7, 1)
handle: <Handle BaseAsyncIOLoop._handle_events(7, 1)>
Traceback (most recent call last):
  File "/usr/lib/python3.12/asyncio/events.py", line 88, in _run
  File "/home/Shared/UniBe-swiss-ndvi/GitHub/swiss-ndvi-processing/.venv/lib/python3.12/site-packages/tornado/platform/asyncio.py", line 208, in _handle_events
  File "/home/Shared/UniBe-swiss-ndvi/GitHub/swiss-ndvi-processing/.venv/lib/python3.12/site-packages/tornado/netutil.py", line 273, in accept_handler
  File "/usr/lib/python3.12/socket.py", line 295, in accept
OSError: [Errno 24] Too many open files
Exception in callback BaseAsyncIOLoop._handle_events(7, 1)
handle: <Handle BaseAsyncIOLoop._handle_events(7, 1)>
Traceback (most recent call last):
  File "/usr/lib/python3.12/asyncio/events.py", line 88, in _run
  File "/home/Shared/UniBe-swiss-ndvi/GitHub/swiss-ndvi-processing/.venv/lib/python3.12/site-packages/tornado/platform/asyncio.py", line 208, in _handle_events
  File "/home/Shared/UniBe-swiss-ndvi/GitHub/swiss-ndvi-processing/.venv/lib/python3.12/site-packages/tornado/netutil.py", line 273, in accept_handler
  File "/usr/lib/python3.12/socket.py", line 295, in accept
OSError: [Errno 24] Too many open files
Exception in callback BaseAsyncIOLoop._handle_events(7, 1)
handle: <Handle BaseAsyncIOLoop._handle_events(7, 1)>
Traceback (most recent call last):
  File "/usr/lib/python3.12/asyncio/events.py", line 88, in _run
  File "/home/Shared/UniBe-swiss-ndvi/GitHub/swiss-ndvi-processing/.venv/lib/python3.12/site-packages/tornado/platform/asyncio.py", line 208, in _handle_events
  File "/home/Shared/UniBe-swiss-ndvi/GitHub/swiss-ndvi-processing/.venv/lib/python3.12/site-packages/tornado/netutil.py", line 273, in accept_handler
  File "/usr/lib/python3.12/socket.py", line 295, in accept
OSError: [Errno 24] Too many open files
Exception in callback BaseAsyncIOLoop._handle_events(7, 1)
handle: <Handle BaseAsyncIOLoop._handle_events(7, 1)>
Traceback (most recent call last):
  File "/usr/lib/python3.12/asyncio/events.py", line 88, in _run
  File "/home/Shared/UniBe-swiss-ndvi/GitHub/swiss-ndvi-processing/.venv/lib/python3.12/site-packages/tornado/platform/asyncio.py", line 208, in _handle_events
  File "/home/Shared/UniBe-swiss-ndvi/GitHub/swiss-ndvi-processing/.venv/lib/python3.12/site-packages/tornado/netutil.py", line 273, in accept_handler
  File "/usr/lib/python3.12/socket.py", line 295, in accept
OSError: [Errno 24] Too many open files
Exception in callback BaseAsyncIOLoop._handle_events(7, 1)
handle: <Handle BaseAsyncIOLoop._handle_events(7, 1)>
Traceback (most recent call last):
  File "/usr/lib/python3.12/asyncio/events.py", line 88, in _run
  File "/home/Shared/UniBe-swiss-ndvi/GitHub/swiss-ndvi-processing/.venv/lib/python3.12/site-packages/tornado/platform/asyncio.py", line 208, in _handle_events
  File "/home/Shared/UniBe-swiss-ndvi/GitHub/swiss-ndvi-processing/.venv/lib/python3.12/site-packages/tornado/netutil.py", line 273, in accept_handler
  File "/usr/lib/python3.12/socket.py", line 295, in accept
OSError: [Errno 24] Too many open files
Exception in callback BaseAsyncIOLoop._handle_events(7, 1)
handle: <Handle BaseAsyncIOLoop._handle_events(7, 1)>
Traceback (most recent call last):
  File "/usr/lib/python3.12/asyncio/events.py", line 88, in _run
  File "/home/Shared/UniBe-swiss-ndvi/GitHub/swiss-ndvi-processing/.venv/lib/python3.12/site-packages/tornado/platform/asyncio.py", line 208, in _handle_events
  File "/home/Shared/UniBe-swiss-ndvi/GitHub/swiss-ndvi-processing/.venv/lib/python3.12/site-packages/tornado/netutil.py", line 273, in accept_handler
  File "/usr/lib/python3.12/socket.py", line 295, in accept
OSError: [Errno 24] Too many open files
Exception in callback BaseAsyncIOLoop._handle_events(7, 1)
handle: <Handle BaseAsyncIOLoop._handle_events(7, 1)>
Traceback (most recent call last):
  File "/usr/lib/python3.12/asyncio/events.py", line 88, in _run
  File "/home/Shared/UniBe-swiss-ndvi/GitHub/swiss-ndvi-processing/.venv/lib/python3.12/site-packages/tornado/platform/asyncio.py", line 208, in _handle_events
  File "/home/Shared/UniBe-swiss-ndvi/GitHub/swiss-ndvi-processing/.venv/lib/python3.12/site-packages/tornado/netutil.py", line 273, in accept_handler
  File "/usr/lib/python3.12/socket.py", line 295, in accept
OSError: [Errno 24] Too many open files
Exception in callback BaseAsyncIOLoop._handle_events(7, 1)
handle: <Handle BaseAsyncIOLoop._handle_events(7, 1)>
Traceback (most recent call last):
  File "/usr/lib/python3.12/asyncio/events.py", line 88, in _run
  File "/home/Shared/UniBe-swiss-ndvi/GitHub/swiss-ndvi-processing/.venv/lib/python3.12/site-packages/tornado/platform/asyncio.py", line 208, in _handle_events
  File "/home/Shared/UniBe-swiss-ndvi/GitHub/swiss-ndvi-processing/.venv/lib/python3.12/site-packages/tornado/netutil.py", line 273, in accept_handler
  File "/usr/lib/python3.12/socket.py", line 295, in accept
OSError: [Errno 24] Too many open files
Exception in callback BaseAsyncIOLoop._handle_events(7, 1)
handle: <Handle BaseAsyncIOLoop._handle_events(7, 1)>
Traceback (most recent call last):
  File "/usr/lib/python3.12/asyncio/events.py", line 88, in _run
  File "/home/Shared/UniBe-swiss-ndvi/GitHub/swiss-ndvi-processing/.venv/lib/python3.12/site-packages/tornado/platform/asyncio.py", line 208, in _handle_events
  File "/home/Shared/UniBe-swiss-ndvi/GitHub/swiss-ndvi-processing/.venv/lib/python3.12/site-packages/tornado/netutil.py", line 273, in accept_handler
  File "/usr/lib/python3.12/socket.py", line 295, in accept
OSError: [Errno 24] Too many open files
Exception in callback BaseAsyncIOLoop._handle_events(7, 1)
handle: <Handle BaseAsyncIOLoop._handle_events(7, 1)>
Traceback (most recent call last):
  File "/usr/lib/python3.12/asyncio/events.py", line 88, in _run
  File "/home/Shared/UniBe-swiss-ndvi/GitHub/swiss-ndvi-processing/.venv/lib/python3.12/site-packages/tornado/platform/asyncio.py", line 208, in _handle_events
  File "/home/Shared/UniBe-swiss-ndvi/GitHub/swiss-ndvi-processing/.venv/lib/python3.12/site-packages/tornado/netutil.py", line 273, in accept_handler
  File "/usr/lib/python3.12/socket.py", line 295, in accept
OSError: [Errno 24] Too many open files
Exception in callback BaseAsyncIOLoop._handle_events(7, 1)
handle: <Handle BaseAsyncIOLoop._handle_events(7, 1)>
Traceback (most recent call last):
  File "/usr/lib/python3.12/asyncio/events.py", line 88, in _run
  File "/home/Shared/UniBe-swiss-ndvi/GitHub/swiss-ndvi-processing/.venv/lib/python3.12/site-packages/tornado/platform/asyncio.py", line 208, in _handle_events
  File "/home/Shared/UniBe-swiss-ndvi/GitHub/swiss-ndvi-processing/.venv/lib/python3.12/site-packages/tornado/netutil.py", line 273, in accept_handler
  File "/usr/lib/python3.12/socket.py", line 295, in accept
OSError: [Errno 24] Too many open files
Exception in callback BaseAsyncIOLoop._handle_events(7, 1)
handle: <Handle BaseAsyncIOLoop._handle_events(7, 1)>
Traceback (most recent call last):
  File "/usr/lib/python3.12/asyncio/events.py", line 88, in _run
  File "/home/Shared/UniBe-swiss-ndvi/GitHub/swiss-ndvi-processing/.venv/lib/python3.12/site-packages/tornado/platform/asyncio.py", line 208, in _handle_events
  File "/home/Shared/UniBe-swiss-ndvi/GitHub/swiss-ndvi-processing/.venv/lib/python3.12/site-packages/tornado/netutil.py", line 273, in accept_handler
  File "/usr/lib/python3.12/socket.py", line 295, in accept
OSError: [Errno 24] Too many open files
Exception in callback BaseAsyncIOLoop._handle_events(7, 1)
handle: <Handle BaseAsyncIOLoop._handle_events(7, 1)>
Traceback (most recent call last):
  File "/usr/lib/python3.12/asyncio/events.py", line 88, in _run
  File "/home/Shared/UniBe-swiss-ndvi/GitHub/swiss-ndvi-processing/.venv/lib/python3.12/site-packages/tornado/platform/asyncio.py", line 208, in _handle_events
  File "/home/Shared/UniBe-swiss-ndvi/GitHub/swiss-ndvi-processing/.venv/lib/python3.12/site-packages/tornado/netutil.py", line 273, in accept_handler
  File "/usr/lib/python3.12/socket.py", line 295, in accept
OSError: [Errno 24] Too many open files
Exception in callback BaseAsyncIOLoop._handle_events(7, 1)
handle: <Handle BaseAsyncIOLoop._handle_events(7, 1)>
Traceback (most recent call last):
  File "/usr/lib/python3.12/asyncio/events.py", line 88, in _run
  File "/home/Shared/UniBe-swiss-ndvi/GitHub/swiss-ndvi-processing/.venv/lib/python3.12/site-packages/tornado/platform/asyncio.py", line 208, in _handle_events
  File "/home/Shared/UniBe-swiss-ndvi/GitHub/swiss-ndvi-processing/.venv/lib/python3.12/site-packages/tornado/netutil.py", line 273, in accept_handler
  File "/usr/lib/python3.12/socket.py", line 295, in accept
OSError: [Errno 24] Too many open files
Exception in callback BaseAsyncIOLoop._handle_events(7, 1)
handle: <Handle BaseAsyncIOLoop._handle_events(7, 1)>
Traceback (most recent call last):
  File "/usr/lib/python3.12/asyncio/events.py", line 88, in _run
  File "/home/Shared/UniBe-swiss-ndvi/GitHub/swiss-ndvi-processing/.venv/lib/python3.12/site-packages/tornado/platform/asyncio.py", line 208, in _handle_events
  File "/home/Shared/UniBe-swiss-ndvi/GitHub/swiss-ndvi-processing/.venv/lib/python3.12/site-packages/tornado/netutil.py", line 273, in accept_handler
  File "/usr/lib/python3.12/socket.py", line 295, in accept
OSError: [Errno 24] Too many open files
Exception in callback BaseAsyncIOLoop._handle_events(7, 1)
handle: <Handle BaseAsyncIOLoop._handle_events(7, 1)>
Traceback (most recent call last):
  File "/usr/lib/python3.12/asyncio/events.py", line 88, in _run
  File "/home/Shared/UniBe-swiss-ndvi/GitHub/swiss-ndvi-processing/.venv/lib/python3.12/site-packages/tornado/platform/asyncio.py", line 208, in _handle_events
  File "/home/Shared/UniBe-swiss-ndvi/GitHub/swiss-ndvi-processing/.venv/lib/python3.12/site-packages/tornado/netutil.py", line 273, in accept_handler
  File "/usr/lib/python3.12/socket.py", line 295, in accept
OSError: [Errno 24] Too many open files
Exception in callback BaseAsyncIOLoop._handle_events(7, 1)
handle: <Handle BaseAsyncIOLoop._handle_events(7, 1)>
Traceback (most recent call last):
  File "/usr/lib/python3.12/asyncio/events.py", line 88, in _run
  File "/home/Shared/UniBe-swiss-ndvi/GitHub/swiss-ndvi-processing/.venv/lib/python3.12/site-packages/tornado/platform/asyncio.py", line 208, in _handle_events
  File "/home/Shared/UniBe-swiss-ndvi/GitHub/swiss-ndvi-processing/.venv/lib/python3.12/site-packages/tornado/netutil.py", line 273, in accept_handler
  File "/usr/lib/python3.12/socket.py", line 295, in accept
OSError: [Errno 24] Too many open files
Exception in callback BaseAsyncIOLoop._handle_events(7, 1)
handle: <Handle BaseAsyncIOLoop._handle_events(7, 1)>
Traceback (most recent call last):
  File "/usr/lib/python3.12/asyncio/events.py", line 88, in _run
  File "/home/Shared/UniBe-swiss-ndvi/GitHub/swiss-ndvi-processing/.venv/lib/python3.12/site-packages/tornado/platform/asyncio.py", line 208, in _handle_events
  File "/home/Shared/UniBe-swiss-ndvi/GitHub/swiss-ndvi-processing/.venv/lib/python3.12/site-packages/tornado/netutil.py", line 273, in accept_handler
  File "/usr/lib/python3.12/socket.py", line 295, in accept
OSError: [Errno 24] Too many open files
Exception in callback BaseAsyncIOLoop._handle_events(7, 1)
handle: <Handle BaseAsyncIOLoop._handle_events(7, 1)>
Traceback (most recent call last):
  File "/usr/lib/python3.12/asyncio/events.py", line 88, in _run
  File "/home/Shared/UniBe-swiss-ndvi/GitHub/swiss-ndvi-processing/.venv/lib/python3.12/site-packages/tornado/platform/asyncio.py", line 208, in _handle_events
  File "/home/Shared/UniBe-swiss-ndvi/GitHub/swiss-ndvi-processing/.venv/lib/python3.12/site-packages/tornado/netutil.py", line 273, in accept_handler
  File "/usr/lib/python3.12/socket.py", line 295, in accept
OSError: [Errno 24] Too many open files
Exception in callback BaseAsyncIOLoop._handle_events(7, 1)
handle: <Handle BaseAsyncIOLoop._handle_events(7, 1)>
Traceback (most recent call last):
  File "/usr/lib/python3.12/asyncio/events.py", line 88, in _run
  File "/home/Shared/UniBe-swiss-ndvi/GitHub/swiss-ndvi-processing/.venv/lib/python3.12/site-packages/tornado/platform/asyncio.py", line 208, in _handle_events
  File "/home/Shared/UniBe-swiss-ndvi/GitHub/swiss-ndvi-processing/.venv/lib/python3.12/site-packages/tornado/netutil.py", line 273, in accept_handler
  File "/usr/lib/python3.12/socket.py", line 295, in accept
OSError: [Errno 24] Too many open files
Exception in callback BaseAsyncIOLoop._handle_events(7, 1)
handle: <Handle BaseAsyncIOLoop._handle_events(7, 1)>
Traceback (most recent call last):
  File "/usr/lib/python3.12/asyncio/events.py", line 88, in _run
  File "/home/Shared/UniBe-swiss-ndvi/GitHub/swiss-ndvi-processing/.venv/lib/python3.12/site-packages/tornado/platform/asyncio.py", line 208, in _handle_events
  File "/home/Shared/UniBe-swiss-ndvi/GitHub/swiss-ndvi-processing/.venv/lib/python3.12/site-packages/tornado/netutil.py", line 273, in accept_handler
  File "/usr/lib/python3.12/socket.py", line 295, in accept
OSError: [Errno 24] Too many open files
Exception in callback BaseAsyncIOLoop._handle_events(7, 1)
handle: <Handle BaseAsyncIOLoop._handle_events(7, 1)>
Traceback (most recent call last):
  File "/usr/lib/python3.12/asyncio/events.py", line 88, in _run
  File "/home/Shared/UniBe-swiss-ndvi/GitHub/swiss-ndvi-processing/.venv/lib/python3.12/site-packages/tornado/platform/asyncio.py", line 208, in _handle_events
  File "/home/Shared/UniBe-swiss-ndvi/GitHub/swiss-ndvi-processing/.venv/lib/python3.12/site-packages/tornado/netutil.py", line 273, in accept_handler
  File "/usr/lib/python3.12/socket.py", line 295, in accept
OSError: [Errno 24] Too many open files
Exception in callback BaseAsyncIOLoop._handle_events(7, 1)
handle: <Handle BaseAsyncIOLoop._handle_events(7, 1)>
Traceback (most recent call last):
  File "/usr/lib/python3.12/asyncio/events.py", line 88, in _run
  File "/home/Shared/UniBe-swiss-ndvi/GitHub/swiss-ndvi-processing/.venv/lib/python3.12/site-packages/tornado/platform/asyncio.py", line 208, in _handle_events
  File "/home/Shared/UniBe-swiss-ndvi/GitHub/swiss-ndvi-processing/.venv/lib/python3.12/site-packages/tornado/netutil.py", line 273, in accept_handler
  File "/usr/lib/python3.12/socket.py", line 295, in accept
OSError: [Errno 24] Too many open files
Exception in callback BaseAsyncIOLoop._handle_events(7, 1)
handle: <Handle BaseAsyncIOLoop._handle_events(7, 1)>
Traceback (most recent call last):
  File "/usr/lib/python3.12/asyncio/events.py", line 88, in _run
  File "/home/Shared/UniBe-swiss-ndvi/GitHub/swiss-ndvi-processing/.venv/lib/python3.12/site-packages/tornado/platform/asyncio.py", line 208, in _handle_events
  File "/home/Shared/UniBe-swiss-ndvi/GitHub/swiss-ndvi-processing/.venv/lib/python3.12/site-packages/tornado/netutil.py", line 273, in accept_handler
  File "/usr/lib/python3.12/socket.py", line 295, in accept
OSError: [Errno 24] Too many open files
Exception in callback BaseAsyncIOLoop._handle_events(7, 1)
handle: <Handle BaseAsyncIOLoop._handle_events(7, 1)>
Traceback (most recent call last):
  File "/usr/lib/python3.12/asyncio/events.py", line 88, in _run
  File "/home/Shared/UniBe-swiss-ndvi/GitHub/swiss-ndvi-processing/.venv/lib/python3.12/site-packages/tornado/platform/asyncio.py", line 208, in _handle_events
  File "/home/Shared/UniBe-swiss-ndvi/GitHub/swiss-ndvi-processing/.venv/lib/python3.12/site-packages/tornado/netutil.py", line 273, in accept_handler
  File "/usr/lib/python3.12/socket.py", line 295, in accept
OSError: [Errno 24] Too many open files
Exception in callback BaseAsyncIOLoop._handle_events(7, 1)
handle: <Handle BaseAsyncIOLoop._handle_events(7, 1)>
Traceback (most recent call last):
  File "/usr/lib/python3.12/asyncio/events.py", line 88, in _run
  File "/home/Shared/UniBe-swiss-ndvi/GitHub/swiss-ndvi-processing/.venv/lib/python3.12/site-packages/tornado/platform/asyncio.py", line 208, in _handle_events
  File "/home/Shared/UniBe-swiss-ndvi/GitHub/swiss-ndvi-processing/.venv/lib/python3.12/site-packages/tornado/netutil.py", line 273, in accept_handler
  File "/usr/lib/python3.12/socket.py", line 295, in accept
OSError: [Errno 24] Too many open files
Exception in callback BaseAsyncIOLoop._handle_events(7, 1)
handle: <Handle BaseAsyncIOLoop._handle_events(7, 1)>
Traceback (most recent call last):
  File "/usr/lib/python3.12/asyncio/events.py", line 88, in _run
  File "/home/Shared/UniBe-swiss-ndvi/GitHub/swiss-ndvi-processing/.venv/lib/python3.12/site-packages/tornado/platform/asyncio.py", line 208, in _handle_events
  File "/home/Shared/UniBe-swiss-ndvi/GitHub/swiss-ndvi-processing/.venv/lib/python3.12/site-packages/tornado/netutil.py", line 273, in accept_handler
  File "/usr/lib/python3.12/socket.py", line 295, in accept
OSError: [Errno 24] Too many open files
Exception in callback BaseAsyncIOLoop._handle_events(7, 1)
handle: <Handle BaseAsyncIOLoop._handle_events(7, 1)>
Traceback (most recent call last):
  File "/usr/lib/python3.12/asyncio/events.py", line 88, in _run
  File "/home/Shared/UniBe-swiss-ndvi/GitHub/swiss-ndvi-processing/.venv/lib/python3.12/site-packages/tornado/platform/asyncio.py", line 208, in _handle_events
  File "/home/Shared/UniBe-swiss-ndvi/GitHub/swiss-ndvi-processing/.venv/lib/python3.12/site-packages/tornado/netutil.py", line 273, in accept_handler
  File "/usr/lib/python3.12/socket.py", line 295, in accept
OSError: [Errno 24] Too many open files
Exception in callback BaseAsyncIOLoop._handle_events(7, 1)
handle: <Handle BaseAsyncIOLoop._handle_events(7, 1)>
Traceback (most recent call last):
  File "/usr/lib/python3.12/asyncio/events.py", line 88, in _run
  File "/home/Shared/UniBe-swiss-ndvi/GitHub/swiss-ndvi-processing/.venv/lib/python3.12/site-packages/tornado/platform/asyncio.py", line 208, in _handle_events
  File "/home/Shared/UniBe-swiss-ndvi/GitHub/swiss-ndvi-processing/.venv/lib/python3.12/site-packages/tornado/netutil.py", line 273, in accept_handler
  File "/usr/lib/python3.12/socket.py", line 295, in accept
OSError: [Errno 24] Too many open files
Exception in callback BaseAsyncIOLoop._handle_events(7, 1)
handle: <Handle BaseAsyncIOLoop._handle_events(7, 1)>
Traceback (most recent call last):
  File "/usr/lib/python3.12/asyncio/events.py", line 88, in _run
  File "/home/Shared/UniBe-swiss-ndvi/GitHub/swiss-ndvi-processing/.venv/lib/python3.12/site-packages/tornado/platform/asyncio.py", line 208, in _handle_events
  File "/home/Shared/UniBe-swiss-ndvi/GitHub/swiss-ndvi-processing/.venv/lib/python3.12/site-packages/tornado/netutil.py", line 273, in accept_handler
  File "/usr/lib/python3.12/socket.py", line 295, in accept
OSError: [Errno 24] Too many open files
Exception in callback BaseAsyncIOLoop._handle_events(7, 1)
handle: <Handle BaseAsyncIOLoop._handle_events(7, 1)>
Traceback (most recent call last):
  File "/usr/lib/python3.12/asyncio/events.py", line 88, in _run
  File "/home/Shared/UniBe-swiss-ndvi/GitHub/swiss-ndvi-processing/.venv/lib/python3.12/site-packages/tornado/platform/asyncio.py", line 208, in _handle_events
  File "/home/Shared/UniBe-swiss-ndvi/GitHub/swiss-ndvi-processing/.venv/lib/python3.12/site-packages/tornado/netutil.py", line 273, in accept_handler
  File "/usr/lib/python3.12/socket.py", line 295, in accept
OSError: [Errno 24] Too many open files
Exception in callback BaseAsyncIOLoop._handle_events(7, 1)
handle: <Handle BaseAsyncIOLoop._handle_events(7, 1)>
Traceback (most recent call last):
  File "/usr/lib/python3.12/asyncio/events.py", line 88, in _run
  File "/home/Shared/UniBe-swiss-ndvi/GitHub/swiss-ndvi-processing/.venv/lib/python3.12/site-packages/tornado/platform/asyncio.py", line 208, in _handle_events
  File "/home/Shared/UniBe-swiss-ndvi/GitHub/swiss-ndvi-processing/.venv/lib/python3.12/site-packages/tornado/netutil.py", line 273, in accept_handler
  File "/usr/lib/python3.12/socket.py", line 295, in accept
OSError: [Errno 24] Too many open files
Exception in callback BaseAsyncIOLoop._handle_events(7, 1)
handle: <Handle BaseAsyncIOLoop._handle_events(7, 1)>
Traceback (most recent call last):
  File "/usr/lib/python3.12/asyncio/events.py", line 88, in _run
  File "/home/Shared/UniBe-swiss-ndvi/GitHub/swiss-ndvi-processing/.venv/lib/python3.12/site-packages/tornado/platform/asyncio.py", line 208, in _handle_events
  File "/home/Shared/UniBe-swiss-ndvi/GitHub/swiss-ndvi-processing/.venv/lib/python3.12/site-packages/tornado/netutil.py", line 273, in accept_handler
  File "/usr/lib/python3.12/socket.py", line 295, in accept
OSError: [Errno 24] Too many open files
Exception in callback BaseAsyncIOLoop._handle_events(7, 1)
handle: <Handle BaseAsyncIOLoop._handle_events(7, 1)>
Traceback (most recent call last):
  File "/usr/lib/python3.12/asyncio/events.py", line 88, in _run
  File "/home/Shared/UniBe-swiss-ndvi/GitHub/swiss-ndvi-processing/.venv/lib/python3.12/site-packages/tornado/platform/asyncio.py", line 208, in _handle_events
  File "/home/Shared/UniBe-swiss-ndvi/GitHub/swiss-ndvi-processing/.venv/lib/python3.12/site-packages/tornado/netutil.py", line 273, in accept_handler
  File "/usr/lib/python3.12/socket.py", line 295, in accept
OSError: [Errno 24] Too many open files
Exception in callback BaseAsyncIOLoop._handle_events(7, 1)
handle: <Handle BaseAsyncIOLoop._handle_events(7, 1)>
Traceback (most recent call last):
  File "/usr/lib/python3.12/asyncio/events.py", line 88, in _run
  File "/home/Shared/UniBe-swiss-ndvi/GitHub/swiss-ndvi-processing/.venv/lib/python3.12/site-packages/tornado/platform/asyncio.py", line 208, in _handle_events
  File "/home/Shared/UniBe-swiss-ndvi/GitHub/swiss-ndvi-processing/.venv/lib/python3.12/site-packages/tornado/netutil.py", line 273, in accept_handler
  File "/usr/lib/python3.12/socket.py", line 295, in accept
OSError: [Errno 24] Too many open files
Exception in callback BaseAsyncIOLoop._handle_events(7, 1)
handle: <Handle BaseAsyncIOLoop._handle_events(7, 1)>
Traceback (most recent call last):
  File "/usr/lib/python3.12/asyncio/events.py", line 88, in _run
  File "/home/Shared/UniBe-swiss-ndvi/GitHub/swiss-ndvi-processing/.venv/lib/python3.12/site-packages/tornado/platform/asyncio.py", line 208, in _handle_events
  File "/home/Shared/UniBe-swiss-ndvi/GitHub/swiss-ndvi-processing/.venv/lib/python3.12/site-packages/tornado/netutil.py", line 273, in accept_handler
  File "/usr/lib/python3.12/socket.py", line 295, in accept
OSError: [Errno 24] Too many open files
Exception in callback BaseAsyncIOLoop._handle_events(7, 1)
handle: <Handle BaseAsyncIOLoop._handle_events(7, 1)>
Traceback (most recent call last):
  File "/usr/lib/python3.12/asyncio/events.py", line 88, in _run
  File "/home/Shared/UniBe-swiss-ndvi/GitHub/swiss-ndvi-processing/.venv/lib/python3.12/site-packages/tornado/platform/asyncio.py", line 208, in _handle_events
  File "/home/Shared/UniBe-swiss-ndvi/GitHub/swiss-ndvi-processing/.venv/lib/python3.12/site-packages/tornado/netutil.py", line 273, in accept_handler
  File "/usr/lib/python3.12/socket.py", line 295, in accept
OSError: [Errno 24] Too many open files
Exception in callback BaseAsyncIOLoop._handle_events(7, 1)
handle: <Handle BaseAsyncIOLoop._handle_events(7, 1)>
Traceback (most recent call last):
  File "/usr/lib/python3.12/asyncio/events.py", line 88, in _run
  File "/home/Shared/UniBe-swiss-ndvi/GitHub/swiss-ndvi-processing/.venv/lib/python3.12/site-packages/tornado/platform/asyncio.py", line 208, in _handle_events
  File "/home/Shared/UniBe-swiss-ndvi/GitHub/swiss-ndvi-processing/.venv/lib/python3.12/site-packages/tornado/netutil.py", line 273, in accept_handler
  File "/usr/lib/python3.12/socket.py", line 295, in accept
OSError: [Errno 24] Too many open files
Exception in callback BaseAsyncIOLoop._handle_events(7, 1)
handle: <Handle BaseAsyncIOLoop._handle_events(7, 1)>
Traceback (most recent call last):
  File "/usr/lib/python3.12/asyncio/events.py", line 88, in _run
  File "/home/Shared/UniBe-swiss-ndvi/GitHub/swiss-ndvi-processing/.venv/lib/python3.12/site-packages/tornado/platform/asyncio.py", line 208, in _handle_events
  File "/home/Shared/UniBe-swiss-ndvi/GitHub/swiss-ndvi-processing/.venv/lib/python3.12/site-packages/tornado/netutil.py", line 273, in accept_handler
  File "/usr/lib/python3.12/socket.py", line 295, in accept
OSError: [Errno 24] Too many open files
Exception in callback BaseAsyncIOLoop._handle_events(7, 1)
handle: <Handle BaseAsyncIOLoop._handle_events(7, 1)>
Traceback (most recent call last):
  File "/usr/lib/python3.12/asyncio/events.py", line 88, in _run
  File "/home/Shared/UniBe-swiss-ndvi/GitHub/swiss-ndvi-processing/.venv/lib/python3.12/site-packages/tornado/platform/asyncio.py", line 208, in _handle_events
  File "/home/Shared/UniBe-swiss-ndvi/GitHub/swiss-ndvi-processing/.venv/lib/python3.12/site-packages/tornado/netutil.py", line 273, in accept_handler
  File "/usr/lib/python3.12/socket.py", line 295, in accept
OSError: [Errno 24] Too many open files
Exception in callback BaseAsyncIOLoop._handle_events(7, 1)
handle: <Handle BaseAsyncIOLoop._handle_events(7, 1)>
Traceback (most recent call last):
  File "/usr/lib/python3.12/asyncio/events.py", line 88, in _run
  File "/home/Shared/UniBe-swiss-ndvi/GitHub/swiss-ndvi-processing/.venv/lib/python3.12/site-packages/tornado/platform/asyncio.py", line 208, in _handle_events
  File "/home/Shared/UniBe-swiss-ndvi/GitHub/swiss-ndvi-processing/.venv/lib/python3.12/site-packages/tornado/netutil.py", line 273, in accept_handler
  File "/usr/lib/python3.12/socket.py", line 295, in accept
OSError: [Errno 24] Too many open files
Exception in callback BaseAsyncIOLoop._handle_events(7, 1)
handle: <Handle BaseAsyncIOLoop._handle_events(7, 1)>
Traceback (most recent call last):
  File "/usr/lib/python3.12/asyncio/events.py", line 88, in _run
  File "/home/Shared/UniBe-swiss-ndvi/GitHub/swiss-ndvi-processing/.venv/lib/python3.12/site-packages/tornado/platform/asyncio.py", line 208, in _handle_events
  File "/home/Shared/UniBe-swiss-ndvi/GitHub/swiss-ndvi-processing/.venv/lib/python3.12/site-packages/tornado/netutil.py", line 273, in accept_handler
  File "/usr/lib/python3.12/socket.py", line 295, in accept
OSError: [Errno 24] Too many open files
Exception in callback BaseAsyncIOLoop._handle_events(7, 1)
handle: <Handle BaseAsyncIOLoop._handle_events(7, 1)>
Traceback (most recent call last):
  File "/usr/lib/python3.12/asyncio/events.py", line 88, in _run
  File "/home/Shared/UniBe-swiss-ndvi/GitHub/swiss-ndvi-processing/.venv/lib/python3.12/site-packages/tornado/platform/asyncio.py", line 208, in _handle_events
  File "/home/Shared/UniBe-swiss-ndvi/GitHub/swiss-ndvi-processing/.venv/lib/python3.12/site-packages/tornado/netutil.py", line 273, in accept_handler
  File "/usr/lib/python3.12/socket.py", line 295, in accept
OSError: [Errno 24] Too many open files
Exception in callback BaseAsyncIOLoop._handle_events(7, 1)
handle: <Handle BaseAsyncIOLoop._handle_events(7, 1)>
Traceback (most recent call last):
  File "/usr/lib/python3.12/asyncio/events.py", line 88, in _run
  File "/home/Shared/UniBe-swiss-ndvi/GitHub/swiss-ndvi-processing/.venv/lib/python3.12/site-packages/tornado/platform/asyncio.py", line 208, in _handle_events
  File "/home/Shared/UniBe-swiss-ndvi/GitHub/swiss-ndvi-processing/.venv/lib/python3.12/site-packages/tornado/netutil.py", line 273, in accept_handler
  File "/usr/lib/python3.12/socket.py", line 295, in accept
OSError: [Errno 24] Too many open files
Exception in callback BaseAsyncIOLoop._handle_events(7, 1)
handle: <Handle BaseAsyncIOLoop._handle_events(7, 1)>
Traceback (most recent call last):
  File "/usr/lib/python3.12/asyncio/events.py", line 88, in _run
  File "/home/Shared/UniBe-swiss-ndvi/GitHub/swiss-ndvi-processing/.venv/lib/python3.12/site-packages/tornado/platform/asyncio.py", line 208, in _handle_events
  File "/home/Shared/UniBe-swiss-ndvi/GitHub/swiss-ndvi-processing/.venv/lib/python3.12/site-packages/tornado/netutil.py", line 273, in accept_handler
  File "/usr/lib/python3.12/socket.py", line 295, in accept
OSError: [Errno 24] Too many open files
Exception in callback BaseAsyncIOLoop._handle_events(7, 1)
handle: <Handle BaseAsyncIOLoop._handle_events(7, 1)>
Traceback (most recent call last):
  File "/usr/lib/python3.12/asyncio/events.py", line 88, in _run
  File "/home/Shared/UniBe-swiss-ndvi/GitHub/swiss-ndvi-processing/.venv/lib/python3.12/site-packages/tornado/platform/asyncio.py", line 208, in _handle_events
  File "/home/Shared/UniBe-swiss-ndvi/GitHub/swiss-ndvi-processing/.venv/lib/python3.12/site-packages/tornado/netutil.py", line 273, in accept_handler
  File "/usr/lib/python3.12/socket.py", line 295, in accept
OSError: [Errno 24] Too many open files
Exception in callback BaseAsyncIOLoop._handle_events(7, 1)
handle: <Handle BaseAsyncIOLoop._handle_events(7, 1)>
Traceback (most recent call last):
  File "/usr/lib/python3.12/asyncio/events.py", line 88, in _run
  File "/home/Shared/UniBe-swiss-ndvi/GitHub/swiss-ndvi-processing/.venv/lib/python3.12/site-packages/tornado/platform/asyncio.py", line 208, in _handle_events
  File "/home/Shared/UniBe-swiss-ndvi/GitHub/swiss-ndvi-processing/.venv/lib/python3.12/site-packages/tornado/netutil.py", line 273, in accept_handler
  File "/usr/lib/python3.12/socket.py", line 295, in accept
OSError: [Errno 24] Too many open files
Exception in callback BaseAsyncIOLoop._handle_events(7, 1)
handle: <Handle BaseAsyncIOLoop._handle_events(7, 1)>
Traceback (most recent call last):
  File "/usr/lib/python3.12/asyncio/events.py", line 88, in _run
  File "/home/Shared/UniBe-swiss-ndvi/GitHub/swiss-ndvi-processing/.venv/lib/python3.12/site-packages/tornado/platform/asyncio.py", line 208, in _handle_events
  File "/home/Shared/UniBe-swiss-ndvi/GitHub/swiss-ndvi-processing/.venv/lib/python3.12/site-packages/tornado/netutil.py", line 273, in accept_handler
  File "/usr/lib/python3.12/socket.py", line 295, in accept
OSError: [Errno 24] Too many open files
Exception in callback BaseAsyncIOLoop._handle_events(7, 1)
handle: <Handle BaseAsyncIOLoop._handle_events(7, 1)>
Traceback (most recent call last):
  File "/usr/lib/python3.12/asyncio/events.py", line 88, in _run
  File "/home/Shared/UniBe-swiss-ndvi/GitHub/swiss-ndvi-processing/.venv/lib/python3.12/site-packages/tornado/platform/asyncio.py", line 208, in _handle_events
  File "/home/Shared/UniBe-swiss-ndvi/GitHub/swiss-ndvi-processing/.venv/lib/python3.12/site-packages/tornado/netutil.py", line 273, in accept_handler
  File "/usr/lib/python3.12/socket.py", line 295, in accept
OSError: [Errno 24] Too many open files
Exception in callback BaseAsyncIOLoop._handle_events(7, 1)
handle: <Handle BaseAsyncIOLoop._handle_events(7, 1)>
Traceback (most recent call last):
  File "/usr/lib/python3.12/asyncio/events.py", line 88, in _run
  File "/home/Shared/UniBe-swiss-ndvi/GitHub/swiss-ndvi-processing/.venv/lib/python3.12/site-packages/tornado/platform/asyncio.py", line 208, in _handle_events
  File "/home/Shared/UniBe-swiss-ndvi/GitHub/swiss-ndvi-processing/.venv/lib/python3.12/site-packages/tornado/netutil.py", line 273, in accept_handler
  File "/usr/lib/python3.12/socket.py", line 295, in accept
OSError: [Errno 24] Too many open files
Exception in callback BaseAsyncIOLoop._handle_events(7, 1)
handle: <Handle BaseAsyncIOLoop._handle_events(7, 1)>
Traceback (most recent call last):
  File "/usr/lib/python3.12/asyncio/events.py", line 88, in _run
  File "/home/Shared/UniBe-swiss-ndvi/GitHub/swiss-ndvi-processing/.venv/lib/python3.12/site-packages/tornado/platform/asyncio.py", line 208, in _handle_events
  File "/home/Shared/UniBe-swiss-ndvi/GitHub/swiss-ndvi-processing/.venv/lib/python3.12/site-packages/tornado/netutil.py", line 273, in accept_handler
  File "/usr/lib/python3.12/socket.py", line 295, in accept
OSError: [Errno 24] Too many open files
Exception in callback BaseAsyncIOLoop._handle_events(7, 1)
handle: <Handle BaseAsyncIOLoop._handle_events(7, 1)>
Traceback (most recent call last):
  File "/usr/lib/python3.12/asyncio/events.py", line 88, in _run
  File "/home/Shared/UniBe-swiss-ndvi/GitHub/swiss-ndvi-processing/.venv/lib/python3.12/site-packages/tornado/platform/asyncio.py", line 208, in _handle_events
  File "/home/Shared/UniBe-swiss-ndvi/GitHub/swiss-ndvi-processing/.venv/lib/python3.12/site-packages/tornado/netutil.py", line 273, in accept_handler
  File "/usr/lib/python3.12/socket.py", line 295, in accept
OSError: [Errno 24] Too many open files
Exception in callback BaseAsyncIOLoop._handle_events(7, 1)
handle: <Handle BaseAsyncIOLoop._handle_events(7, 1)>
Traceback (most recent call last):
  File "/usr/lib/python3.12/asyncio/events.py", line 88, in _run
  File "/home/Shared/UniBe-swiss-ndvi/GitHub/swiss-ndvi-processing/.venv/lib/python3.12/site-packages/tornado/platform/asyncio.py", line 208, in _handle_events
  File "/home/Shared/UniBe-swiss-ndvi/GitHub/swiss-ndvi-processing/.venv/lib/python3.12/site-packages/tornado/netutil.py", line 273, in accept_handler
  File "/usr/lib/python3.12/socket.py", line 295, in accept
OSError: [Errno 24] Too many open files
Exception in callback BaseAsyncIOLoop._handle_events(7, 1)
handle: <Handle BaseAsyncIOLoop._handle_events(7, 1)>
Traceback (most recent call last):
  File "/usr/lib/python3.12/asyncio/events.py", line 88, in _run
  File "/home/Shared/UniBe-swiss-ndvi/GitHub/swiss-ndvi-processing/.venv/lib/python3.12/site-packages/tornado/platform/asyncio.py", line 208, in _handle_events
  File "/home/Shared/UniBe-swiss-ndvi/GitHub/swiss-ndvi-processing/.venv/lib/python3.12/site-packages/tornado/netutil.py", line 273, in accept_handler
  File "/usr/lib/python3.12/socket.py", line 295, in accept
OSError: [Errno 24] Too many open files
Exception in callback BaseAsyncIOLoop._handle_events(7, 1)
handle: <Handle BaseAsyncIOLoop._handle_events(7, 1)>
Traceback (most recent call last):
  File "/usr/lib/python3.12/asyncio/events.py", line 88, in _run
  File "/home/Shared/UniBe-swiss-ndvi/GitHub/swiss-ndvi-processing/.venv/lib/python3.12/site-packages/tornado/platform/asyncio.py", line 208, in _handle_events
  File "/home/Shared/UniBe-swiss-ndvi/GitHub/swiss-ndvi-processing/.venv/lib/python3.12/site-packages/tornado/netutil.py", line 273, in accept_handler
  File "/usr/lib/python3.12/socket.py", line 295, in accept
OSError: [Errno 24] Too many open files
Exception in callback BaseAsyncIOLoop._handle_events(7, 1)
handle: <Handle BaseAsyncIOLoop._handle_events(7, 1)>
Traceback (most recent call last):
  File "/usr/lib/python3.12/asyncio/events.py", line 88, in _run
  File "/home/Shared/UniBe-swiss-ndvi/GitHub/swiss-ndvi-processing/.venv/lib/python3.12/site-packages/tornado/platform/asyncio.py", line 208, in _handle_events
  File "/home/Shared/UniBe-swiss-ndvi/GitHub/swiss-ndvi-processing/.venv/lib/python3.12/site-packages/tornado/netutil.py", line 273, in accept_handler
  File "/usr/lib/python3.12/socket.py", line 295, in accept
OSError: [Errno 24] Too many open files
Exception in callback BaseAsyncIOLoop._handle_events(7, 1)
handle: <Handle BaseAsyncIOLoop._handle_events(7, 1)>
Traceback (most recent call last):
  File "/usr/lib/python3.12/asyncio/events.py", line 88, in _run
  File "/home/Shared/UniBe-swiss-ndvi/GitHub/swiss-ndvi-processing/.venv/lib/python3.12/site-packages/tornado/platform/asyncio.py", line 208, in _handle_events
  File "/home/Shared/UniBe-swiss-ndvi/GitHub/swiss-ndvi-processing/.venv/lib/python3.12/site-packages/tornado/netutil.py", line 273, in accept_handler
  File "/usr/lib/python3.12/socket.py", line 295, in accept
OSError: [Errno 24] Too many open files
Exception in callback BaseAsyncIOLoop._handle_events(7, 1)
handle: <Handle BaseAsyncIOLoop._handle_events(7, 1)>
Traceback (most recent call last):
  File "/usr/lib/python3.12/asyncio/events.py", line 88, in _run
  File "/home/Shared/UniBe-swiss-ndvi/GitHub/swiss-ndvi-processing/.venv/lib/python3.12/site-packages/tornado/platform/asyncio.py", line 208, in _handle_events
  File "/home/Shared/UniBe-swiss-ndvi/GitHub/swiss-ndvi-processing/.venv/lib/python3.12/site-packages/tornado/netutil.py", line 273, in accept_handler
  File "/usr/lib/python3.12/socket.py", line 295, in accept
OSError: [Errno 24] Too many open files
Exception in callback BaseAsyncIOLoop._handle_events(7, 1)
handle: <Handle BaseAsyncIOLoop._handle_events(7, 1)>
Traceback (most recent call last):
  File "/usr/lib/python3.12/asyncio/events.py", line 88, in _run
  File "/home/Shared/UniBe-swiss-ndvi/GitHub/swiss-ndvi-processing/.venv/lib/python3.12/site-packages/tornado/platform/asyncio.py", line 208, in _handle_events
  File "/home/Shared/UniBe-swiss-ndvi/GitHub/swiss-ndvi-processing/.venv/lib/python3.12/site-packages/tornado/netutil.py", line 273, in accept_handler
  File "/usr/lib/python3.12/socket.py", line 295, in accept
OSError: [Errno 24] Too many open files
Exception in callback BaseAsyncIOLoop._handle_events(7, 1)
handle: <Handle BaseAsyncIOLoop._handle_events(7, 1)>
Traceback (most recent call last):
  File "/usr/lib/python3.12/asyncio/events.py", line 88, in _run
  File "/home/Shared/UniBe-swiss-ndvi/GitHub/swiss-ndvi-processing/.venv/lib/python3.12/site-packages/tornado/platform/asyncio.py", line 208, in _handle_events
  File "/home/Shared/UniBe-swiss-ndvi/GitHub/swiss-ndvi-processing/.venv/lib/python3.12/site-packages/tornado/netutil.py", line 273, in accept_handler
  File "/usr/lib/python3.12/socket.py", line 295, in accept
OSError: [Errno 24] Too many open files
Exception in callback BaseAsyncIOLoop._handle_events(7, 1)
handle: <Handle BaseAsyncIOLoop._handle_events(7, 1)>
Traceback (most recent call last):
  File "/usr/lib/python3.12/asyncio/events.py", line 88, in _run
  File "/home/Shared/UniBe-swiss-ndvi/GitHub/swiss-ndvi-processing/.venv/lib/python3.12/site-packages/tornado/platform/asyncio.py", line 208, in _handle_events
  File "/home/Shared/UniBe-swiss-ndvi/GitHub/swiss-ndvi-processing/.venv/lib/python3.12/site-packages/tornado/netutil.py", line 273, in accept_handler
  File "/usr/lib/python3.12/socket.py", line 295, in accept
OSError: [Errno 24] Too many open files
Exception in callback BaseAsyncIOLoop._handle_events(7, 1)
handle: <Handle BaseAsyncIOLoop._handle_events(7, 1)>
Traceback (most recent call last):
  File "/usr/lib/python3.12/asyncio/events.py", line 88, in _run
  File "/home/Shared/UniBe-swiss-ndvi/GitHub/swiss-ndvi-processing/.venv/lib/python3.12/site-packages/tornado/platform/asyncio.py", line 208, in _handle_events
  File "/home/Shared/UniBe-swiss-ndvi/GitHub/swiss-ndvi-processing/.venv/lib/python3.12/site-packages/tornado/netutil.py", line 273, in accept_handler
  File "/usr/lib/python3.12/socket.py", line 295, in accept
OSError: [Errno 24] Too many open files
Exception in callback BaseAsyncIOLoop._handle_events(7, 1)
handle: <Handle BaseAsyncIOLoop._handle_events(7, 1)>
Traceback (most recent call last):
  File "/usr/lib/python3.12/asyncio/events.py", line 88, in _run
  File "/home/Shared/UniBe-swiss-ndvi/GitHub/swiss-ndvi-processing/.venv/lib/python3.12/site-packages/tornado/platform/asyncio.py", line 208, in _handle_events
  File "/home/Shared/UniBe-swiss-ndvi/GitHub/swiss-ndvi-processing/.venv/lib/python3.12/site-packages/tornado/netutil.py", line 273, in accept_handler
  File "/usr/lib/python3.12/socket.py", line 295, in accept
OSError: [Errno 24] Too many open files
Exception in callback BaseAsyncIOLoop._handle_events(7, 1)
handle: <Handle BaseAsyncIOLoop._handle_events(7, 1)>
Traceback (most recent call last):
  File "/usr/lib/python3.12/asyncio/events.py", line 88, in _run
  File "/home/Shared/UniBe-swiss-ndvi/GitHub/swiss-ndvi-processing/.venv/lib/python3.12/site-packages/tornado/platform/asyncio.py", line 208, in _handle_events
  File "/home/Shared/UniBe-swiss-ndvi/GitHub/swiss-ndvi-processing/.venv/lib/python3.12/site-packages/tornado/netutil.py", line 273, in accept_handler
  File "/usr/lib/python3.12/socket.py", line 295, in accept
OSError: [Errno 24] Too many open files
Exception in callback BaseAsyncIOLoop._handle_events(7, 1)
handle: <Handle BaseAsyncIOLoop._handle_events(7, 1)>
Traceback (most recent call last):
  File "/usr/lib/python3.12/asyncio/events.py", line 88, in _run
  File "/home/Shared/UniBe-swiss-ndvi/GitHub/swiss-ndvi-processing/.venv/lib/python3.12/site-packages/tornado/platform/asyncio.py", line 208, in _handle_events
  File "/home/Shared/UniBe-swiss-ndvi/GitHub/swiss-ndvi-processing/.venv/lib/python3.12/site-packages/tornado/netutil.py", line 273, in accept_handler
  File "/usr/lib/python3.12/socket.py", line 295, in accept
OSError: [Errno 24] Too many open files
Exception in callback BaseAsyncIOLoop._handle_events(7, 1)
handle: <Handle BaseAsyncIOLoop._handle_events(7, 1)>
Traceback (most recent call last):
  File "/usr/lib/python3.12/asyncio/events.py", line 88, in _run
  File "/home/Shared/UniBe-swiss-ndvi/GitHub/swiss-ndvi-processing/.venv/lib/python3.12/site-packages/tornado/platform/asyncio.py", line 208, in _handle_events
  File "/home/Shared/UniBe-swiss-ndvi/GitHub/swiss-ndvi-processing/.venv/lib/python3.12/site-packages/tornado/netutil.py", line 273, in accept_handler
  File "/usr/lib/python3.12/socket.py", line 295, in accept
OSError: [Errno 24] Too many open files
Exception in callback BaseAsyncIOLoop._handle_events(7, 1)
handle: <Handle BaseAsyncIOLoop._handle_events(7, 1)>
Traceback (most recent call last):
  File "/usr/lib/python3.12/asyncio/events.py", line 88, in _run
  File "/home/Shared/UniBe-swiss-ndvi/GitHub/swiss-ndvi-processing/.venv/lib/python3.12/site-packages/tornado/platform/asyncio.py", line 208, in _handle_events
  File "/home/Shared/UniBe-swiss-ndvi/GitHub/swiss-ndvi-processing/.venv/lib/python3.12/site-packages/tornado/netutil.py", line 273, in accept_handler
  File "/usr/lib/python3.12/socket.py", line 295, in accept
OSError: [Errno 24] Too many open files
Exception in callback BaseAsyncIOLoop._handle_events(7, 1)
handle: <Handle BaseAsyncIOLoop._handle_events(7, 1)>
Traceback (most recent call last):
  File "/usr/lib/python3.12/asyncio/events.py", line 88, in _run
  File "/home/Shared/UniBe-swiss-ndvi/GitHub/swiss-ndvi-processing/.venv/lib/python3.12/site-packages/tornado/platform/asyncio.py", line 208, in _handle_events
  File "/home/Shared/UniBe-swiss-ndvi/GitHub/swiss-ndvi-processing/.venv/lib/python3.12/site-packages/tornado/netutil.py", line 273, in accept_handler
  File "/usr/lib/python3.12/socket.py", line 295, in accept
OSError: [Errno 24] Too many open files
2026-04-08 22:01:21,492 - distributed.worker - WARNING - Mismatched versions found

+-------------+---------------------------------------------+-----------+----------+
| Package     | Worker-d70e29b6-44d3-4b9e-a1a3-c68f52398ea0 | Scheduler | Workers  |
+-------------+---------------------------------------------+-----------+----------+
| cloudpickle | 3.1.1                                       | None      | 3.1.1    |
| dask        | 2025.9.1                                    | None      | 2025.9.1 |
| distributed | 2025.9.1                                    | None      | 2025.9.1 |
| lz4         | 4.3.2                                       | None      | 4.3.2    |
| msgpack     | 1.1.1                                       | None      | 1.1.1    |
| toolz       | 1.0.0                                       | None      | 1.0.0    |
| tornado     | 6.5.1                                       | None      | 6.5.1    |
+-------------+---------------------------------------------+-----------+----------+
Exception in callback BaseAsyncIOLoop._handle_events(7, 1)
handle: <Handle BaseAsyncIOLoop._handle_events(7, 1)>
Traceback (most recent call last):
  File "/usr/lib/python3.12/asyncio/events.py", line 88, in _run
  File "/home/Shared/UniBe-swiss-ndvi/GitHub/swiss-ndvi-processing/.venv/lib/python3.12/site-packages/tornado/platform/asyncio.py", line 208, in _handle_events
  File "/home/Shared/UniBe-swiss-ndvi/GitHub/swiss-ndvi-processing/.venv/lib/python3.12/site-packages/tornado/netutil.py", line 273, in accept_handler
  File "/usr/lib/python3.12/socket.py", line 295, in accept
OSError: [Errno 24] Too many open files
Exception in callback BaseAsyncIOLoop._handle_events(7, 1)
handle: <Handle BaseAsyncIOLoop._handle_events(7, 1)>
Traceback (most recent call last):
  File "/usr/lib/python3.12/asyncio/events.py", line 88, in _run
  File "/home/Shared/UniBe-swiss-ndvi/GitHub/swiss-ndvi-processing/.venv/lib/python3.12/site-packages/tornado/platform/asyncio.py", line 208, in _handle_events
  File "/home/Shared/UniBe-swiss-ndvi/GitHub/swiss-ndvi-processing/.venv/lib/python3.12/site-packages/tornado/netutil.py", line 273, in accept_handler
  File "/usr/lib/python3.12/socket.py", line 295, in accept
OSError: [Errno 24] Too many open files
Exception in callback BaseAsyncIOLoop._handle_events(7, 1)
handle: <Handle BaseAsyncIOLoop._handle_events(7, 1)>
Traceback (most recent call last):
  File "/usr/lib/python3.12/asyncio/events.py", line 88, in _run
  File "/home/Shared/UniBe-swiss-ndvi/GitHub/swiss-ndvi-processing/.venv/lib/python3.12/site-packages/tornado/platform/asyncio.py", line 208, in _handle_events
  File "/home/Shared/UniBe-swiss-ndvi/GitHub/swiss-ndvi-processing/.venv/lib/python3.12/site-packages/tornado/netutil.py", line 273, in accept_handler
  File "/usr/lib/python3.12/socket.py", line 295, in accept
OSError: [Errno 24] Too many open files
Exception in callback BaseAsyncIOLoop._handle_events(7, 1)
handle: <Handle BaseAsyncIOLoop._handle_events(7, 1)>
Traceback (most recent call last):
  File "/usr/lib/python3.12/asyncio/events.py", line 88, in _run
  File "/home/Shared/UniBe-swiss-ndvi/GitHub/swiss-ndvi-processing/.venv/lib/python3.12/site-packages/tornado/platform/asyncio.py", line 208, in _handle_events
  File "/home/Shared/UniBe-swiss-ndvi/GitHub/swiss-ndvi-processing/.venv/lib/python3.12/site-packages/tornado/netutil.py", line 273, in accept_handler
  File "/usr/lib/python3.12/socket.py", line 295, in accept
OSError: [Errno 24] Too many open files
Exception in callback BaseAsyncIOLoop._handle_events(7, 1)
handle: <Handle BaseAsyncIOLoop._handle_events(7, 1)>
Traceback (most recent call last):
  File "/usr/lib/python3.12/asyncio/events.py", line 88, in _run
  File "/home/Shared/UniBe-swiss-ndvi/GitHub/swiss-ndvi-processing/.venv/lib/python3.12/site-packages/tornado/platform/asyncio.py", line 208, in _handle_events
  File "/home/Shared/UniBe-swiss-ndvi/GitHub/swiss-ndvi-processing/.venv/lib/python3.12/site-packages/tornado/netutil.py", line 273, in accept_handler
  File "/usr/lib/python3.12/socket.py", line 295, in accept
OSError: [Errno 24] Too many open files
Exception in callback BaseAsyncIOLoop._handle_events(7, 1)
handle: <Handle BaseAsyncIOLoop._handle_events(7, 1)>
Traceback (most recent call last):
  File "/usr/lib/python3.12/asyncio/events.py", line 88, in _run
  File "/home/Shared/UniBe-swiss-ndvi/GitHub/swiss-ndvi-processing/.venv/lib/python3.12/site-packages/tornado/platform/asyncio.py", line 208, in _handle_events
  File "/home/Shared/UniBe-swiss-ndvi/GitHub/swiss-ndvi-processing/.venv/lib/python3.12/site-packages/tornado/netutil.py", line 273, in accept_handler
  File "/usr/lib/python3.12/socket.py", line 295, in accept
OSError: [Errno 24] Too many open files
Exception in callback BaseAsyncIOLoop._handle_events(7, 1)
handle: <Handle BaseAsyncIOLoop._handle_events(7, 1)>
Traceback (most recent call last):
  File "/usr/lib/python3.12/asyncio/events.py", line 88, in _run
  File "/home/Shared/UniBe-swiss-ndvi/GitHub/swiss-ndvi-processing/.venv/lib/python3.12/site-packages/tornado/platform/asyncio.py", line 208, in _handle_events
  File "/home/Shared/UniBe-swiss-ndvi/GitHub/swiss-ndvi-processing/.venv/lib/python3.12/site-packages/tornado/netutil.py", line 273, in accept_handler
  File "/usr/lib/python3.12/socket.py", line 295, in accept
OSError: [Errno 24] Too many open files
Exception in callback BaseAsyncIOLoop._handle_events(7, 1)
handle: <Handle BaseAsyncIOLoop._handle_events(7, 1)>
Traceback (most recent call last):
  File "/usr/lib/python3.12/asyncio/events.py", line 88, in _run
  File "/home/Shared/UniBe-swiss-ndvi/GitHub/swiss-ndvi-processing/.venv/lib/python3.12/site-packages/tornado/platform/asyncio.py", line 208, in _handle_events
  File "/home/Shared/UniBe-swiss-ndvi/GitHub/swiss-ndvi-processing/.venv/lib/python3.12/site-packages/tornado/netutil.py", line 273, in accept_handler
  File "/usr/lib/python3.12/socket.py", line 295, in accept
OSError: [Errno 24] Too many open files
Exception in callback BaseAsyncIOLoop._handle_events(7, 1)
handle: <Handle BaseAsyncIOLoop._handle_events(7, 1)>
Traceback (most recent call last):
  File "/usr/lib/python3.12/asyncio/events.py", line 88, in _run
  File "/home/Shared/UniBe-swiss-ndvi/GitHub/swiss-ndvi-processing/.venv/lib/python3.12/site-packages/tornado/platform/asyncio.py", line 208, in _handle_events
  File "/home/Shared/UniBe-swiss-ndvi/GitHub/swiss-ndvi-processing/.venv/lib/python3.12/site-packages/tornado/netutil.py", line 273, in accept_handler
  File "/usr/lib/python3.12/socket.py", line 295, in accept
OSError: [Errno 24] Too many open files
Exception in callback BaseAsyncIOLoop._handle_events(7, 1)
handle: <Handle BaseAsyncIOLoop._handle_events(7, 1)>
Traceback (most recent call last):
  File "/usr/lib/python3.12/asyncio/events.py", line 88, in _run
  File "/home/Shared/UniBe-swiss-ndvi/GitHub/swiss-ndvi-processing/.venv/lib/python3.12/site-packages/tornado/platform/asyncio.py", line 208, in _handle_events
  File "/home/Shared/UniBe-swiss-ndvi/GitHub/swiss-ndvi-processing/.venv/lib/python3.12/site-packages/tornado/netutil.py", line 273, in accept_handler
  File "/usr/lib/python3.12/socket.py", line 295, in accept
OSError: [Errno 24] Too many open files
Exception in callback BaseAsyncIOLoop._handle_events(7, 1)
handle: <Handle BaseAsyncIOLoop._handle_events(7, 1)>
Traceback (most recent call last):
  File "/usr/lib/python3.12/asyncio/events.py", line 88, in _run
  File "/home/Shared/UniBe-swiss-ndvi/GitHub/swiss-ndvi-processing/.venv/lib/python3.12/site-packages/tornado/platform/asyncio.py", line 208, in _handle_events
  File "/home/Shared/UniBe-swiss-ndvi/GitHub/swiss-ndvi-processing/.venv/lib/python3.12/site-packages/tornado/netutil.py", line 273, in accept_handler
  File "/usr/lib/python3.12/socket.py", line 295, in accept
OSError: [Errno 24] Too many open files
Exception in callback BaseAsyncIOLoop._handle_events(7, 1)
handle: <Handle BaseAsyncIOLoop._handle_events(7, 1)>
Traceback (most recent call last):
  File "/usr/lib/python3.12/asyncio/events.py", line 88, in _run
  File "/home/Shared/UniBe-swiss-ndvi/GitHub/swiss-ndvi-processing/.venv/lib/python3.12/site-packages/tornado/platform/asyncio.py", line 208, in _handle_events
  File "/home/Shared/UniBe-swiss-ndvi/GitHub/swiss-ndvi-processing/.venv/lib/python3.12/site-packages/tornado/netutil.py", line 273, in accept_handler
  File "/usr/lib/python3.12/socket.py", line 295, in accept
OSError: [Errno 24] Too many open files
Exception in callback BaseAsyncIOLoop._handle_events(7, 1)
handle: <Handle BaseAsyncIOLoop._handle_events(7, 1)>
Traceback (most recent call last):
  File "/usr/lib/python3.12/asyncio/events.py", line 88, in _run
  File "/home/Shared/UniBe-swiss-ndvi/GitHub/swiss-ndvi-processing/.venv/lib/python3.12/site-packages/tornado/platform/asyncio.py", line 208, in _handle_events
  File "/home/Shared/UniBe-swiss-ndvi/GitHub/swiss-ndvi-processing/.venv/lib/python3.12/site-packages/tornado/netutil.py", line 273, in accept_handler
  File "/usr/lib/python3.12/socket.py", line 295, in accept
OSError: [Errno 24] Too many open files
Exception in callback BaseAsyncIOLoop._handle_events(7, 1)
handle: <Handle BaseAsyncIOLoop._handle_events(7, 1)>
Traceback (most recent call last):
  File "/usr/lib/python3.12/asyncio/events.py", line 88, in _run
  File "/home/Shared/UniBe-swiss-ndvi/GitHub/swiss-ndvi-processing/.venv/lib/python3.12/site-packages/tornado/platform/asyncio.py", line 208, in _handle_events
  File "/home/Shared/UniBe-swiss-ndvi/GitHub/swiss-ndvi-processing/.venv/lib/python3.12/site-packages/tornado/netutil.py", line 273, in accept_handler
  File "/usr/lib/python3.12/socket.py", line 295, in accept
OSError: [Errno 24] Too many open files
Exception in callback BaseAsyncIOLoop._handle_events(7, 1)
handle: <Handle BaseAsyncIOLoop._handle_events(7, 1)>
Traceback (most recent call last):
  File "/usr/lib/python3.12/asyncio/events.py", line 88, in _run
  File "/home/Shared/UniBe-swiss-ndvi/GitHub/swiss-ndvi-processing/.venv/lib/python3.12/site-packages/tornado/platform/asyncio.py", line 208, in _handle_events
  File "/home/Shared/UniBe-swiss-ndvi/GitHub/swiss-ndvi-processing/.venv/lib/python3.12/site-packages/tornado/netutil.py", line 273, in accept_handler
  File "/usr/lib/python3.12/socket.py", line 295, in accept
OSError: [Errno 24] Too many open files
Exception in callback BaseAsyncIOLoop._handle_events(7, 1)
handle: <Handle BaseAsyncIOLoop._handle_events(7, 1)>
Traceback (most recent call last):
  File "/usr/lib/python3.12/asyncio/events.py", line 88, in _run
  File "/home/Shared/UniBe-swiss-ndvi/GitHub/swiss-ndvi-processing/.venv/lib/python3.12/site-packages/tornado/platform/asyncio.py", line 208, in _handle_events
  File "/home/Shared/UniBe-swiss-ndvi/GitHub/swiss-ndvi-processing/.venv/lib/python3.12/site-packages/tornado/netutil.py", line 273, in accept_handler
  File "/usr/lib/python3.12/socket.py", line 295, in accept
OSError: [Errno 24] Too many open files
Exception in callback BaseAsyncIOLoop._handle_events(7, 1)
handle: <Handle BaseAsyncIOLoop._handle_events(7, 1)>
Traceback (most recent call last):
  File "/usr/lib/python3.12/asyncio/events.py", line 88, in _run
  File "/home/Shared/UniBe-swiss-ndvi/GitHub/swiss-ndvi-processing/.venv/lib/python3.12/site-packages/tornado/platform/asyncio.py", line 208, in _handle_events
  File "/home/Shared/UniBe-swiss-ndvi/GitHub/swiss-ndvi-processing/.venv/lib/python3.12/site-packages/tornado/netutil.py", line 273, in accept_handler
  File "/usr/lib/python3.12/socket.py", line 295, in accept
OSError: [Errno 24] Too many open files
2026-04-08 22:01:21,507 - distributed.worker - WARNING - Mismatched versions found

+-------------+---------------------------------------------+-----------+----------+
| Package     | Worker-3c7dcb10-826c-4b3e-b669-ac322e6d3d2c | Scheduler | Workers  |
+-------------+---------------------------------------------+-----------+----------+
| cloudpickle | 3.1.1                                       | None      | 3.1.1    |
| dask        | 2025.9.1                                    | None      | 2025.9.1 |
| distributed | 2025.9.1                                    | None      | 2025.9.1 |
| lz4         | 4.3.2                                       | None      | 4.3.2    |
| msgpack     | 1.1.1                                       | None      | 1.1.1    |
| toolz       | 1.0.0                                       | None      | 1.0.0    |
| tornado     | 6.5.1                                       | None      | 6.5.1    |
+-------------+---------------------------------------------+-----------+----------+
2026-04-08 22:01:21,524 - distributed.worker - WARNING - Mismatched versions found

+-------------+---------------------------------------------+-----------+----------+
| Package     | Worker-668d7fa5-ccdd-478f-aec2-0cb06bae3ce6 | Scheduler | Workers  |
+-------------+---------------------------------------------+-----------+----------+
| cloudpickle | 3.1.1                                       | None      | 3.1.1    |
| dask        | 2025.9.1                                    | None      | 2025.9.1 |
| distributed | 2025.9.1                                    | None      | 2025.9.1 |
| lz4         | 4.3.2                                       | None      | 4.3.2    |
| msgpack     | 1.1.1                                       | None      | 1.1.1    |
| toolz       | 1.0.0                                       | None      | 1.0.0    |
| tornado     | 6.5.1                                       | None      | 6.5.1    |
+-------------+---------------------------------------------+-----------+----------+
2026-04-08 22:01:21,526 - distributed.worker - WARNING - Mismatched versions found

+-------------+---------------------------------------------+-----------+----------+
| Package     | Worker-952281b4-e0a4-4bc9-94db-0b2df1306319 | Scheduler | Workers  |
+-------------+---------------------------------------------+-----------+----------+
| cloudpickle | 3.1.1                                       | None      | 3.1.1    |
| dask        | 2025.9.1                                    | None      | 2025.9.1 |
| distributed | 2025.9.1                                    | None      | 2025.9.1 |
| lz4         | 4.3.2                                       | None      | 4.3.2    |
| msgpack     | 1.1.1                                       | None      | 1.1.1    |
| toolz       | 1.0.0                                       | None      | 1.0.0    |
| tornado     | 6.5.1                                       | None      | 6.5.1    |
+-------------+---------------------------------------------+-----------+----------+
2026-04-08 22:01:21,528 - distributed.worker - WARNING - Mismatched versions found

+-------------+---------------------------------------------+-----------+----------+
| Package     | Worker-97c9c423-71d6-4950-a2c3-23398f13b311 | Scheduler | Workers  |
+-------------+---------------------------------------------+-----------+----------+
| cloudpickle | 3.1.1                                       | None      | 3.1.1    |
| dask        | 2025.9.1                                    | None      | 2025.9.1 |
| distributed | 2025.9.1                                    | None      | 2025.9.1 |
| lz4         | 4.3.2                                       | None      | 4.3.2    |
| msgpack     | 1.1.1                                       | None      | 1.1.1    |
| toolz       | 1.0.0                                       | None      | 1.0.0    |
| tornado     | 6.5.1                                       | None      | 6.5.1    |
+-------------+---------------------------------------------+-----------+----------+
2026-04-08 22:01:21,532 - distributed.worker - WARNING - Mismatched versions found

+-------------+---------------------------------------------+-----------+----------+
| Package     | Worker-1a42e451-d96f-4f8a-97e7-8210cd1c53ec | Scheduler | Workers  |
+-------------+---------------------------------------------+-----------+----------+
| cloudpickle | 3.1.1                                       | None      | 3.1.1    |
| dask        | 2025.9.1                                    | None      | 2025.9.1 |
| distributed | 2025.9.1                                    | None      | 2025.9.1 |
| lz4         | 4.3.2                                       | None      | 4.3.2    |
| msgpack     | 1.1.1                                       | None      | 1.1.1    |
| toolz       | 1.0.0                                       | None      | 1.0.0    |
| tornado     | 6.5.1                                       | None      | 6.5.1    |
+-------------+---------------------------------------------+-----------+----------+
Exception in callback BaseAsyncIOLoop._handle_events(7, 1)
handle: <Handle BaseAsyncIOLoop._handle_events(7, 1)>
Traceback (most recent call last):
  File "/usr/lib/python3.12/asyncio/events.py", line 88, in _run
  File "/home/Shared/UniBe-swiss-ndvi/GitHub/swiss-ndvi-processing/.venv/lib/python3.12/site-packages/tornado/platform/asyncio.py", line 208, in _handle_events
  File "/home/Shared/UniBe-swiss-ndvi/GitHub/swiss-ndvi-processing/.venv/lib/python3.12/site-packages/tornado/netutil.py", line 273, in accept_handler
  File "/usr/lib/python3.12/socket.py", line 295, in accept
OSError: [Errno 24] Too many open files
2026-04-08 22:01:21,536 - distributed.worker - WARNING - Mismatched versions found

+-------------+---------------------------------------------+-----------+----------+
| Package     | Worker-39db4bea-9660-4458-ab37-19cb0d1b8ce5 | Scheduler | Workers  |
+-------------+---------------------------------------------+-----------+----------+
| cloudpickle | 3.1.1                                       | None      | 3.1.1    |
| dask        | 2025.9.1                                    | None      | 2025.9.1 |
| distributed | 2025.9.1                                    | None      | 2025.9.1 |
| lz4         | 4.3.2                                       | None      | 4.3.2    |
| msgpack     | 1.1.1                                       | None      | 1.1.1    |
| toolz       | 1.0.0                                       | None      | 1.0.0    |
| tornado     | 6.5.1                                       | None      | 6.5.1    |
+-------------+---------------------------------------------+-----------+----------+
Exception in callback BaseAsyncIOLoop._handle_events(7, 1)
handle: <Handle BaseAsyncIOLoop._handle_events(7, 1)>
Traceback (most recent call last):
  File "/usr/lib/python3.12/asyncio/events.py", line 88, in _run
  File "/home/Shared/UniBe-swiss-ndvi/GitHub/swiss-ndvi-processing/.venv/lib/python3.12/site-packages/tornado/platform/asyncio.py", line 208, in _handle_events
  File "/home/Shared/UniBe-swiss-ndvi/GitHub/swiss-ndvi-processing/.venv/lib/python3.12/site-packages/tornado/netutil.py", line 273, in accept_handler
  File "/usr/lib/python3.12/socket.py", line 295, in accept
OSError: [Errno 24] Too many open files
Exception in callback BaseAsyncIOLoop._handle_events(7, 1)
handle: <Handle BaseAsyncIOLoop._handle_events(7, 1)>
Traceback (most recent call last):
  File "/usr/lib/python3.12/asyncio/events.py", line 88, in _run
  File "/home/Shared/UniBe-swiss-ndvi/GitHub/swiss-ndvi-processing/.venv/lib/python3.12/site-packages/tornado/platform/asyncio.py", line 208, in _handle_events
  File "/home/Shared/UniBe-swiss-ndvi/GitHub/swiss-ndvi-processing/.venv/lib/python3.12/site-packages/tornado/netutil.py", line 273, in accept_handler
  File "/usr/lib/python3.12/socket.py", line 295, in accept
OSError: [Errno 24] Too many open files
Exception in callback BaseAsyncIOLoop._handle_events(7, 1)
handle: <Handle BaseAsyncIOLoop._handle_events(7, 1)>
Traceback (most recent call last):
  File "/usr/lib/python3.12/asyncio/events.py", line 88, in _run
  File "/home/Shared/UniBe-swiss-ndvi/GitHub/swiss-ndvi-processing/.venv/lib/python3.12/site-packages/tornado/platform/asyncio.py", line 208, in _handle_events
  File "/home/Shared/UniBe-swiss-ndvi/GitHub/swiss-ndvi-processing/.venv/lib/python3.12/site-packages/tornado/netutil.py", line 273, in accept_handler
  File "/usr/lib/python3.12/socket.py", line 295, in accept
OSError: [Errno 24] Too many open files
Exception in callback BaseAsyncIOLoop._handle_events(7, 1)
handle: <Handle BaseAsyncIOLoop._handle_events(7, 1)>
Traceback (most recent call last):
  File "/usr/lib/python3.12/asyncio/events.py", line 88, in _run
  File "/home/Shared/UniBe-swiss-ndvi/GitHub/swiss-ndvi-processing/.venv/lib/python3.12/site-packages/tornado/platform/asyncio.py", line 208, in _handle_events
  File "/home/Shared/UniBe-swiss-ndvi/GitHub/swiss-ndvi-processing/.venv/lib/python3.12/site-packages/tornado/netutil.py", line 273, in accept_handler
  File "/usr/lib/python3.12/socket.py", line 295, in accept
OSError: [Errno 24] Too many open files
Exception in callback BaseAsyncIOLoop._handle_events(7, 1)
handle: <Handle BaseAsyncIOLoop._handle_events(7, 1)>
Traceback (most recent call last):
  File "/usr/lib/python3.12/asyncio/events.py", line 88, in _run
  File "/home/Shared/UniBe-swiss-ndvi/GitHub/swiss-ndvi-processing/.venv/lib/python3.12/site-packages/tornado/platform/asyncio.py", line 208, in _handle_events
  File "/home/Shared/UniBe-swiss-ndvi/GitHub/swiss-ndvi-processing/.venv/lib/python3.12/site-packages/tornado/netutil.py", line 273, in accept_handler
  File "/usr/lib/python3.12/socket.py", line 295, in accept
OSError: [Errno 24] Too many open files
Exception in callback BaseAsyncIOLoop._handle_events(7, 1)
handle: <Handle BaseAsyncIOLoop._handle_events(7, 1)>
Traceback (most recent call last):
  File "/usr/lib/python3.12/asyncio/events.py", line 88, in _run
  File "/home/Shared/UniBe-swiss-ndvi/GitHub/swiss-ndvi-processing/.venv/lib/python3.12/site-packages/tornado/platform/asyncio.py", line 208, in _handle_events
  File "/home/Shared/UniBe-swiss-ndvi/GitHub/swiss-ndvi-processing/.venv/lib/python3.12/site-packages/tornado/netutil.py", line 273, in accept_handler
  File "/usr/lib/python3.12/socket.py", line 295, in accept
OSError: [Errno 24] Too many open files
Exception in callback BaseAsyncIOLoop._handle_events(7, 1)
handle: <Handle BaseAsyncIOLoop._handle_events(7, 1)>
Traceback (most recent call last):
  File "/usr/lib/python3.12/asyncio/events.py", line 88, in _run
  File "/home/Shared/UniBe-swiss-ndvi/GitHub/swiss-ndvi-processing/.venv/lib/python3.12/site-packages/tornado/platform/asyncio.py", line 208, in _handle_events
  File "/home/Shared/UniBe-swiss-ndvi/GitHub/swiss-ndvi-processing/.venv/lib/python3.12/site-packages/tornado/netutil.py", line 273, in accept_handler
  File "/usr/lib/python3.12/socket.py", line 295, in accept
OSError: [Errno 24] Too many open files
Exception in callback BaseAsyncIOLoop._handle_events(7, 1)
handle: <Handle BaseAsyncIOLoop._handle_events(7, 1)>
Traceback (most recent call last):
  File "/usr/lib/python3.12/asyncio/events.py", line 88, in _run
  File "/home/Shared/UniBe-swiss-ndvi/GitHub/swiss-ndvi-processing/.venv/lib/python3.12/site-packages/tornado/platform/asyncio.py", line 208, in _handle_events
  File "/home/Shared/UniBe-swiss-ndvi/GitHub/swiss-ndvi-processing/.venv/lib/python3.12/site-packages/tornado/netutil.py", line 273, in accept_handler
  File "/usr/lib/python3.12/socket.py", line 295, in accept
OSError: [Errno 24] Too many open files
Exception in callback BaseAsyncIOLoop._handle_events(7, 1)
handle: <Handle BaseAsyncIOLoop._handle_events(7, 1)>
Traceback (most recent call last):
  File "/usr/lib/python3.12/asyncio/events.py", line 88, in _run
  File "/home/Shared/UniBe-swiss-ndvi/GitHub/swiss-ndvi-processing/.venv/lib/python3.12/site-packages/tornado/platform/asyncio.py", line 208, in _handle_events
  File "/home/Shared/UniBe-swiss-ndvi/GitHub/swiss-ndvi-processing/.venv/lib/python3.12/site-packages/tornado/netutil.py", line 273, in accept_handler
  File "/usr/lib/python3.12/socket.py", line 295, in accept
OSError: [Errno 24] Too many open files
Exception in callback BaseAsyncIOLoop._handle_events(7, 1)
handle: <Handle BaseAsyncIOLoop._handle_events(7, 1)>
Traceback (most recent call last):
  File "/usr/lib/python3.12/asyncio/events.py", line 88, in _run
  File "/home/Shared/UniBe-swiss-ndvi/GitHub/swiss-ndvi-processing/.venv/lib/python3.12/site-packages/tornado/platform/asyncio.py", line 208, in _handle_events
  File "/home/Shared/UniBe-swiss-ndvi/GitHub/swiss-ndvi-processing/.venv/lib/python3.12/site-packages/tornado/netutil.py", line 273, in accept_handler
  File "/usr/lib/python3.12/socket.py", line 295, in accept
OSError: [Errno 24] Too many open files
Exception in callback BaseAsyncIOLoop._handle_events(7, 1)
handle: <Handle BaseAsyncIOLoop._handle_events(7, 1)>
Traceback (most recent call last):
  File "/usr/lib/python3.12/asyncio/events.py", line 88, in _run
  File "/home/Shared/UniBe-swiss-ndvi/GitHub/swiss-ndvi-processing/.venv/lib/python3.12/site-packages/tornado/platform/asyncio.py", line 208, in _handle_events
  File "/home/Shared/UniBe-swiss-ndvi/GitHub/swiss-ndvi-processing/.venv/lib/python3.12/site-packages/tornado/netutil.py", line 273, in accept_handler
  File "/usr/lib/python3.12/socket.py", line 295, in accept
OSError: [Errno 24] Too many open files
Exception in callback BaseAsyncIOLoop._handle_events(7, 1)
handle: <Handle BaseAsyncIOLoop._handle_events(7, 1)>
Traceback (most recent call last):
  File "/usr/lib/python3.12/asyncio/events.py", line 88, in _run
  File "/home/Shared/UniBe-swiss-ndvi/GitHub/swiss-ndvi-processing/.venv/lib/python3.12/site-packages/tornado/platform/asyncio.py", line 208, in _handle_events
  File "/home/Shared/UniBe-swiss-ndvi/GitHub/swiss-ndvi-processing/.venv/lib/python3.12/site-packages/tornado/netutil.py", line 273, in accept_handler
  File "/usr/lib/python3.12/socket.py", line 295, in accept
OSError: [Errno 24] Too many open files
Exception in callback BaseAsyncIOLoop._handle_events(7, 1)
handle: <Handle BaseAsyncIOLoop._handle_events(7, 1)>
Traceback (most recent call last):
  File "/usr/lib/python3.12/asyncio/events.py", line 88, in _run
  File "/home/Shared/UniBe-swiss-ndvi/GitHub/swiss-ndvi-processing/.venv/lib/python3.12/site-packages/tornado/platform/asyncio.py", line 208, in _handle_events
  File "/home/Shared/UniBe-swiss-ndvi/GitHub/swiss-ndvi-processing/.venv/lib/python3.12/site-packages/tornado/netutil.py", line 273, in accept_handler
  File "/usr/lib/python3.12/socket.py", line 295, in accept
OSError: [Errno 24] Too many open files
Exception in callback BaseAsyncIOLoop._handle_events(7, 1)
handle: <Handle BaseAsyncIOLoop._handle_events(7, 1)>
Traceback (most recent call last):
  File "/usr/lib/python3.12/asyncio/events.py", line 88, in _run
  File "/home/Shared/UniBe-swiss-ndvi/GitHub/swiss-ndvi-processing/.venv/lib/python3.12/site-packages/tornado/platform/asyncio.py", line 208, in _handle_events
  File "/home/Shared/UniBe-swiss-ndvi/GitHub/swiss-ndvi-processing/.venv/lib/python3.12/site-packages/tornado/netutil.py", line 273, in accept_handler
  File "/usr/lib/python3.12/socket.py", line 295, in accept
OSError: [Errno 24] Too many open files
Exception in callback BaseAsyncIOLoop._handle_events(7, 1)
handle: <Handle BaseAsyncIOLoop._handle_events(7, 1)>
Traceback (most recent call last):
  File "/usr/lib/python3.12/asyncio/events.py", line 88, in _run
  File "/home/Shared/UniBe-swiss-ndvi/GitHub/swiss-ndvi-processing/.venv/lib/python3.12/site-packages/tornado/platform/asyncio.py", line 208, in _handle_events
  File "/home/Shared/UniBe-swiss-ndvi/GitHub/swiss-ndvi-processing/.venv/lib/python3.12/site-packages/tornado/netutil.py", line 273, in accept_handler
  File "/usr/lib/python3.12/socket.py", line 295, in accept
OSError: [Errno 24] Too many open files
Exception in callback BaseAsyncIOLoop._handle_events(7, 1)
handle: <Handle BaseAsyncIOLoop._handle_events(7, 1)>
Traceback (most recent call last):
  File "/usr/lib/python3.12/asyncio/events.py", line 88, in _run
  File "/home/Shared/UniBe-swiss-ndvi/GitHub/swiss-ndvi-processing/.venv/lib/python3.12/site-packages/tornado/platform/asyncio.py", line 208, in _handle_events
  File "/home/Shared/UniBe-swiss-ndvi/GitHub/swiss-ndvi-processing/.venv/lib/python3.12/site-packages/tornado/netutil.py", line 273, in accept_handler
  File "/usr/lib/python3.12/socket.py", line 295, in accept
OSError: [Errno 24] Too many open files
Exception in callback BaseAsyncIOLoop._handle_events(7, 1)
handle: <Handle BaseAsyncIOLoop._handle_events(7, 1)>
Traceback (most recent call last):
  File "/usr/lib/python3.12/asyncio/events.py", line 88, in _run
  File "/home/Shared/UniBe-swiss-ndvi/GitHub/swiss-ndvi-processing/.venv/lib/python3.12/site-packages/tornado/platform/asyncio.py", line 208, in _handle_events
  File "/home/Shared/UniBe-swiss-ndvi/GitHub/swiss-ndvi-processing/.venv/lib/python3.12/site-packages/tornado/netutil.py", line 273, in accept_handler
  File "/usr/lib/python3.12/socket.py", line 295, in accept
OSError: [Errno 24] Too many open files
Exception in callback BaseAsyncIOLoop._handle_events(7, 1)
handle: <Handle BaseAsyncIOLoop._handle_events(7, 1)>
Traceback (most recent call last):
  File "/usr/lib/python3.12/asyncio/events.py", line 88, in _run
  File "/home/Shared/UniBe-swiss-ndvi/GitHub/swiss-ndvi-processing/.venv/lib/python3.12/site-packages/tornado/platform/asyncio.py", line 208, in _handle_events
  File "/home/Shared/UniBe-swiss-ndvi/GitHub/swiss-ndvi-processing/.venv/lib/python3.12/site-packages/tornado/netutil.py", line 273, in accept_handler
  File "/usr/lib/python3.12/socket.py", line 295, in accept
OSError: [Errno 24] Too many open files
Exception in callback BaseAsyncIOLoop._handle_events(7, 1)
handle: <Handle BaseAsyncIOLoop._handle_events(7, 1)>
Traceback (most recent call last):
  File "/usr/lib/python3.12/asyncio/events.py", line 88, in _run
  File "/home/Shared/UniBe-swiss-ndvi/GitHub/swiss-ndvi-processing/.venv/lib/python3.12/site-packages/tornado/platform/asyncio.py", line 208, in _handle_events
  File "/home/Shared/UniBe-swiss-ndvi/GitHub/swiss-ndvi-processing/.venv/lib/python3.12/site-packages/tornado/netutil.py", line 273, in accept_handler
  File "/usr/lib/python3.12/socket.py", line 295, in accept
OSError: [Errno 24] Too many open files
Exception in callback BaseAsyncIOLoop._handle_events(7, 1)
handle: <Handle BaseAsyncIOLoop._handle_events(7, 1)>
Traceback (most recent call last):
  File "/usr/lib/python3.12/asyncio/events.py", line 88, in _run
  File "/home/Shared/UniBe-swiss-ndvi/GitHub/swiss-ndvi-processing/.venv/lib/python3.12/site-packages/tornado/platform/asyncio.py", line 208, in _handle_events
  File "/home/Shared/UniBe-swiss-ndvi/GitHub/swiss-ndvi-processing/.venv/lib/python3.12/site-packages/tornado/netutil.py", line 273, in accept_handler
  File "/usr/lib/python3.12/socket.py", line 295, in accept
OSError: [Errno 24] Too many open files
Exception in callback BaseAsyncIOLoop._handle_events(7, 1)
handle: <Handle BaseAsyncIOLoop._handle_events(7, 1)>
Traceback (most recent call last):
  File "/usr/lib/python3.12/asyncio/events.py", line 88, in _run
  File "/home/Shared/UniBe-swiss-ndvi/GitHub/swiss-ndvi-processing/.venv/lib/python3.12/site-packages/tornado/platform/asyncio.py", line 208, in _handle_events
  File "/home/Shared/UniBe-swiss-ndvi/GitHub/swiss-ndvi-processing/.venv/lib/python3.12/site-packages/tornado/netutil.py", line 273, in accept_handler
  File "/usr/lib/python3.12/socket.py", line 295, in accept
OSError: [Errno 24] Too many open files
Exception in callback BaseAsyncIOLoop._handle_events(7, 1)
handle: <Handle BaseAsyncIOLoop._handle_events(7, 1)>
Traceback (most recent call last):
  File "/usr/lib/python3.12/asyncio/events.py", line 88, in _run
  File "/home/Shared/UniBe-swiss-ndvi/GitHub/swiss-ndvi-processing/.venv/lib/python3.12/site-packages/tornado/platform/asyncio.py", line 208, in _handle_events
  File "/home/Shared/UniBe-swiss-ndvi/GitHub/swiss-ndvi-processing/.venv/lib/python3.12/site-packages/tornado/netutil.py", line 273, in accept_handler
  File "/usr/lib/python3.12/socket.py", line 295, in accept
OSError: [Errno 24] Too many open files
Exception in callback BaseAsyncIOLoop._handle_events(7, 1)
handle: <Handle BaseAsyncIOLoop._handle_events(7, 1)>
Traceback (most recent call last):
  File "/usr/lib/python3.12/asyncio/events.py", line 88, in _run
  File "/home/Shared/UniBe-swiss-ndvi/GitHub/swiss-ndvi-processing/.venv/lib/python3.12/site-packages/tornado/platform/asyncio.py", line 208, in _handle_events
  File "/home/Shared/UniBe-swiss-ndvi/GitHub/swiss-ndvi-processing/.venv/lib/python3.12/site-packages/tornado/netutil.py", line 273, in accept_handler
  File "/usr/lib/python3.12/socket.py", line 295, in accept
OSError: [Errno 24] Too many open files
Exception in callback BaseAsyncIOLoop._handle_events(7, 1)
handle: <Handle BaseAsyncIOLoop._handle_events(7, 1)>
Traceback (most recent call last):
  File "/usr/lib/python3.12/asyncio/events.py", line 88, in _run
  File "/home/Shared/UniBe-swiss-ndvi/GitHub/swiss-ndvi-processing/.venv/lib/python3.12/site-packages/tornado/platform/asyncio.py", line 208, in _handle_events
  File "/home/Shared/UniBe-swiss-ndvi/GitHub/swiss-ndvi-processing/.venv/lib/python3.12/site-packages/tornado/netutil.py", line 273, in accept_handler
  File "/usr/lib/python3.12/socket.py", line 295, in accept
OSError: [Errno 24] Too many open files
Exception in callback BaseAsyncIOLoop._handle_events(7, 1)
handle: <Handle BaseAsyncIOLoop._handle_events(7, 1)>
Traceback (most recent call last):
  File "/usr/lib/python3.12/asyncio/events.py", line 88, in _run
  File "/home/Shared/UniBe-swiss-ndvi/GitHub/swiss-ndvi-processing/.venv/lib/python3.12/site-packages/tornado/platform/asyncio.py", line 208, in _handle_events
  File "/home/Shared/UniBe-swiss-ndvi/GitHub/swiss-ndvi-processing/.venv/lib/python3.12/site-packages/tornado/netutil.py", line 273, in accept_handler
  File "/usr/lib/python3.12/socket.py", line 295, in accept
OSError: [Errno 24] Too many open files
Exception in callback BaseAsyncIOLoop._handle_events(7, 1)
handle: <Handle BaseAsyncIOLoop._handle_events(7, 1)>
Traceback (most recent call last):
  File "/usr/lib/python3.12/asyncio/events.py", line 88, in _run
  File "/home/Shared/UniBe-swiss-ndvi/GitHub/swiss-ndvi-processing/.venv/lib/python3.12/site-packages/tornado/platform/asyncio.py", line 208, in _handle_events
  File "/home/Shared/UniBe-swiss-ndvi/GitHub/swiss-ndvi-processing/.venv/lib/python3.12/site-packages/tornado/netutil.py", line 273, in accept_handler
  File "/usr/lib/python3.12/socket.py", line 295, in accept
OSError: [Errno 24] Too many open files
Exception in callback BaseAsyncIOLoop._handle_events(7, 1)
handle: <Handle BaseAsyncIOLoop._handle_events(7, 1)>
Traceback (most recent call last):
  File "/usr/lib/python3.12/asyncio/events.py", line 88, in _run
  File "/home/Shared/UniBe-swiss-ndvi/GitHub/swiss-ndvi-processing/.venv/lib/python3.12/site-packages/tornado/platform/asyncio.py", line 208, in _handle_events
  File "/home/Shared/UniBe-swiss-ndvi/GitHub/swiss-ndvi-processing/.venv/lib/python3.12/site-packages/tornado/netutil.py", line 273, in accept_handler
  File "/usr/lib/python3.12/socket.py", line 295, in accept
OSError: [Errno 24] Too many open files
2026-04-08 22:01:21,546 - distributed.worker - WARNING - Mismatched versions found

+-------------+---------------------------------------------+-----------+----------+
| Package     | Worker-e84a4bf2-10af-44ab-823d-c783da338b9a | Scheduler | Workers  |
+-------------+---------------------------------------------+-----------+----------+
| cloudpickle | 3.1.1                                       | None      | 3.1.1    |
| dask        | 2025.9.1                                    | None      | 2025.9.1 |
| distributed | 2025.9.1                                    | None      | 2025.9.1 |
| lz4         | 4.3.2                                       | None      | 4.3.2    |
| msgpack     | 1.1.1                                       | None      | 1.1.1    |
| toolz       | 1.0.0                                       | None      | 1.0.0    |
| tornado     | 6.5.1                                       | None      | 6.5.1    |
+-------------+---------------------------------------------+-----------+----------+
2026-04-08 22:01:21,546 - tornado.application - ERROR - Exception in callback functools.partial(<bound method NannyMemoryManager.memory_monitor of <distributed.worker_memory.NannyMemoryManager object at 0x76c0580ac5f0>>, <Nanny: tcp://127.0.0.1:44171, threads: 1>)
Traceback (most recent call last):
  File "/home/Shared/UniBe-swiss-ndvi/GitHub/swiss-ndvi-processing/.venv/lib/python3.12/site-packages/psutil/_common.py", line 441, in wrapper
AttributeError: 'Process' object has no attribute '_cache'

During handling of the above exception, another exception occurred:

Traceback (most recent call last):
  File "/home/Shared/UniBe-swiss-ndvi/GitHub/swiss-ndvi-processing/.venv/lib/python3.12/site-packages/tornado/ioloop.py", line 945, in _run
  File "/home/Shared/UniBe-swiss-ndvi/GitHub/swiss-ndvi-processing/.venv/lib/python3.12/site-packages/distributed/worker_memory.py", line 417, in memory_monitor
  File "/home/Shared/UniBe-swiss-ndvi/GitHub/swiss-ndvi-processing/.venv/lib/python3.12/site-packages/psutil/__init__.py", line 332, in __init__
  File "/home/Shared/UniBe-swiss-ndvi/GitHub/swiss-ndvi-processing/.venv/lib/python3.12/site-packages/psutil/__init__.py", line 361, in _init
  File "/home/Shared/UniBe-swiss-ndvi/GitHub/swiss-ndvi-processing/.venv/lib/python3.12/site-packages/psutil/__init__.py", line 717, in create_time
  File "/home/Shared/UniBe-swiss-ndvi/GitHub/swiss-ndvi-processing/.venv/lib/python3.12/site-packages/psutil/_pslinux.py", line 1661, in wrapper
  File "/home/Shared/UniBe-swiss-ndvi/GitHub/swiss-ndvi-processing/.venv/lib/python3.12/site-packages/psutil/_pslinux.py", line 1873, in create_time
  File "/home/Shared/UniBe-swiss-ndvi/GitHub/swiss-ndvi-processing/.venv/lib/python3.12/site-packages/psutil/_pslinux.py", line 1661, in wrapper
  File "/home/Shared/UniBe-swiss-ndvi/GitHub/swiss-ndvi-processing/.venv/lib/python3.12/site-packages/psutil/_common.py", line 444, in wrapper
  File "/home/Shared/UniBe-swiss-ndvi/GitHub/swiss-ndvi-processing/.venv/lib/python3.12/site-packages/psutil/_pslinux.py", line 1703, in _parse_stat_file
  File "/home/Shared/UniBe-swiss-ndvi/GitHub/swiss-ndvi-processing/.venv/lib/python3.12/site-packages/psutil/_common.py", line 711, in open_binary
OSError: [Errno 24] Too many open files: '/proc/4067405/stat'
Exception in callback BaseAsyncIOLoop._handle_events(7, 1)
handle: <Handle BaseAsyncIOLoop._handle_events(7, 1)>
Traceback (most recent call last):
  File "/usr/lib/python3.12/asyncio/events.py", line 88, in _run
  File "/home/Shared/UniBe-swiss-ndvi/GitHub/swiss-ndvi-processing/.venv/lib/python3.12/site-packages/tornado/platform/asyncio.py", line 208, in _handle_events
  File "/home/Shared/UniBe-swiss-ndvi/GitHub/swiss-ndvi-processing/.venv/lib/python3.12/site-packages/tornado/netutil.py", line 273, in accept_handler
  File "/usr/lib/python3.12/socket.py", line 295, in accept
OSError: [Errno 24] Too many open files
2026-04-08 22:01:21,548 - distributed.worker - WARNING - Mismatched versions found

+-------------+---------------------------------------------+-----------+----------+
| Package     | Worker-465232dd-92bc-4ca1-abaa-758a8f63563b | Scheduler | Workers  |
+-------------+---------------------------------------------+-----------+----------+
| cloudpickle | 3.1.1                                       | None      | 3.1.1    |
| dask        | 2025.9.1                                    | None      | 2025.9.1 |
| distributed | 2025.9.1                                    | None      | 2025.9.1 |
| lz4         | 4.3.2                                       | None      | 4.3.2    |
| msgpack     | 1.1.1                                       | None      | 1.1.1    |
| toolz       | 1.0.0                                       | None      | 1.0.0    |
| tornado     | 6.5.1                                       | None      | 6.5.1    |
+-------------+---------------------------------------------+-----------+----------+
2026-04-08 22:01:21,549 - tornado.application - ERROR - Exception in callback functools.partial(<bound method NannyMemoryManager.memory_monitor of <distributed.worker_memory.NannyMemoryManager object at 0x76c0580acec0>>, <Nanny: tcp://127.0.0.1:45827, threads: 1>)
Traceback (most recent call last):
  File "/home/Shared/UniBe-swiss-ndvi/GitHub/swiss-ndvi-processing/.venv/lib/python3.12/site-packages/psutil/_common.py", line 441, in wrapper
AttributeError: 'Process' object has no attribute '_cache'

During handling of the above exception, another exception occurred:

Traceback (most recent call last):
  File "/home/Shared/UniBe-swiss-ndvi/GitHub/swiss-ndvi-processing/.venv/lib/python3.12/site-packages/tornado/ioloop.py", line 945, in _run
  File "/home/Shared/UniBe-swiss-ndvi/GitHub/swiss-ndvi-processing/.venv/lib/python3.12/site-packages/distributed/worker_memory.py", line 417, in memory_monitor
  File "/home/Shared/UniBe-swiss-ndvi/GitHub/swiss-ndvi-processing/.venv/lib/python3.12/site-packages/psutil/__init__.py", line 332, in __init__
  File "/home/Shared/UniBe-swiss-ndvi/GitHub/swiss-ndvi-processing/.venv/lib/python3.12/site-packages/psutil/__init__.py", line 361, in _init
  File "/home/Shared/UniBe-swiss-ndvi/GitHub/swiss-ndvi-processing/.venv/lib/python3.12/site-packages/psutil/__init__.py", line 717, in create_time
  File "/home/Shared/UniBe-swiss-ndvi/GitHub/swiss-ndvi-processing/.venv/lib/python3.12/site-packages/psutil/_pslinux.py", line 1661, in wrapper
  File "/home/Shared/UniBe-swiss-ndvi/GitHub/swiss-ndvi-processing/.venv/lib/python3.12/site-packages/psutil/_pslinux.py", line 1873, in create_time
  File "/home/Shared/UniBe-swiss-ndvi/GitHub/swiss-ndvi-processing/.venv/lib/python3.12/site-packages/psutil/_pslinux.py", line 1661, in wrapper
  File "/home/Shared/UniBe-swiss-ndvi/GitHub/swiss-ndvi-processing/.venv/lib/python3.12/site-packages/psutil/_common.py", line 444, in wrapper
  File "/home/Shared/UniBe-swiss-ndvi/GitHub/swiss-ndvi-processing/.venv/lib/python3.12/site-packages/psutil/_pslinux.py", line 1703, in _parse_stat_file
  File "/home/Shared/UniBe-swiss-ndvi/GitHub/swiss-ndvi-processing/.venv/lib/python3.12/site-packages/psutil/_common.py", line 711, in open_binary
OSError: [Errno 24] Too many open files: '/proc/4067409/stat'
Exception in callback BaseAsyncIOLoop._handle_events(7, 1)
handle: <Handle BaseAsyncIOLoop._handle_events(7, 1)>
Traceback (most recent call last):
  File "/usr/lib/python3.12/asyncio/events.py", line 88, in _run
  File "/home/Shared/UniBe-swiss-ndvi/GitHub/swiss-ndvi-processing/.venv/lib/python3.12/site-packages/tornado/platform/asyncio.py", line 208, in _handle_events
  File "/home/Shared/UniBe-swiss-ndvi/GitHub/swiss-ndvi-processing/.venv/lib/python3.12/site-packages/tornado/netutil.py", line 273, in accept_handler
  File "/usr/lib/python3.12/socket.py", line 295, in accept
OSError: [Errno 24] Too many open files
Exception in callback BaseAsyncIOLoop._handle_events(7, 1)
handle: <Handle BaseAsyncIOLoop._handle_events(7, 1)>
Traceback (most recent call last):
  File "/usr/lib/python3.12/asyncio/events.py", line 88, in _run
  File "/home/Shared/UniBe-swiss-ndvi/GitHub/swiss-ndvi-processing/.venv/lib/python3.12/site-packages/tornado/platform/asyncio.py", line 208, in _handle_events
  File "/home/Shared/UniBe-swiss-ndvi/GitHub/swiss-ndvi-processing/.venv/lib/python3.12/site-packages/tornado/netutil.py", line 273, in accept_handler
  File "/usr/lib/python3.12/socket.py", line 295, in accept
OSError: [Errno 24] Too many open files
Exception in callback BaseAsyncIOLoop._handle_events(7, 1)
handle: <Handle BaseAsyncIOLoop._handle_events(7, 1)>
Traceback (most recent call last):
  File "/usr/lib/python3.12/asyncio/events.py", line 88, in _run
  File "/home/Shared/UniBe-swiss-ndvi/GitHub/swiss-ndvi-processing/.venv/lib/python3.12/site-packages/tornado/platform/asyncio.py", line 208, in _handle_events
  File "/home/Shared/UniBe-swiss-ndvi/GitHub/swiss-ndvi-processing/.venv/lib/python3.12/site-packages/tornado/netutil.py", line 273, in accept_handler
  File "/usr/lib/python3.12/socket.py", line 295, in accept
OSError: [Errno 24] Too many open files
Exception in callback BaseAsyncIOLoop._handle_events(7, 1)
handle: <Handle BaseAsyncIOLoop._handle_events(7, 1)>
Traceback (most recent call last):
  File "/usr/lib/python3.12/asyncio/events.py", line 88, in _run
  File "/home/Shared/UniBe-swiss-ndvi/GitHub/swiss-ndvi-processing/.venv/lib/python3.12/site-packages/tornado/platform/asyncio.py", line 208, in _handle_events
  File "/home/Shared/UniBe-swiss-ndvi/GitHub/swiss-ndvi-processing/.venv/lib/python3.12/site-packages/tornado/netutil.py", line 273, in accept_handler
  File "/usr/lib/python3.12/socket.py", line 295, in accept
OSError: [Errno 24] Too many open files
2026-04-08 22:01:21,560 - distributed.worker - WARNING - Mismatched versions found

+-------------+---------------------------------------------+-----------+----------+
| Package     | Worker-305f9fa4-c6e1-43eb-88a2-b3cf0fa40202 | Scheduler | Workers  |
+-------------+---------------------------------------------+-----------+----------+
| cloudpickle | 3.1.1                                       | None      | 3.1.1    |
| dask        | 2025.9.1                                    | None      | 2025.9.1 |
| distributed | 2025.9.1                                    | None      | 2025.9.1 |
| lz4         | 4.3.2                                       | None      | 4.3.2    |
| msgpack     | 1.1.1                                       | None      | 1.1.1    |
| toolz       | 1.0.0                                       | None      | 1.0.0    |
| tornado     | 6.5.1                                       | None      | 6.5.1    |
+-------------+---------------------------------------------+-----------+----------+
2026-04-08 22:01:21,567 - distributed.worker - WARNING - Mismatched versions found

+-------------+---------------------------------------------+-----------+----------+
| Package     | Worker-0bad0c1f-da22-4e11-af24-f0827109205e | Scheduler | Workers  |
+-------------+---------------------------------------------+-----------+----------+
| cloudpickle | 3.1.1                                       | None      | 3.1.1    |
| dask        | 2025.9.1                                    | None      | 2025.9.1 |
| distributed | 2025.9.1                                    | None      | 2025.9.1 |
| lz4         | 4.3.2                                       | None      | 4.3.2    |
| msgpack     | 1.1.1                                       | None      | 1.1.1    |
| toolz       | 1.0.0                                       | None      | 1.0.0    |
| tornado     | 6.5.1                                       | None      | 6.5.1    |
+-------------+---------------------------------------------+-----------+----------+
2026-04-08 22:01:21,581 - distributed.worker - WARNING - Mismatched versions found

+-------------+---------------------------------------------+-----------+----------+
| Package     | Worker-2ee32c55-f5f6-45af-8e49-e26208db64c0 | Scheduler | Workers  |
+-------------+---------------------------------------------+-----------+----------+
| cloudpickle | 3.1.1                                       | None      | 3.1.1    |
| dask        | 2025.9.1                                    | None      | 2025.9.1 |
| distributed | 2025.9.1                                    | None      | 2025.9.1 |
| lz4         | 4.3.2                                       | None      | 4.3.2    |
| msgpack     | 1.1.1                                       | None      | 1.1.1    |
| toolz       | 1.0.0                                       | None      | 1.0.0    |
| tornado     | 6.5.1                                       | None      | 6.5.1    |
+-------------+---------------------------------------------+-----------+----------+
2026-04-08 22:01:21,585 - distributed.worker - WARNING - Mismatched versions found

+-------------+---------------------------------------------+-----------+----------+
| Package     | Worker-89521e0d-5ff4-4ac4-b81f-fa21821fe45a | Scheduler | Workers  |
+-------------+---------------------------------------------+-----------+----------+
| cloudpickle | 3.1.1                                       | None      | 3.1.1    |
| dask        | 2025.9.1                                    | None      | 2025.9.1 |
| distributed | 2025.9.1                                    | None      | 2025.9.1 |
| lz4         | 4.3.2                                       | None      | 4.3.2    |
| msgpack     | 1.1.1                                       | None      | 1.1.1    |
| toolz       | 1.0.0                                       | None      | 1.0.0    |
| tornado     | 6.5.1                                       | None      | 6.5.1    |
+-------------+---------------------------------------------+-----------+----------+
2026-04-08 22:01:21,588 - distributed.worker - WARNING - Mismatched versions found

+-------------+---------------------------------------------+-----------+----------+
| Package     | Worker-f5da0638-c1a0-4c9e-89f1-9f84eac9daaf | Scheduler | Workers  |
+-------------+---------------------------------------------+-----------+----------+
| cloudpickle | 3.1.1                                       | None      | 3.1.1    |
| dask        | 2025.9.1                                    | None      | 2025.9.1 |
| distributed | 2025.9.1                                    | None      | 2025.9.1 |
| lz4         | 4.3.2                                       | None      | 4.3.2    |
| msgpack     | 1.1.1                                       | None      | 1.1.1    |
| toolz       | 1.0.0                                       | None      | 1.0.0    |
| tornado     | 6.5.1                                       | None      | 6.5.1    |
+-------------+---------------------------------------------+-----------+----------+
2026-04-08 22:01:21,589 - distributed.worker - WARNING - Mismatched versions found

+-------------+---------------------------------------------+-----------+----------+
| Package     | Worker-6f1c836c-2fbb-4e3c-824f-7d9cbb999bfd | Scheduler | Workers  |
+-------------+---------------------------------------------+-----------+----------+
| cloudpickle | 3.1.1                                       | None      | 3.1.1    |
| dask        | 2025.9.1                                    | None      | 2025.9.1 |
| distributed | 2025.9.1                                    | None      | 2025.9.1 |
| lz4         | 4.3.2                                       | None      | 4.3.2    |
| msgpack     | 1.1.1                                       | None      | 1.1.1    |
| toolz       | 1.0.0                                       | None      | 1.0.0    |
| tornado     | 6.5.1                                       | None      | 6.5.1    |
+-------------+---------------------------------------------+-----------+----------+
2026-04-08 22:01:21,591 - distributed.worker - WARNING - Mismatched versions found

+-------------+---------------------------------------------+-----------+----------+
| Package     | Worker-311479b3-3d7f-4316-a650-7362667882ef | Scheduler | Workers  |
+-------------+---------------------------------------------+-----------+----------+
| cloudpickle | 3.1.1                                       | None      | 3.1.1    |
| dask        | 2025.9.1                                    | None      | 2025.9.1 |
| distributed | 2025.9.1                                    | None      | 2025.9.1 |
| lz4         | 4.3.2                                       | None      | 4.3.2    |
| msgpack     | 1.1.1                                       | None      | 1.1.1    |
| toolz       | 1.0.0                                       | None      | 1.0.0    |
| tornado     | 6.5.1                                       | None      | 6.5.1    |
+-------------+---------------------------------------------+-----------+----------+
2026-04-08 22:01:21,592 - distributed.worker - WARNING - Mismatched versions found

+-------------+---------------------------------------------+-----------+----------+
| Package     | Worker-4f697d45-303f-4708-9310-4c7e547a617f | Scheduler | Workers  |
+-------------+---------------------------------------------+-----------+----------+
| cloudpickle | 3.1.1                                       | None      | 3.1.1    |
| dask        | 2025.9.1                                    | None      | 2025.9.1 |
| distributed | 2025.9.1                                    | None      | 2025.9.1 |
| lz4         | 4.3.2                                       | None      | 4.3.2    |
| msgpack     | 1.1.1                                       | None      | 1.1.1    |
| toolz       | 1.0.0                                       | None      | 1.0.0    |
| tornado     | 6.5.1                                       | None      | 6.5.1    |
+-------------+---------------------------------------------+-----------+----------+
2026-04-08 22:01:21,593 - distributed.worker - WARNING - Mismatched versions found

+-------------+---------------------------------------------+-----------+----------+
| Package     | Worker-2be4ba7c-72ac-4ced-8eec-0c29cb2dfb59 | Scheduler | Workers  |
+-------------+---------------------------------------------+-----------+----------+
| cloudpickle | 3.1.1                                       | None      | 3.1.1    |
| dask        | 2025.9.1                                    | None      | 2025.9.1 |
| distributed | 2025.9.1                                    | None      | 2025.9.1 |
| lz4         | 4.3.2                                       | None      | 4.3.2    |
| msgpack     | 1.1.1                                       | None      | 1.1.1    |
| toolz       | 1.0.0                                       | None      | 1.0.0    |
| tornado     | 6.5.1                                       | None      | 6.5.1    |
+-------------+---------------------------------------------+-----------+----------+
2026-04-08 22:01:21,600 - distributed.worker - WARNING - Mismatched versions found

+-------------+---------------------------------------------+-----------+----------+
| Package     | Worker-0609eb7c-f1f0-4d51-983f-365106c4705c | Scheduler | Workers  |
+-------------+---------------------------------------------+-----------+----------+
| cloudpickle | 3.1.1                                       | None      | 3.1.1    |
| dask        | 2025.9.1                                    | None      | 2025.9.1 |
| distributed | 2025.9.1                                    | None      | 2025.9.1 |
| lz4         | 4.3.2                                       | None      | 4.3.2    |
| msgpack     | 1.1.1                                       | None      | 1.1.1    |
| toolz       | 1.0.0                                       | None      | 1.0.0    |
| tornado     | 6.5.1                                       | None      | 6.5.1    |
+-------------+---------------------------------------------+-----------+----------+
2026-04-08 22:01:21,617 - distributed.worker - WARNING - Mismatched versions found

+-------------+---------------------------------------------+-----------+----------+
| Package     | Worker-a3d8352a-0b90-4ee8-81c1-fe289f27d4ab | Scheduler | Workers  |
+-------------+---------------------------------------------+-----------+----------+
| cloudpickle | 3.1.1                                       | None      | 3.1.1    |
| dask        | 2025.9.1                                    | None      | 2025.9.1 |
| distributed | 2025.9.1                                    | None      | 2025.9.1 |
| lz4         | 4.3.2                                       | None      | 4.3.2    |
| msgpack     | 1.1.1                                       | None      | 1.1.1    |
| toolz       | 1.0.0                                       | None      | 1.0.0    |
| tornado     | 6.5.1                                       | None      | 6.5.1    |
+-------------+---------------------------------------------+-----------+----------+
2026-04-08 22:01:21,618 - distributed.worker - WARNING - Mismatched versions found

+-------------+---------------------------------------------+-----------+----------+
| Package     | Worker-e087d057-0de6-4ad9-b343-6c8e1c6d0960 | Scheduler | Workers  |
+-------------+---------------------------------------------+-----------+----------+
| cloudpickle | 3.1.1                                       | None      | 3.1.1    |
| dask        | 2025.9.1                                    | None      | 2025.9.1 |
| distributed | 2025.9.1                                    | None      | 2025.9.1 |
| lz4         | 4.3.2                                       | None      | 4.3.2    |
| msgpack     | 1.1.1                                       | None      | 1.1.1    |
| toolz       | 1.0.0                                       | None      | 1.0.0    |
| tornado     | 6.5.1                                       | None      | 6.5.1    |
+-------------+---------------------------------------------+-----------+----------+
2026-04-08 22:01:21,620 - distributed.worker - WARNING - Mismatched versions found

+-------------+---------------------------------------------+-----------+----------+
| Package     | Worker-fdee453d-5dc2-4a71-9d46-137ff2401d3f | Scheduler | Workers  |
+-------------+---------------------------------------------+-----------+----------+
| cloudpickle | 3.1.1                                       | None      | 3.1.1    |
| dask        | 2025.9.1                                    | None      | 2025.9.1 |
| distributed | 2025.9.1                                    | None      | 2025.9.1 |
| lz4         | 4.3.2                                       | None      | 4.3.2    |
| msgpack     | 1.1.1                                       | None      | 1.1.1    |
| toolz       | 1.0.0                                       | None      | 1.0.0    |
| tornado     | 6.5.1                                       | None      | 6.5.1    |
+-------------+---------------------------------------------+-----------+----------+
2026-04-08 22:01:21,629 - distributed.worker - WARNING - Mismatched versions found

+-------------+---------------------------------------------+-----------+----------+
| Package     | Worker-e71397a2-4b93-406b-817a-ca64ddb26ba0 | Scheduler | Workers  |
+-------------+---------------------------------------------+-----------+----------+
| cloudpickle | 3.1.1                                       | None      | 3.1.1    |
| dask        | 2025.9.1                                    | None      | 2025.9.1 |
| distributed | 2025.9.1                                    | None      | 2025.9.1 |
| lz4         | 4.3.2                                       | None      | 4.3.2    |
| msgpack     | 1.1.1                                       | None      | 1.1.1    |
| toolz       | 1.0.0                                       | None      | 1.0.0    |
| tornado     | 6.5.1                                       | None      | 6.5.1    |
+-------------+---------------------------------------------+-----------+----------+
2026-04-08 22:01:21,630 - distributed.worker - WARNING - Mismatched versions found

+-------------+---------------------------------------------+-----------+----------+
| Package     | Worker-9268255d-557b-4874-851f-bce5124626dd | Scheduler | Workers  |
+-------------+---------------------------------------------+-----------+----------+
| cloudpickle | 3.1.1                                       | None      | 3.1.1    |
| dask        | 2025.9.1                                    | None      | 2025.9.1 |
| distributed | 2025.9.1                                    | None      | 2025.9.1 |
| lz4         | 4.3.2                                       | None      | 4.3.2    |
| msgpack     | 1.1.1                                       | None      | 1.1.1    |
| toolz       | 1.0.0                                       | None      | 1.0.0    |
| tornado     | 6.5.1                                       | None      | 6.5.1    |
+-------------+---------------------------------------------+-----------+----------+
2026-04-08 22:01:21,632 - distributed.worker - WARNING - Mismatched versions found

+-------------+---------------------------------------------+-----------+----------+
| Package     | Worker-9cdf5be7-7e7a-4dec-8faf-0bab23b326f0 | Scheduler | Workers  |
+-------------+---------------------------------------------+-----------+----------+
| cloudpickle | 3.1.1                                       | None      | 3.1.1    |
| dask        | 2025.9.1                                    | None      | 2025.9.1 |
| distributed | 2025.9.1                                    | None      | 2025.9.1 |
| lz4         | 4.3.2                                       | None      | 4.3.2    |
| msgpack     | 1.1.1                                       | None      | 1.1.1    |
| toolz       | 1.0.0                                       | None      | 1.0.0    |
| tornado     | 6.5.1                                       | None      | 6.5.1    |
+-------------+---------------------------------------------+-----------+----------+
2026-04-08 22:01:21,638 - distributed.worker - WARNING - Mismatched versions found

+-------------+---------------------------------------------+-----------+----------+
| Package     | Worker-52a0ec5f-da3a-40a3-b985-45dcf4c1b214 | Scheduler | Workers  |
+-------------+---------------------------------------------+-----------+----------+
| cloudpickle | 3.1.1                                       | None      | 3.1.1    |
| dask        | 2025.9.1                                    | None      | 2025.9.1 |
| distributed | 2025.9.1                                    | None      | 2025.9.1 |
| lz4         | 4.3.2                                       | None      | 4.3.2    |
| msgpack     | 1.1.1                                       | None      | 1.1.1    |
| toolz       | 1.0.0                                       | None      | 1.0.0    |
| tornado     | 6.5.1                                       | None      | 6.5.1    |
+-------------+---------------------------------------------+-----------+----------+
2026-04-08 22:01:21,646 - distributed.worker - WARNING - Mismatched versions found

+-------------+---------------------------------------------+-----------+----------+
| Package     | Worker-cc2150d3-b064-4755-bb59-89d812f3e793 | Scheduler | Workers  |
+-------------+---------------------------------------------+-----------+----------+
| cloudpickle | 3.1.1                                       | None      | 3.1.1    |
| dask        | 2025.9.1                                    | None      | 2025.9.1 |
| distributed | 2025.9.1                                    | None      | 2025.9.1 |
| lz4         | 4.3.2                                       | None      | 4.3.2    |
| msgpack     | 1.1.1                                       | None      | 1.1.1    |
| toolz       | 1.0.0                                       | None      | 1.0.0    |
| tornado     | 6.5.1                                       | None      | 6.5.1    |
+-------------+---------------------------------------------+-----------+----------+
2026-04-08 22:01:21,648 - distributed.worker - WARNING - Mismatched versions found

+-------------+---------------------------------------------+-----------+----------+
| Package     | Worker-dac1d6bb-4a47-4f23-9af5-aa33a148950f | Scheduler | Workers  |
+-------------+---------------------------------------------+-----------+----------+
| cloudpickle | 3.1.1                                       | None      | 3.1.1    |
| dask        | 2025.9.1                                    | None      | 2025.9.1 |
| distributed | 2025.9.1                                    | None      | 2025.9.1 |
| lz4         | 4.3.2                                       | None      | 4.3.2    |
| msgpack     | 1.1.1                                       | None      | 1.1.1    |
| toolz       | 1.0.0                                       | None      | 1.0.0    |
| tornado     | 6.5.1                                       | None      | 6.5.1    |
+-------------+---------------------------------------------+-----------+----------+
2026-04-08 22:01:21,660 - distributed.worker - WARNING - Mismatched versions found

+-------------+---------------------------------------------+-----------+----------+
| Package     | Worker-a6f96fec-6737-471b-a6c5-9246b0c19737 | Scheduler | Workers  |
+-------------+---------------------------------------------+-----------+----------+
| cloudpickle | 3.1.1                                       | None      | 3.1.1    |
| dask        | 2025.9.1                                    | None      | 2025.9.1 |
| distributed | 2025.9.1                                    | None      | 2025.9.1 |
| lz4         | 4.3.2                                       | None      | 4.3.2    |
| msgpack     | 1.1.1                                       | None      | 1.1.1    |
| toolz       | 1.0.0                                       | None      | 1.0.0    |
| tornado     | 6.5.1                                       | None      | 6.5.1    |
+-------------+---------------------------------------------+-----------+----------+
2026-04-08 22:01:21,661 - distributed.worker - WARNING - Mismatched versions found

+-------------+---------------------------------------------+-----------+----------+
| Package     | Worker-f88a61da-7aae-4385-9131-a036224c285a | Scheduler | Workers  |
+-------------+---------------------------------------------+-----------+----------+
| cloudpickle | 3.1.1                                       | None      | 3.1.1    |
| dask        | 2025.9.1                                    | None      | 2025.9.1 |
| distributed | 2025.9.1                                    | None      | 2025.9.1 |
| lz4         | 4.3.2                                       | None      | 4.3.2    |
| msgpack     | 1.1.1                                       | None      | 1.1.1    |
| toolz       | 1.0.0                                       | None      | 1.0.0    |
| tornado     | 6.5.1                                       | None      | 6.5.1    |
+-------------+---------------------------------------------+-----------+----------+
2026-04-08 22:01:21,668 - distributed.worker - WARNING - Mismatched versions found

+-------------+---------------------------------------------+-----------+----------+
| Package     | Worker-0101a787-3a15-43a7-833c-3fceda32d20c | Scheduler | Workers  |
+-------------+---------------------------------------------+-----------+----------+
| cloudpickle | 3.1.1                                       | None      | 3.1.1    |
| dask        | 2025.9.1                                    | None      | 2025.9.1 |
| distributed | 2025.9.1                                    | None      | 2025.9.1 |
| lz4         | 4.3.2                                       | None      | 4.3.2    |
| msgpack     | 1.1.1                                       | None      | 1.1.1    |
| toolz       | 1.0.0                                       | None      | 1.0.0    |
| tornado     | 6.5.1                                       | None      | 6.5.1    |
+-------------+---------------------------------------------+-----------+----------+
2026-04-08 22:01:21,670 - distributed.worker - WARNING - Mismatched versions found

+-------------+---------------------------------------------+-----------+----------+
| Package     | Worker-1f973d18-ca1e-4f73-a4ea-9c4c20ad3191 | Scheduler | Workers  |
+-------------+---------------------------------------------+-----------+----------+
| cloudpickle | 3.1.1                                       | None      | 3.1.1    |
| dask        | 2025.9.1                                    | None      | 2025.9.1 |
| distributed | 2025.9.1                                    | None      | 2025.9.1 |
| lz4         | 4.3.2                                       | None      | 4.3.2    |
| msgpack     | 1.1.1                                       | None      | 1.1.1    |
| toolz       | 1.0.0                                       | None      | 1.0.0    |
| tornado     | 6.5.1                                       | None      | 6.5.1    |
+-------------+---------------------------------------------+-----------+----------+
2026-04-08 22:01:21,671 - distributed.worker - WARNING - Mismatched versions found

+-------------+---------------------------------------------+-----------+----------+
| Package     | Worker-85aaac5a-de5e-4530-b6d6-fe7e8369f572 | Scheduler | Workers  |
+-------------+---------------------------------------------+-----------+----------+
| cloudpickle | 3.1.1                                       | None      | 3.1.1    |
| dask        | 2025.9.1                                    | None      | 2025.9.1 |
| distributed | 2025.9.1                                    | None      | 2025.9.1 |
| lz4         | 4.3.2                                       | None      | 4.3.2    |
| msgpack     | 1.1.1                                       | None      | 1.1.1    |
| toolz       | 1.0.0                                       | None      | 1.0.0    |
| tornado     | 6.5.1                                       | None      | 6.5.1    |
+-------------+---------------------------------------------+-----------+----------+
2026-04-08 22:01:21,671 - distributed.worker - WARNING - Mismatched versions found

+-------------+---------------------------------------------+-----------+----------+
| Package     | Worker-a714aa93-153e-4742-8dee-9dd9b74226d9 | Scheduler | Workers  |
+-------------+---------------------------------------------+-----------+----------+
| cloudpickle | 3.1.1                                       | None      | 3.1.1    |
| dask        | 2025.9.1                                    | None      | 2025.9.1 |
| distributed | 2025.9.1                                    | None      | 2025.9.1 |
| lz4         | 4.3.2                                       | None      | 4.3.2    |
| msgpack     | 1.1.1                                       | None      | 1.1.1    |
| toolz       | 1.0.0                                       | None      | 1.0.0    |
| tornado     | 6.5.1                                       | None      | 6.5.1    |
+-------------+---------------------------------------------+-----------+----------+
2026-04-08 22:01:21,680 - distributed.worker - WARNING - Mismatched versions found

+-------------+---------------------------------------------+-----------+----------+
| Package     | Worker-39b5b53e-3878-41f1-8da6-8b6515446339 | Scheduler | Workers  |
+-------------+---------------------------------------------+-----------+----------+
| cloudpickle | 3.1.1                                       | None      | 3.1.1    |
| dask        | 2025.9.1                                    | None      | 2025.9.1 |
| distributed | 2025.9.1                                    | None      | 2025.9.1 |
| lz4         | 4.3.2                                       | None      | 4.3.2    |
| msgpack     | 1.1.1                                       | None      | 1.1.1    |
| toolz       | 1.0.0                                       | None      | 1.0.0    |
| tornado     | 6.5.1                                       | None      | 6.5.1    |
+-------------+---------------------------------------------+-----------+----------+
2026-04-08 22:01:21,683 - distributed.worker - WARNING - Mismatched versions found

+-------------+---------------------------------------------+-----------+----------+
| Package     | Worker-3faa205a-39b8-4713-9663-fae2d50ce22d | Scheduler | Workers  |
+-------------+---------------------------------------------+-----------+----------+
| cloudpickle | 3.1.1                                       | None      | 3.1.1    |
| dask        | 2025.9.1                                    | None      | 2025.9.1 |
| distributed | 2025.9.1                                    | None      | 2025.9.1 |
| lz4         | 4.3.2                                       | None      | 4.3.2    |
| msgpack     | 1.1.1                                       | None      | 1.1.1    |
| toolz       | 1.0.0                                       | None      | 1.0.0    |
| tornado     | 6.5.1                                       | None      | 6.5.1    |
+-------------+---------------------------------------------+-----------+----------+
2026-04-08 22:01:21,689 - distributed.worker - WARNING - Mismatched versions found

+-------------+---------------------------------------------+-----------+----------+
| Package     | Worker-2012f88f-6e1c-4832-afa3-5b6e745943d3 | Scheduler | Workers  |
+-------------+---------------------------------------------+-----------+----------+
| cloudpickle | 3.1.1                                       | None      | 3.1.1    |
| dask        | 2025.9.1                                    | None      | 2025.9.1 |
| distributed | 2025.9.1                                    | None      | 2025.9.1 |
| lz4         | 4.3.2                                       | None      | 4.3.2    |
| msgpack     | 1.1.1                                       | None      | 1.1.1    |
| toolz       | 1.0.0                                       | None      | 1.0.0    |
| tornado     | 6.5.1                                       | None      | 6.5.1    |
+-------------+---------------------------------------------+-----------+----------+
2026-04-08 22:01:21,690 - distributed.worker - WARNING - Mismatched versions found

+-------------+---------------------------------------------+-----------+----------+
| Package     | Worker-74924b0e-97ae-4a5b-8582-1ce7e12dfeb9 | Scheduler | Workers  |
+-------------+---------------------------------------------+-----------+----------+
| cloudpickle | 3.1.1                                       | None      | 3.1.1    |
| dask        | 2025.9.1                                    | None      | 2025.9.1 |
| distributed | 2025.9.1                                    | None      | 2025.9.1 |
| lz4         | 4.3.2                                       | None      | 4.3.2    |
| msgpack     | 1.1.1                                       | None      | 1.1.1    |
| toolz       | 1.0.0                                       | None      | 1.0.0    |
| tornado     | 6.5.1                                       | None      | 6.5.1    |
+-------------+---------------------------------------------+-----------+----------+
2026-04-08 22:01:21,691 - distributed.worker - WARNING - Mismatched versions found

+-------------+---------------------------------------------+-----------+----------+
| Package     | Worker-80822091-a1d8-42e2-9cf1-f1cf16fad1fc | Scheduler | Workers  |
+-------------+---------------------------------------------+-----------+----------+
| cloudpickle | 3.1.1                                       | None      | 3.1.1    |
| dask        | 2025.9.1                                    | None      | 2025.9.1 |
| distributed | 2025.9.1                                    | None      | 2025.9.1 |
| lz4         | 4.3.2                                       | None      | 4.3.2    |
| msgpack     | 1.1.1                                       | None      | 1.1.1    |
| toolz       | 1.0.0                                       | None      | 1.0.0    |
| tornado     | 6.5.1                                       | None      | 6.5.1    |
+-------------+---------------------------------------------+-----------+----------+
2026-04-08 22:01:21,694 - distributed.worker - WARNING - Mismatched versions found

+-------------+---------------------------------------------+-----------+----------+
| Package     | Worker-dbac3cbc-a18c-49a8-b81a-7cc271f126c7 | Scheduler | Workers  |
+-------------+---------------------------------------------+-----------+----------+
| cloudpickle | 3.1.1                                       | None      | 3.1.1    |
| dask        | 2025.9.1                                    | None      | 2025.9.1 |
| distributed | 2025.9.1                                    | None      | 2025.9.1 |
| lz4         | 4.3.2                                       | None      | 4.3.2    |
| msgpack     | 1.1.1                                       | None      | 1.1.1    |
| toolz       | 1.0.0                                       | None      | 1.0.0    |
| tornado     | 6.5.1                                       | None      | 6.5.1    |
+-------------+---------------------------------------------+-----------+----------+
2026-04-08 22:01:21,693 - distributed.worker - WARNING - Mismatched versions found

+-------------+---------------------------------------------+-----------+----------+
| Package     | Worker-86d1d93f-f3ac-419d-8807-49cb10a39f0d | Scheduler | Workers  |
+-------------+---------------------------------------------+-----------+----------+
| cloudpickle | 3.1.1                                       | None      | 3.1.1    |
| dask        | 2025.9.1                                    | None      | 2025.9.1 |
| distributed | 2025.9.1                                    | None      | 2025.9.1 |
| lz4         | 4.3.2                                       | None      | 4.3.2    |
| msgpack     | 1.1.1                                       | None      | 1.1.1    |
| toolz       | 1.0.0                                       | None      | 1.0.0    |
| tornado     | 6.5.1                                       | None      | 6.5.1    |
+-------------+---------------------------------------------+-----------+----------+
2026-04-08 22:01:21,695 - distributed.worker - WARNING - Mismatched versions found

+-------------+---------------------------------------------+-----------+----------+
| Package     | Worker-3788875c-e811-4dbc-8530-f37caf363a23 | Scheduler | Workers  |
+-------------+---------------------------------------------+-----------+----------+
| cloudpickle | 3.1.1                                       | None      | 3.1.1    |
| dask        | 2025.9.1                                    | None      | 2025.9.1 |
| distributed | 2025.9.1                                    | None      | 2025.9.1 |
| lz4         | 4.3.2                                       | None      | 4.3.2    |
| msgpack     | 1.1.1                                       | None      | 1.1.1    |
| toolz       | 1.0.0                                       | None      | 1.0.0    |
| tornado     | 6.5.1                                       | None      | 6.5.1    |
+-------------+---------------------------------------------+-----------+----------+
2026-04-08 22:01:21,695 - distributed.worker - WARNING - Mismatched versions found

+-------------+---------------------------------------------+-----------+----------+
| Package     | Worker-133a0162-ac76-4b6f-8480-82302b83363d | Scheduler | Workers  |
+-------------+---------------------------------------------+-----------+----------+
| cloudpickle | 3.1.1                                       | None      | 3.1.1    |
| dask        | 2025.9.1                                    | None      | 2025.9.1 |
| distributed | 2025.9.1                                    | None      | 2025.9.1 |
| lz4         | 4.3.2                                       | None      | 4.3.2    |
| msgpack     | 1.1.1                                       | None      | 1.1.1    |
| toolz       | 1.0.0                                       | None      | 1.0.0    |
| tornado     | 6.5.1                                       | None      | 6.5.1    |
+-------------+---------------------------------------------+-----------+----------+
2026-04-08 22:01:21,724 - distributed.worker - WARNING - Mismatched versions found

+-------------+---------------------------------------------+-----------+----------+
| Package     | Worker-809236b9-404e-4a51-83e3-1f678c305643 | Scheduler | Workers  |
+-------------+---------------------------------------------+-----------+----------+
| cloudpickle | 3.1.1                                       | None      | 3.1.1    |
| dask        | 2025.9.1                                    | None      | 2025.9.1 |
| distributed | 2025.9.1                                    | None      | 2025.9.1 |
| lz4         | 4.3.2                                       | None      | 4.3.2    |
| msgpack     | 1.1.1                                       | None      | 1.1.1    |
| toolz       | 1.0.0                                       | None      | 1.0.0    |
| tornado     | 6.5.1                                       | None      | 6.5.1    |
+-------------+---------------------------------------------+-----------+----------+
2026-04-08 22:01:21,724 - distributed.worker - WARNING - Mismatched versions found

+-------------+---------------------------------------------+-----------+----------+
| Package     | Worker-ec019eeb-ced3-4fe9-ac31-072206b48702 | Scheduler | Workers  |
+-------------+---------------------------------------------+-----------+----------+
| cloudpickle | 3.1.1                                       | None      | 3.1.1    |
| dask        | 2025.9.1                                    | None      | 2025.9.1 |
| distributed | 2025.9.1                                    | None      | 2025.9.1 |
| lz4         | 4.3.2                                       | None      | 4.3.2    |
| msgpack     | 1.1.1                                       | None      | 1.1.1    |
| toolz       | 1.0.0                                       | None      | 1.0.0    |
| tornado     | 6.5.1                                       | None      | 6.5.1    |
+-------------+---------------------------------------------+-----------+----------+
2026-04-08 22:01:21,730 - distributed.worker - WARNING - Mismatched versions found

+-------------+---------------------------------------------+-----------+----------+
| Package     | Worker-1665168d-e411-4fcb-8062-4e85a09716d6 | Scheduler | Workers  |
+-------------+---------------------------------------------+-----------+----------+
| cloudpickle | 3.1.1                                       | None      | 3.1.1    |
| dask        | 2025.9.1                                    | None      | 2025.9.1 |
| distributed | 2025.9.1                                    | None      | 2025.9.1 |
| lz4         | 4.3.2                                       | None      | 4.3.2    |
| msgpack     | 1.1.1                                       | None      | 1.1.1    |
| toolz       | 1.0.0                                       | None      | 1.0.0    |
| tornado     | 6.5.1                                       | None      | 6.5.1    |
+-------------+---------------------------------------------+-----------+----------+
2026-04-08 22:01:21,732 - distributed.worker - WARNING - Mismatched versions found

+-------------+---------------------------------------------+-----------+----------+
| Package     | Worker-374d4232-d0d7-47d6-b449-cea4205d2559 | Scheduler | Workers  |
+-------------+---------------------------------------------+-----------+----------+
| cloudpickle | 3.1.1                                       | None      | 3.1.1    |
| dask        | 2025.9.1                                    | None      | 2025.9.1 |
| distributed | 2025.9.1                                    | None      | 2025.9.1 |
| lz4         | 4.3.2                                       | None      | 4.3.2    |
| msgpack     | 1.1.1                                       | None      | 1.1.1    |
| toolz       | 1.0.0                                       | None      | 1.0.0    |
| tornado     | 6.5.1                                       | None      | 6.5.1    |
+-------------+---------------------------------------------+-----------+----------+
2026-04-08 22:01:21,734 - distributed.worker - WARNING - Mismatched versions found

+-------------+---------------------------------------------+-----------+----------+
| Package     | Worker-b5f8605d-6046-4819-92af-8bd627b43696 | Scheduler | Workers  |
+-------------+---------------------------------------------+-----------+----------+
| cloudpickle | 3.1.1                                       | None      | 3.1.1    |
| dask        | 2025.9.1                                    | None      | 2025.9.1 |
| distributed | 2025.9.1                                    | None      | 2025.9.1 |
| lz4         | 4.3.2                                       | None      | 4.3.2    |
| msgpack     | 1.1.1                                       | None      | 1.1.1    |
| toolz       | 1.0.0                                       | None      | 1.0.0    |
| tornado     | 6.5.1                                       | None      | 6.5.1    |
+-------------+---------------------------------------------+-----------+----------+
2026-04-08 22:01:21,743 - distributed.worker - WARNING - Mismatched versions found

+-------------+---------------------------------------------+-----------+----------+
| Package     | Worker-fc070678-06de-4f8f-9da5-abaf41f8594f | Scheduler | Workers  |
+-------------+---------------------------------------------+-----------+----------+
| cloudpickle | 3.1.1                                       | None      | 3.1.1    |
| dask        | 2025.9.1                                    | None      | 2025.9.1 |
| distributed | 2025.9.1                                    | None      | 2025.9.1 |
| lz4         | 4.3.2                                       | None      | 4.3.2    |
| msgpack     | 1.1.1                                       | None      | 1.1.1    |
| toolz       | 1.0.0                                       | None      | 1.0.0    |
| tornado     | 6.5.1                                       | None      | 6.5.1    |
+-------------+---------------------------------------------+-----------+----------+
2026-04-08 22:01:21,747 - distributed.worker - WARNING - Mismatched versions found

+-------------+---------------------------------------------+-----------+----------+
| Package     | Worker-1c408ca4-8a5b-489d-914c-dd54f97b5fde | Scheduler | Workers  |
+-------------+---------------------------------------------+-----------+----------+
| cloudpickle | 3.1.1                                       | None      | 3.1.1    |
| dask        | 2025.9.1                                    | None      | 2025.9.1 |
| distributed | 2025.9.1                                    | None      | 2025.9.1 |
| lz4         | 4.3.2                                       | None      | 4.3.2    |
| msgpack     | 1.1.1                                       | None      | 1.1.1    |
| toolz       | 1.0.0                                       | None      | 1.0.0    |
| tornado     | 6.5.1                                       | None      | 6.5.1    |
+-------------+---------------------------------------------+-----------+----------+
2026-04-08 22:01:21,753 - distributed.worker - WARNING - Mismatched versions found

+-------------+---------------------------------------------+-----------+----------+
| Package     | Worker-4d55aff3-3c4b-45ac-a3a0-dd64567cdc5a | Scheduler | Workers  |
+-------------+---------------------------------------------+-----------+----------+
| cloudpickle | 3.1.1                                       | None      | 3.1.1    |
| dask        | 2025.9.1                                    | None      | 2025.9.1 |
| distributed | 2025.9.1                                    | None      | 2025.9.1 |
| lz4         | 4.3.2                                       | None      | 4.3.2    |
| msgpack     | 1.1.1                                       | None      | 1.1.1    |
| toolz       | 1.0.0                                       | None      | 1.0.0    |
| tornado     | 6.5.1                                       | None      | 6.5.1    |
+-------------+---------------------------------------------+-----------+----------+
2026-04-08 22:01:21,754 - distributed.worker - WARNING - Mismatched versions found

+-------------+---------------------------------------------+-----------+----------+
| Package     | Worker-9468e875-df92-44a1-b5e3-163002087d5e | Scheduler | Workers  |
+-------------+---------------------------------------------+-----------+----------+
| cloudpickle | 3.1.1                                       | None      | 3.1.1    |
| dask        | 2025.9.1                                    | None      | 2025.9.1 |
| distributed | 2025.9.1                                    | None      | 2025.9.1 |
| lz4         | 4.3.2                                       | None      | 4.3.2    |
| msgpack     | 1.1.1                                       | None      | 1.1.1    |
| toolz       | 1.0.0                                       | None      | 1.0.0    |
| tornado     | 6.5.1                                       | None      | 6.5.1    |
+-------------+---------------------------------------------+-----------+----------+
2026-04-08 22:01:21,756 - distributed.worker - WARNING - Mismatched versions found

+-------------+---------------------------------------------+-----------+----------+
| Package     | Worker-bddbca99-dcfa-41e9-b982-99f152a8575f | Scheduler | Workers  |
+-------------+---------------------------------------------+-----------+----------+
| cloudpickle | 3.1.1                                       | None      | 3.1.1    |
| dask        | 2025.9.1                                    | None      | 2025.9.1 |
| distributed | 2025.9.1                                    | None      | 2025.9.1 |
| lz4         | 4.3.2                                       | None      | 4.3.2    |
| msgpack     | 1.1.1                                       | None      | 1.1.1    |
| toolz       | 1.0.0                                       | None      | 1.0.0    |
| tornado     | 6.5.1                                       | None      | 6.5.1    |
+-------------+---------------------------------------------+-----------+----------+
2026-04-08 22:01:21,771 - distributed.worker - WARNING - Mismatched versions found

+-------------+---------------------------------------------+-----------+----------+
| Package     | Worker-783c9608-6eb0-4e03-a7cd-23cf78c38744 | Scheduler | Workers  |
+-------------+---------------------------------------------+-----------+----------+
| cloudpickle | 3.1.1                                       | None      | 3.1.1    |
| dask        | 2025.9.1                                    | None      | 2025.9.1 |
| distributed | 2025.9.1                                    | None      | 2025.9.1 |
| lz4         | 4.3.2                                       | None      | 4.3.2    |
| msgpack     | 1.1.1                                       | None      | 1.1.1    |
| toolz       | 1.0.0                                       | None      | 1.0.0    |
| tornado     | 6.5.1                                       | None      | 6.5.1    |
+-------------+---------------------------------------------+-----------+----------+
2026-04-08 22:01:21,774 - distributed.worker - WARNING - Mismatched versions found

+-------------+---------------------------------------------+-----------+----------+
| Package     | Worker-8d26cd9b-541f-4ba0-99bd-c4434fde6b4c | Scheduler | Workers  |
+-------------+---------------------------------------------+-----------+----------+
| cloudpickle | 3.1.1                                       | None      | 3.1.1    |
| dask        | 2025.9.1                                    | None      | 2025.9.1 |
| distributed | 2025.9.1                                    | None      | 2025.9.1 |
| lz4         | 4.3.2                                       | None      | 4.3.2    |
| msgpack     | 1.1.1                                       | None      | 1.1.1    |
| toolz       | 1.0.0                                       | None      | 1.0.0    |
| tornado     | 6.5.1                                       | None      | 6.5.1    |
+-------------+---------------------------------------------+-----------+----------+
2026-04-08 22:01:21,790 - distributed.worker - WARNING - Mismatched versions found

+-------------+---------------------------------------------+-----------+----------+
| Package     | Worker-09aac917-377d-493b-9c85-0f5d183d99d9 | Scheduler | Workers  |
+-------------+---------------------------------------------+-----------+----------+
| cloudpickle | 3.1.1                                       | None      | 3.1.1    |
| dask        | 2025.9.1                                    | None      | 2025.9.1 |
| distributed | 2025.9.1                                    | None      | 2025.9.1 |
| lz4         | 4.3.2                                       | None      | 4.3.2    |
| msgpack     | 1.1.1                                       | None      | 1.1.1    |
| toolz       | 1.0.0                                       | None      | 1.0.0    |
| tornado     | 6.5.1                                       | None      | 6.5.1    |
+-------------+---------------------------------------------+-----------+----------+
2026-04-08 22:01:21,791 - distributed.worker - WARNING - Mismatched versions found

+-------------+---------------------------------------------+-----------+----------+
| Package     | Worker-6c0f1316-dad1-42f0-88da-258f8e9dbbe6 | Scheduler | Workers  |
+-------------+---------------------------------------------+-----------+----------+
| cloudpickle | 3.1.1                                       | None      | 3.1.1    |
| dask        | 2025.9.1                                    | None      | 2025.9.1 |
| distributed | 2025.9.1                                    | None      | 2025.9.1 |
| lz4         | 4.3.2                                       | None      | 4.3.2    |
| msgpack     | 1.1.1                                       | None      | 1.1.1    |
| toolz       | 1.0.0                                       | None      | 1.0.0    |
| tornado     | 6.5.1                                       | None      | 6.5.1    |
+-------------+---------------------------------------------+-----------+----------+
2026-04-08 22:01:21,796 - distributed.worker - WARNING - Mismatched versions found

+-------------+---------------------------------------------+-----------+----------+
| Package     | Worker-d00961dd-660a-40c2-ac91-3182d7dcdd88 | Scheduler | Workers  |
+-------------+---------------------------------------------+-----------+----------+
| cloudpickle | 3.1.1                                       | None      | 3.1.1    |
| dask        | 2025.9.1                                    | None      | 2025.9.1 |
| distributed | 2025.9.1                                    | None      | 2025.9.1 |
| lz4         | 4.3.2                                       | None      | 4.3.2    |
| msgpack     | 1.1.1                                       | None      | 1.1.1    |
| toolz       | 1.0.0                                       | None      | 1.0.0    |
| tornado     | 6.5.1                                       | None      | 6.5.1    |
+-------------+---------------------------------------------+-----------+----------+
2026-04-08 22:01:21,801 - distributed.worker - WARNING - Mismatched versions found

+-------------+---------------------------------------------+-----------+----------+
| Package     | Worker-73d1700a-183c-400a-8459-8c13d4f00d8e | Scheduler | Workers  |
+-------------+---------------------------------------------+-----------+----------+
| cloudpickle | 3.1.1                                       | None      | 3.1.1    |
| dask        | 2025.9.1                                    | None      | 2025.9.1 |
| distributed | 2025.9.1                                    | None      | 2025.9.1 |
| lz4         | 4.3.2                                       | None      | 4.3.2    |
| msgpack     | 1.1.1                                       | None      | 1.1.1    |
| toolz       | 1.0.0                                       | None      | 1.0.0    |
| tornado     | 6.5.1                                       | None      | 6.5.1    |
+-------------+---------------------------------------------+-----------+----------+
2026-04-08 22:01:21,800 - distributed.worker - WARNING - Mismatched versions found

+-------------+---------------------------------------------+-----------+----------+
| Package     | Worker-5e9167b6-1d47-4b27-bd26-bf4d6234f094 | Scheduler | Workers  |
+-------------+---------------------------------------------+-----------+----------+
| cloudpickle | 3.1.1                                       | None      | 3.1.1    |
| dask        | 2025.9.1                                    | None      | 2025.9.1 |
| distributed | 2025.9.1                                    | None      | 2025.9.1 |
| lz4         | 4.3.2                                       | None      | 4.3.2    |
| msgpack     | 1.1.1                                       | None      | 1.1.1    |
| toolz       | 1.0.0                                       | None      | 1.0.0    |
| tornado     | 6.5.1                                       | None      | 6.5.1    |
+-------------+---------------------------------------------+-----------+----------+
2026-04-08 22:01:21,819 - distributed.worker - WARNING - Mismatched versions found

+-------------+---------------------------------------------+-----------+----------+
| Package     | Worker-026eb598-b907-43ce-b574-54fde93f2c0e | Scheduler | Workers  |
+-------------+---------------------------------------------+-----------+----------+
| cloudpickle | 3.1.1                                       | None      | 3.1.1    |
| dask        | 2025.9.1                                    | None      | 2025.9.1 |
| distributed | 2025.9.1                                    | None      | 2025.9.1 |
| lz4         | 4.3.2                                       | None      | 4.3.2    |
| msgpack     | 1.1.1                                       | None      | 1.1.1    |
| toolz       | 1.0.0                                       | None      | 1.0.0    |
| tornado     | 6.5.1                                       | None      | 6.5.1    |
+-------------+---------------------------------------------+-----------+----------+
2026-04-08 22:01:21,820 - distributed.worker - WARNING - Mismatched versions found

+-------------+---------------------------------------------+-----------+----------+
| Package     | Worker-7934c196-1756-44fa-8146-fd7684fd91e7 | Scheduler | Workers  |
+-------------+---------------------------------------------+-----------+----------+
| cloudpickle | 3.1.1                                       | None      | 3.1.1    |
| dask        | 2025.9.1                                    | None      | 2025.9.1 |
| distributed | 2025.9.1                                    | None      | 2025.9.1 |
| lz4         | 4.3.2                                       | None      | 4.3.2    |
| msgpack     | 1.1.1                                       | None      | 1.1.1    |
| toolz       | 1.0.0                                       | None      | 1.0.0    |
| tornado     | 6.5.1                                       | None      | 6.5.1    |
+-------------+---------------------------------------------+-----------+----------+
2026-04-08 22:01:21,824 - distributed.worker - WARNING - Mismatched versions found

+-------------+---------------------------------------------+-----------+----------+
| Package     | Worker-5e891461-6883-4982-8754-87f9cc632509 | Scheduler | Workers  |
+-------------+---------------------------------------------+-----------+----------+
| cloudpickle | 3.1.1                                       | None      | 3.1.1    |
| dask        | 2025.9.1                                    | None      | 2025.9.1 |
| distributed | 2025.9.1                                    | None      | 2025.9.1 |
| lz4         | 4.3.2                                       | None      | 4.3.2    |
| msgpack     | 1.1.1                                       | None      | 1.1.1    |
| toolz       | 1.0.0                                       | None      | 1.0.0    |
| tornado     | 6.5.1                                       | None      | 6.5.1    |
+-------------+---------------------------------------------+-----------+----------+
2026-04-08 22:01:21,827 - distributed.worker - WARNING - Mismatched versions found

+-------------+---------------------------------------------+-----------+----------+
| Package     | Worker-c20392a0-0d9f-490d-a4f9-a12bc7affa22 | Scheduler | Workers  |
+-------------+---------------------------------------------+-----------+----------+
| cloudpickle | 3.1.1                                       | None      | 3.1.1    |
| dask        | 2025.9.1                                    | None      | 2025.9.1 |
| distributed | 2025.9.1                                    | None      | 2025.9.1 |
| lz4         | 4.3.2                                       | None      | 4.3.2    |
| msgpack     | 1.1.1                                       | None      | 1.1.1    |
| toolz       | 1.0.0                                       | None      | 1.0.0    |
| tornado     | 6.5.1                                       | None      | 6.5.1    |
+-------------+---------------------------------------------+-----------+----------+
2026-04-08 22:01:21,828 - distributed.worker - WARNING - Mismatched versions found

+-------------+---------------------------------------------+-----------+----------+
| Package     | Worker-786972d0-75b6-4577-a5af-9bb5a2f11c51 | Scheduler | Workers  |
+-------------+---------------------------------------------+-----------+----------+
| cloudpickle | 3.1.1                                       | None      | 3.1.1    |
| dask        | 2025.9.1                                    | None      | 2025.9.1 |
| distributed | 2025.9.1                                    | None      | 2025.9.1 |
| lz4         | 4.3.2                                       | None      | 4.3.2    |
| msgpack     | 1.1.1                                       | None      | 1.1.1    |
| toolz       | 1.0.0                                       | None      | 1.0.0    |
| tornado     | 6.5.1                                       | None      | 6.5.1    |
+-------------+---------------------------------------------+-----------+----------+
2026-04-08 22:01:21,829 - distributed.worker - WARNING - Mismatched versions found

+-------------+---------------------------------------------+-----------+----------+
| Package     | Worker-927dff0c-cba4-470f-9858-6df45cc19e4b | Scheduler | Workers  |
+-------------+---------------------------------------------+-----------+----------+
| cloudpickle | 3.1.1                                       | None      | 3.1.1    |
| dask        | 2025.9.1                                    | None      | 2025.9.1 |
| distributed | 2025.9.1                                    | None      | 2025.9.1 |
| lz4         | 4.3.2                                       | None      | 4.3.2    |
| msgpack     | 1.1.1                                       | None      | 1.1.1    |
| toolz       | 1.0.0                                       | None      | 1.0.0    |
| tornado     | 6.5.1                                       | None      | 6.5.1    |
+-------------+---------------------------------------------+-----------+----------+
2026-04-08 22:01:21,839 - distributed.worker - WARNING - Mismatched versions found

+-------------+---------------------------------------------+-----------+----------+
| Package     | Worker-3b913b84-b5a6-44a1-92a0-63dccdcaaf10 | Scheduler | Workers  |
+-------------+---------------------------------------------+-----------+----------+
| cloudpickle | 3.1.1                                       | None      | 3.1.1    |
| dask        | 2025.9.1                                    | None      | 2025.9.1 |
| distributed | 2025.9.1                                    | None      | 2025.9.1 |
| lz4         | 4.3.2                                       | None      | 4.3.2    |
| msgpack     | 1.1.1                                       | None      | 1.1.1    |
| toolz       | 1.0.0                                       | None      | 1.0.0    |
| tornado     | 6.5.1                                       | None      | 6.5.1    |
+-------------+---------------------------------------------+-----------+----------+
2026-04-08 22:01:21,847 - distributed.worker - WARNING - Mismatched versions found

+-------------+---------------------------------------------+-----------+----------+
| Package     | Worker-f289b0e9-eed7-4048-8185-57925bf97b7b | Scheduler | Workers  |
+-------------+---------------------------------------------+-----------+----------+
| cloudpickle | 3.1.1                                       | None      | 3.1.1    |
| dask        | 2025.9.1                                    | None      | 2025.9.1 |
| distributed | 2025.9.1                                    | None      | 2025.9.1 |
| lz4         | 4.3.2                                       | None      | 4.3.2    |
| msgpack     | 1.1.1                                       | None      | 1.1.1    |
| toolz       | 1.0.0                                       | None      | 1.0.0    |
| tornado     | 6.5.1                                       | None      | 6.5.1    |
+-------------+---------------------------------------------+-----------+----------+
2026-04-08 22:01:21,850 - distributed.worker - WARNING - Mismatched versions found

+-------------+---------------------------------------------+-----------+----------+
| Package     | Worker-0c9cd8ae-8ebc-43d8-bccf-a1490787973a | Scheduler | Workers  |
+-------------+---------------------------------------------+-----------+----------+
| cloudpickle | 3.1.1                                       | None      | 3.1.1    |
| dask        | 2025.9.1                                    | None      | 2025.9.1 |
| distributed | 2025.9.1                                    | None      | 2025.9.1 |
| lz4         | 4.3.2                                       | None      | 4.3.2    |
| msgpack     | 1.1.1                                       | None      | 1.1.1    |
| toolz       | 1.0.0                                       | None      | 1.0.0    |
| tornado     | 6.5.1                                       | None      | 6.5.1    |
+-------------+---------------------------------------------+-----------+----------+
2026-04-08 22:01:21,850 - distributed.worker - WARNING - Mismatched versions found

+-------------+---------------------------------------------+-----------+----------+
| Package     | Worker-0f0d3c87-5283-4560-8d43-bc34bd5d70af | Scheduler | Workers  |
+-------------+---------------------------------------------+-----------+----------+
| cloudpickle | 3.1.1                                       | None      | 3.1.1    |
| dask        | 2025.9.1                                    | None      | 2025.9.1 |
| distributed | 2025.9.1                                    | None      | 2025.9.1 |
| lz4         | 4.3.2                                       | None      | 4.3.2    |
| msgpack     | 1.1.1                                       | None      | 1.1.1    |
| toolz       | 1.0.0                                       | None      | 1.0.0    |
| tornado     | 6.5.1                                       | None      | 6.5.1    |
+-------------+---------------------------------------------+-----------+----------+
2026-04-08 22:01:21,851 - distributed.worker - WARNING - Mismatched versions found

+-------------+---------------------------------------------+-----------+----------+
| Package     | Worker-4c2abe4e-d04f-4365-83c1-344cb7245cb3 | Scheduler | Workers  |
+-------------+---------------------------------------------+-----------+----------+
| cloudpickle | 3.1.1                                       | None      | 3.1.1    |
| dask        | 2025.9.1                                    | None      | 2025.9.1 |
| distributed | 2025.9.1                                    | None      | 2025.9.1 |
| lz4         | 4.3.2                                       | None      | 4.3.2    |
| msgpack     | 1.1.1                                       | None      | 1.1.1    |
| toolz       | 1.0.0                                       | None      | 1.0.0    |
| tornado     | 6.5.1                                       | None      | 6.5.1    |
+-------------+---------------------------------------------+-----------+----------+
2026-04-08 22:01:21,855 - distributed.worker - WARNING - Mismatched versions found

+-------------+---------------------------------------------+-----------+----------+
| Package     | Worker-3298853f-4e74-4069-917c-afbcdfef50e0 | Scheduler | Workers  |
+-------------+---------------------------------------------+-----------+----------+
| cloudpickle | 3.1.1                                       | None      | 3.1.1    |
| dask        | 2025.9.1                                    | None      | 2025.9.1 |
| distributed | 2025.9.1                                    | None      | 2025.9.1 |
| lz4         | 4.3.2                                       | None      | 4.3.2    |
| msgpack     | 1.1.1                                       | None      | 1.1.1    |
| toolz       | 1.0.0                                       | None      | 1.0.0    |
| tornado     | 6.5.1                                       | None      | 6.5.1    |
+-------------+---------------------------------------------+-----------+----------+
2026-04-08 22:01:21,860 - distributed.worker - WARNING - Mismatched versions found

+-------------+---------------------------------------------+-----------+----------+
| Package     | Worker-b6c2cb58-3fb0-4b44-a353-8d3ccc251dd4 | Scheduler | Workers  |
+-------------+---------------------------------------------+-----------+----------+
| cloudpickle | 3.1.1                                       | None      | 3.1.1    |
| dask        | 2025.9.1                                    | None      | 2025.9.1 |
| distributed | 2025.9.1                                    | None      | 2025.9.1 |
| lz4         | 4.3.2                                       | None      | 4.3.2    |
| msgpack     | 1.1.1                                       | None      | 1.1.1    |
| toolz       | 1.0.0                                       | None      | 1.0.0    |
| tornado     | 6.5.1                                       | None      | 6.5.1    |
+-------------+---------------------------------------------+-----------+----------+
2026-04-08 22:01:21,862 - distributed.worker - WARNING - Mismatched versions found

+-------------+---------------------------------------------+-----------+----------+
| Package     | Worker-819eac38-4382-4d69-871c-2404d6f846c1 | Scheduler | Workers  |
+-------------+---------------------------------------------+-----------+----------+
| cloudpickle | 3.1.1                                       | None      | 3.1.1    |
| dask        | 2025.9.1                                    | None      | 2025.9.1 |
| distributed | 2025.9.1                                    | None      | 2025.9.1 |
| lz4         | 4.3.2                                       | None      | 4.3.2    |
| msgpack     | 1.1.1                                       | None      | 1.1.1    |
| toolz       | 1.0.0                                       | None      | 1.0.0    |
| tornado     | 6.5.1                                       | None      | 6.5.1    |
+-------------+---------------------------------------------+-----------+----------+
2026-04-08 22:01:21,867 - distributed.worker - WARNING - Mismatched versions found

+-------------+---------------------------------------------+-----------+----------+
| Package     | Worker-5b1b3eb2-2794-4fb7-a459-4adcc744fa07 | Scheduler | Workers  |
+-------------+---------------------------------------------+-----------+----------+
| cloudpickle | 3.1.1                                       | None      | 3.1.1    |
| dask        | 2025.9.1                                    | None      | 2025.9.1 |
| distributed | 2025.9.1                                    | None      | 2025.9.1 |
| lz4         | 4.3.2                                       | None      | 4.3.2    |
| msgpack     | 1.1.1                                       | None      | 1.1.1    |
| toolz       | 1.0.0                                       | None      | 1.0.0    |
| tornado     | 6.5.1                                       | None      | 6.5.1    |
+-------------+---------------------------------------------+-----------+----------+
2026-04-08 22:01:21,885 - distributed.worker - WARNING - Mismatched versions found

+-------------+---------------------------------------------+-----------+----------+
| Package     | Worker-38712c5e-f9ff-449c-931f-bc79110b55e2 | Scheduler | Workers  |
+-------------+---------------------------------------------+-----------+----------+
| cloudpickle | 3.1.1                                       | None      | 3.1.1    |
| dask        | 2025.9.1                                    | None      | 2025.9.1 |
| distributed | 2025.9.1                                    | None      | 2025.9.1 |
| lz4         | 4.3.2                                       | None      | 4.3.2    |
| msgpack     | 1.1.1                                       | None      | 1.1.1    |
| toolz       | 1.0.0                                       | None      | 1.0.0    |
| tornado     | 6.5.1                                       | None      | 6.5.1    |
+-------------+---------------------------------------------+-----------+----------+
2026-04-08 22:01:21,889 - distributed.worker - WARNING - Mismatched versions found

+-------------+---------------------------------------------+-----------+----------+
| Package     | Worker-355f314d-3ad7-4844-9f6d-026572bfa56a | Scheduler | Workers  |
+-------------+---------------------------------------------+-----------+----------+
| cloudpickle | 3.1.1                                       | None      | 3.1.1    |
| dask        | 2025.9.1                                    | None      | 2025.9.1 |
| distributed | 2025.9.1                                    | None      | 2025.9.1 |
| lz4         | 4.3.2                                       | None      | 4.3.2    |
| msgpack     | 1.1.1                                       | None      | 1.1.1    |
| toolz       | 1.0.0                                       | None      | 1.0.0    |
| tornado     | 6.5.1                                       | None      | 6.5.1    |
+-------------+---------------------------------------------+-----------+----------+
2026-04-08 22:01:21,907 - distributed.worker - WARNING - Mismatched versions found

+-------------+---------------------------------------------+-----------+----------+
| Package     | Worker-dbad72fa-363e-4ce4-a3fd-eeb13faa69a1 | Scheduler | Workers  |
+-------------+---------------------------------------------+-----------+----------+
| cloudpickle | 3.1.1                                       | None      | 3.1.1    |
| dask        | 2025.9.1                                    | None      | 2025.9.1 |
| distributed | 2025.9.1                                    | None      | 2025.9.1 |
| lz4         | 4.3.2                                       | None      | 4.3.2    |
| msgpack     | 1.1.1                                       | None      | 1.1.1    |
| toolz       | 1.0.0                                       | None      | 1.0.0    |
| tornado     | 6.5.1                                       | None      | 6.5.1    |
+-------------+---------------------------------------------+-----------+----------+
2026-04-08 22:01:21,910 - distributed.worker - WARNING - Mismatched versions found

+-------------+---------------------------------------------+-----------+----------+
| Package     | Worker-42d77390-a3f2-4849-8089-4f0267e1bca2 | Scheduler | Workers  |
+-------------+---------------------------------------------+-----------+----------+
| cloudpickle | 3.1.1                                       | None      | 3.1.1    |
| dask        | 2025.9.1                                    | None      | 2025.9.1 |
| distributed | 2025.9.1                                    | None      | 2025.9.1 |
| lz4         | 4.3.2                                       | None      | 4.3.2    |
| msgpack     | 1.1.1                                       | None      | 1.1.1    |
| toolz       | 1.0.0                                       | None      | 1.0.0    |
| tornado     | 6.5.1                                       | None      | 6.5.1    |
+-------------+---------------------------------------------+-----------+----------+
2026-04-08 22:01:21,915 - distributed.worker - WARNING - Mismatched versions found

+-------------+---------------------------------------------+-----------+----------+
| Package     | Worker-90c440d1-fcba-4a14-beea-a909940e9fd3 | Scheduler | Workers  |
+-------------+---------------------------------------------+-----------+----------+
| cloudpickle | 3.1.1                                       | None      | 3.1.1    |
| dask        | 2025.9.1                                    | None      | 2025.9.1 |
| distributed | 2025.9.1                                    | None      | 2025.9.1 |
| lz4         | 4.3.2                                       | None      | 4.3.2    |
| msgpack     | 1.1.1                                       | None      | 1.1.1    |
| toolz       | 1.0.0                                       | None      | 1.0.0    |
| tornado     | 6.5.1                                       | None      | 6.5.1    |
+-------------+---------------------------------------------+-----------+----------+
