Virtual environment activated
Python executable: /home/Shared/UniBe-swiss-ndvi/GitHub/swiss-ndvi-processing/.venv/bin/python
Python version: Python 3.12.3

2017-04-01
2025-11-30
Current commit:
285701669584587438d1dcc76bc4600dc51ef470

Commit details:
* 2857016 (HEAD -> setup-tunder-FB) perf: Move persist() of into batch loop
| *   88bb8c2 (refs/stash) On setup-tunder-FB: compiled numba
|/|\  
| | * 8b8f2eb untracked files on setup-tunder-FB: dbaf9d9 Cleanup and go for full dataset
| * e9ec04a index on setup-tunder-FB: dbaf9d9 Cleanup and go for full dataset
|/  
* dbaf9d9 Cleanup and go for full dataset
* 27177aa (origin/setup-tunder-FB) perf: Go to 200k batches, use 120 workers, persist() instead of intermediate save
* e246125 Switch N_WORKERS = 80
* 7e74716 Update logging
* 4cf4e3f Fix Batch size to 3*PIXEL_CHUNKS
* f18e93e perf: Improve performance by manual looping through chunks for apply_ufunc()

Working tree status:
On branch setup-tunder-FB
Your branch is ahead of 'origin/setup-tunder-FB' by 2 commits.
  (use "git push" to publish your local commits)

Changes not staged for commit:
  (use "git add <file>..." to update what will be committed)
  (use "git restore <file>..." to discard changes in working directory)
	modified:   2_historical_ndvi_test.py

no changes added to commit (use "git add" and/or "git commit -a")

============================================================
Historic processing started at: 2026-04-08 22:42:48
Log file: /home/Shared/UniBe-swiss-ndvi/GitHub/swiss-ndvi-processing/logs/historic_analysis_2026-04-08_22h42m48.log
============================================================

Running: with arguments: 2017-04-01 2025-11-30
------------------------------------------------------------
------------------------------------------------------------
Running: /home/Shared/UniBe-swiss-ndvi/GitHub/swiss-ndvi-processing/workflow_implementation/MS1_script_for_historical_NDVI/new_historical_processing/1_download_satellite_images.py
Start time: 2026-04-08 22:42:48
Finished: /home/Shared/UniBe-swiss-ndvi/GitHub/swiss-ndvi-processing/workflow_implementation/MS1_script_for_historical_NDVI/new_historical_processing/1_download_satellite_images.py
Duration: 00:00:00 (hh:mm:ss)
Download script returned value: /mnt/data2/UniBe-swiss-ndvi/historic_data/tmp_2026-04-04_18h16_ndvi_01_downloaded_2017-01-01_2025-12-31.zarr

------------------------------------------------------------
Running: /home/Shared/UniBe-swiss-ndvi/GitHub/swiss-ndvi-processing/workflow_implementation/MS1_script_for_historical_NDVI/new_historical_processing/2_historical_ndvi_test.py
Start time: 2026-04-08 22:42:48
2026-04-08 22:42:50,745 - distributed.nanny - ERROR - Failed to start process
Traceback (most recent call last):
  File "/home/Shared/UniBe-swiss-ndvi/GitHub/swiss-ndvi-processing/.venv/lib/python3.12/site-packages/distributed/nanny.py", line 452, in instantiate
  File "/home/Shared/UniBe-swiss-ndvi/GitHub/swiss-ndvi-processing/.venv/lib/python3.12/site-packages/distributed/nanny.py", line 714, in start
  File "/usr/lib/python3.12/multiprocessing/context.py", line 103, in Queue
  File "/usr/lib/python3.12/multiprocessing/queues.py", line 43, in __init__
  File "/usr/lib/python3.12/multiprocessing/context.py", line 68, in Lock
  File "/usr/lib/python3.12/multiprocessing/synchronize.py", line 169, in __init__
  File "/usr/lib/python3.12/multiprocessing/synchronize.py", line 57, in __init__
OSError: [Errno 24] Too many open files
2026-04-08 22:42:50,749 - distributed.nanny - ERROR - Failed to start process
Traceback (most recent call last):
  File "/home/Shared/UniBe-swiss-ndvi/GitHub/swiss-ndvi-processing/.venv/lib/python3.12/site-packages/distributed/nanny.py", line 452, in instantiate
    result = await self.process.start()
             ^^^^^^^^^^^^^^^^^^^^^^^^^^
  File "/home/Shared/UniBe-swiss-ndvi/GitHub/swiss-ndvi-processing/.venv/lib/python3.12/site-packages/distributed/nanny.py", line 713, in start
    self.init_result_q = mp_ctx.Queue()
                         ^^^^^^^^^^^^^^
  File "/usr/lib/python3.12/multiprocessing/context.py", line 103, in Queue
    return Queue(maxsize, ctx=self.get_context())
           ^^^^^^^^^^^^^^^^^^^^^^^^^^^^^^^^^^^^^^
  File "/usr/lib/python3.12/multiprocessing/queues.py", line 42, in __init__
    self._reader, self._writer = connection.Pipe(duplex=False)
                                 ^^^^^^^^^^^^^^^^^^^^^^^^^^^^^
  File "/usr/lib/python3.12/multiprocessing/connection.py", line 544, in Pipe
    fd1, fd2 = os.pipe()
               ^^^^^^^^^
OSError: [Errno 24] Too many open files
2026-04-08 22:42:50,757 - distributed.nanny - ERROR - Failed to start process
Traceback (most recent call last):
  File "/home/Shared/UniBe-swiss-ndvi/GitHub/swiss-ndvi-processing/.venv/lib/python3.12/site-packages/distributed/nanny.py", line 452, in instantiate
    result = await self.process.start()
             ^^^^^^^^^^^^^^^^^^^^^^^^^^
  File "/home/Shared/UniBe-swiss-ndvi/GitHub/swiss-ndvi-processing/.venv/lib/python3.12/site-packages/distributed/nanny.py", line 724, in start
    self.process = AsyncProcess(
                   ^^^^^^^^^^^^^
  File "/home/Shared/UniBe-swiss-ndvi/GitHub/swiss-ndvi-processing/.venv/lib/python3.12/site-packages/distributed/process.py", line 95, in __init__
    parent_alive_pipe, self._keep_child_alive = get_mp_context().Pipe(duplex=False)
                                                ^^^^^^^^^^^^^^^^^^^^^^^^^^^^^^^^^^^
  File "/usr/lib/python3.12/multiprocessing/context.py", line 63, in Pipe
    return Pipe(duplex)
           ^^^^^^^^^^^^
  File "/usr/lib/python3.12/multiprocessing/connection.py", line 544, in Pipe
    fd1, fd2 = os.pipe()
               ^^^^^^^^^
OSError: [Errno 24] Too many open files
2026-04-08 22:42:50,759 - distributed.nanny - ERROR - Failed to start process
Traceback (most recent call last):
  File "/home/Shared/UniBe-swiss-ndvi/GitHub/swiss-ndvi-processing/.venv/lib/python3.12/site-packages/distributed/nanny.py", line 452, in instantiate
    result = await self.process.start()
             ^^^^^^^^^^^^^^^^^^^^^^^^^^
  File "/home/Shared/UniBe-swiss-ndvi/GitHub/swiss-ndvi-processing/.venv/lib/python3.12/site-packages/distributed/nanny.py", line 713, in start
    self.init_result_q = mp_ctx.Queue()
                         ^^^^^^^^^^^^^^
  File "/usr/lib/python3.12/multiprocessing/context.py", line 103, in Queue
    return Queue(maxsize, ctx=self.get_context())
           ^^^^^^^^^^^^^^^^^^^^^^^^^^^^^^^^^^^^^^
  File "/usr/lib/python3.12/multiprocessing/queues.py", line 43, in __init__
    self._rlock = ctx.Lock()
                  ^^^^^^^^^^
  File "/usr/lib/python3.12/multiprocessing/context.py", line 68, in Lock
    return Lock(ctx=self.get_context())
           ^^^^^^^^^^^^^^^^^^^^^^^^^^^^
  File "/usr/lib/python3.12/multiprocessing/synchronize.py", line 169, in __init__
  File "/usr/lib/python3.12/multiprocessing/synchronize.py", line 57, in __init__
OSError: [Errno 24] Too many open files
2026-04-08 22:42:50,761 - distributed.nanny - ERROR - Failed to start process
Traceback (most recent call last):
  File "/home/Shared/UniBe-swiss-ndvi/GitHub/swiss-ndvi-processing/.venv/lib/python3.12/site-packages/distributed/nanny.py", line 452, in instantiate
    result = await self.process.start()
             ^^^^^^^^^^^^^^^^^^^^^^^^^^
  File "/home/Shared/UniBe-swiss-ndvi/GitHub/swiss-ndvi-processing/.venv/lib/python3.12/site-packages/distributed/nanny.py", line 713, in start
    self.init_result_q = mp_ctx.Queue()
                         ^^^^^^^^^^^^^^
  File "/usr/lib/python3.12/multiprocessing/context.py", line 103, in Queue
    return Queue(maxsize, ctx=self.get_context())
           ^^^^^^^^^^^^^^^^^^^^^^^^^^^^^^^^^^^^^^
  File "/usr/lib/python3.12/multiprocessing/queues.py", line 42, in __init__
    self._reader, self._writer = connection.Pipe(duplex=False)
                                 ^^^^^^^^^^^^^^^^^^^^^^^^^^^^^
  File "/usr/lib/python3.12/multiprocessing/connection.py", line 544, in Pipe
    fd1, fd2 = os.pipe()
               ^^^^^^^^^
OSError: [Errno 24] Too many open files
2026-04-08 22:42:50,763 - distributed.nanny - ERROR - Failed to start process
Traceback (most recent call last):
  File "/home/Shared/UniBe-swiss-ndvi/GitHub/swiss-ndvi-processing/.venv/lib/python3.12/site-packages/distributed/nanny.py", line 452, in instantiate
    result = await self.process.start()
             ^^^^^^^^^^^^^^^^^^^^^^^^^^
  File "/home/Shared/UniBe-swiss-ndvi/GitHub/swiss-ndvi-processing/.venv/lib/python3.12/site-packages/distributed/nanny.py", line 713, in start
    self.init_result_q = mp_ctx.Queue()
                         ^^^^^^^^^^^^^^
  File "/usr/lib/python3.12/multiprocessing/context.py", line 103, in Queue
    return Queue(maxsize, ctx=self.get_context())
           ^^^^^^^^^^^^^^^^^^^^^^^^^^^^^^^^^^^^^^
  File "/usr/lib/python3.12/multiprocessing/queues.py", line 43, in __init__
    self._rlock = ctx.Lock()
                  ^^^^^^^^^^
  File "/usr/lib/python3.12/multiprocessing/context.py", line 68, in Lock
    return Lock(ctx=self.get_context())
           ^^^^^^^^^^^^^^^^^^^^^^^^^^^^
  File "/usr/lib/python3.12/multiprocessing/synchronize.py", line 169, in __init__
  File "/usr/lib/python3.12/multiprocessing/synchronize.py", line 57, in __init__
OSError: [Errno 24] Too many open files
2026-04-08 22:42:50,765 - distributed.nanny - ERROR - Failed to start process
Traceback (most recent call last):
  File "/home/Shared/UniBe-swiss-ndvi/GitHub/swiss-ndvi-processing/.venv/lib/python3.12/site-packages/distributed/nanny.py", line 452, in instantiate
    result = await self.process.start()
             ^^^^^^^^^^^^^^^^^^^^^^^^^^
  File "/home/Shared/UniBe-swiss-ndvi/GitHub/swiss-ndvi-processing/.venv/lib/python3.12/site-packages/distributed/nanny.py", line 713, in start
    self.init_result_q = mp_ctx.Queue()
                         ^^^^^^^^^^^^^^
  File "/usr/lib/python3.12/multiprocessing/context.py", line 103, in Queue
    return Queue(maxsize, ctx=self.get_context())
           ^^^^^^^^^^^^^^^^^^^^^^^^^^^^^^^^^^^^^^
  File "/usr/lib/python3.12/multiprocessing/queues.py", line 42, in __init__
    self._reader, self._writer = connection.Pipe(duplex=False)
                                 ^^^^^^^^^^^^^^^^^^^^^^^^^^^^^
  File "/usr/lib/python3.12/multiprocessing/connection.py", line 544, in Pipe
    fd1, fd2 = os.pipe()
               ^^^^^^^^^
OSError: [Errno 24] Too many open files
2026-04-08 22:42:50,767 - distributed.nanny - ERROR - Failed to start process
Traceback (most recent call last):
  File "/home/Shared/UniBe-swiss-ndvi/GitHub/swiss-ndvi-processing/.venv/lib/python3.12/site-packages/distributed/nanny.py", line 452, in instantiate
    result = await self.process.start()
             ^^^^^^^^^^^^^^^^^^^^^^^^^^
  File "/home/Shared/UniBe-swiss-ndvi/GitHub/swiss-ndvi-processing/.venv/lib/python3.12/site-packages/distributed/nanny.py", line 713, in start
    self.init_result_q = mp_ctx.Queue()
                         ^^^^^^^^^^^^^^
  File "/usr/lib/python3.12/multiprocessing/context.py", line 103, in Queue
    return Queue(maxsize, ctx=self.get_context())
           ^^^^^^^^^^^^^^^^^^^^^^^^^^^^^^^^^^^^^^
  File "/usr/lib/python3.12/multiprocessing/queues.py", line 43, in __init__
    self._rlock = ctx.Lock()
                  ^^^^^^^^^^
  File "/usr/lib/python3.12/multiprocessing/context.py", line 68, in Lock
    return Lock(ctx=self.get_context())
           ^^^^^^^^^^^^^^^^^^^^^^^^^^^^
  File "/usr/lib/python3.12/multiprocessing/synchronize.py", line 169, in __init__
  File "/usr/lib/python3.12/multiprocessing/synchronize.py", line 57, in __init__
OSError: [Errno 24] Too many open files
2026-04-08 22:42:50,769 - distributed.nanny - ERROR - Failed to start process
Traceback (most recent call last):
  File "/home/Shared/UniBe-swiss-ndvi/GitHub/swiss-ndvi-processing/.venv/lib/python3.12/site-packages/distributed/nanny.py", line 452, in instantiate
    result = await self.process.start()
             ^^^^^^^^^^^^^^^^^^^^^^^^^^
  File "/home/Shared/UniBe-swiss-ndvi/GitHub/swiss-ndvi-processing/.venv/lib/python3.12/site-packages/distributed/nanny.py", line 713, in start
    self.init_result_q = mp_ctx.Queue()
                         ^^^^^^^^^^^^^^
  File "/usr/lib/python3.12/multiprocessing/context.py", line 103, in Queue
    return Queue(maxsize, ctx=self.get_context())
           ^^^^^^^^^^^^^^^^^^^^^^^^^^^^^^^^^^^^^^
  File "/usr/lib/python3.12/multiprocessing/queues.py", line 42, in __init__
    self._reader, self._writer = connection.Pipe(duplex=False)
                                 ^^^^^^^^^^^^^^^^^^^^^^^^^^^^^
  File "/usr/lib/python3.12/multiprocessing/connection.py", line 544, in Pipe
    fd1, fd2 = os.pipe()
               ^^^^^^^^^
OSError: [Errno 24] Too many open files
2026-04-08 22:42:50,770 - distributed.nanny - ERROR - Failed to start process
Traceback (most recent call last):
  File "/home/Shared/UniBe-swiss-ndvi/GitHub/swiss-ndvi-processing/.venv/lib/python3.12/site-packages/distributed/nanny.py", line 452, in instantiate
    result = await self.process.start()
             ^^^^^^^^^^^^^^^^^^^^^^^^^^
  File "/home/Shared/UniBe-swiss-ndvi/GitHub/swiss-ndvi-processing/.venv/lib/python3.12/site-packages/distributed/nanny.py", line 713, in start
    self.init_result_q = mp_ctx.Queue()
                         ^^^^^^^^^^^^^^
  File "/usr/lib/python3.12/multiprocessing/context.py", line 103, in Queue
    return Queue(maxsize, ctx=self.get_context())
           ^^^^^^^^^^^^^^^^^^^^^^^^^^^^^^^^^^^^^^
  File "/usr/lib/python3.12/multiprocessing/queues.py", line 43, in __init__
    self._rlock = ctx.Lock()
                  ^^^^^^^^^^
  File "/usr/lib/python3.12/multiprocessing/context.py", line 68, in Lock
    return Lock(ctx=self.get_context())
           ^^^^^^^^^^^^^^^^^^^^^^^^^^^^
  File "/usr/lib/python3.12/multiprocessing/synchronize.py", line 169, in __init__
  File "/usr/lib/python3.12/multiprocessing/synchronize.py", line 57, in __init__
OSError: [Errno 24] Too many open files
2026-04-08 22:42:50,772 - distributed.nanny - ERROR - Failed to start process
Traceback (most recent call last):
  File "/home/Shared/UniBe-swiss-ndvi/GitHub/swiss-ndvi-processing/.venv/lib/python3.12/site-packages/distributed/nanny.py", line 452, in instantiate
    result = await self.process.start()
             ^^^^^^^^^^^^^^^^^^^^^^^^^^
  File "/home/Shared/UniBe-swiss-ndvi/GitHub/swiss-ndvi-processing/.venv/lib/python3.12/site-packages/distributed/nanny.py", line 713, in start
    self.init_result_q = mp_ctx.Queue()
                         ^^^^^^^^^^^^^^
  File "/usr/lib/python3.12/multiprocessing/context.py", line 103, in Queue
    return Queue(maxsize, ctx=self.get_context())
           ^^^^^^^^^^^^^^^^^^^^^^^^^^^^^^^^^^^^^^
  File "/usr/lib/python3.12/multiprocessing/queues.py", line 42, in __init__
    self._reader, self._writer = connection.Pipe(duplex=False)
                                 ^^^^^^^^^^^^^^^^^^^^^^^^^^^^^
  File "/usr/lib/python3.12/multiprocessing/connection.py", line 544, in Pipe
    fd1, fd2 = os.pipe()
               ^^^^^^^^^
OSError: [Errno 24] Too many open files
2026-04-08 22:42:50,774 - distributed.nanny - ERROR - Failed to start process
Traceback (most recent call last):
  File "/home/Shared/UniBe-swiss-ndvi/GitHub/swiss-ndvi-processing/.venv/lib/python3.12/site-packages/distributed/nanny.py", line 452, in instantiate
    result = await self.process.start()
             ^^^^^^^^^^^^^^^^^^^^^^^^^^
  File "/home/Shared/UniBe-swiss-ndvi/GitHub/swiss-ndvi-processing/.venv/lib/python3.12/site-packages/distributed/nanny.py", line 713, in start
    self.init_result_q = mp_ctx.Queue()
                         ^^^^^^^^^^^^^^
  File "/usr/lib/python3.12/multiprocessing/context.py", line 103, in Queue
    return Queue(maxsize, ctx=self.get_context())
           ^^^^^^^^^^^^^^^^^^^^^^^^^^^^^^^^^^^^^^
  File "/usr/lib/python3.12/multiprocessing/queues.py", line 43, in __init__
    self._rlock = ctx.Lock()
                  ^^^^^^^^^^
  File "/usr/lib/python3.12/multiprocessing/context.py", line 68, in Lock
    return Lock(ctx=self.get_context())
           ^^^^^^^^^^^^^^^^^^^^^^^^^^^^
  File "/usr/lib/python3.12/multiprocessing/synchronize.py", line 169, in __init__
  File "/usr/lib/python3.12/multiprocessing/synchronize.py", line 57, in __init__
OSError: [Errno 24] Too many open files
2026-04-08 22:42:50,775 - distributed.nanny - ERROR - Failed to start process
Traceback (most recent call last):
  File "/home/Shared/UniBe-swiss-ndvi/GitHub/swiss-ndvi-processing/.venv/lib/python3.12/site-packages/distributed/nanny.py", line 452, in instantiate
    result = await self.process.start()
             ^^^^^^^^^^^^^^^^^^^^^^^^^^
  File "/home/Shared/UniBe-swiss-ndvi/GitHub/swiss-ndvi-processing/.venv/lib/python3.12/site-packages/distributed/nanny.py", line 713, in start
    self.init_result_q = mp_ctx.Queue()
                         ^^^^^^^^^^^^^^
  File "/usr/lib/python3.12/multiprocessing/context.py", line 103, in Queue
    return Queue(maxsize, ctx=self.get_context())
           ^^^^^^^^^^^^^^^^^^^^^^^^^^^^^^^^^^^^^^
  File "/usr/lib/python3.12/multiprocessing/queues.py", line 42, in __init__
    self._reader, self._writer = connection.Pipe(duplex=False)
                                 ^^^^^^^^^^^^^^^^^^^^^^^^^^^^^
  File "/usr/lib/python3.12/multiprocessing/connection.py", line 544, in Pipe
    fd1, fd2 = os.pipe()
               ^^^^^^^^^
OSError: [Errno 24] Too many open files
2026-04-08 22:42:50,777 - distributed.nanny - ERROR - Failed to start process
Traceback (most recent call last):
  File "/home/Shared/UniBe-swiss-ndvi/GitHub/swiss-ndvi-processing/.venv/lib/python3.12/site-packages/distributed/nanny.py", line 452, in instantiate
    result = await self.process.start()
             ^^^^^^^^^^^^^^^^^^^^^^^^^^
  File "/home/Shared/UniBe-swiss-ndvi/GitHub/swiss-ndvi-processing/.venv/lib/python3.12/site-packages/distributed/nanny.py", line 713, in start
    self.init_result_q = mp_ctx.Queue()
                         ^^^^^^^^^^^^^^
  File "/usr/lib/python3.12/multiprocessing/context.py", line 103, in Queue
    return Queue(maxsize, ctx=self.get_context())
           ^^^^^^^^^^^^^^^^^^^^^^^^^^^^^^^^^^^^^^
  File "/usr/lib/python3.12/multiprocessing/queues.py", line 43, in __init__
    self._rlock = ctx.Lock()
                  ^^^^^^^^^^
  File "/usr/lib/python3.12/multiprocessing/context.py", line 68, in Lock
    return Lock(ctx=self.get_context())
           ^^^^^^^^^^^^^^^^^^^^^^^^^^^^
  File "/usr/lib/python3.12/multiprocessing/synchronize.py", line 169, in __init__
  File "/usr/lib/python3.12/multiprocessing/synchronize.py", line 57, in __init__
OSError: [Errno 24] Too many open files
2026-04-08 22:42:50,779 - distributed.nanny - ERROR - Failed to start process
Traceback (most recent call last):
  File "/home/Shared/UniBe-swiss-ndvi/GitHub/swiss-ndvi-processing/.venv/lib/python3.12/site-packages/distributed/nanny.py", line 452, in instantiate
    result = await self.process.start()
             ^^^^^^^^^^^^^^^^^^^^^^^^^^
  File "/home/Shared/UniBe-swiss-ndvi/GitHub/swiss-ndvi-processing/.venv/lib/python3.12/site-packages/distributed/nanny.py", line 713, in start
    self.init_result_q = mp_ctx.Queue()
                         ^^^^^^^^^^^^^^
  File "/usr/lib/python3.12/multiprocessing/context.py", line 103, in Queue
    return Queue(maxsize, ctx=self.get_context())
           ^^^^^^^^^^^^^^^^^^^^^^^^^^^^^^^^^^^^^^
  File "/usr/lib/python3.12/multiprocessing/queues.py", line 42, in __init__
    self._reader, self._writer = connection.Pipe(duplex=False)
                                 ^^^^^^^^^^^^^^^^^^^^^^^^^^^^^
  File "/usr/lib/python3.12/multiprocessing/connection.py", line 544, in Pipe
    fd1, fd2 = os.pipe()
               ^^^^^^^^^
OSError: [Errno 24] Too many open files
2026-04-08 22:42:50,780 - distributed.nanny - ERROR - Failed to start process
Traceback (most recent call last):
  File "/home/Shared/UniBe-swiss-ndvi/GitHub/swiss-ndvi-processing/.venv/lib/python3.12/site-packages/distributed/nanny.py", line 452, in instantiate
    result = await self.process.start()
             ^^^^^^^^^^^^^^^^^^^^^^^^^^
  File "/home/Shared/UniBe-swiss-ndvi/GitHub/swiss-ndvi-processing/.venv/lib/python3.12/site-packages/distributed/nanny.py", line 713, in start
    self.init_result_q = mp_ctx.Queue()
                         ^^^^^^^^^^^^^^
  File "/usr/lib/python3.12/multiprocessing/context.py", line 103, in Queue
    return Queue(maxsize, ctx=self.get_context())
           ^^^^^^^^^^^^^^^^^^^^^^^^^^^^^^^^^^^^^^
  File "/usr/lib/python3.12/multiprocessing/queues.py", line 43, in __init__
    self._rlock = ctx.Lock()
                  ^^^^^^^^^^
  File "/usr/lib/python3.12/multiprocessing/context.py", line 68, in Lock
    return Lock(ctx=self.get_context())
           ^^^^^^^^^^^^^^^^^^^^^^^^^^^^
  File "/usr/lib/python3.12/multiprocessing/synchronize.py", line 169, in __init__
  File "/usr/lib/python3.12/multiprocessing/synchronize.py", line 57, in __init__
OSError: [Errno 24] Too many open files
2026-04-08 22:42:50,782 - distributed.nanny - ERROR - Failed to start process
Traceback (most recent call last):
  File "/home/Shared/UniBe-swiss-ndvi/GitHub/swiss-ndvi-processing/.venv/lib/python3.12/site-packages/distributed/nanny.py", line 452, in instantiate
    result = await self.process.start()
             ^^^^^^^^^^^^^^^^^^^^^^^^^^
  File "/home/Shared/UniBe-swiss-ndvi/GitHub/swiss-ndvi-processing/.venv/lib/python3.12/site-packages/distributed/nanny.py", line 713, in start
    self.init_result_q = mp_ctx.Queue()
                         ^^^^^^^^^^^^^^
  File "/usr/lib/python3.12/multiprocessing/context.py", line 103, in Queue
    return Queue(maxsize, ctx=self.get_context())
           ^^^^^^^^^^^^^^^^^^^^^^^^^^^^^^^^^^^^^^
  File "/usr/lib/python3.12/multiprocessing/queues.py", line 42, in __init__
    self._reader, self._writer = connection.Pipe(duplex=False)
                                 ^^^^^^^^^^^^^^^^^^^^^^^^^^^^^
  File "/usr/lib/python3.12/multiprocessing/connection.py", line 544, in Pipe
    fd1, fd2 = os.pipe()
               ^^^^^^^^^
OSError: [Errno 24] Too many open files
2026-04-08 22:42:50,786 - distributed.nanny - ERROR - Failed to start process
Traceback (most recent call last):
  File "/home/Shared/UniBe-swiss-ndvi/GitHub/swiss-ndvi-processing/.venv/lib/python3.12/site-packages/distributed/nanny.py", line 452, in instantiate
    result = await self.process.start()
             ^^^^^^^^^^^^^^^^^^^^^^^^^^
  File "/home/Shared/UniBe-swiss-ndvi/GitHub/swiss-ndvi-processing/.venv/lib/python3.12/site-packages/distributed/nanny.py", line 713, in start
    self.init_result_q = mp_ctx.Queue()
                         ^^^^^^^^^^^^^^
  File "/usr/lib/python3.12/multiprocessing/context.py", line 103, in Queue
    return Queue(maxsize, ctx=self.get_context())
           ^^^^^^^^^^^^^^^^^^^^^^^^^^^^^^^^^^^^^^
  File "/usr/lib/python3.12/multiprocessing/queues.py", line 43, in __init__
    self._rlock = ctx.Lock()
                  ^^^^^^^^^^
  File "/usr/lib/python3.12/multiprocessing/context.py", line 68, in Lock
    return Lock(ctx=self.get_context())
           ^^^^^^^^^^^^^^^^^^^^^^^^^^^^
  File "/usr/lib/python3.12/multiprocessing/synchronize.py", line 169, in __init__
  File "/usr/lib/python3.12/multiprocessing/synchronize.py", line 57, in __init__
OSError: [Errno 24] Too many open files
2026-04-08 22:42:50,788 - distributed.nanny - ERROR - Failed to start process
Traceback (most recent call last):
  File "/home/Shared/UniBe-swiss-ndvi/GitHub/swiss-ndvi-processing/.venv/lib/python3.12/site-packages/distributed/nanny.py", line 452, in instantiate
    result = await self.process.start()
             ^^^^^^^^^^^^^^^^^^^^^^^^^^
  File "/home/Shared/UniBe-swiss-ndvi/GitHub/swiss-ndvi-processing/.venv/lib/python3.12/site-packages/distributed/nanny.py", line 713, in start
    self.init_result_q = mp_ctx.Queue()
                         ^^^^^^^^^^^^^^
  File "/usr/lib/python3.12/multiprocessing/context.py", line 103, in Queue
    return Queue(maxsize, ctx=self.get_context())
           ^^^^^^^^^^^^^^^^^^^^^^^^^^^^^^^^^^^^^^
  File "/usr/lib/python3.12/multiprocessing/queues.py", line 42, in __init__
    self._reader, self._writer = connection.Pipe(duplex=False)
                                 ^^^^^^^^^^^^^^^^^^^^^^^^^^^^^
  File "/usr/lib/python3.12/multiprocessing/connection.py", line 544, in Pipe
    fd1, fd2 = os.pipe()
               ^^^^^^^^^
OSError: [Errno 24] Too many open files
2026-04-08 22:42:50,790 - distributed.nanny - ERROR - Failed to start process
Traceback (most recent call last):
  File "/home/Shared/UniBe-swiss-ndvi/GitHub/swiss-ndvi-processing/.venv/lib/python3.12/site-packages/distributed/nanny.py", line 452, in instantiate
    result = await self.process.start()
             ^^^^^^^^^^^^^^^^^^^^^^^^^^
  File "/home/Shared/UniBe-swiss-ndvi/GitHub/swiss-ndvi-processing/.venv/lib/python3.12/site-packages/distributed/nanny.py", line 713, in start
    self.init_result_q = mp_ctx.Queue()
                         ^^^^^^^^^^^^^^
  File "/usr/lib/python3.12/multiprocessing/context.py", line 103, in Queue
    return Queue(maxsize, ctx=self.get_context())
           ^^^^^^^^^^^^^^^^^^^^^^^^^^^^^^^^^^^^^^
  File "/usr/lib/python3.12/multiprocessing/queues.py", line 43, in __init__
    self._rlock = ctx.Lock()
                  ^^^^^^^^^^
  File "/usr/lib/python3.12/multiprocessing/context.py", line 68, in Lock
    return Lock(ctx=self.get_context())
           ^^^^^^^^^^^^^^^^^^^^^^^^^^^^
  File "/usr/lib/python3.12/multiprocessing/synchronize.py", line 169, in __init__
  File "/usr/lib/python3.12/multiprocessing/synchronize.py", line 57, in __init__
OSError: [Errno 24] Too many open files
2026-04-08 22:42:50,791 - distributed.nanny - ERROR - Failed to start process
Traceback (most recent call last):
  File "/home/Shared/UniBe-swiss-ndvi/GitHub/swiss-ndvi-processing/.venv/lib/python3.12/site-packages/distributed/nanny.py", line 452, in instantiate
    result = await self.process.start()
             ^^^^^^^^^^^^^^^^^^^^^^^^^^
  File "/home/Shared/UniBe-swiss-ndvi/GitHub/swiss-ndvi-processing/.venv/lib/python3.12/site-packages/distributed/nanny.py", line 713, in start
    self.init_result_q = mp_ctx.Queue()
                         ^^^^^^^^^^^^^^
  File "/usr/lib/python3.12/multiprocessing/context.py", line 103, in Queue
    return Queue(maxsize, ctx=self.get_context())
           ^^^^^^^^^^^^^^^^^^^^^^^^^^^^^^^^^^^^^^
  File "/usr/lib/python3.12/multiprocessing/queues.py", line 42, in __init__
    self._reader, self._writer = connection.Pipe(duplex=False)
                                 ^^^^^^^^^^^^^^^^^^^^^^^^^^^^^
  File "/usr/lib/python3.12/multiprocessing/connection.py", line 544, in Pipe
    fd1, fd2 = os.pipe()
               ^^^^^^^^^
OSError: [Errno 24] Too many open files
2026-04-08 22:42:50,793 - distributed.nanny - ERROR - Failed to start process
Traceback (most recent call last):
  File "/home/Shared/UniBe-swiss-ndvi/GitHub/swiss-ndvi-processing/.venv/lib/python3.12/site-packages/distributed/nanny.py", line 452, in instantiate
    result = await self.process.start()
             ^^^^^^^^^^^^^^^^^^^^^^^^^^
  File "/home/Shared/UniBe-swiss-ndvi/GitHub/swiss-ndvi-processing/.venv/lib/python3.12/site-packages/distributed/nanny.py", line 713, in start
    self.init_result_q = mp_ctx.Queue()
                         ^^^^^^^^^^^^^^
  File "/usr/lib/python3.12/multiprocessing/context.py", line 103, in Queue
    return Queue(maxsize, ctx=self.get_context())
           ^^^^^^^^^^^^^^^^^^^^^^^^^^^^^^^^^^^^^^
  File "/usr/lib/python3.12/multiprocessing/queues.py", line 43, in __init__
    self._rlock = ctx.Lock()
                  ^^^^^^^^^^
  File "/usr/lib/python3.12/multiprocessing/context.py", line 68, in Lock
    return Lock(ctx=self.get_context())
           ^^^^^^^^^^^^^^^^^^^^^^^^^^^^
  File "/usr/lib/python3.12/multiprocessing/synchronize.py", line 169, in __init__
  File "/usr/lib/python3.12/multiprocessing/synchronize.py", line 57, in __init__
OSError: [Errno 24] Too many open files
2026-04-08 22:42:50,795 - distributed.nanny - ERROR - Failed to start process
Traceback (most recent call last):
  File "/home/Shared/UniBe-swiss-ndvi/GitHub/swiss-ndvi-processing/.venv/lib/python3.12/site-packages/distributed/nanny.py", line 452, in instantiate
    result = await self.process.start()
             ^^^^^^^^^^^^^^^^^^^^^^^^^^
  File "/home/Shared/UniBe-swiss-ndvi/GitHub/swiss-ndvi-processing/.venv/lib/python3.12/site-packages/distributed/nanny.py", line 713, in start
    self.init_result_q = mp_ctx.Queue()
                         ^^^^^^^^^^^^^^
  File "/usr/lib/python3.12/multiprocessing/context.py", line 103, in Queue
    return Queue(maxsize, ctx=self.get_context())
           ^^^^^^^^^^^^^^^^^^^^^^^^^^^^^^^^^^^^^^
  File "/usr/lib/python3.12/multiprocessing/queues.py", line 42, in __init__
    self._reader, self._writer = connection.Pipe(duplex=False)
                                 ^^^^^^^^^^^^^^^^^^^^^^^^^^^^^
  File "/usr/lib/python3.12/multiprocessing/connection.py", line 544, in Pipe
    fd1, fd2 = os.pipe()
               ^^^^^^^^^
OSError: [Errno 24] Too many open files
2026-04-08 22:42:50,796 - distributed.nanny - ERROR - Failed to start process
Traceback (most recent call last):
  File "/home/Shared/UniBe-swiss-ndvi/GitHub/swiss-ndvi-processing/.venv/lib/python3.12/site-packages/distributed/nanny.py", line 452, in instantiate
    result = await self.process.start()
             ^^^^^^^^^^^^^^^^^^^^^^^^^^
  File "/home/Shared/UniBe-swiss-ndvi/GitHub/swiss-ndvi-processing/.venv/lib/python3.12/site-packages/distributed/nanny.py", line 713, in start
    self.init_result_q = mp_ctx.Queue()
                         ^^^^^^^^^^^^^^
  File "/usr/lib/python3.12/multiprocessing/context.py", line 103, in Queue
    return Queue(maxsize, ctx=self.get_context())
           ^^^^^^^^^^^^^^^^^^^^^^^^^^^^^^^^^^^^^^
  File "/usr/lib/python3.12/multiprocessing/queues.py", line 43, in __init__
    self._rlock = ctx.Lock()
                  ^^^^^^^^^^
  File "/usr/lib/python3.12/multiprocessing/context.py", line 68, in Lock
    return Lock(ctx=self.get_context())
           ^^^^^^^^^^^^^^^^^^^^^^^^^^^^
  File "/usr/lib/python3.12/multiprocessing/synchronize.py", line 169, in __init__
  File "/usr/lib/python3.12/multiprocessing/synchronize.py", line 57, in __init__
OSError: [Errno 24] Too many open files
2026-04-08 22:42:50,798 - distributed.nanny - ERROR - Failed to start process
Traceback (most recent call last):
  File "/home/Shared/UniBe-swiss-ndvi/GitHub/swiss-ndvi-processing/.venv/lib/python3.12/site-packages/distributed/nanny.py", line 452, in instantiate
    result = await self.process.start()
             ^^^^^^^^^^^^^^^^^^^^^^^^^^
  File "/home/Shared/UniBe-swiss-ndvi/GitHub/swiss-ndvi-processing/.venv/lib/python3.12/site-packages/distributed/nanny.py", line 713, in start
    self.init_result_q = mp_ctx.Queue()
                         ^^^^^^^^^^^^^^
  File "/usr/lib/python3.12/multiprocessing/context.py", line 103, in Queue
    return Queue(maxsize, ctx=self.get_context())
           ^^^^^^^^^^^^^^^^^^^^^^^^^^^^^^^^^^^^^^
  File "/usr/lib/python3.12/multiprocessing/queues.py", line 42, in __init__
    self._reader, self._writer = connection.Pipe(duplex=False)
                                 ^^^^^^^^^^^^^^^^^^^^^^^^^^^^^
  File "/usr/lib/python3.12/multiprocessing/connection.py", line 544, in Pipe
    fd1, fd2 = os.pipe()
               ^^^^^^^^^
OSError: [Errno 24] Too many open files
2026-04-08 22:42:50,800 - distributed.nanny - ERROR - Failed to start process
Traceback (most recent call last):
  File "/home/Shared/UniBe-swiss-ndvi/GitHub/swiss-ndvi-processing/.venv/lib/python3.12/site-packages/distributed/nanny.py", line 452, in instantiate
    result = await self.process.start()
             ^^^^^^^^^^^^^^^^^^^^^^^^^^
  File "/home/Shared/UniBe-swiss-ndvi/GitHub/swiss-ndvi-processing/.venv/lib/python3.12/site-packages/distributed/nanny.py", line 713, in start
    self.init_result_q = mp_ctx.Queue()
                         ^^^^^^^^^^^^^^
  File "/usr/lib/python3.12/multiprocessing/context.py", line 103, in Queue
    return Queue(maxsize, ctx=self.get_context())
           ^^^^^^^^^^^^^^^^^^^^^^^^^^^^^^^^^^^^^^
  File "/usr/lib/python3.12/multiprocessing/queues.py", line 43, in __init__
    self._rlock = ctx.Lock()
                  ^^^^^^^^^^
  File "/usr/lib/python3.12/multiprocessing/context.py", line 68, in Lock
    return Lock(ctx=self.get_context())
           ^^^^^^^^^^^^^^^^^^^^^^^^^^^^
  File "/usr/lib/python3.12/multiprocessing/synchronize.py", line 169, in __init__
  File "/usr/lib/python3.12/multiprocessing/synchronize.py", line 57, in __init__
OSError: [Errno 24] Too many open files
2026-04-08 22:42:50,802 - distributed.nanny - ERROR - Failed to start process
Traceback (most recent call last):
  File "/home/Shared/UniBe-swiss-ndvi/GitHub/swiss-ndvi-processing/.venv/lib/python3.12/site-packages/distributed/nanny.py", line 452, in instantiate
    result = await self.process.start()
             ^^^^^^^^^^^^^^^^^^^^^^^^^^
  File "/home/Shared/UniBe-swiss-ndvi/GitHub/swiss-ndvi-processing/.venv/lib/python3.12/site-packages/distributed/nanny.py", line 713, in start
    self.init_result_q = mp_ctx.Queue()
                         ^^^^^^^^^^^^^^
  File "/usr/lib/python3.12/multiprocessing/context.py", line 103, in Queue
    return Queue(maxsize, ctx=self.get_context())
           ^^^^^^^^^^^^^^^^^^^^^^^^^^^^^^^^^^^^^^
  File "/usr/lib/python3.12/multiprocessing/queues.py", line 42, in __init__
    self._reader, self._writer = connection.Pipe(duplex=False)
                                 ^^^^^^^^^^^^^^^^^^^^^^^^^^^^^
  File "/usr/lib/python3.12/multiprocessing/connection.py", line 544, in Pipe
    fd1, fd2 = os.pipe()
               ^^^^^^^^^
OSError: [Errno 24] Too many open files
2026-04-08 22:42:50,803 - distributed.nanny - ERROR - Failed to start process
Traceback (most recent call last):
  File "/home/Shared/UniBe-swiss-ndvi/GitHub/swiss-ndvi-processing/.venv/lib/python3.12/site-packages/distributed/nanny.py", line 452, in instantiate
    result = await self.process.start()
             ^^^^^^^^^^^^^^^^^^^^^^^^^^
  File "/home/Shared/UniBe-swiss-ndvi/GitHub/swiss-ndvi-processing/.venv/lib/python3.12/site-packages/distributed/nanny.py", line 713, in start
    self.init_result_q = mp_ctx.Queue()
                         ^^^^^^^^^^^^^^
  File "/usr/lib/python3.12/multiprocessing/context.py", line 103, in Queue
    return Queue(maxsize, ctx=self.get_context())
           ^^^^^^^^^^^^^^^^^^^^^^^^^^^^^^^^^^^^^^
  File "/usr/lib/python3.12/multiprocessing/queues.py", line 43, in __init__
    self._rlock = ctx.Lock()
                  ^^^^^^^^^^
  File "/usr/lib/python3.12/multiprocessing/context.py", line 68, in Lock
    return Lock(ctx=self.get_context())
           ^^^^^^^^^^^^^^^^^^^^^^^^^^^^
  File "/usr/lib/python3.12/multiprocessing/synchronize.py", line 169, in __init__
  File "/usr/lib/python3.12/multiprocessing/synchronize.py", line 57, in __init__
OSError: [Errno 24] Too many open files
2026-04-08 22:42:50,811 - distributed.nanny - ERROR - Nanny failed to start process
Traceback (most recent call last):
  File "/home/Shared/UniBe-swiss-ndvi/GitHub/swiss-ndvi-processing/.venv/lib/python3.12/site-packages/distributed/nanny.py", line 750, in start
    await self.process.start()
  File "/home/Shared/UniBe-swiss-ndvi/GitHub/swiss-ndvi-processing/.venv/lib/python3.12/site-packages/distributed/process.py", line 55, in _call_and_set_future
    res = func(*args, **kwargs)
          ^^^^^^^^^^^^^^^^^^^^^
  File "/home/Shared/UniBe-swiss-ndvi/GitHub/swiss-ndvi-processing/.venv/lib/python3.12/site-packages/distributed/process.py", line 215, in _start
    process.start()
  File "/usr/lib/python3.12/multiprocessing/process.py", line 121, in start
    self._popen = self._Popen(self)
                  ^^^^^^^^^^^^^^^^^
  File "/usr/lib/python3.12/multiprocessing/context.py", line 289, in _Popen
    return Popen(process_obj)
           ^^^^^^^^^^^^^^^^^^
  File "/usr/lib/python3.12/multiprocessing/popen_spawn_posix.py", line 32, in __init__
    super().__init__(process_obj)
  File "/usr/lib/python3.12/multiprocessing/popen_fork.py", line 19, in __init__
    self._launch(process_obj)
  File "/usr/lib/python3.12/multiprocessing/popen_spawn_posix.py", line 53, in _launch
    parent_r, child_w = os.pipe()
                        ^^^^^^^^^
OSError: [Errno 24] Too many open files
2026-04-08 22:42:50,814 - distributed.nanny - ERROR - Nanny failed to start process
Traceback (most recent call last):
  File "/home/Shared/UniBe-swiss-ndvi/GitHub/swiss-ndvi-processing/.venv/lib/python3.12/site-packages/distributed/nanny.py", line 750, in start
    await self.process.start()
  File "/home/Shared/UniBe-swiss-ndvi/GitHub/swiss-ndvi-processing/.venv/lib/python3.12/site-packages/distributed/process.py", line 55, in _call_and_set_future
    res = func(*args, **kwargs)
          ^^^^^^^^^^^^^^^^^^^^^
  File "/home/Shared/UniBe-swiss-ndvi/GitHub/swiss-ndvi-processing/.venv/lib/python3.12/site-packages/distributed/process.py", line 215, in _start
    process.start()
  File "/usr/lib/python3.12/multiprocessing/process.py", line 121, in start
    self._popen = self._Popen(self)
                  ^^^^^^^^^^^^^^^^^
  File "/usr/lib/python3.12/multiprocessing/context.py", line 289, in _Popen
    return Popen(process_obj)
           ^^^^^^^^^^^^^^^^^^
  File "/usr/lib/python3.12/multiprocessing/popen_spawn_posix.py", line 32, in __init__
    super().__init__(process_obj)
  File "/usr/lib/python3.12/multiprocessing/popen_fork.py", line 19, in __init__
    self._launch(process_obj)
  File "/usr/lib/python3.12/multiprocessing/popen_spawn_posix.py", line 53, in _launch
    parent_r, child_w = os.pipe()
                        ^^^^^^^^^
OSError: [Errno 24] Too many open files
2026-04-08 22:42:50,816 - distributed.nanny - ERROR - Nanny failed to start process
Traceback (most recent call last):
  File "/home/Shared/UniBe-swiss-ndvi/GitHub/swiss-ndvi-processing/.venv/lib/python3.12/site-packages/distributed/nanny.py", line 750, in start
    await self.process.start()
  File "/home/Shared/UniBe-swiss-ndvi/GitHub/swiss-ndvi-processing/.venv/lib/python3.12/site-packages/distributed/process.py", line 55, in _call_and_set_future
    res = func(*args, **kwargs)
          ^^^^^^^^^^^^^^^^^^^^^
  File "/home/Shared/UniBe-swiss-ndvi/GitHub/swiss-ndvi-processing/.venv/lib/python3.12/site-packages/distributed/process.py", line 215, in _start
    process.start()
  File "/usr/lib/python3.12/multiprocessing/process.py", line 121, in start
    self._popen = self._Popen(self)
                  ^^^^^^^^^^^^^^^^^
  File "/usr/lib/python3.12/multiprocessing/context.py", line 289, in _Popen
    return Popen(process_obj)
           ^^^^^^^^^^^^^^^^^^
  File "/usr/lib/python3.12/multiprocessing/popen_spawn_posix.py", line 32, in __init__
    super().__init__(process_obj)
  File "/usr/lib/python3.12/multiprocessing/popen_fork.py", line 19, in __init__
    self._launch(process_obj)
  File "/usr/lib/python3.12/multiprocessing/popen_spawn_posix.py", line 58, in _launch
    self.pid = util.spawnv_passfds(spawn.get_executable(),
               ^^^^^^^^^^^^^^^^^^^^^^^^^^^^^^^^^^^^^^^^^^^
  File "/usr/lib/python3.12/multiprocessing/util.py", line 454, in spawnv_passfds
    errpipe_read, errpipe_write = os.pipe()
                                  ^^^^^^^^^
OSError: [Errno 24] Too many open files
2026-04-08 22:42:50,831 - distributed.nanny - ERROR - Failed to start process
Traceback (most recent call last):
  File "/home/Shared/UniBe-swiss-ndvi/GitHub/swiss-ndvi-processing/.venv/lib/python3.12/site-packages/distributed/nanny.py", line 750, in start
    await self.process.start()
  File "/home/Shared/UniBe-swiss-ndvi/GitHub/swiss-ndvi-processing/.venv/lib/python3.12/site-packages/distributed/process.py", line 55, in _call_and_set_future
    res = func(*args, **kwargs)
          ^^^^^^^^^^^^^^^^^^^^^
  File "/home/Shared/UniBe-swiss-ndvi/GitHub/swiss-ndvi-processing/.venv/lib/python3.12/site-packages/distributed/process.py", line 215, in _start
    process.start()
  File "/usr/lib/python3.12/multiprocessing/process.py", line 121, in start
    self._popen = self._Popen(self)
                  ^^^^^^^^^^^^^^^^^
  File "/usr/lib/python3.12/multiprocessing/context.py", line 289, in _Popen
    return Popen(process_obj)
           ^^^^^^^^^^^^^^^^^^
  File "/usr/lib/python3.12/multiprocessing/popen_spawn_posix.py", line 32, in __init__
    super().__init__(process_obj)
  File "/usr/lib/python3.12/multiprocessing/popen_fork.py", line 19, in __init__
    self._launch(process_obj)
  File "/usr/lib/python3.12/multiprocessing/popen_spawn_posix.py", line 53, in _launch
    parent_r, child_w = os.pipe()
                        ^^^^^^^^^
OSError: [Errno 24] Too many open files

During handling of the above exception, another exception occurred:

Traceback (most recent call last):
  File "/home/Shared/UniBe-swiss-ndvi/GitHub/swiss-ndvi-processing/.venv/lib/python3.12/site-packages/distributed/nanny.py", line 452, in instantiate
    result = await self.process.start()
             ^^^^^^^^^^^^^^^^^^^^^^^^^^
  File "/home/Shared/UniBe-swiss-ndvi/GitHub/swiss-ndvi-processing/.venv/lib/python3.12/site-packages/distributed/nanny.py", line 756, in start
    await self.process.terminate()
  File "/home/Shared/UniBe-swiss-ndvi/GitHub/swiss-ndvi-processing/.venv/lib/python3.12/site-packages/distributed/process.py", line 55, in _call_and_set_future
    res = func(*args, **kwargs)
          ^^^^^^^^^^^^^^^^^^^^^
  File "/usr/lib/python3.12/multiprocessing/process.py", line 133, in terminate
    self._popen.terminate()
    ^^^^^^^^^^^^^^^^^^^^^
AttributeError: 'NoneType' object has no attribute 'terminate'
2026-04-08 22:42:50,836 - distributed.nanny - ERROR - Failed to start process
Traceback (most recent call last):
  File "/home/Shared/UniBe-swiss-ndvi/GitHub/swiss-ndvi-processing/.venv/lib/python3.12/site-packages/distributed/nanny.py", line 750, in start
    await self.process.start()
  File "/home/Shared/UniBe-swiss-ndvi/GitHub/swiss-ndvi-processing/.venv/lib/python3.12/site-packages/distributed/process.py", line 55, in _call_and_set_future
    res = func(*args, **kwargs)
          ^^^^^^^^^^^^^^^^^^^^^
  File "/home/Shared/UniBe-swiss-ndvi/GitHub/swiss-ndvi-processing/.venv/lib/python3.12/site-packages/distributed/process.py", line 215, in _start
    process.start()
  File "/usr/lib/python3.12/multiprocessing/process.py", line 121, in start
    self._popen = self._Popen(self)
                  ^^^^^^^^^^^^^^^^^
  File "/usr/lib/python3.12/multiprocessing/context.py", line 289, in _Popen
    return Popen(process_obj)
           ^^^^^^^^^^^^^^^^^^
  File "/usr/lib/python3.12/multiprocessing/popen_spawn_posix.py", line 32, in __init__
    super().__init__(process_obj)
  File "/usr/lib/python3.12/multiprocessing/popen_fork.py", line 19, in __init__
    self._launch(process_obj)
  File "/usr/lib/python3.12/multiprocessing/popen_spawn_posix.py", line 53, in _launch
    parent_r, child_w = os.pipe()
                        ^^^^^^^^^
OSError: [Errno 24] Too many open files

During handling of the above exception, another exception occurred:

Traceback (most recent call last):
  File "/home/Shared/UniBe-swiss-ndvi/GitHub/swiss-ndvi-processing/.venv/lib/python3.12/site-packages/distributed/nanny.py", line 452, in instantiate
    result = await self.process.start()
             ^^^^^^^^^^^^^^^^^^^^^^^^^^
  File "/home/Shared/UniBe-swiss-ndvi/GitHub/swiss-ndvi-processing/.venv/lib/python3.12/site-packages/distributed/nanny.py", line 756, in start
    await self.process.terminate()
  File "/home/Shared/UniBe-swiss-ndvi/GitHub/swiss-ndvi-processing/.venv/lib/python3.12/site-packages/distributed/process.py", line 55, in _call_and_set_future
    res = func(*args, **kwargs)
          ^^^^^^^^^^^^^^^^^^^^^
  File "/usr/lib/python3.12/multiprocessing/process.py", line 133, in terminate
    self._popen.terminate()
    ^^^^^^^^^^^^^^^^^^^^^
AttributeError: 'NoneType' object has no attribute 'terminate'
2026-04-08 22:42:50,840 - distributed.nanny - ERROR - Failed to start process
Traceback (most recent call last):
  File "/home/Shared/UniBe-swiss-ndvi/GitHub/swiss-ndvi-processing/.venv/lib/python3.12/site-packages/distributed/nanny.py", line 750, in start
    await self.process.start()
  File "/home/Shared/UniBe-swiss-ndvi/GitHub/swiss-ndvi-processing/.venv/lib/python3.12/site-packages/distributed/process.py", line 55, in _call_and_set_future
    res = func(*args, **kwargs)
          ^^^^^^^^^^^^^^^^^^^^^
  File "/home/Shared/UniBe-swiss-ndvi/GitHub/swiss-ndvi-processing/.venv/lib/python3.12/site-packages/distributed/process.py", line 215, in _start
    process.start()
  File "/usr/lib/python3.12/multiprocessing/process.py", line 121, in start
    self._popen = self._Popen(self)
                  ^^^^^^^^^^^^^^^^^
  File "/usr/lib/python3.12/multiprocessing/context.py", line 289, in _Popen
    return Popen(process_obj)
           ^^^^^^^^^^^^^^^^^^
  File "/usr/lib/python3.12/multiprocessing/popen_spawn_posix.py", line 32, in __init__
    super().__init__(process_obj)
  File "/usr/lib/python3.12/multiprocessing/popen_fork.py", line 19, in __init__
    self._launch(process_obj)
  File "/usr/lib/python3.12/multiprocessing/popen_spawn_posix.py", line 58, in _launch
    self.pid = util.spawnv_passfds(spawn.get_executable(),
               ^^^^^^^^^^^^^^^^^^^^^^^^^^^^^^^^^^^^^^^^^^^
  File "/usr/lib/python3.12/multiprocessing/util.py", line 454, in spawnv_passfds
    errpipe_read, errpipe_write = os.pipe()
                                  ^^^^^^^^^
OSError: [Errno 24] Too many open files

During handling of the above exception, another exception occurred:

Traceback (most recent call last):
  File "/home/Shared/UniBe-swiss-ndvi/GitHub/swiss-ndvi-processing/.venv/lib/python3.12/site-packages/distributed/nanny.py", line 452, in instantiate
    result = await self.process.start()
             ^^^^^^^^^^^^^^^^^^^^^^^^^^
  File "/home/Shared/UniBe-swiss-ndvi/GitHub/swiss-ndvi-processing/.venv/lib/python3.12/site-packages/distributed/nanny.py", line 756, in start
    await self.process.terminate()
  File "/home/Shared/UniBe-swiss-ndvi/GitHub/swiss-ndvi-processing/.venv/lib/python3.12/site-packages/distributed/process.py", line 55, in _call_and_set_future
    res = func(*args, **kwargs)
          ^^^^^^^^^^^^^^^^^^^^^
  File "/usr/lib/python3.12/multiprocessing/process.py", line 133, in terminate
    self._popen.terminate()
    ^^^^^^^^^^^^^^^^^^^^^
AttributeError: 'NoneType' object has no attribute 'terminate'
Exception in callback BaseAsyncIOLoop._handle_events(7, 1)
handle: <Handle BaseAsyncIOLoop._handle_events(7, 1)>
Traceback (most recent call last):
  File "/usr/lib/python3.12/asyncio/events.py", line 88, in _run
    self._context.run(self._callback, *self._args)
  File "/home/Shared/UniBe-swiss-ndvi/GitHub/swiss-ndvi-processing/.venv/lib/python3.12/site-packages/tornado/platform/asyncio.py", line 208, in _handle_events
  File "/home/Shared/UniBe-swiss-ndvi/GitHub/swiss-ndvi-processing/.venv/lib/python3.12/site-packages/tornado/netutil.py", line 273, in accept_handler
  File "/usr/lib/python3.12/socket.py", line 295, in accept
OSError: [Errno 24] Too many open files
Exception in callback BaseAsyncIOLoop._handle_events(7, 1)
handle: <Handle BaseAsyncIOLoop._handle_events(7, 1)>
Traceback (most recent call last):
  File "/usr/lib/python3.12/asyncio/events.py", line 88, in _run
    self._context.run(self._callback, *self._args)
  File "/home/Shared/UniBe-swiss-ndvi/GitHub/swiss-ndvi-processing/.venv/lib/python3.12/site-packages/tornado/platform/asyncio.py", line 208, in _handle_events
  File "/home/Shared/UniBe-swiss-ndvi/GitHub/swiss-ndvi-processing/.venv/lib/python3.12/site-packages/tornado/netutil.py", line 273, in accept_handler
  File "/usr/lib/python3.12/socket.py", line 295, in accept
OSError: [Errno 24] Too many open files
Exception in callback BaseAsyncIOLoop._handle_events(7, 1)
handle: <Handle BaseAsyncIOLoop._handle_events(7, 1)>
Traceback (most recent call last):
  File "/usr/lib/python3.12/asyncio/events.py", line 88, in _run
    self._context.run(self._callback, *self._args)
  File "/home/Shared/UniBe-swiss-ndvi/GitHub/swiss-ndvi-processing/.venv/lib/python3.12/site-packages/tornado/platform/asyncio.py", line 208, in _handle_events
  File "/home/Shared/UniBe-swiss-ndvi/GitHub/swiss-ndvi-processing/.venv/lib/python3.12/site-packages/tornado/netutil.py", line 273, in accept_handler
  File "/usr/lib/python3.12/socket.py", line 295, in accept
OSError: [Errno 24] Too many open files
Exception in callback BaseAsyncIOLoop._handle_events(7, 1)
handle: <Handle BaseAsyncIOLoop._handle_events(7, 1)>
Traceback (most recent call last):
  File "/usr/lib/python3.12/asyncio/events.py", line 88, in _run
    self._context.run(self._callback, *self._args)
  File "/home/Shared/UniBe-swiss-ndvi/GitHub/swiss-ndvi-processing/.venv/lib/python3.12/site-packages/tornado/platform/asyncio.py", line 208, in _handle_events
  File "/home/Shared/UniBe-swiss-ndvi/GitHub/swiss-ndvi-processing/.venv/lib/python3.12/site-packages/tornado/netutil.py", line 273, in accept_handler
  File "/usr/lib/python3.12/socket.py", line 295, in accept
OSError: [Errno 24] Too many open files
2026-04-08 22:42:52,376 - distributed.worker - WARNING - Mismatched versions found

+-------------+---------------------------------------------+-----------+----------+
| Package     | Worker-42f1ea81-934c-4d1a-9220-e9549ce8d7aa | Scheduler | Workers  |
+-------------+---------------------------------------------+-----------+----------+
| cloudpickle | 3.1.1                                       | None      | 3.1.1    |
| dask        | 2025.9.1                                    | None      | 2025.9.1 |
| distributed | 2025.9.1                                    | None      | 2025.9.1 |
| lz4         | 4.3.2                                       | None      | 4.3.2    |
| msgpack     | 1.1.1                                       | None      | 1.1.1    |
| toolz       | 1.0.0                                       | None      | 1.0.0    |
| tornado     | 6.5.1                                       | None      | 6.5.1    |
+-------------+---------------------------------------------+-----------+----------+
Exception in callback BaseAsyncIOLoop._handle_events(7, 1)
handle: <Handle BaseAsyncIOLoop._handle_events(7, 1)>
Traceback (most recent call last):
  File "/usr/lib/python3.12/asyncio/events.py", line 88, in _run
    self._context.run(self._callback, *self._args)
  File "/home/Shared/UniBe-swiss-ndvi/GitHub/swiss-ndvi-processing/.venv/lib/python3.12/site-packages/tornado/platform/asyncio.py", line 208, in _handle_events
  File "/home/Shared/UniBe-swiss-ndvi/GitHub/swiss-ndvi-processing/.venv/lib/python3.12/site-packages/tornado/netutil.py", line 273, in accept_handler
  File "/usr/lib/python3.12/socket.py", line 295, in accept
OSError: [Errno 24] Too many open files
Exception in callback BaseAsyncIOLoop._handle_events(7, 1)
handle: <Handle BaseAsyncIOLoop._handle_events(7, 1)>
Traceback (most recent call last):
  File "/usr/lib/python3.12/asyncio/events.py", line 88, in _run
    self._context.run(self._callback, *self._args)
  File "/home/Shared/UniBe-swiss-ndvi/GitHub/swiss-ndvi-processing/.venv/lib/python3.12/site-packages/tornado/platform/asyncio.py", line 208, in _handle_events
  File "/home/Shared/UniBe-swiss-ndvi/GitHub/swiss-ndvi-processing/.venv/lib/python3.12/site-packages/tornado/netutil.py", line 273, in accept_handler
  File "/usr/lib/python3.12/socket.py", line 295, in accept
OSError: [Errno 24] Too many open files
2026-04-08 22:42:52,379 - distributed.worker - WARNING - Mismatched versions found

+-------------+---------------------------------------------+-----------+----------+
| Package     | Worker-65a7b632-77d9-49f5-ab6c-245dcd4ac8ec | Scheduler | Workers  |
+-------------+---------------------------------------------+-----------+----------+
| cloudpickle | 3.1.1                                       | None      | 3.1.1    |
| dask        | 2025.9.1                                    | None      | 2025.9.1 |
| distributed | 2025.9.1                                    | None      | 2025.9.1 |
| lz4         | 4.3.2                                       | None      | 4.3.2    |
| msgpack     | 1.1.1                                       | None      | 1.1.1    |
| toolz       | 1.0.0                                       | None      | 1.0.0    |
| tornado     | 6.5.1                                       | None      | 6.5.1    |
+-------------+---------------------------------------------+-----------+----------+
Exception in callback BaseAsyncIOLoop._handle_events(7, 1)
handle: <Handle BaseAsyncIOLoop._handle_events(7, 1)>
Traceback (most recent call last):
  File "/usr/lib/python3.12/asyncio/events.py", line 88, in _run
    self._context.run(self._callback, *self._args)
  File "/home/Shared/UniBe-swiss-ndvi/GitHub/swiss-ndvi-processing/.venv/lib/python3.12/site-packages/tornado/platform/asyncio.py", line 208, in _handle_events
  File "/home/Shared/UniBe-swiss-ndvi/GitHub/swiss-ndvi-processing/.venv/lib/python3.12/site-packages/tornado/netutil.py", line 273, in accept_handler
  File "/usr/lib/python3.12/socket.py", line 295, in accept
OSError: [Errno 24] Too many open files
Exception in callback BaseAsyncIOLoop._handle_events(7, 1)
handle: <Handle BaseAsyncIOLoop._handle_events(7, 1)>
Traceback (most recent call last):
  File "/usr/lib/python3.12/asyncio/events.py", line 88, in _run
    self._context.run(self._callback, *self._args)
  File "/home/Shared/UniBe-swiss-ndvi/GitHub/swiss-ndvi-processing/.venv/lib/python3.12/site-packages/tornado/platform/asyncio.py", line 208, in _handle_events
  File "/home/Shared/UniBe-swiss-ndvi/GitHub/swiss-ndvi-processing/.venv/lib/python3.12/site-packages/tornado/netutil.py", line 273, in accept_handler
  File "/usr/lib/python3.12/socket.py", line 295, in accept
OSError: [Errno 24] Too many open files
Exception in callback BaseAsyncIOLoop._handle_events(7, 1)
handle: <Handle BaseAsyncIOLoop._handle_events(7, 1)>
Traceback (most recent call last):
  File "/usr/lib/python3.12/asyncio/events.py", line 88, in _run
    self._context.run(self._callback, *self._args)
  File "/home/Shared/UniBe-swiss-ndvi/GitHub/swiss-ndvi-processing/.venv/lib/python3.12/site-packages/tornado/platform/asyncio.py", line 208, in _handle_events
  File "/home/Shared/UniBe-swiss-ndvi/GitHub/swiss-ndvi-processing/.venv/lib/python3.12/site-packages/tornado/netutil.py", line 273, in accept_handler
  File "/usr/lib/python3.12/socket.py", line 295, in accept
OSError: [Errno 24] Too many open files
Exception in callback BaseAsyncIOLoop._handle_events(7, 1)
handle: <Handle BaseAsyncIOLoop._handle_events(7, 1)>
Traceback (most recent call last):
  File "/usr/lib/python3.12/asyncio/events.py", line 88, in _run
    self._context.run(self._callback, *self._args)
  File "/home/Shared/UniBe-swiss-ndvi/GitHub/swiss-ndvi-processing/.venv/lib/python3.12/site-packages/tornado/platform/asyncio.py", line 208, in _handle_events
  File "/home/Shared/UniBe-swiss-ndvi/GitHub/swiss-ndvi-processing/.venv/lib/python3.12/site-packages/tornado/netutil.py", line 273, in accept_handler
  File "/usr/lib/python3.12/socket.py", line 295, in accept
OSError: [Errno 24] Too many open files
Exception in callback BaseAsyncIOLoop._handle_events(7, 1)
handle: <Handle BaseAsyncIOLoop._handle_events(7, 1)>
Traceback (most recent call last):
  File "/usr/lib/python3.12/asyncio/events.py", line 88, in _run
    self._context.run(self._callback, *self._args)
  File "/home/Shared/UniBe-swiss-ndvi/GitHub/swiss-ndvi-processing/.venv/lib/python3.12/site-packages/tornado/platform/asyncio.py", line 208, in _handle_events
  File "/home/Shared/UniBe-swiss-ndvi/GitHub/swiss-ndvi-processing/.venv/lib/python3.12/site-packages/tornado/netutil.py", line 273, in accept_handler
  File "/usr/lib/python3.12/socket.py", line 295, in accept
OSError: [Errno 24] Too many open files
Exception in callback BaseAsyncIOLoop._handle_events(7, 1)
handle: <Handle BaseAsyncIOLoop._handle_events(7, 1)>
Traceback (most recent call last):
  File "/usr/lib/python3.12/asyncio/events.py", line 88, in _run
    self._context.run(self._callback, *self._args)
  File "/home/Shared/UniBe-swiss-ndvi/GitHub/swiss-ndvi-processing/.venv/lib/python3.12/site-packages/tornado/platform/asyncio.py", line 208, in _handle_events
  File "/home/Shared/UniBe-swiss-ndvi/GitHub/swiss-ndvi-processing/.venv/lib/python3.12/site-packages/tornado/netutil.py", line 273, in accept_handler
  File "/usr/lib/python3.12/socket.py", line 295, in accept
OSError: [Errno 24] Too many open files
Exception in callback BaseAsyncIOLoop._handle_events(7, 1)
handle: <Handle BaseAsyncIOLoop._handle_events(7, 1)>
Traceback (most recent call last):
  File "/usr/lib/python3.12/asyncio/events.py", line 88, in _run
    self._context.run(self._callback, *self._args)
  File "/home/Shared/UniBe-swiss-ndvi/GitHub/swiss-ndvi-processing/.venv/lib/python3.12/site-packages/tornado/platform/asyncio.py", line 208, in _handle_events
  File "/home/Shared/UniBe-swiss-ndvi/GitHub/swiss-ndvi-processing/.venv/lib/python3.12/site-packages/tornado/netutil.py", line 273, in accept_handler
  File "/usr/lib/python3.12/socket.py", line 295, in accept
OSError: [Errno 24] Too many open files
Exception in callback BaseAsyncIOLoop._handle_events(7, 1)
handle: <Handle BaseAsyncIOLoop._handle_events(7, 1)>
Traceback (most recent call last):
  File "/usr/lib/python3.12/asyncio/events.py", line 88, in _run
    self._context.run(self._callback, *self._args)
  File "/home/Shared/UniBe-swiss-ndvi/GitHub/swiss-ndvi-processing/.venv/lib/python3.12/site-packages/tornado/platform/asyncio.py", line 208, in _handle_events
  File "/home/Shared/UniBe-swiss-ndvi/GitHub/swiss-ndvi-processing/.venv/lib/python3.12/site-packages/tornado/netutil.py", line 273, in accept_handler
  File "/usr/lib/python3.12/socket.py", line 295, in accept
OSError: [Errno 24] Too many open files
Exception in callback BaseAsyncIOLoop._handle_events(7, 1)
handle: <Handle BaseAsyncIOLoop._handle_events(7, 1)>
Traceback (most recent call last):
  File "/usr/lib/python3.12/asyncio/events.py", line 88, in _run
    self._context.run(self._callback, *self._args)
  File "/home/Shared/UniBe-swiss-ndvi/GitHub/swiss-ndvi-processing/.venv/lib/python3.12/site-packages/tornado/platform/asyncio.py", line 208, in _handle_events
  File "/home/Shared/UniBe-swiss-ndvi/GitHub/swiss-ndvi-processing/.venv/lib/python3.12/site-packages/tornado/netutil.py", line 273, in accept_handler
  File "/usr/lib/python3.12/socket.py", line 295, in accept
OSError: [Errno 24] Too many open files
Exception in callback BaseAsyncIOLoop._handle_events(7, 1)
handle: <Handle BaseAsyncIOLoop._handle_events(7, 1)>
Traceback (most recent call last):
  File "/usr/lib/python3.12/asyncio/events.py", line 88, in _run
    self._context.run(self._callback, *self._args)
  File "/home/Shared/UniBe-swiss-ndvi/GitHub/swiss-ndvi-processing/.venv/lib/python3.12/site-packages/tornado/platform/asyncio.py", line 208, in _handle_events
  File "/home/Shared/UniBe-swiss-ndvi/GitHub/swiss-ndvi-processing/.venv/lib/python3.12/site-packages/tornado/netutil.py", line 273, in accept_handler
  File "/usr/lib/python3.12/socket.py", line 295, in accept
OSError: [Errno 24] Too many open files
Exception in callback BaseAsyncIOLoop._handle_events(7, 1)
handle: <Handle BaseAsyncIOLoop._handle_events(7, 1)>
Traceback (most recent call last):
  File "/usr/lib/python3.12/asyncio/events.py", line 88, in _run
    self._context.run(self._callback, *self._args)
  File "/home/Shared/UniBe-swiss-ndvi/GitHub/swiss-ndvi-processing/.venv/lib/python3.12/site-packages/tornado/platform/asyncio.py", line 208, in _handle_events
  File "/home/Shared/UniBe-swiss-ndvi/GitHub/swiss-ndvi-processing/.venv/lib/python3.12/site-packages/tornado/netutil.py", line 273, in accept_handler
  File "/usr/lib/python3.12/socket.py", line 295, in accept
OSError: [Errno 24] Too many open files
Exception in callback BaseAsyncIOLoop._handle_events(7, 1)
handle: <Handle BaseAsyncIOLoop._handle_events(7, 1)>
Traceback (most recent call last):
  File "/usr/lib/python3.12/asyncio/events.py", line 88, in _run
    self._context.run(self._callback, *self._args)
  File "/home/Shared/UniBe-swiss-ndvi/GitHub/swiss-ndvi-processing/.venv/lib/python3.12/site-packages/tornado/platform/asyncio.py", line 208, in _handle_events
  File "/home/Shared/UniBe-swiss-ndvi/GitHub/swiss-ndvi-processing/.venv/lib/python3.12/site-packages/tornado/netutil.py", line 273, in accept_handler
  File "/usr/lib/python3.12/socket.py", line 295, in accept
OSError: [Errno 24] Too many open files
Exception in callback BaseAsyncIOLoop._handle_events(7, 1)
handle: <Handle BaseAsyncIOLoop._handle_events(7, 1)>
Traceback (most recent call last):
  File "/usr/lib/python3.12/asyncio/events.py", line 88, in _run
    self._context.run(self._callback, *self._args)
  File "/home/Shared/UniBe-swiss-ndvi/GitHub/swiss-ndvi-processing/.venv/lib/python3.12/site-packages/tornado/platform/asyncio.py", line 208, in _handle_events
  File "/home/Shared/UniBe-swiss-ndvi/GitHub/swiss-ndvi-processing/.venv/lib/python3.12/site-packages/tornado/netutil.py", line 273, in accept_handler
  File "/usr/lib/python3.12/socket.py", line 295, in accept
OSError: [Errno 24] Too many open files
Exception in callback BaseAsyncIOLoop._handle_events(7, 1)
handle: <Handle BaseAsyncIOLoop._handle_events(7, 1)>
Traceback (most recent call last):
  File "/usr/lib/python3.12/asyncio/events.py", line 88, in _run
    self._context.run(self._callback, *self._args)
  File "/home/Shared/UniBe-swiss-ndvi/GitHub/swiss-ndvi-processing/.venv/lib/python3.12/site-packages/tornado/platform/asyncio.py", line 208, in _handle_events
  File "/home/Shared/UniBe-swiss-ndvi/GitHub/swiss-ndvi-processing/.venv/lib/python3.12/site-packages/tornado/netutil.py", line 273, in accept_handler
  File "/usr/lib/python3.12/socket.py", line 295, in accept
OSError: [Errno 24] Too many open files
Exception in callback BaseAsyncIOLoop._handle_events(7, 1)
handle: <Handle BaseAsyncIOLoop._handle_events(7, 1)>
Traceback (most recent call last):
  File "/usr/lib/python3.12/asyncio/events.py", line 88, in _run
    self._context.run(self._callback, *self._args)
  File "/home/Shared/UniBe-swiss-ndvi/GitHub/swiss-ndvi-processing/.venv/lib/python3.12/site-packages/tornado/platform/asyncio.py", line 208, in _handle_events
  File "/home/Shared/UniBe-swiss-ndvi/GitHub/swiss-ndvi-processing/.venv/lib/python3.12/site-packages/tornado/netutil.py", line 273, in accept_handler
  File "/usr/lib/python3.12/socket.py", line 295, in accept
OSError: [Errno 24] Too many open files
Exception in callback BaseAsyncIOLoop._handle_events(7, 1)
handle: <Handle BaseAsyncIOLoop._handle_events(7, 1)>
Traceback (most recent call last):
  File "/usr/lib/python3.12/asyncio/events.py", line 88, in _run
    self._context.run(self._callback, *self._args)
  File "/home/Shared/UniBe-swiss-ndvi/GitHub/swiss-ndvi-processing/.venv/lib/python3.12/site-packages/tornado/platform/asyncio.py", line 208, in _handle_events
  File "/home/Shared/UniBe-swiss-ndvi/GitHub/swiss-ndvi-processing/.venv/lib/python3.12/site-packages/tornado/netutil.py", line 273, in accept_handler
  File "/usr/lib/python3.12/socket.py", line 295, in accept
OSError: [Errno 24] Too many open files
Exception in callback BaseAsyncIOLoop._handle_events(7, 1)
handle: <Handle BaseAsyncIOLoop._handle_events(7, 1)>
Traceback (most recent call last):
  File "/usr/lib/python3.12/asyncio/events.py", line 88, in _run
    self._context.run(self._callback, *self._args)
  File "/home/Shared/UniBe-swiss-ndvi/GitHub/swiss-ndvi-processing/.venv/lib/python3.12/site-packages/tornado/platform/asyncio.py", line 208, in _handle_events
  File "/home/Shared/UniBe-swiss-ndvi/GitHub/swiss-ndvi-processing/.venv/lib/python3.12/site-packages/tornado/netutil.py", line 273, in accept_handler
  File "/usr/lib/python3.12/socket.py", line 295, in accept
OSError: [Errno 24] Too many open files
Exception in callback BaseAsyncIOLoop._handle_events(7, 1)
handle: <Handle BaseAsyncIOLoop._handle_events(7, 1)>
Traceback (most recent call last):
  File "/usr/lib/python3.12/asyncio/events.py", line 88, in _run
    self._context.run(self._callback, *self._args)
  File "/home/Shared/UniBe-swiss-ndvi/GitHub/swiss-ndvi-processing/.venv/lib/python3.12/site-packages/tornado/platform/asyncio.py", line 208, in _handle_events
  File "/home/Shared/UniBe-swiss-ndvi/GitHub/swiss-ndvi-processing/.venv/lib/python3.12/site-packages/tornado/netutil.py", line 273, in accept_handler
  File "/usr/lib/python3.12/socket.py", line 295, in accept
OSError: [Errno 24] Too many open files
Exception in callback BaseAsyncIOLoop._handle_events(7, 1)
handle: <Handle BaseAsyncIOLoop._handle_events(7, 1)>
Traceback (most recent call last):
  File "/usr/lib/python3.12/asyncio/events.py", line 88, in _run
    self._context.run(self._callback, *self._args)
  File "/home/Shared/UniBe-swiss-ndvi/GitHub/swiss-ndvi-processing/.venv/lib/python3.12/site-packages/tornado/platform/asyncio.py", line 208, in _handle_events
  File "/home/Shared/UniBe-swiss-ndvi/GitHub/swiss-ndvi-processing/.venv/lib/python3.12/site-packages/tornado/netutil.py", line 273, in accept_handler
  File "/usr/lib/python3.12/socket.py", line 295, in accept
OSError: [Errno 24] Too many open files
2026-04-08 22:42:52,390 - distributed.worker - WARNING - Mismatched versions found

+-------------+---------------------------------------------+-----------+----------+
| Package     | Worker-c6a84b4e-f45a-4855-ac6f-978269211182 | Scheduler | Workers  |
+-------------+---------------------------------------------+-----------+----------+
| cloudpickle | 3.1.1                                       | None      | 3.1.1    |
| dask        | 2025.9.1                                    | None      | 2025.9.1 |
| distributed | 2025.9.1                                    | None      | 2025.9.1 |
| lz4         | 4.3.2                                       | None      | 4.3.2    |
| msgpack     | 1.1.1                                       | None      | 1.1.1    |
| toolz       | 1.0.0                                       | None      | 1.0.0    |
| tornado     | 6.5.1                                       | None      | 6.5.1    |
+-------------+---------------------------------------------+-----------+----------+
Exception in callback BaseAsyncIOLoop._handle_events(7, 1)
handle: <Handle BaseAsyncIOLoop._handle_events(7, 1)>
Traceback (most recent call last):
  File "/usr/lib/python3.12/asyncio/events.py", line 88, in _run
    self._context.run(self._callback, *self._args)
  File "/home/Shared/UniBe-swiss-ndvi/GitHub/swiss-ndvi-processing/.venv/lib/python3.12/site-packages/tornado/platform/asyncio.py", line 208, in _handle_events
  File "/home/Shared/UniBe-swiss-ndvi/GitHub/swiss-ndvi-processing/.venv/lib/python3.12/site-packages/tornado/netutil.py", line 273, in accept_handler
  File "/usr/lib/python3.12/socket.py", line 295, in accept
OSError: [Errno 24] Too many open files
Exception in callback BaseAsyncIOLoop._handle_events(7, 1)
handle: <Handle BaseAsyncIOLoop._handle_events(7, 1)>
Traceback (most recent call last):
  File "/usr/lib/python3.12/asyncio/events.py", line 88, in _run
    self._context.run(self._callback, *self._args)
  File "/home/Shared/UniBe-swiss-ndvi/GitHub/swiss-ndvi-processing/.venv/lib/python3.12/site-packages/tornado/platform/asyncio.py", line 208, in _handle_events
  File "/home/Shared/UniBe-swiss-ndvi/GitHub/swiss-ndvi-processing/.venv/lib/python3.12/site-packages/tornado/netutil.py", line 273, in accept_handler
  File "/usr/lib/python3.12/socket.py", line 295, in accept
OSError: [Errno 24] Too many open files
2026-04-08 22:42:52,392 - distributed.worker - WARNING - Mismatched versions found

+-------------+---------------------------------------------+-----------+----------+
| Package     | Worker-a0b17897-68a0-4966-b7c1-561b25d290a8 | Scheduler | Workers  |
+-------------+---------------------------------------------+-----------+----------+
| cloudpickle | 3.1.1                                       | None      | 3.1.1    |
| dask        | 2025.9.1                                    | None      | 2025.9.1 |
| distributed | 2025.9.1                                    | None      | 2025.9.1 |
| lz4         | 4.3.2                                       | None      | 4.3.2    |
| msgpack     | 1.1.1                                       | None      | 1.1.1    |
| toolz       | 1.0.0                                       | None      | 1.0.0    |
| tornado     | 6.5.1                                       | None      | 6.5.1    |
+-------------+---------------------------------------------+-----------+----------+
Exception in callback BaseAsyncIOLoop._handle_events(7, 1)
handle: <Handle BaseAsyncIOLoop._handle_events(7, 1)>
Traceback (most recent call last):
  File "/usr/lib/python3.12/asyncio/events.py", line 88, in _run
    self._context.run(self._callback, *self._args)
  File "/home/Shared/UniBe-swiss-ndvi/GitHub/swiss-ndvi-processing/.venv/lib/python3.12/site-packages/tornado/platform/asyncio.py", line 208, in _handle_events
  File "/home/Shared/UniBe-swiss-ndvi/GitHub/swiss-ndvi-processing/.venv/lib/python3.12/site-packages/tornado/netutil.py", line 273, in accept_handler
  File "/usr/lib/python3.12/socket.py", line 295, in accept
OSError: [Errno 24] Too many open files
Exception in callback BaseAsyncIOLoop._handle_events(7, 1)
handle: <Handle BaseAsyncIOLoop._handle_events(7, 1)>
Traceback (most recent call last):
  File "/usr/lib/python3.12/asyncio/events.py", line 88, in _run
    self._context.run(self._callback, *self._args)
  File "/home/Shared/UniBe-swiss-ndvi/GitHub/swiss-ndvi-processing/.venv/lib/python3.12/site-packages/tornado/platform/asyncio.py", line 208, in _handle_events
  File "/home/Shared/UniBe-swiss-ndvi/GitHub/swiss-ndvi-processing/.venv/lib/python3.12/site-packages/tornado/netutil.py", line 273, in accept_handler
  File "/usr/lib/python3.12/socket.py", line 295, in accept
OSError: [Errno 24] Too many open files
Exception in callback BaseAsyncIOLoop._handle_events(7, 1)
handle: <Handle BaseAsyncIOLoop._handle_events(7, 1)>
Traceback (most recent call last):
  File "/usr/lib/python3.12/asyncio/events.py", line 88, in _run
    self._context.run(self._callback, *self._args)
  File "/home/Shared/UniBe-swiss-ndvi/GitHub/swiss-ndvi-processing/.venv/lib/python3.12/site-packages/tornado/platform/asyncio.py", line 208, in _handle_events
  File "/home/Shared/UniBe-swiss-ndvi/GitHub/swiss-ndvi-processing/.venv/lib/python3.12/site-packages/tornado/netutil.py", line 273, in accept_handler
  File "/usr/lib/python3.12/socket.py", line 295, in accept
OSError: [Errno 24] Too many open files
Exception in callback BaseAsyncIOLoop._handle_events(7, 1)
handle: <Handle BaseAsyncIOLoop._handle_events(7, 1)>
Traceback (most recent call last):
  File "/usr/lib/python3.12/asyncio/events.py", line 88, in _run
    self._context.run(self._callback, *self._args)
  File "/home/Shared/UniBe-swiss-ndvi/GitHub/swiss-ndvi-processing/.venv/lib/python3.12/site-packages/tornado/platform/asyncio.py", line 208, in _handle_events
  File "/home/Shared/UniBe-swiss-ndvi/GitHub/swiss-ndvi-processing/.venv/lib/python3.12/site-packages/tornado/netutil.py", line 273, in accept_handler
  File "/usr/lib/python3.12/socket.py", line 295, in accept
OSError: [Errno 24] Too many open files
Exception in callback BaseAsyncIOLoop._handle_events(7, 1)
handle: <Handle BaseAsyncIOLoop._handle_events(7, 1)>
Traceback (most recent call last):
  File "/usr/lib/python3.12/asyncio/events.py", line 88, in _run
    self._context.run(self._callback, *self._args)
  File "/home/Shared/UniBe-swiss-ndvi/GitHub/swiss-ndvi-processing/.venv/lib/python3.12/site-packages/tornado/platform/asyncio.py", line 208, in _handle_events
  File "/home/Shared/UniBe-swiss-ndvi/GitHub/swiss-ndvi-processing/.venv/lib/python3.12/site-packages/tornado/netutil.py", line 273, in accept_handler
  File "/usr/lib/python3.12/socket.py", line 295, in accept
OSError: [Errno 24] Too many open files
Exception in callback BaseAsyncIOLoop._handle_events(7, 1)
handle: <Handle BaseAsyncIOLoop._handle_events(7, 1)>
Traceback (most recent call last):
  File "/usr/lib/python3.12/asyncio/events.py", line 88, in _run
    self._context.run(self._callback, *self._args)
  File "/home/Shared/UniBe-swiss-ndvi/GitHub/swiss-ndvi-processing/.venv/lib/python3.12/site-packages/tornado/platform/asyncio.py", line 208, in _handle_events
  File "/home/Shared/UniBe-swiss-ndvi/GitHub/swiss-ndvi-processing/.venv/lib/python3.12/site-packages/tornado/netutil.py", line 273, in accept_handler
  File "/usr/lib/python3.12/socket.py", line 295, in accept
OSError: [Errno 24] Too many open files
Exception in callback BaseAsyncIOLoop._handle_events(7, 1)
handle: <Handle BaseAsyncIOLoop._handle_events(7, 1)>
Traceback (most recent call last):
  File "/usr/lib/python3.12/asyncio/events.py", line 88, in _run
    self._context.run(self._callback, *self._args)
  File "/home/Shared/UniBe-swiss-ndvi/GitHub/swiss-ndvi-processing/.venv/lib/python3.12/site-packages/tornado/platform/asyncio.py", line 208, in _handle_events
  File "/home/Shared/UniBe-swiss-ndvi/GitHub/swiss-ndvi-processing/.venv/lib/python3.12/site-packages/tornado/netutil.py", line 273, in accept_handler
  File "/usr/lib/python3.12/socket.py", line 295, in accept
OSError: [Errno 24] Too many open files
Exception in callback BaseAsyncIOLoop._handle_events(7, 1)
handle: <Handle BaseAsyncIOLoop._handle_events(7, 1)>
Traceback (most recent call last):
  File "/usr/lib/python3.12/asyncio/events.py", line 88, in _run
    self._context.run(self._callback, *self._args)
  File "/home/Shared/UniBe-swiss-ndvi/GitHub/swiss-ndvi-processing/.venv/lib/python3.12/site-packages/tornado/platform/asyncio.py", line 208, in _handle_events
  File "/home/Shared/UniBe-swiss-ndvi/GitHub/swiss-ndvi-processing/.venv/lib/python3.12/site-packages/tornado/netutil.py", line 273, in accept_handler
  File "/usr/lib/python3.12/socket.py", line 295, in accept
OSError: [Errno 24] Too many open files
Exception in callback BaseAsyncIOLoop._handle_events(7, 1)
handle: <Handle BaseAsyncIOLoop._handle_events(7, 1)>
Traceback (most recent call last):
  File "/usr/lib/python3.12/asyncio/events.py", line 88, in _run
    self._context.run(self._callback, *self._args)
  File "/home/Shared/UniBe-swiss-ndvi/GitHub/swiss-ndvi-processing/.venv/lib/python3.12/site-packages/tornado/platform/asyncio.py", line 208, in _handle_events
  File "/home/Shared/UniBe-swiss-ndvi/GitHub/swiss-ndvi-processing/.venv/lib/python3.12/site-packages/tornado/netutil.py", line 273, in accept_handler
  File "/usr/lib/python3.12/socket.py", line 295, in accept
OSError: [Errno 24] Too many open files
Exception in callback BaseAsyncIOLoop._handle_events(7, 1)
handle: <Handle BaseAsyncIOLoop._handle_events(7, 1)>
Traceback (most recent call last):
  File "/usr/lib/python3.12/asyncio/events.py", line 88, in _run
    self._context.run(self._callback, *self._args)
  File "/home/Shared/UniBe-swiss-ndvi/GitHub/swiss-ndvi-processing/.venv/lib/python3.12/site-packages/tornado/platform/asyncio.py", line 208, in _handle_events
  File "/home/Shared/UniBe-swiss-ndvi/GitHub/swiss-ndvi-processing/.venv/lib/python3.12/site-packages/tornado/netutil.py", line 273, in accept_handler
  File "/usr/lib/python3.12/socket.py", line 295, in accept
OSError: [Errno 24] Too many open files
Exception in callback BaseAsyncIOLoop._handle_events(7, 1)
handle: <Handle BaseAsyncIOLoop._handle_events(7, 1)>
Traceback (most recent call last):
  File "/usr/lib/python3.12/asyncio/events.py", line 88, in _run
    self._context.run(self._callback, *self._args)
  File "/home/Shared/UniBe-swiss-ndvi/GitHub/swiss-ndvi-processing/.venv/lib/python3.12/site-packages/tornado/platform/asyncio.py", line 208, in _handle_events
  File "/home/Shared/UniBe-swiss-ndvi/GitHub/swiss-ndvi-processing/.venv/lib/python3.12/site-packages/tornado/netutil.py", line 273, in accept_handler
  File "/usr/lib/python3.12/socket.py", line 295, in accept
OSError: [Errno 24] Too many open files
Exception in callback BaseAsyncIOLoop._handle_events(7, 1)
handle: <Handle BaseAsyncIOLoop._handle_events(7, 1)>
Traceback (most recent call last):
  File "/usr/lib/python3.12/asyncio/events.py", line 88, in _run
    self._context.run(self._callback, *self._args)
  File "/home/Shared/UniBe-swiss-ndvi/GitHub/swiss-ndvi-processing/.venv/lib/python3.12/site-packages/tornado/platform/asyncio.py", line 208, in _handle_events
  File "/home/Shared/UniBe-swiss-ndvi/GitHub/swiss-ndvi-processing/.venv/lib/python3.12/site-packages/tornado/netutil.py", line 273, in accept_handler
  File "/usr/lib/python3.12/socket.py", line 295, in accept
OSError: [Errno 24] Too many open files
Exception in callback BaseAsyncIOLoop._handle_events(7, 1)
handle: <Handle BaseAsyncIOLoop._handle_events(7, 1)>
Traceback (most recent call last):
  File "/usr/lib/python3.12/asyncio/events.py", line 88, in _run
    self._context.run(self._callback, *self._args)
  File "/home/Shared/UniBe-swiss-ndvi/GitHub/swiss-ndvi-processing/.venv/lib/python3.12/site-packages/tornado/platform/asyncio.py", line 208, in _handle_events
  File "/home/Shared/UniBe-swiss-ndvi/GitHub/swiss-ndvi-processing/.venv/lib/python3.12/site-packages/tornado/netutil.py", line 273, in accept_handler
  File "/usr/lib/python3.12/socket.py", line 295, in accept
OSError: [Errno 24] Too many open files
Exception in callback BaseAsyncIOLoop._handle_events(7, 1)
handle: <Handle BaseAsyncIOLoop._handle_events(7, 1)>
Traceback (most recent call last):
  File "/usr/lib/python3.12/asyncio/events.py", line 88, in _run
    self._context.run(self._callback, *self._args)
  File "/home/Shared/UniBe-swiss-ndvi/GitHub/swiss-ndvi-processing/.venv/lib/python3.12/site-packages/tornado/platform/asyncio.py", line 208, in _handle_events
  File "/home/Shared/UniBe-swiss-ndvi/GitHub/swiss-ndvi-processing/.venv/lib/python3.12/site-packages/tornado/netutil.py", line 273, in accept_handler
  File "/usr/lib/python3.12/socket.py", line 295, in accept
OSError: [Errno 24] Too many open files
Exception in callback BaseAsyncIOLoop._handle_events(7, 1)
handle: <Handle BaseAsyncIOLoop._handle_events(7, 1)>
Traceback (most recent call last):
  File "/usr/lib/python3.12/asyncio/events.py", line 88, in _run
    self._context.run(self._callback, *self._args)
  File "/home/Shared/UniBe-swiss-ndvi/GitHub/swiss-ndvi-processing/.venv/lib/python3.12/site-packages/tornado/platform/asyncio.py", line 208, in _handle_events
  File "/home/Shared/UniBe-swiss-ndvi/GitHub/swiss-ndvi-processing/.venv/lib/python3.12/site-packages/tornado/netutil.py", line 273, in accept_handler
  File "/usr/lib/python3.12/socket.py", line 295, in accept
OSError: [Errno 24] Too many open files
Exception in callback BaseAsyncIOLoop._handle_events(7, 1)
handle: <Handle BaseAsyncIOLoop._handle_events(7, 1)>
Traceback (most recent call last):
  File "/usr/lib/python3.12/asyncio/events.py", line 88, in _run
    self._context.run(self._callback, *self._args)
  File "/home/Shared/UniBe-swiss-ndvi/GitHub/swiss-ndvi-processing/.venv/lib/python3.12/site-packages/tornado/platform/asyncio.py", line 208, in _handle_events
  File "/home/Shared/UniBe-swiss-ndvi/GitHub/swiss-ndvi-processing/.venv/lib/python3.12/site-packages/tornado/netutil.py", line 273, in accept_handler
  File "/usr/lib/python3.12/socket.py", line 295, in accept
OSError: [Errno 24] Too many open files
Exception in callback BaseAsyncIOLoop._handle_events(7, 1)
handle: <Handle BaseAsyncIOLoop._handle_events(7, 1)>
Traceback (most recent call last):
  File "/usr/lib/python3.12/asyncio/events.py", line 88, in _run
    self._context.run(self._callback, *self._args)
  File "/home/Shared/UniBe-swiss-ndvi/GitHub/swiss-ndvi-processing/.venv/lib/python3.12/site-packages/tornado/platform/asyncio.py", line 208, in _handle_events
  File "/home/Shared/UniBe-swiss-ndvi/GitHub/swiss-ndvi-processing/.venv/lib/python3.12/site-packages/tornado/netutil.py", line 273, in accept_handler
  File "/usr/lib/python3.12/socket.py", line 295, in accept
OSError: [Errno 24] Too many open files
Exception in callback BaseAsyncIOLoop._handle_events(7, 1)
handle: <Handle BaseAsyncIOLoop._handle_events(7, 1)>
Traceback (most recent call last):
  File "/usr/lib/python3.12/asyncio/events.py", line 88, in _run
    self._context.run(self._callback, *self._args)
  File "/home/Shared/UniBe-swiss-ndvi/GitHub/swiss-ndvi-processing/.venv/lib/python3.12/site-packages/tornado/platform/asyncio.py", line 208, in _handle_events
  File "/home/Shared/UniBe-swiss-ndvi/GitHub/swiss-ndvi-processing/.venv/lib/python3.12/site-packages/tornado/netutil.py", line 273, in accept_handler
  File "/usr/lib/python3.12/socket.py", line 295, in accept
OSError: [Errno 24] Too many open files
Exception in callback BaseAsyncIOLoop._handle_events(7, 1)
handle: <Handle BaseAsyncIOLoop._handle_events(7, 1)>
Traceback (most recent call last):
  File "/usr/lib/python3.12/asyncio/events.py", line 88, in _run
    self._context.run(self._callback, *self._args)
  File "/home/Shared/UniBe-swiss-ndvi/GitHub/swiss-ndvi-processing/.venv/lib/python3.12/site-packages/tornado/platform/asyncio.py", line 208, in _handle_events
  File "/home/Shared/UniBe-swiss-ndvi/GitHub/swiss-ndvi-processing/.venv/lib/python3.12/site-packages/tornado/netutil.py", line 273, in accept_handler
  File "/usr/lib/python3.12/socket.py", line 295, in accept
OSError: [Errno 24] Too many open files
Exception in callback BaseAsyncIOLoop._handle_events(7, 1)
handle: <Handle BaseAsyncIOLoop._handle_events(7, 1)>
Traceback (most recent call last):
  File "/usr/lib/python3.12/asyncio/events.py", line 88, in _run
    self._context.run(self._callback, *self._args)
  File "/home/Shared/UniBe-swiss-ndvi/GitHub/swiss-ndvi-processing/.venv/lib/python3.12/site-packages/tornado/platform/asyncio.py", line 208, in _handle_events
  File "/home/Shared/UniBe-swiss-ndvi/GitHub/swiss-ndvi-processing/.venv/lib/python3.12/site-packages/tornado/netutil.py", line 273, in accept_handler
  File "/usr/lib/python3.12/socket.py", line 295, in accept
OSError: [Errno 24] Too many open files
Exception in callback BaseAsyncIOLoop._handle_events(7, 1)
handle: <Handle BaseAsyncIOLoop._handle_events(7, 1)>
Traceback (most recent call last):
  File "/usr/lib/python3.12/asyncio/events.py", line 88, in _run
    self._context.run(self._callback, *self._args)
  File "/home/Shared/UniBe-swiss-ndvi/GitHub/swiss-ndvi-processing/.venv/lib/python3.12/site-packages/tornado/platform/asyncio.py", line 208, in _handle_events
  File "/home/Shared/UniBe-swiss-ndvi/GitHub/swiss-ndvi-processing/.venv/lib/python3.12/site-packages/tornado/netutil.py", line 273, in accept_handler
  File "/usr/lib/python3.12/socket.py", line 295, in accept
OSError: [Errno 24] Too many open files
Exception in callback BaseAsyncIOLoop._handle_events(7, 1)
handle: <Handle BaseAsyncIOLoop._handle_events(7, 1)>
Traceback (most recent call last):
  File "/usr/lib/python3.12/asyncio/events.py", line 88, in _run
    self._context.run(self._callback, *self._args)
  File "/home/Shared/UniBe-swiss-ndvi/GitHub/swiss-ndvi-processing/.venv/lib/python3.12/site-packages/tornado/platform/asyncio.py", line 208, in _handle_events
  File "/home/Shared/UniBe-swiss-ndvi/GitHub/swiss-ndvi-processing/.venv/lib/python3.12/site-packages/tornado/netutil.py", line 273, in accept_handler
  File "/usr/lib/python3.12/socket.py", line 295, in accept
OSError: [Errno 24] Too many open files
Exception in callback BaseAsyncIOLoop._handle_events(7, 1)
handle: <Handle BaseAsyncIOLoop._handle_events(7, 1)>
Traceback (most recent call last):
  File "/usr/lib/python3.12/asyncio/events.py", line 88, in _run
    self._context.run(self._callback, *self._args)
  File "/home/Shared/UniBe-swiss-ndvi/GitHub/swiss-ndvi-processing/.venv/lib/python3.12/site-packages/tornado/platform/asyncio.py", line 208, in _handle_events
  File "/home/Shared/UniBe-swiss-ndvi/GitHub/swiss-ndvi-processing/.venv/lib/python3.12/site-packages/tornado/netutil.py", line 273, in accept_handler
  File "/usr/lib/python3.12/socket.py", line 295, in accept
OSError: [Errno 24] Too many open files
Exception in callback BaseAsyncIOLoop._handle_events(7, 1)
handle: <Handle BaseAsyncIOLoop._handle_events(7, 1)>
Traceback (most recent call last):
  File "/usr/lib/python3.12/asyncio/events.py", line 88, in _run
    self._context.run(self._callback, *self._args)
  File "/home/Shared/UniBe-swiss-ndvi/GitHub/swiss-ndvi-processing/.venv/lib/python3.12/site-packages/tornado/platform/asyncio.py", line 208, in _handle_events
  File "/home/Shared/UniBe-swiss-ndvi/GitHub/swiss-ndvi-processing/.venv/lib/python3.12/site-packages/tornado/netutil.py", line 273, in accept_handler
  File "/usr/lib/python3.12/socket.py", line 295, in accept
OSError: [Errno 24] Too many open files
Exception in callback BaseAsyncIOLoop._handle_events(7, 1)
handle: <Handle BaseAsyncIOLoop._handle_events(7, 1)>
Traceback (most recent call last):
  File "/usr/lib/python3.12/asyncio/events.py", line 88, in _run
    self._context.run(self._callback, *self._args)
  File "/home/Shared/UniBe-swiss-ndvi/GitHub/swiss-ndvi-processing/.venv/lib/python3.12/site-packages/tornado/platform/asyncio.py", line 208, in _handle_events
  File "/home/Shared/UniBe-swiss-ndvi/GitHub/swiss-ndvi-processing/.venv/lib/python3.12/site-packages/tornado/netutil.py", line 273, in accept_handler
  File "/usr/lib/python3.12/socket.py", line 295, in accept
OSError: [Errno 24] Too many open files
Exception in callback BaseAsyncIOLoop._handle_events(7, 1)
handle: <Handle BaseAsyncIOLoop._handle_events(7, 1)>
Traceback (most recent call last):
  File "/usr/lib/python3.12/asyncio/events.py", line 88, in _run
    self._context.run(self._callback, *self._args)
  File "/home/Shared/UniBe-swiss-ndvi/GitHub/swiss-ndvi-processing/.venv/lib/python3.12/site-packages/tornado/platform/asyncio.py", line 208, in _handle_events
  File "/home/Shared/UniBe-swiss-ndvi/GitHub/swiss-ndvi-processing/.venv/lib/python3.12/site-packages/tornado/netutil.py", line 273, in accept_handler
  File "/usr/lib/python3.12/socket.py", line 295, in accept
OSError: [Errno 24] Too many open files
Exception in callback BaseAsyncIOLoop._handle_events(7, 1)
handle: <Handle BaseAsyncIOLoop._handle_events(7, 1)>
Traceback (most recent call last):
  File "/usr/lib/python3.12/asyncio/events.py", line 88, in _run
    self._context.run(self._callback, *self._args)
  File "/home/Shared/UniBe-swiss-ndvi/GitHub/swiss-ndvi-processing/.venv/lib/python3.12/site-packages/tornado/platform/asyncio.py", line 208, in _handle_events
  File "/home/Shared/UniBe-swiss-ndvi/GitHub/swiss-ndvi-processing/.venv/lib/python3.12/site-packages/tornado/netutil.py", line 273, in accept_handler
  File "/usr/lib/python3.12/socket.py", line 295, in accept
OSError: [Errno 24] Too many open files
Exception in callback BaseAsyncIOLoop._handle_events(7, 1)
handle: <Handle BaseAsyncIOLoop._handle_events(7, 1)>
Traceback (most recent call last):
  File "/usr/lib/python3.12/asyncio/events.py", line 88, in _run
    self._context.run(self._callback, *self._args)
  File "/home/Shared/UniBe-swiss-ndvi/GitHub/swiss-ndvi-processing/.venv/lib/python3.12/site-packages/tornado/platform/asyncio.py", line 208, in _handle_events
  File "/home/Shared/UniBe-swiss-ndvi/GitHub/swiss-ndvi-processing/.venv/lib/python3.12/site-packages/tornado/netutil.py", line 273, in accept_handler
  File "/usr/lib/python3.12/socket.py", line 295, in accept
OSError: [Errno 24] Too many open files
Exception in callback BaseAsyncIOLoop._handle_events(7, 1)
handle: <Handle BaseAsyncIOLoop._handle_events(7, 1)>
Traceback (most recent call last):
  File "/usr/lib/python3.12/asyncio/events.py", line 88, in _run
    self._context.run(self._callback, *self._args)
  File "/home/Shared/UniBe-swiss-ndvi/GitHub/swiss-ndvi-processing/.venv/lib/python3.12/site-packages/tornado/platform/asyncio.py", line 208, in _handle_events
  File "/home/Shared/UniBe-swiss-ndvi/GitHub/swiss-ndvi-processing/.venv/lib/python3.12/site-packages/tornado/netutil.py", line 273, in accept_handler
  File "/usr/lib/python3.12/socket.py", line 295, in accept
OSError: [Errno 24] Too many open files
Exception in callback BaseAsyncIOLoop._handle_events(7, 1)
handle: <Handle BaseAsyncIOLoop._handle_events(7, 1)>
Traceback (most recent call last):
  File "/usr/lib/python3.12/asyncio/events.py", line 88, in _run
    self._context.run(self._callback, *self._args)
  File "/home/Shared/UniBe-swiss-ndvi/GitHub/swiss-ndvi-processing/.venv/lib/python3.12/site-packages/tornado/platform/asyncio.py", line 208, in _handle_events
  File "/home/Shared/UniBe-swiss-ndvi/GitHub/swiss-ndvi-processing/.venv/lib/python3.12/site-packages/tornado/netutil.py", line 273, in accept_handler
  File "/usr/lib/python3.12/socket.py", line 295, in accept
OSError: [Errno 24] Too many open files
Exception in callback BaseAsyncIOLoop._handle_events(7, 1)
handle: <Handle BaseAsyncIOLoop._handle_events(7, 1)>
Traceback (most recent call last):
  File "/usr/lib/python3.12/asyncio/events.py", line 88, in _run
    self._context.run(self._callback, *self._args)
  File "/home/Shared/UniBe-swiss-ndvi/GitHub/swiss-ndvi-processing/.venv/lib/python3.12/site-packages/tornado/platform/asyncio.py", line 208, in _handle_events
  File "/home/Shared/UniBe-swiss-ndvi/GitHub/swiss-ndvi-processing/.venv/lib/python3.12/site-packages/tornado/netutil.py", line 273, in accept_handler
  File "/usr/lib/python3.12/socket.py", line 295, in accept
OSError: [Errno 24] Too many open files
Exception in callback BaseAsyncIOLoop._handle_events(7, 1)
handle: <Handle BaseAsyncIOLoop._handle_events(7, 1)>
Traceback (most recent call last):
  File "/usr/lib/python3.12/asyncio/events.py", line 88, in _run
    self._context.run(self._callback, *self._args)
  File "/home/Shared/UniBe-swiss-ndvi/GitHub/swiss-ndvi-processing/.venv/lib/python3.12/site-packages/tornado/platform/asyncio.py", line 208, in _handle_events
  File "/home/Shared/UniBe-swiss-ndvi/GitHub/swiss-ndvi-processing/.venv/lib/python3.12/site-packages/tornado/netutil.py", line 273, in accept_handler
  File "/usr/lib/python3.12/socket.py", line 295, in accept
OSError: [Errno 24] Too many open files
Exception in callback BaseAsyncIOLoop._handle_events(7, 1)
handle: <Handle BaseAsyncIOLoop._handle_events(7, 1)>
Traceback (most recent call last):
  File "/usr/lib/python3.12/asyncio/events.py", line 88, in _run
    self._context.run(self._callback, *self._args)
  File "/home/Shared/UniBe-swiss-ndvi/GitHub/swiss-ndvi-processing/.venv/lib/python3.12/site-packages/tornado/platform/asyncio.py", line 208, in _handle_events
  File "/home/Shared/UniBe-swiss-ndvi/GitHub/swiss-ndvi-processing/.venv/lib/python3.12/site-packages/tornado/netutil.py", line 273, in accept_handler
  File "/usr/lib/python3.12/socket.py", line 295, in accept
OSError: [Errno 24] Too many open files
Exception in callback BaseAsyncIOLoop._handle_events(7, 1)
handle: <Handle BaseAsyncIOLoop._handle_events(7, 1)>
Traceback (most recent call last):
  File "/usr/lib/python3.12/asyncio/events.py", line 88, in _run
    self._context.run(self._callback, *self._args)
  File "/home/Shared/UniBe-swiss-ndvi/GitHub/swiss-ndvi-processing/.venv/lib/python3.12/site-packages/tornado/platform/asyncio.py", line 208, in _handle_events
  File "/home/Shared/UniBe-swiss-ndvi/GitHub/swiss-ndvi-processing/.venv/lib/python3.12/site-packages/tornado/netutil.py", line 273, in accept_handler
  File "/usr/lib/python3.12/socket.py", line 295, in accept
OSError: [Errno 24] Too many open files
Exception in callback BaseAsyncIOLoop._handle_events(7, 1)
handle: <Handle BaseAsyncIOLoop._handle_events(7, 1)>
Traceback (most recent call last):
  File "/usr/lib/python3.12/asyncio/events.py", line 88, in _run
    self._context.run(self._callback, *self._args)
  File "/home/Shared/UniBe-swiss-ndvi/GitHub/swiss-ndvi-processing/.venv/lib/python3.12/site-packages/tornado/platform/asyncio.py", line 208, in _handle_events
  File "/home/Shared/UniBe-swiss-ndvi/GitHub/swiss-ndvi-processing/.venv/lib/python3.12/site-packages/tornado/netutil.py", line 273, in accept_handler
  File "/usr/lib/python3.12/socket.py", line 295, in accept
OSError: [Errno 24] Too many open files
Exception in callback BaseAsyncIOLoop._handle_events(7, 1)
handle: <Handle BaseAsyncIOLoop._handle_events(7, 1)>
Traceback (most recent call last):
  File "/usr/lib/python3.12/asyncio/events.py", line 88, in _run
    self._context.run(self._callback, *self._args)
  File "/home/Shared/UniBe-swiss-ndvi/GitHub/swiss-ndvi-processing/.venv/lib/python3.12/site-packages/tornado/platform/asyncio.py", line 208, in _handle_events
  File "/home/Shared/UniBe-swiss-ndvi/GitHub/swiss-ndvi-processing/.venv/lib/python3.12/site-packages/tornado/netutil.py", line 273, in accept_handler
  File "/usr/lib/python3.12/socket.py", line 295, in accept
OSError: [Errno 24] Too many open files
Exception in callback BaseAsyncIOLoop._handle_events(7, 1)
handle: <Handle BaseAsyncIOLoop._handle_events(7, 1)>
Traceback (most recent call last):
  File "/usr/lib/python3.12/asyncio/events.py", line 88, in _run
    self._context.run(self._callback, *self._args)
  File "/home/Shared/UniBe-swiss-ndvi/GitHub/swiss-ndvi-processing/.venv/lib/python3.12/site-packages/tornado/platform/asyncio.py", line 208, in _handle_events
  File "/home/Shared/UniBe-swiss-ndvi/GitHub/swiss-ndvi-processing/.venv/lib/python3.12/site-packages/tornado/netutil.py", line 273, in accept_handler
  File "/usr/lib/python3.12/socket.py", line 295, in accept
OSError: [Errno 24] Too many open files
Exception in callback BaseAsyncIOLoop._handle_events(7, 1)
handle: <Handle BaseAsyncIOLoop._handle_events(7, 1)>
Traceback (most recent call last):
  File "/usr/lib/python3.12/asyncio/events.py", line 88, in _run
    self._context.run(self._callback, *self._args)
  File "/home/Shared/UniBe-swiss-ndvi/GitHub/swiss-ndvi-processing/.venv/lib/python3.12/site-packages/tornado/platform/asyncio.py", line 208, in _handle_events
  File "/home/Shared/UniBe-swiss-ndvi/GitHub/swiss-ndvi-processing/.venv/lib/python3.12/site-packages/tornado/netutil.py", line 273, in accept_handler
  File "/usr/lib/python3.12/socket.py", line 295, in accept
OSError: [Errno 24] Too many open files
Exception in callback BaseAsyncIOLoop._handle_events(7, 1)
handle: <Handle BaseAsyncIOLoop._handle_events(7, 1)>
Traceback (most recent call last):
  File "/usr/lib/python3.12/asyncio/events.py", line 88, in _run
    self._context.run(self._callback, *self._args)
  File "/home/Shared/UniBe-swiss-ndvi/GitHub/swiss-ndvi-processing/.venv/lib/python3.12/site-packages/tornado/platform/asyncio.py", line 208, in _handle_events
  File "/home/Shared/UniBe-swiss-ndvi/GitHub/swiss-ndvi-processing/.venv/lib/python3.12/site-packages/tornado/netutil.py", line 273, in accept_handler
  File "/usr/lib/python3.12/socket.py", line 295, in accept
OSError: [Errno 24] Too many open files
Exception in callback BaseAsyncIOLoop._handle_events(7, 1)
handle: <Handle BaseAsyncIOLoop._handle_events(7, 1)>
Traceback (most recent call last):
  File "/usr/lib/python3.12/asyncio/events.py", line 88, in _run
    self._context.run(self._callback, *self._args)
  File "/home/Shared/UniBe-swiss-ndvi/GitHub/swiss-ndvi-processing/.venv/lib/python3.12/site-packages/tornado/platform/asyncio.py", line 208, in _handle_events
  File "/home/Shared/UniBe-swiss-ndvi/GitHub/swiss-ndvi-processing/.venv/lib/python3.12/site-packages/tornado/netutil.py", line 273, in accept_handler
  File "/usr/lib/python3.12/socket.py", line 295, in accept
OSError: [Errno 24] Too many open files
Exception in callback BaseAsyncIOLoop._handle_events(7, 1)
handle: <Handle BaseAsyncIOLoop._handle_events(7, 1)>
Traceback (most recent call last):
  File "/usr/lib/python3.12/asyncio/events.py", line 88, in _run
    self._context.run(self._callback, *self._args)
  File "/home/Shared/UniBe-swiss-ndvi/GitHub/swiss-ndvi-processing/.venv/lib/python3.12/site-packages/tornado/platform/asyncio.py", line 208, in _handle_events
  File "/home/Shared/UniBe-swiss-ndvi/GitHub/swiss-ndvi-processing/.venv/lib/python3.12/site-packages/tornado/netutil.py", line 273, in accept_handler
  File "/usr/lib/python3.12/socket.py", line 295, in accept
OSError: [Errno 24] Too many open files
2026-04-08 22:42:52,424 - distributed.worker - WARNING - Mismatched versions found

+-------------+---------------------------------------------+-----------+----------+
| Package     | Worker-e2fe5cfe-a358-4959-a88a-7cefdc7bb3e3 | Scheduler | Workers  |
+-------------+---------------------------------------------+-----------+----------+
| cloudpickle | 3.1.1                                       | None      | 3.1.1    |
| dask        | 2025.9.1                                    | None      | 2025.9.1 |
| distributed | 2025.9.1                                    | None      | 2025.9.1 |
| lz4         | 4.3.2                                       | None      | 4.3.2    |
| msgpack     | 1.1.1                                       | None      | 1.1.1    |
| toolz       | 1.0.0                                       | None      | 1.0.0    |
| tornado     | 6.5.1                                       | None      | 6.5.1    |
+-------------+---------------------------------------------+-----------+----------+
Exception in callback BaseAsyncIOLoop._handle_events(7, 1)
handle: <Handle BaseAsyncIOLoop._handle_events(7, 1)>
Traceback (most recent call last):
  File "/usr/lib/python3.12/asyncio/events.py", line 88, in _run
    self._context.run(self._callback, *self._args)
  File "/home/Shared/UniBe-swiss-ndvi/GitHub/swiss-ndvi-processing/.venv/lib/python3.12/site-packages/tornado/platform/asyncio.py", line 208, in _handle_events
  File "/home/Shared/UniBe-swiss-ndvi/GitHub/swiss-ndvi-processing/.venv/lib/python3.12/site-packages/tornado/netutil.py", line 273, in accept_handler
  File "/usr/lib/python3.12/socket.py", line 295, in accept
OSError: [Errno 24] Too many open files
Exception in callback BaseAsyncIOLoop._handle_events(7, 1)
handle: <Handle BaseAsyncIOLoop._handle_events(7, 1)>
Traceback (most recent call last):
  File "/usr/lib/python3.12/asyncio/events.py", line 88, in _run
    self._context.run(self._callback, *self._args)
  File "/home/Shared/UniBe-swiss-ndvi/GitHub/swiss-ndvi-processing/.venv/lib/python3.12/site-packages/tornado/platform/asyncio.py", line 208, in _handle_events
  File "/home/Shared/UniBe-swiss-ndvi/GitHub/swiss-ndvi-processing/.venv/lib/python3.12/site-packages/tornado/netutil.py", line 273, in accept_handler
  File "/usr/lib/python3.12/socket.py", line 295, in accept
OSError: [Errno 24] Too many open files
Exception in callback BaseAsyncIOLoop._handle_events(7, 1)
handle: <Handle BaseAsyncIOLoop._handle_events(7, 1)>
Traceback (most recent call last):
  File "/usr/lib/python3.12/asyncio/events.py", line 88, in _run
    self._context.run(self._callback, *self._args)
  File "/home/Shared/UniBe-swiss-ndvi/GitHub/swiss-ndvi-processing/.venv/lib/python3.12/site-packages/tornado/platform/asyncio.py", line 208, in _handle_events
  File "/home/Shared/UniBe-swiss-ndvi/GitHub/swiss-ndvi-processing/.venv/lib/python3.12/site-packages/tornado/netutil.py", line 273, in accept_handler
  File "/usr/lib/python3.12/socket.py", line 295, in accept
OSError: [Errno 24] Too many open files
Exception in callback BaseAsyncIOLoop._handle_events(7, 1)
handle: <Handle BaseAsyncIOLoop._handle_events(7, 1)>
Traceback (most recent call last):
  File "/usr/lib/python3.12/asyncio/events.py", line 88, in _run
    self._context.run(self._callback, *self._args)
  File "/home/Shared/UniBe-swiss-ndvi/GitHub/swiss-ndvi-processing/.venv/lib/python3.12/site-packages/tornado/platform/asyncio.py", line 208, in _handle_events
  File "/home/Shared/UniBe-swiss-ndvi/GitHub/swiss-ndvi-processing/.venv/lib/python3.12/site-packages/tornado/netutil.py", line 273, in accept_handler
  File "/usr/lib/python3.12/socket.py", line 295, in accept
OSError: [Errno 24] Too many open files
2026-04-08 22:42:52,427 - distributed.worker - WARNING - Mismatched versions found

+-------------+---------------------------------------------+-----------+----------+
| Package     | Worker-b3b1e36c-219d-46fb-a1c4-8ef12c3853c0 | Scheduler | Workers  |
+-------------+---------------------------------------------+-----------+----------+
| cloudpickle | 3.1.1                                       | None      | 3.1.1    |
| dask        | 2025.9.1                                    | None      | 2025.9.1 |
| distributed | 2025.9.1                                    | None      | 2025.9.1 |
| lz4         | 4.3.2                                       | None      | 4.3.2    |
| msgpack     | 1.1.1                                       | None      | 1.1.1    |
| toolz       | 1.0.0                                       | None      | 1.0.0    |
| tornado     | 6.5.1                                       | None      | 6.5.1    |
+-------------+---------------------------------------------+-----------+----------+
Exception in callback BaseAsyncIOLoop._handle_events(7, 1)
handle: <Handle BaseAsyncIOLoop._handle_events(7, 1)>
Traceback (most recent call last):
  File "/usr/lib/python3.12/asyncio/events.py", line 88, in _run
    self._context.run(self._callback, *self._args)
  File "/home/Shared/UniBe-swiss-ndvi/GitHub/swiss-ndvi-processing/.venv/lib/python3.12/site-packages/tornado/platform/asyncio.py", line 208, in _handle_events
  File "/home/Shared/UniBe-swiss-ndvi/GitHub/swiss-ndvi-processing/.venv/lib/python3.12/site-packages/tornado/netutil.py", line 273, in accept_handler
  File "/usr/lib/python3.12/socket.py", line 295, in accept
OSError: [Errno 24] Too many open files
Exception in callback BaseAsyncIOLoop._handle_events(7, 1)
handle: <Handle BaseAsyncIOLoop._handle_events(7, 1)>
Traceback (most recent call last):
  File "/usr/lib/python3.12/asyncio/events.py", line 88, in _run
    self._context.run(self._callback, *self._args)
  File "/home/Shared/UniBe-swiss-ndvi/GitHub/swiss-ndvi-processing/.venv/lib/python3.12/site-packages/tornado/platform/asyncio.py", line 208, in _handle_events
  File "/home/Shared/UniBe-swiss-ndvi/GitHub/swiss-ndvi-processing/.venv/lib/python3.12/site-packages/tornado/netutil.py", line 273, in accept_handler
  File "/usr/lib/python3.12/socket.py", line 295, in accept
OSError: [Errno 24] Too many open files
2026-04-08 22:42:52,428 - distributed.worker - WARNING - Mismatched versions found

+-------------+---------------------------------------------+-----------+----------+
| Package     | Worker-b27e9a24-2448-4cd6-90a1-e33a7b9dd81b | Scheduler | Workers  |
+-------------+---------------------------------------------+-----------+----------+
| cloudpickle | 3.1.1                                       | None      | 3.1.1    |
| dask        | 2025.9.1                                    | None      | 2025.9.1 |
| distributed | 2025.9.1                                    | None      | 2025.9.1 |
| lz4         | 4.3.2                                       | None      | 4.3.2    |
| msgpack     | 1.1.1                                       | None      | 1.1.1    |
| toolz       | 1.0.0                                       | None      | 1.0.0    |
| tornado     | 6.5.1                                       | None      | 6.5.1    |
+-------------+---------------------------------------------+-----------+----------+
Exception in callback BaseAsyncIOLoop._handle_events(7, 1)
handle: <Handle BaseAsyncIOLoop._handle_events(7, 1)>
Traceback (most recent call last):
  File "/usr/lib/python3.12/asyncio/events.py", line 88, in _run
    self._context.run(self._callback, *self._args)
  File "/home/Shared/UniBe-swiss-ndvi/GitHub/swiss-ndvi-processing/.venv/lib/python3.12/site-packages/tornado/platform/asyncio.py", line 208, in _handle_events
  File "/home/Shared/UniBe-swiss-ndvi/GitHub/swiss-ndvi-processing/.venv/lib/python3.12/site-packages/tornado/netutil.py", line 273, in accept_handler
  File "/usr/lib/python3.12/socket.py", line 295, in accept
OSError: [Errno 24] Too many open files
Exception in callback BaseAsyncIOLoop._handle_events(7, 1)
handle: <Handle BaseAsyncIOLoop._handle_events(7, 1)>
Traceback (most recent call last):
  File "/usr/lib/python3.12/asyncio/events.py", line 88, in _run
    self._context.run(self._callback, *self._args)
  File "/home/Shared/UniBe-swiss-ndvi/GitHub/swiss-ndvi-processing/.venv/lib/python3.12/site-packages/tornado/platform/asyncio.py", line 208, in _handle_events
  File "/home/Shared/UniBe-swiss-ndvi/GitHub/swiss-ndvi-processing/.venv/lib/python3.12/site-packages/tornado/netutil.py", line 273, in accept_handler
  File "/usr/lib/python3.12/socket.py", line 295, in accept
OSError: [Errno 24] Too many open files
Exception in callback BaseAsyncIOLoop._handle_events(7, 1)
handle: <Handle BaseAsyncIOLoop._handle_events(7, 1)>
Traceback (most recent call last):
  File "/usr/lib/python3.12/asyncio/events.py", line 88, in _run
    self._context.run(self._callback, *self._args)
  File "/home/Shared/UniBe-swiss-ndvi/GitHub/swiss-ndvi-processing/.venv/lib/python3.12/site-packages/tornado/platform/asyncio.py", line 208, in _handle_events
  File "/home/Shared/UniBe-swiss-ndvi/GitHub/swiss-ndvi-processing/.venv/lib/python3.12/site-packages/tornado/netutil.py", line 273, in accept_handler
  File "/usr/lib/python3.12/socket.py", line 295, in accept
OSError: [Errno 24] Too many open files
Exception in callback BaseAsyncIOLoop._handle_events(7, 1)
handle: <Handle BaseAsyncIOLoop._handle_events(7, 1)>
Traceback (most recent call last):
  File "/usr/lib/python3.12/asyncio/events.py", line 88, in _run
    self._context.run(self._callback, *self._args)
  File "/home/Shared/UniBe-swiss-ndvi/GitHub/swiss-ndvi-processing/.venv/lib/python3.12/site-packages/tornado/platform/asyncio.py", line 208, in _handle_events
  File "/home/Shared/UniBe-swiss-ndvi/GitHub/swiss-ndvi-processing/.venv/lib/python3.12/site-packages/tornado/netutil.py", line 273, in accept_handler
  File "/usr/lib/python3.12/socket.py", line 295, in accept
OSError: [Errno 24] Too many open files
Exception in callback BaseAsyncIOLoop._handle_events(7, 1)
handle: <Handle BaseAsyncIOLoop._handle_events(7, 1)>
Traceback (most recent call last):
  File "/usr/lib/python3.12/asyncio/events.py", line 88, in _run
    self._context.run(self._callback, *self._args)
  File "/home/Shared/UniBe-swiss-ndvi/GitHub/swiss-ndvi-processing/.venv/lib/python3.12/site-packages/tornado/platform/asyncio.py", line 208, in _handle_events
  File "/home/Shared/UniBe-swiss-ndvi/GitHub/swiss-ndvi-processing/.venv/lib/python3.12/site-packages/tornado/netutil.py", line 273, in accept_handler
  File "/usr/lib/python3.12/socket.py", line 295, in accept
OSError: [Errno 24] Too many open files
Exception in callback BaseAsyncIOLoop._handle_events(7, 1)
handle: <Handle BaseAsyncIOLoop._handle_events(7, 1)>
Traceback (most recent call last):
  File "/usr/lib/python3.12/asyncio/events.py", line 88, in _run
    self._context.run(self._callback, *self._args)
  File "/home/Shared/UniBe-swiss-ndvi/GitHub/swiss-ndvi-processing/.venv/lib/python3.12/site-packages/tornado/platform/asyncio.py", line 208, in _handle_events
  File "/home/Shared/UniBe-swiss-ndvi/GitHub/swiss-ndvi-processing/.venv/lib/python3.12/site-packages/tornado/netutil.py", line 273, in accept_handler
  File "/usr/lib/python3.12/socket.py", line 295, in accept
OSError: [Errno 24] Too many open files
Exception in callback BaseAsyncIOLoop._handle_events(7, 1)
handle: <Handle BaseAsyncIOLoop._handle_events(7, 1)>
Traceback (most recent call last):
  File "/usr/lib/python3.12/asyncio/events.py", line 88, in _run
    self._context.run(self._callback, *self._args)
  File "/home/Shared/UniBe-swiss-ndvi/GitHub/swiss-ndvi-processing/.venv/lib/python3.12/site-packages/tornado/platform/asyncio.py", line 208, in _handle_events
  File "/home/Shared/UniBe-swiss-ndvi/GitHub/swiss-ndvi-processing/.venv/lib/python3.12/site-packages/tornado/netutil.py", line 273, in accept_handler
  File "/usr/lib/python3.12/socket.py", line 295, in accept
OSError: [Errno 24] Too many open files
Exception in callback BaseAsyncIOLoop._handle_events(7, 1)
handle: <Handle BaseAsyncIOLoop._handle_events(7, 1)>
Traceback (most recent call last):
  File "/usr/lib/python3.12/asyncio/events.py", line 88, in _run
    self._context.run(self._callback, *self._args)
  File "/home/Shared/UniBe-swiss-ndvi/GitHub/swiss-ndvi-processing/.venv/lib/python3.12/site-packages/tornado/platform/asyncio.py", line 208, in _handle_events
  File "/home/Shared/UniBe-swiss-ndvi/GitHub/swiss-ndvi-processing/.venv/lib/python3.12/site-packages/tornado/netutil.py", line 273, in accept_handler
  File "/usr/lib/python3.12/socket.py", line 295, in accept
OSError: [Errno 24] Too many open files
Exception in callback BaseAsyncIOLoop._handle_events(7, 1)
handle: <Handle BaseAsyncIOLoop._handle_events(7, 1)>
Traceback (most recent call last):
  File "/usr/lib/python3.12/asyncio/events.py", line 88, in _run
    self._context.run(self._callback, *self._args)
  File "/home/Shared/UniBe-swiss-ndvi/GitHub/swiss-ndvi-processing/.venv/lib/python3.12/site-packages/tornado/platform/asyncio.py", line 208, in _handle_events
  File "/home/Shared/UniBe-swiss-ndvi/GitHub/swiss-ndvi-processing/.venv/lib/python3.12/site-packages/tornado/netutil.py", line 273, in accept_handler
  File "/usr/lib/python3.12/socket.py", line 295, in accept
OSError: [Errno 24] Too many open files
Exception in callback BaseAsyncIOLoop._handle_events(7, 1)
handle: <Handle BaseAsyncIOLoop._handle_events(7, 1)>
Traceback (most recent call last):
  File "/usr/lib/python3.12/asyncio/events.py", line 88, in _run
    self._context.run(self._callback, *self._args)
  File "/home/Shared/UniBe-swiss-ndvi/GitHub/swiss-ndvi-processing/.venv/lib/python3.12/site-packages/tornado/platform/asyncio.py", line 208, in _handle_events
  File "/home/Shared/UniBe-swiss-ndvi/GitHub/swiss-ndvi-processing/.venv/lib/python3.12/site-packages/tornado/netutil.py", line 273, in accept_handler
  File "/usr/lib/python3.12/socket.py", line 295, in accept
OSError: [Errno 24] Too many open files
2026-04-08 22:42:52,435 - distributed.worker - WARNING - Mismatched versions found

+-------------+---------------------------------------------+-----------+----------+
| Package     | Worker-12bccb09-f081-4d3d-b30c-dd077d00d8ab | Scheduler | Workers  |
+-------------+---------------------------------------------+-----------+----------+
| cloudpickle | 3.1.1                                       | None      | 3.1.1    |
| dask        | 2025.9.1                                    | None      | 2025.9.1 |
| distributed | 2025.9.1                                    | None      | 2025.9.1 |
| lz4         | 4.3.2                                       | None      | 4.3.2    |
| msgpack     | 1.1.1                                       | None      | 1.1.1    |
| toolz       | 1.0.0                                       | None      | 1.0.0    |
| tornado     | 6.5.1                                       | None      | 6.5.1    |
+-------------+---------------------------------------------+-----------+----------+
Exception in callback BaseAsyncIOLoop._handle_events(7, 1)
handle: <Handle BaseAsyncIOLoop._handle_events(7, 1)>
Traceback (most recent call last):
  File "/usr/lib/python3.12/asyncio/events.py", line 88, in _run
    self._context.run(self._callback, *self._args)
  File "/home/Shared/UniBe-swiss-ndvi/GitHub/swiss-ndvi-processing/.venv/lib/python3.12/site-packages/tornado/platform/asyncio.py", line 208, in _handle_events
  File "/home/Shared/UniBe-swiss-ndvi/GitHub/swiss-ndvi-processing/.venv/lib/python3.12/site-packages/tornado/netutil.py", line 273, in accept_handler
  File "/usr/lib/python3.12/socket.py", line 295, in accept
OSError: [Errno 24] Too many open files
Exception in callback BaseAsyncIOLoop._handle_events(7, 1)
handle: <Handle BaseAsyncIOLoop._handle_events(7, 1)>
Traceback (most recent call last):
  File "/usr/lib/python3.12/asyncio/events.py", line 88, in _run
    self._context.run(self._callback, *self._args)
  File "/home/Shared/UniBe-swiss-ndvi/GitHub/swiss-ndvi-processing/.venv/lib/python3.12/site-packages/tornado/platform/asyncio.py", line 208, in _handle_events
  File "/home/Shared/UniBe-swiss-ndvi/GitHub/swiss-ndvi-processing/.venv/lib/python3.12/site-packages/tornado/netutil.py", line 273, in accept_handler
  File "/usr/lib/python3.12/socket.py", line 295, in accept
OSError: [Errno 24] Too many open files
Exception in callback BaseAsyncIOLoop._handle_events(7, 1)
handle: <Handle BaseAsyncIOLoop._handle_events(7, 1)>
Traceback (most recent call last):
  File "/usr/lib/python3.12/asyncio/events.py", line 88, in _run
    self._context.run(self._callback, *self._args)
  File "/home/Shared/UniBe-swiss-ndvi/GitHub/swiss-ndvi-processing/.venv/lib/python3.12/site-packages/tornado/platform/asyncio.py", line 208, in _handle_events
  File "/home/Shared/UniBe-swiss-ndvi/GitHub/swiss-ndvi-processing/.venv/lib/python3.12/site-packages/tornado/netutil.py", line 273, in accept_handler
  File "/usr/lib/python3.12/socket.py", line 295, in accept
OSError: [Errno 24] Too many open files
Exception in callback BaseAsyncIOLoop._handle_events(7, 1)
handle: <Handle BaseAsyncIOLoop._handle_events(7, 1)>
Traceback (most recent call last):
  File "/usr/lib/python3.12/asyncio/events.py", line 88, in _run
    self._context.run(self._callback, *self._args)
  File "/home/Shared/UniBe-swiss-ndvi/GitHub/swiss-ndvi-processing/.venv/lib/python3.12/site-packages/tornado/platform/asyncio.py", line 208, in _handle_events
  File "/home/Shared/UniBe-swiss-ndvi/GitHub/swiss-ndvi-processing/.venv/lib/python3.12/site-packages/tornado/netutil.py", line 273, in accept_handler
  File "/usr/lib/python3.12/socket.py", line 295, in accept
OSError: [Errno 24] Too many open files
Exception in callback BaseAsyncIOLoop._handle_events(7, 1)
handle: <Handle BaseAsyncIOLoop._handle_events(7, 1)>
Traceback (most recent call last):
  File "/usr/lib/python3.12/asyncio/events.py", line 88, in _run
    self._context.run(self._callback, *self._args)
  File "/home/Shared/UniBe-swiss-ndvi/GitHub/swiss-ndvi-processing/.venv/lib/python3.12/site-packages/tornado/platform/asyncio.py", line 208, in _handle_events
  File "/home/Shared/UniBe-swiss-ndvi/GitHub/swiss-ndvi-processing/.venv/lib/python3.12/site-packages/tornado/netutil.py", line 273, in accept_handler
  File "/usr/lib/python3.12/socket.py", line 295, in accept
OSError: [Errno 24] Too many open files
Exception in callback BaseAsyncIOLoop._handle_events(7, 1)
handle: <Handle BaseAsyncIOLoop._handle_events(7, 1)>
Traceback (most recent call last):
  File "/usr/lib/python3.12/asyncio/events.py", line 88, in _run
    self._context.run(self._callback, *self._args)
  File "/home/Shared/UniBe-swiss-ndvi/GitHub/swiss-ndvi-processing/.venv/lib/python3.12/site-packages/tornado/platform/asyncio.py", line 208, in _handle_events
  File "/home/Shared/UniBe-swiss-ndvi/GitHub/swiss-ndvi-processing/.venv/lib/python3.12/site-packages/tornado/netutil.py", line 273, in accept_handler
  File "/usr/lib/python3.12/socket.py", line 295, in accept
OSError: [Errno 24] Too many open files
Exception in callback BaseAsyncIOLoop._handle_events(7, 1)
handle: <Handle BaseAsyncIOLoop._handle_events(7, 1)>
Traceback (most recent call last):
  File "/usr/lib/python3.12/asyncio/events.py", line 88, in _run
    self._context.run(self._callback, *self._args)
  File "/home/Shared/UniBe-swiss-ndvi/GitHub/swiss-ndvi-processing/.venv/lib/python3.12/site-packages/tornado/platform/asyncio.py", line 208, in _handle_events
  File "/home/Shared/UniBe-swiss-ndvi/GitHub/swiss-ndvi-processing/.venv/lib/python3.12/site-packages/tornado/netutil.py", line 273, in accept_handler
  File "/usr/lib/python3.12/socket.py", line 295, in accept
OSError: [Errno 24] Too many open files
Exception in callback BaseAsyncIOLoop._handle_events(7, 1)
handle: <Handle BaseAsyncIOLoop._handle_events(7, 1)>
Traceback (most recent call last):
  File "/usr/lib/python3.12/asyncio/events.py", line 88, in _run
    self._context.run(self._callback, *self._args)
  File "/home/Shared/UniBe-swiss-ndvi/GitHub/swiss-ndvi-processing/.venv/lib/python3.12/site-packages/tornado/platform/asyncio.py", line 208, in _handle_events
  File "/home/Shared/UniBe-swiss-ndvi/GitHub/swiss-ndvi-processing/.venv/lib/python3.12/site-packages/tornado/netutil.py", line 273, in accept_handler
  File "/usr/lib/python3.12/socket.py", line 295, in accept
OSError: [Errno 24] Too many open files
Exception in callback BaseAsyncIOLoop._handle_events(7, 1)
handle: <Handle BaseAsyncIOLoop._handle_events(7, 1)>
Traceback (most recent call last):
  File "/usr/lib/python3.12/asyncio/events.py", line 88, in _run
    self._context.run(self._callback, *self._args)
  File "/home/Shared/UniBe-swiss-ndvi/GitHub/swiss-ndvi-processing/.venv/lib/python3.12/site-packages/tornado/platform/asyncio.py", line 208, in _handle_events
  File "/home/Shared/UniBe-swiss-ndvi/GitHub/swiss-ndvi-processing/.venv/lib/python3.12/site-packages/tornado/netutil.py", line 273, in accept_handler
  File "/usr/lib/python3.12/socket.py", line 295, in accept
OSError: [Errno 24] Too many open files
2026-04-08 22:42:52,440 - distributed.worker - WARNING - Mismatched versions found

+-------------+---------------------------------------------+-----------+----------+
| Package     | Worker-e5857fcb-ca73-482b-9928-6983ad2086fc | Scheduler | Workers  |
+-------------+---------------------------------------------+-----------+----------+
| cloudpickle | 3.1.1                                       | None      | 3.1.1    |
| dask        | 2025.9.1                                    | None      | 2025.9.1 |
| distributed | 2025.9.1                                    | None      | 2025.9.1 |
| lz4         | 4.3.2                                       | None      | 4.3.2    |
| msgpack     | 1.1.1                                       | None      | 1.1.1    |
| toolz       | 1.0.0                                       | None      | 1.0.0    |
| tornado     | 6.5.1                                       | None      | 6.5.1    |
+-------------+---------------------------------------------+-----------+----------+
Exception in callback BaseAsyncIOLoop._handle_events(7, 1)
handle: <Handle BaseAsyncIOLoop._handle_events(7, 1)>
Traceback (most recent call last):
  File "/usr/lib/python3.12/asyncio/events.py", line 88, in _run
    self._context.run(self._callback, *self._args)
  File "/home/Shared/UniBe-swiss-ndvi/GitHub/swiss-ndvi-processing/.venv/lib/python3.12/site-packages/tornado/platform/asyncio.py", line 208, in _handle_events
  File "/home/Shared/UniBe-swiss-ndvi/GitHub/swiss-ndvi-processing/.venv/lib/python3.12/site-packages/tornado/netutil.py", line 273, in accept_handler
  File "/usr/lib/python3.12/socket.py", line 295, in accept
OSError: [Errno 24] Too many open files
Exception in callback BaseAsyncIOLoop._handle_events(7, 1)
handle: <Handle BaseAsyncIOLoop._handle_events(7, 1)>
Traceback (most recent call last):
  File "/usr/lib/python3.12/asyncio/events.py", line 88, in _run
    self._context.run(self._callback, *self._args)
  File "/home/Shared/UniBe-swiss-ndvi/GitHub/swiss-ndvi-processing/.venv/lib/python3.12/site-packages/tornado/platform/asyncio.py", line 208, in _handle_events
  File "/home/Shared/UniBe-swiss-ndvi/GitHub/swiss-ndvi-processing/.venv/lib/python3.12/site-packages/tornado/netutil.py", line 273, in accept_handler
  File "/usr/lib/python3.12/socket.py", line 295, in accept
OSError: [Errno 24] Too many open files
Exception in callback BaseAsyncIOLoop._handle_events(7, 1)
handle: <Handle BaseAsyncIOLoop._handle_events(7, 1)>
Traceback (most recent call last):
  File "/usr/lib/python3.12/asyncio/events.py", line 88, in _run
    self._context.run(self._callback, *self._args)
  File "/home/Shared/UniBe-swiss-ndvi/GitHub/swiss-ndvi-processing/.venv/lib/python3.12/site-packages/tornado/platform/asyncio.py", line 208, in _handle_events
  File "/home/Shared/UniBe-swiss-ndvi/GitHub/swiss-ndvi-processing/.venv/lib/python3.12/site-packages/tornado/netutil.py", line 273, in accept_handler
  File "/usr/lib/python3.12/socket.py", line 295, in accept
OSError: [Errno 24] Too many open files
Exception in callback BaseAsyncIOLoop._handle_events(7, 1)
handle: <Handle BaseAsyncIOLoop._handle_events(7, 1)>
Traceback (most recent call last):
  File "/usr/lib/python3.12/asyncio/events.py", line 88, in _run
    self._context.run(self._callback, *self._args)
  File "/home/Shared/UniBe-swiss-ndvi/GitHub/swiss-ndvi-processing/.venv/lib/python3.12/site-packages/tornado/platform/asyncio.py", line 208, in _handle_events
  File "/home/Shared/UniBe-swiss-ndvi/GitHub/swiss-ndvi-processing/.venv/lib/python3.12/site-packages/tornado/netutil.py", line 273, in accept_handler
  File "/usr/lib/python3.12/socket.py", line 295, in accept
OSError: [Errno 24] Too many open files
Exception in callback BaseAsyncIOLoop._handle_events(7, 1)
handle: <Handle BaseAsyncIOLoop._handle_events(7, 1)>
Traceback (most recent call last):
  File "/usr/lib/python3.12/asyncio/events.py", line 88, in _run
    self._context.run(self._callback, *self._args)
  File "/home/Shared/UniBe-swiss-ndvi/GitHub/swiss-ndvi-processing/.venv/lib/python3.12/site-packages/tornado/platform/asyncio.py", line 208, in _handle_events
  File "/home/Shared/UniBe-swiss-ndvi/GitHub/swiss-ndvi-processing/.venv/lib/python3.12/site-packages/tornado/netutil.py", line 273, in accept_handler
  File "/usr/lib/python3.12/socket.py", line 295, in accept
OSError: [Errno 24] Too many open files
Exception in callback BaseAsyncIOLoop._handle_events(7, 1)
handle: <Handle BaseAsyncIOLoop._handle_events(7, 1)>
Traceback (most recent call last):
  File "/usr/lib/python3.12/asyncio/events.py", line 88, in _run
    self._context.run(self._callback, *self._args)
  File "/home/Shared/UniBe-swiss-ndvi/GitHub/swiss-ndvi-processing/.venv/lib/python3.12/site-packages/tornado/platform/asyncio.py", line 208, in _handle_events
  File "/home/Shared/UniBe-swiss-ndvi/GitHub/swiss-ndvi-processing/.venv/lib/python3.12/site-packages/tornado/netutil.py", line 273, in accept_handler
  File "/usr/lib/python3.12/socket.py", line 295, in accept
OSError: [Errno 24] Too many open files
Exception in callback BaseAsyncIOLoop._handle_events(7, 1)
handle: <Handle BaseAsyncIOLoop._handle_events(7, 1)>
Traceback (most recent call last):
  File "/usr/lib/python3.12/asyncio/events.py", line 88, in _run
    self._context.run(self._callback, *self._args)
  File "/home/Shared/UniBe-swiss-ndvi/GitHub/swiss-ndvi-processing/.venv/lib/python3.12/site-packages/tornado/platform/asyncio.py", line 208, in _handle_events
  File "/home/Shared/UniBe-swiss-ndvi/GitHub/swiss-ndvi-processing/.venv/lib/python3.12/site-packages/tornado/netutil.py", line 273, in accept_handler
  File "/usr/lib/python3.12/socket.py", line 295, in accept
OSError: [Errno 24] Too many open files
Exception in callback BaseAsyncIOLoop._handle_events(7, 1)
handle: <Handle BaseAsyncIOLoop._handle_events(7, 1)>
Traceback (most recent call last):
  File "/usr/lib/python3.12/asyncio/events.py", line 88, in _run
    self._context.run(self._callback, *self._args)
  File "/home/Shared/UniBe-swiss-ndvi/GitHub/swiss-ndvi-processing/.venv/lib/python3.12/site-packages/tornado/platform/asyncio.py", line 208, in _handle_events
  File "/home/Shared/UniBe-swiss-ndvi/GitHub/swiss-ndvi-processing/.venv/lib/python3.12/site-packages/tornado/netutil.py", line 273, in accept_handler
  File "/usr/lib/python3.12/socket.py", line 295, in accept
OSError: [Errno 24] Too many open files
Exception in callback BaseAsyncIOLoop._handle_events(7, 1)
handle: <Handle BaseAsyncIOLoop._handle_events(7, 1)>
Traceback (most recent call last):
  File "/usr/lib/python3.12/asyncio/events.py", line 88, in _run
    self._context.run(self._callback, *self._args)
  File "/home/Shared/UniBe-swiss-ndvi/GitHub/swiss-ndvi-processing/.venv/lib/python3.12/site-packages/tornado/platform/asyncio.py", line 208, in _handle_events
  File "/home/Shared/UniBe-swiss-ndvi/GitHub/swiss-ndvi-processing/.venv/lib/python3.12/site-packages/tornado/netutil.py", line 273, in accept_handler
  File "/usr/lib/python3.12/socket.py", line 295, in accept
OSError: [Errno 24] Too many open files
Exception in callback BaseAsyncIOLoop._handle_events(7, 1)
handle: <Handle BaseAsyncIOLoop._handle_events(7, 1)>
Traceback (most recent call last):
  File "/usr/lib/python3.12/asyncio/events.py", line 88, in _run
    self._context.run(self._callback, *self._args)
  File "/home/Shared/UniBe-swiss-ndvi/GitHub/swiss-ndvi-processing/.venv/lib/python3.12/site-packages/tornado/platform/asyncio.py", line 208, in _handle_events
  File "/home/Shared/UniBe-swiss-ndvi/GitHub/swiss-ndvi-processing/.venv/lib/python3.12/site-packages/tornado/netutil.py", line 273, in accept_handler
  File "/usr/lib/python3.12/socket.py", line 295, in accept
OSError: [Errno 24] Too many open files
2026-04-08 22:42:52,446 - distributed.worker - WARNING - Mismatched versions found

+-------------+---------------------------------------------+-----------+----------+
| Package     | Worker-eb698d07-7903-43d9-9198-bfe8c84d483f | Scheduler | Workers  |
+-------------+---------------------------------------------+-----------+----------+
| cloudpickle | 3.1.1                                       | None      | 3.1.1    |
| dask        | 2025.9.1                                    | None      | 2025.9.1 |
| distributed | 2025.9.1                                    | None      | 2025.9.1 |
| lz4         | 4.3.2                                       | None      | 4.3.2    |
| msgpack     | 1.1.1                                       | None      | 1.1.1    |
| toolz       | 1.0.0                                       | None      | 1.0.0    |
| tornado     | 6.5.1                                       | None      | 6.5.1    |
+-------------+---------------------------------------------+-----------+----------+
Exception in callback BaseAsyncIOLoop._handle_events(7, 1)
handle: <Handle BaseAsyncIOLoop._handle_events(7, 1)>
Traceback (most recent call last):
  File "/usr/lib/python3.12/asyncio/events.py", line 88, in _run
    self._context.run(self._callback, *self._args)
  File "/home/Shared/UniBe-swiss-ndvi/GitHub/swiss-ndvi-processing/.venv/lib/python3.12/site-packages/tornado/platform/asyncio.py", line 208, in _handle_events
  File "/home/Shared/UniBe-swiss-ndvi/GitHub/swiss-ndvi-processing/.venv/lib/python3.12/site-packages/tornado/netutil.py", line 273, in accept_handler
  File "/usr/lib/python3.12/socket.py", line 295, in accept
OSError: [Errno 24] Too many open files
Exception in callback BaseAsyncIOLoop._handle_events(7, 1)
handle: <Handle BaseAsyncIOLoop._handle_events(7, 1)>
Traceback (most recent call last):
  File "/usr/lib/python3.12/asyncio/events.py", line 88, in _run
    self._context.run(self._callback, *self._args)
  File "/home/Shared/UniBe-swiss-ndvi/GitHub/swiss-ndvi-processing/.venv/lib/python3.12/site-packages/tornado/platform/asyncio.py", line 208, in _handle_events
  File "/home/Shared/UniBe-swiss-ndvi/GitHub/swiss-ndvi-processing/.venv/lib/python3.12/site-packages/tornado/netutil.py", line 273, in accept_handler
  File "/usr/lib/python3.12/socket.py", line 295, in accept
OSError: [Errno 24] Too many open files
Exception in callback BaseAsyncIOLoop._handle_events(7, 1)
handle: <Handle BaseAsyncIOLoop._handle_events(7, 1)>
Traceback (most recent call last):
  File "/usr/lib/python3.12/asyncio/events.py", line 88, in _run
    self._context.run(self._callback, *self._args)
  File "/home/Shared/UniBe-swiss-ndvi/GitHub/swiss-ndvi-processing/.venv/lib/python3.12/site-packages/tornado/platform/asyncio.py", line 208, in _handle_events
  File "/home/Shared/UniBe-swiss-ndvi/GitHub/swiss-ndvi-processing/.venv/lib/python3.12/site-packages/tornado/netutil.py", line 273, in accept_handler
  File "/usr/lib/python3.12/socket.py", line 295, in accept
OSError: [Errno 24] Too many open files
Exception in callback BaseAsyncIOLoop._handle_events(7, 1)
handle: <Handle BaseAsyncIOLoop._handle_events(7, 1)>
Traceback (most recent call last):
  File "/usr/lib/python3.12/asyncio/events.py", line 88, in _run
    self._context.run(self._callback, *self._args)
  File "/home/Shared/UniBe-swiss-ndvi/GitHub/swiss-ndvi-processing/.venv/lib/python3.12/site-packages/tornado/platform/asyncio.py", line 208, in _handle_events
  File "/home/Shared/UniBe-swiss-ndvi/GitHub/swiss-ndvi-processing/.venv/lib/python3.12/site-packages/tornado/netutil.py", line 273, in accept_handler
  File "/usr/lib/python3.12/socket.py", line 295, in accept
OSError: [Errno 24] Too many open files
Exception in callback BaseAsyncIOLoop._handle_events(7, 1)
handle: <Handle BaseAsyncIOLoop._handle_events(7, 1)>
Traceback (most recent call last):
  File "/usr/lib/python3.12/asyncio/events.py", line 88, in _run
    self._context.run(self._callback, *self._args)
  File "/home/Shared/UniBe-swiss-ndvi/GitHub/swiss-ndvi-processing/.venv/lib/python3.12/site-packages/tornado/platform/asyncio.py", line 208, in _handle_events
  File "/home/Shared/UniBe-swiss-ndvi/GitHub/swiss-ndvi-processing/.venv/lib/python3.12/site-packages/tornado/netutil.py", line 273, in accept_handler
  File "/usr/lib/python3.12/socket.py", line 295, in accept
OSError: [Errno 24] Too many open files
2026-04-08 22:42:52,453 - distributed.worker - WARNING - Mismatched versions found

+-------------+---------------------------------------------+-----------+----------+
| Package     | Worker-f958e1b8-9167-4f1c-9ed1-899dfa5afe84 | Scheduler | Workers  |
+-------------+---------------------------------------------+-----------+----------+
| cloudpickle | 3.1.1                                       | None      | 3.1.1    |
| dask        | 2025.9.1                                    | None      | 2025.9.1 |
| distributed | 2025.9.1                                    | None      | 2025.9.1 |
| lz4         | 4.3.2                                       | None      | 4.3.2    |
| msgpack     | 1.1.1                                       | None      | 1.1.1    |
| toolz       | 1.0.0                                       | None      | 1.0.0    |
| tornado     | 6.5.1                                       | None      | 6.5.1    |
+-------------+---------------------------------------------+-----------+----------+
Exception in callback BaseAsyncIOLoop._handle_events(7, 1)
handle: <Handle BaseAsyncIOLoop._handle_events(7, 1)>
Traceback (most recent call last):
  File "/usr/lib/python3.12/asyncio/events.py", line 88, in _run
    self._context.run(self._callback, *self._args)
  File "/home/Shared/UniBe-swiss-ndvi/GitHub/swiss-ndvi-processing/.venv/lib/python3.12/site-packages/tornado/platform/asyncio.py", line 208, in _handle_events
  File "/home/Shared/UniBe-swiss-ndvi/GitHub/swiss-ndvi-processing/.venv/lib/python3.12/site-packages/tornado/netutil.py", line 273, in accept_handler
  File "/usr/lib/python3.12/socket.py", line 295, in accept
OSError: [Errno 24] Too many open files
Exception in callback BaseAsyncIOLoop._handle_events(7, 1)
handle: <Handle BaseAsyncIOLoop._handle_events(7, 1)>
Traceback (most recent call last):
  File "/usr/lib/python3.12/asyncio/events.py", line 88, in _run
    self._context.run(self._callback, *self._args)
  File "/home/Shared/UniBe-swiss-ndvi/GitHub/swiss-ndvi-processing/.venv/lib/python3.12/site-packages/tornado/platform/asyncio.py", line 208, in _handle_events
  File "/home/Shared/UniBe-swiss-ndvi/GitHub/swiss-ndvi-processing/.venv/lib/python3.12/site-packages/tornado/netutil.py", line 273, in accept_handler
  File "/usr/lib/python3.12/socket.py", line 295, in accept
OSError: [Errno 24] Too many open files
Exception in callback BaseAsyncIOLoop._handle_events(7, 1)
handle: <Handle BaseAsyncIOLoop._handle_events(7, 1)>
Traceback (most recent call last):
  File "/usr/lib/python3.12/asyncio/events.py", line 88, in _run
    self._context.run(self._callback, *self._args)
  File "/home/Shared/UniBe-swiss-ndvi/GitHub/swiss-ndvi-processing/.venv/lib/python3.12/site-packages/tornado/platform/asyncio.py", line 208, in _handle_events
  File "/home/Shared/UniBe-swiss-ndvi/GitHub/swiss-ndvi-processing/.venv/lib/python3.12/site-packages/tornado/netutil.py", line 273, in accept_handler
  File "/usr/lib/python3.12/socket.py", line 295, in accept
OSError: [Errno 24] Too many open files
Exception in callback BaseAsyncIOLoop._handle_events(7, 1)
handle: <Handle BaseAsyncIOLoop._handle_events(7, 1)>
Traceback (most recent call last):
  File "/usr/lib/python3.12/asyncio/events.py", line 88, in _run
    self._context.run(self._callback, *self._args)
  File "/home/Shared/UniBe-swiss-ndvi/GitHub/swiss-ndvi-processing/.venv/lib/python3.12/site-packages/tornado/platform/asyncio.py", line 208, in _handle_events
  File "/home/Shared/UniBe-swiss-ndvi/GitHub/swiss-ndvi-processing/.venv/lib/python3.12/site-packages/tornado/netutil.py", line 273, in accept_handler
  File "/usr/lib/python3.12/socket.py", line 295, in accept
OSError: [Errno 24] Too many open files
Exception in callback BaseAsyncIOLoop._handle_events(7, 1)
handle: <Handle BaseAsyncIOLoop._handle_events(7, 1)>
Traceback (most recent call last):
  File "/usr/lib/python3.12/asyncio/events.py", line 88, in _run
    self._context.run(self._callback, *self._args)
  File "/home/Shared/UniBe-swiss-ndvi/GitHub/swiss-ndvi-processing/.venv/lib/python3.12/site-packages/tornado/platform/asyncio.py", line 208, in _handle_events
  File "/home/Shared/UniBe-swiss-ndvi/GitHub/swiss-ndvi-processing/.venv/lib/python3.12/site-packages/tornado/netutil.py", line 273, in accept_handler
  File "/usr/lib/python3.12/socket.py", line 295, in accept
OSError: [Errno 24] Too many open files
Exception in callback BaseAsyncIOLoop._handle_events(7, 1)
handle: <Handle BaseAsyncIOLoop._handle_events(7, 1)>
Traceback (most recent call last):
  File "/usr/lib/python3.12/asyncio/events.py", line 88, in _run
    self._context.run(self._callback, *self._args)
  File "/home/Shared/UniBe-swiss-ndvi/GitHub/swiss-ndvi-processing/.venv/lib/python3.12/site-packages/tornado/platform/asyncio.py", line 208, in _handle_events
  File "/home/Shared/UniBe-swiss-ndvi/GitHub/swiss-ndvi-processing/.venv/lib/python3.12/site-packages/tornado/netutil.py", line 273, in accept_handler
  File "/usr/lib/python3.12/socket.py", line 295, in accept
OSError: [Errno 24] Too many open files
Exception in callback BaseAsyncIOLoop._handle_events(7, 1)
handle: <Handle BaseAsyncIOLoop._handle_events(7, 1)>
Traceback (most recent call last):
  File "/usr/lib/python3.12/asyncio/events.py", line 88, in _run
    self._context.run(self._callback, *self._args)
  File "/home/Shared/UniBe-swiss-ndvi/GitHub/swiss-ndvi-processing/.venv/lib/python3.12/site-packages/tornado/platform/asyncio.py", line 208, in _handle_events
  File "/home/Shared/UniBe-swiss-ndvi/GitHub/swiss-ndvi-processing/.venv/lib/python3.12/site-packages/tornado/netutil.py", line 273, in accept_handler
  File "/usr/lib/python3.12/socket.py", line 295, in accept
OSError: [Errno 24] Too many open files
Exception in callback BaseAsyncIOLoop._handle_events(7, 1)
handle: <Handle BaseAsyncIOLoop._handle_events(7, 1)>
Traceback (most recent call last):
  File "/usr/lib/python3.12/asyncio/events.py", line 88, in _run
    self._context.run(self._callback, *self._args)
  File "/home/Shared/UniBe-swiss-ndvi/GitHub/swiss-ndvi-processing/.venv/lib/python3.12/site-packages/tornado/platform/asyncio.py", line 208, in _handle_events
  File "/home/Shared/UniBe-swiss-ndvi/GitHub/swiss-ndvi-processing/.venv/lib/python3.12/site-packages/tornado/netutil.py", line 273, in accept_handler
  File "/usr/lib/python3.12/socket.py", line 295, in accept
OSError: [Errno 24] Too many open files
Exception in callback BaseAsyncIOLoop._handle_events(7, 1)
handle: <Handle BaseAsyncIOLoop._handle_events(7, 1)>
Traceback (most recent call last):
  File "/usr/lib/python3.12/asyncio/events.py", line 88, in _run
    self._context.run(self._callback, *self._args)
  File "/home/Shared/UniBe-swiss-ndvi/GitHub/swiss-ndvi-processing/.venv/lib/python3.12/site-packages/tornado/platform/asyncio.py", line 208, in _handle_events
  File "/home/Shared/UniBe-swiss-ndvi/GitHub/swiss-ndvi-processing/.venv/lib/python3.12/site-packages/tornado/netutil.py", line 273, in accept_handler
  File "/usr/lib/python3.12/socket.py", line 295, in accept
OSError: [Errno 24] Too many open files
2026-04-08 22:42:52,467 - distributed.worker - WARNING - Mismatched versions found

+-------------+---------------------------------------------+-----------+----------+
| Package     | Worker-6d313837-b22e-4329-9019-4a583b1f1b02 | Scheduler | Workers  |
+-------------+---------------------------------------------+-----------+----------+
| cloudpickle | 3.1.1                                       | None      | 3.1.1    |
| dask        | 2025.9.1                                    | None      | 2025.9.1 |
| distributed | 2025.9.1                                    | None      | 2025.9.1 |
| lz4         | 4.3.2                                       | None      | 4.3.2    |
| msgpack     | 1.1.1                                       | None      | 1.1.1    |
| toolz       | 1.0.0                                       | None      | 1.0.0    |
| tornado     | 6.5.1                                       | None      | 6.5.1    |
+-------------+---------------------------------------------+-----------+----------+
Exception in callback BaseAsyncIOLoop._handle_events(7, 1)
handle: <Handle BaseAsyncIOLoop._handle_events(7, 1)>
Traceback (most recent call last):
  File "/usr/lib/python3.12/asyncio/events.py", line 88, in _run
    self._context.run(self._callback, *self._args)
  File "/home/Shared/UniBe-swiss-ndvi/GitHub/swiss-ndvi-processing/.venv/lib/python3.12/site-packages/tornado/platform/asyncio.py", line 208, in _handle_events
  File "/home/Shared/UniBe-swiss-ndvi/GitHub/swiss-ndvi-processing/.venv/lib/python3.12/site-packages/tornado/netutil.py", line 273, in accept_handler
  File "/usr/lib/python3.12/socket.py", line 295, in accept
OSError: [Errno 24] Too many open files
Exception in callback BaseAsyncIOLoop._handle_events(7, 1)
handle: <Handle BaseAsyncIOLoop._handle_events(7, 1)>
Traceback (most recent call last):
  File "/usr/lib/python3.12/asyncio/events.py", line 88, in _run
    self._context.run(self._callback, *self._args)
  File "/home/Shared/UniBe-swiss-ndvi/GitHub/swiss-ndvi-processing/.venv/lib/python3.12/site-packages/tornado/platform/asyncio.py", line 208, in _handle_events
  File "/home/Shared/UniBe-swiss-ndvi/GitHub/swiss-ndvi-processing/.venv/lib/python3.12/site-packages/tornado/netutil.py", line 273, in accept_handler
  File "/usr/lib/python3.12/socket.py", line 295, in accept
OSError: [Errno 24] Too many open files
Exception in callback BaseAsyncIOLoop._handle_events(7, 1)
handle: <Handle BaseAsyncIOLoop._handle_events(7, 1)>
Traceback (most recent call last):
  File "/usr/lib/python3.12/asyncio/events.py", line 88, in _run
    self._context.run(self._callback, *self._args)
  File "/home/Shared/UniBe-swiss-ndvi/GitHub/swiss-ndvi-processing/.venv/lib/python3.12/site-packages/tornado/platform/asyncio.py", line 208, in _handle_events
  File "/home/Shared/UniBe-swiss-ndvi/GitHub/swiss-ndvi-processing/.venv/lib/python3.12/site-packages/tornado/netutil.py", line 273, in accept_handler
  File "/usr/lib/python3.12/socket.py", line 295, in accept
OSError: [Errno 24] Too many open files
Exception in callback BaseAsyncIOLoop._handle_events(7, 1)
handle: <Handle BaseAsyncIOLoop._handle_events(7, 1)>
Traceback (most recent call last):
  File "/usr/lib/python3.12/asyncio/events.py", line 88, in _run
    self._context.run(self._callback, *self._args)
  File "/home/Shared/UniBe-swiss-ndvi/GitHub/swiss-ndvi-processing/.venv/lib/python3.12/site-packages/tornado/platform/asyncio.py", line 208, in _handle_events
  File "/home/Shared/UniBe-swiss-ndvi/GitHub/swiss-ndvi-processing/.venv/lib/python3.12/site-packages/tornado/netutil.py", line 273, in accept_handler
  File "/usr/lib/python3.12/socket.py", line 295, in accept
OSError: [Errno 24] Too many open files
Exception in callback BaseAsyncIOLoop._handle_events(7, 1)
handle: <Handle BaseAsyncIOLoop._handle_events(7, 1)>
Traceback (most recent call last):
  File "/usr/lib/python3.12/asyncio/events.py", line 88, in _run
    self._context.run(self._callback, *self._args)
  File "/home/Shared/UniBe-swiss-ndvi/GitHub/swiss-ndvi-processing/.venv/lib/python3.12/site-packages/tornado/platform/asyncio.py", line 208, in _handle_events
  File "/home/Shared/UniBe-swiss-ndvi/GitHub/swiss-ndvi-processing/.venv/lib/python3.12/site-packages/tornado/netutil.py", line 273, in accept_handler
  File "/usr/lib/python3.12/socket.py", line 295, in accept
OSError: [Errno 24] Too many open files
Exception in callback BaseAsyncIOLoop._handle_events(7, 1)
handle: <Handle BaseAsyncIOLoop._handle_events(7, 1)>
Traceback (most recent call last):
  File "/usr/lib/python3.12/asyncio/events.py", line 88, in _run
    self._context.run(self._callback, *self._args)
  File "/home/Shared/UniBe-swiss-ndvi/GitHub/swiss-ndvi-processing/.venv/lib/python3.12/site-packages/tornado/platform/asyncio.py", line 208, in _handle_events
  File "/home/Shared/UniBe-swiss-ndvi/GitHub/swiss-ndvi-processing/.venv/lib/python3.12/site-packages/tornado/netutil.py", line 273, in accept_handler
  File "/usr/lib/python3.12/socket.py", line 295, in accept
OSError: [Errno 24] Too many open files
Exception in callback BaseAsyncIOLoop._handle_events(7, 1)
handle: <Handle BaseAsyncIOLoop._handle_events(7, 1)>
Traceback (most recent call last):
  File "/usr/lib/python3.12/asyncio/events.py", line 88, in _run
    self._context.run(self._callback, *self._args)
  File "/home/Shared/UniBe-swiss-ndvi/GitHub/swiss-ndvi-processing/.venv/lib/python3.12/site-packages/tornado/platform/asyncio.py", line 208, in _handle_events
  File "/home/Shared/UniBe-swiss-ndvi/GitHub/swiss-ndvi-processing/.venv/lib/python3.12/site-packages/tornado/netutil.py", line 273, in accept_handler
  File "/usr/lib/python3.12/socket.py", line 295, in accept
OSError: [Errno 24] Too many open files
Exception in callback BaseAsyncIOLoop._handle_events(7, 1)
handle: <Handle BaseAsyncIOLoop._handle_events(7, 1)>
Traceback (most recent call last):
  File "/usr/lib/python3.12/asyncio/events.py", line 88, in _run
    self._context.run(self._callback, *self._args)
  File "/home/Shared/UniBe-swiss-ndvi/GitHub/swiss-ndvi-processing/.venv/lib/python3.12/site-packages/tornado/platform/asyncio.py", line 208, in _handle_events
  File "/home/Shared/UniBe-swiss-ndvi/GitHub/swiss-ndvi-processing/.venv/lib/python3.12/site-packages/tornado/netutil.py", line 273, in accept_handler
  File "/usr/lib/python3.12/socket.py", line 295, in accept
OSError: [Errno 24] Too many open files
Exception in callback BaseAsyncIOLoop._handle_events(7, 1)
handle: <Handle BaseAsyncIOLoop._handle_events(7, 1)>
Traceback (most recent call last):
  File "/usr/lib/python3.12/asyncio/events.py", line 88, in _run
    self._context.run(self._callback, *self._args)
  File "/home/Shared/UniBe-swiss-ndvi/GitHub/swiss-ndvi-processing/.venv/lib/python3.12/site-packages/tornado/platform/asyncio.py", line 208, in _handle_events
  File "/home/Shared/UniBe-swiss-ndvi/GitHub/swiss-ndvi-processing/.venv/lib/python3.12/site-packages/tornado/netutil.py", line 273, in accept_handler
  File "/usr/lib/python3.12/socket.py", line 295, in accept
OSError: [Errno 24] Too many open files
Exception in callback BaseAsyncIOLoop._handle_events(7, 1)
handle: <Handle BaseAsyncIOLoop._handle_events(7, 1)>
Traceback (most recent call last):
  File "/usr/lib/python3.12/asyncio/events.py", line 88, in _run
    self._context.run(self._callback, *self._args)
  File "/home/Shared/UniBe-swiss-ndvi/GitHub/swiss-ndvi-processing/.venv/lib/python3.12/site-packages/tornado/platform/asyncio.py", line 208, in _handle_events
  File "/home/Shared/UniBe-swiss-ndvi/GitHub/swiss-ndvi-processing/.venv/lib/python3.12/site-packages/tornado/netutil.py", line 273, in accept_handler
  File "/usr/lib/python3.12/socket.py", line 295, in accept
OSError: [Errno 24] Too many open files
Exception in callback BaseAsyncIOLoop._handle_events(7, 1)
handle: <Handle BaseAsyncIOLoop._handle_events(7, 1)>
Traceback (most recent call last):
  File "/usr/lib/python3.12/asyncio/events.py", line 88, in _run
    self._context.run(self._callback, *self._args)
  File "/home/Shared/UniBe-swiss-ndvi/GitHub/swiss-ndvi-processing/.venv/lib/python3.12/site-packages/tornado/platform/asyncio.py", line 208, in _handle_events
  File "/home/Shared/UniBe-swiss-ndvi/GitHub/swiss-ndvi-processing/.venv/lib/python3.12/site-packages/tornado/netutil.py", line 273, in accept_handler
  File "/usr/lib/python3.12/socket.py", line 295, in accept
OSError: [Errno 24] Too many open files
Exception in callback BaseAsyncIOLoop._handle_events(7, 1)
handle: <Handle BaseAsyncIOLoop._handle_events(7, 1)>
Traceback (most recent call last):
  File "/usr/lib/python3.12/asyncio/events.py", line 88, in _run
    self._context.run(self._callback, *self._args)
  File "/home/Shared/UniBe-swiss-ndvi/GitHub/swiss-ndvi-processing/.venv/lib/python3.12/site-packages/tornado/platform/asyncio.py", line 208, in _handle_events
  File "/home/Shared/UniBe-swiss-ndvi/GitHub/swiss-ndvi-processing/.venv/lib/python3.12/site-packages/tornado/netutil.py", line 273, in accept_handler
  File "/usr/lib/python3.12/socket.py", line 295, in accept
OSError: [Errno 24] Too many open files
Exception in callback BaseAsyncIOLoop._handle_events(7, 1)
handle: <Handle BaseAsyncIOLoop._handle_events(7, 1)>
Traceback (most recent call last):
  File "/usr/lib/python3.12/asyncio/events.py", line 88, in _run
    self._context.run(self._callback, *self._args)
  File "/home/Shared/UniBe-swiss-ndvi/GitHub/swiss-ndvi-processing/.venv/lib/python3.12/site-packages/tornado/platform/asyncio.py", line 208, in _handle_events
  File "/home/Shared/UniBe-swiss-ndvi/GitHub/swiss-ndvi-processing/.venv/lib/python3.12/site-packages/tornado/netutil.py", line 273, in accept_handler
  File "/usr/lib/python3.12/socket.py", line 295, in accept
OSError: [Errno 24] Too many open files
Exception in callback BaseAsyncIOLoop._handle_events(7, 1)
handle: <Handle BaseAsyncIOLoop._handle_events(7, 1)>
Traceback (most recent call last):
  File "/usr/lib/python3.12/asyncio/events.py", line 88, in _run
    self._context.run(self._callback, *self._args)
  File "/home/Shared/UniBe-swiss-ndvi/GitHub/swiss-ndvi-processing/.venv/lib/python3.12/site-packages/tornado/platform/asyncio.py", line 208, in _handle_events
  File "/home/Shared/UniBe-swiss-ndvi/GitHub/swiss-ndvi-processing/.venv/lib/python3.12/site-packages/tornado/netutil.py", line 273, in accept_handler
  File "/usr/lib/python3.12/socket.py", line 295, in accept
OSError: [Errno 24] Too many open files
Exception in callback BaseAsyncIOLoop._handle_events(7, 1)
handle: <Handle BaseAsyncIOLoop._handle_events(7, 1)>
Traceback (most recent call last):
  File "/usr/lib/python3.12/asyncio/events.py", line 88, in _run
    self._context.run(self._callback, *self._args)
  File "/home/Shared/UniBe-swiss-ndvi/GitHub/swiss-ndvi-processing/.venv/lib/python3.12/site-packages/tornado/platform/asyncio.py", line 208, in _handle_events
  File "/home/Shared/UniBe-swiss-ndvi/GitHub/swiss-ndvi-processing/.venv/lib/python3.12/site-packages/tornado/netutil.py", line 273, in accept_handler
  File "/usr/lib/python3.12/socket.py", line 295, in accept
OSError: [Errno 24] Too many open files
Exception in callback BaseAsyncIOLoop._handle_events(7, 1)
handle: <Handle BaseAsyncIOLoop._handle_events(7, 1)>
Traceback (most recent call last):
  File "/usr/lib/python3.12/asyncio/events.py", line 88, in _run
    self._context.run(self._callback, *self._args)
  File "/home/Shared/UniBe-swiss-ndvi/GitHub/swiss-ndvi-processing/.venv/lib/python3.12/site-packages/tornado/platform/asyncio.py", line 208, in _handle_events
  File "/home/Shared/UniBe-swiss-ndvi/GitHub/swiss-ndvi-processing/.venv/lib/python3.12/site-packages/tornado/netutil.py", line 273, in accept_handler
  File "/usr/lib/python3.12/socket.py", line 295, in accept
OSError: [Errno 24] Too many open files
Exception in callback BaseAsyncIOLoop._handle_events(7, 1)
handle: <Handle BaseAsyncIOLoop._handle_events(7, 1)>
Traceback (most recent call last):
  File "/usr/lib/python3.12/asyncio/events.py", line 88, in _run
    self._context.run(self._callback, *self._args)
  File "/home/Shared/UniBe-swiss-ndvi/GitHub/swiss-ndvi-processing/.venv/lib/python3.12/site-packages/tornado/platform/asyncio.py", line 208, in _handle_events
  File "/home/Shared/UniBe-swiss-ndvi/GitHub/swiss-ndvi-processing/.venv/lib/python3.12/site-packages/tornado/netutil.py", line 273, in accept_handler
  File "/usr/lib/python3.12/socket.py", line 295, in accept
OSError: [Errno 24] Too many open files
Exception in callback BaseAsyncIOLoop._handle_events(7, 1)
handle: <Handle BaseAsyncIOLoop._handle_events(7, 1)>
Traceback (most recent call last):
  File "/usr/lib/python3.12/asyncio/events.py", line 88, in _run
    self._context.run(self._callback, *self._args)
  File "/home/Shared/UniBe-swiss-ndvi/GitHub/swiss-ndvi-processing/.venv/lib/python3.12/site-packages/tornado/platform/asyncio.py", line 208, in _handle_events
  File "/home/Shared/UniBe-swiss-ndvi/GitHub/swiss-ndvi-processing/.venv/lib/python3.12/site-packages/tornado/netutil.py", line 273, in accept_handler
  File "/usr/lib/python3.12/socket.py", line 295, in accept
OSError: [Errno 24] Too many open files
Exception in callback BaseAsyncIOLoop._handle_events(7, 1)
handle: <Handle BaseAsyncIOLoop._handle_events(7, 1)>
Traceback (most recent call last):
  File "/usr/lib/python3.12/asyncio/events.py", line 88, in _run
    self._context.run(self._callback, *self._args)
  File "/home/Shared/UniBe-swiss-ndvi/GitHub/swiss-ndvi-processing/.venv/lib/python3.12/site-packages/tornado/platform/asyncio.py", line 208, in _handle_events
  File "/home/Shared/UniBe-swiss-ndvi/GitHub/swiss-ndvi-processing/.venv/lib/python3.12/site-packages/tornado/netutil.py", line 273, in accept_handler
  File "/usr/lib/python3.12/socket.py", line 295, in accept
OSError: [Errno 24] Too many open files
Exception in callback BaseAsyncIOLoop._handle_events(7, 1)
handle: <Handle BaseAsyncIOLoop._handle_events(7, 1)>
Traceback (most recent call last):
  File "/usr/lib/python3.12/asyncio/events.py", line 88, in _run
    self._context.run(self._callback, *self._args)
  File "/home/Shared/UniBe-swiss-ndvi/GitHub/swiss-ndvi-processing/.venv/lib/python3.12/site-packages/tornado/platform/asyncio.py", line 208, in _handle_events
  File "/home/Shared/UniBe-swiss-ndvi/GitHub/swiss-ndvi-processing/.venv/lib/python3.12/site-packages/tornado/netutil.py", line 273, in accept_handler
  File "/usr/lib/python3.12/socket.py", line 295, in accept
OSError: [Errno 24] Too many open files
Exception in callback BaseAsyncIOLoop._handle_events(7, 1)
handle: <Handle BaseAsyncIOLoop._handle_events(7, 1)>
Traceback (most recent call last):
  File "/usr/lib/python3.12/asyncio/events.py", line 88, in _run
    self._context.run(self._callback, *self._args)
  File "/home/Shared/UniBe-swiss-ndvi/GitHub/swiss-ndvi-processing/.venv/lib/python3.12/site-packages/tornado/platform/asyncio.py", line 208, in _handle_events
  File "/home/Shared/UniBe-swiss-ndvi/GitHub/swiss-ndvi-processing/.venv/lib/python3.12/site-packages/tornado/netutil.py", line 273, in accept_handler
  File "/usr/lib/python3.12/socket.py", line 295, in accept
OSError: [Errno 24] Too many open files
Exception in callback BaseAsyncIOLoop._handle_events(7, 1)
handle: <Handle BaseAsyncIOLoop._handle_events(7, 1)>
Traceback (most recent call last):
  File "/usr/lib/python3.12/asyncio/events.py", line 88, in _run
    self._context.run(self._callback, *self._args)
  File "/home/Shared/UniBe-swiss-ndvi/GitHub/swiss-ndvi-processing/.venv/lib/python3.12/site-packages/tornado/platform/asyncio.py", line 208, in _handle_events
  File "/home/Shared/UniBe-swiss-ndvi/GitHub/swiss-ndvi-processing/.venv/lib/python3.12/site-packages/tornado/netutil.py", line 273, in accept_handler
  File "/usr/lib/python3.12/socket.py", line 295, in accept
OSError: [Errno 24] Too many open files
Exception in callback BaseAsyncIOLoop._handle_events(7, 1)
handle: <Handle BaseAsyncIOLoop._handle_events(7, 1)>
Traceback (most recent call last):
  File "/usr/lib/python3.12/asyncio/events.py", line 88, in _run
    self._context.run(self._callback, *self._args)
  File "/home/Shared/UniBe-swiss-ndvi/GitHub/swiss-ndvi-processing/.venv/lib/python3.12/site-packages/tornado/platform/asyncio.py", line 208, in _handle_events
  File "/home/Shared/UniBe-swiss-ndvi/GitHub/swiss-ndvi-processing/.venv/lib/python3.12/site-packages/tornado/netutil.py", line 273, in accept_handler
  File "/usr/lib/python3.12/socket.py", line 295, in accept
OSError: [Errno 24] Too many open files
Exception in callback BaseAsyncIOLoop._handle_events(7, 1)
handle: <Handle BaseAsyncIOLoop._handle_events(7, 1)>
Traceback (most recent call last):
  File "/usr/lib/python3.12/asyncio/events.py", line 88, in _run
    self._context.run(self._callback, *self._args)
  File "/home/Shared/UniBe-swiss-ndvi/GitHub/swiss-ndvi-processing/.venv/lib/python3.12/site-packages/tornado/platform/asyncio.py", line 208, in _handle_events
  File "/home/Shared/UniBe-swiss-ndvi/GitHub/swiss-ndvi-processing/.venv/lib/python3.12/site-packages/tornado/netutil.py", line 273, in accept_handler
  File "/usr/lib/python3.12/socket.py", line 295, in accept
OSError: [Errno 24] Too many open files
Exception in callback BaseAsyncIOLoop._handle_events(7, 1)
handle: <Handle BaseAsyncIOLoop._handle_events(7, 1)>
Traceback (most recent call last):
  File "/usr/lib/python3.12/asyncio/events.py", line 88, in _run
    self._context.run(self._callback, *self._args)
  File "/home/Shared/UniBe-swiss-ndvi/GitHub/swiss-ndvi-processing/.venv/lib/python3.12/site-packages/tornado/platform/asyncio.py", line 208, in _handle_events
  File "/home/Shared/UniBe-swiss-ndvi/GitHub/swiss-ndvi-processing/.venv/lib/python3.12/site-packages/tornado/netutil.py", line 273, in accept_handler
  File "/usr/lib/python3.12/socket.py", line 295, in accept
OSError: [Errno 24] Too many open files
Exception in callback BaseAsyncIOLoop._handle_events(7, 1)
handle: <Handle BaseAsyncIOLoop._handle_events(7, 1)>
Traceback (most recent call last):
  File "/usr/lib/python3.12/asyncio/events.py", line 88, in _run
    self._context.run(self._callback, *self._args)
  File "/home/Shared/UniBe-swiss-ndvi/GitHub/swiss-ndvi-processing/.venv/lib/python3.12/site-packages/tornado/platform/asyncio.py", line 208, in _handle_events
  File "/home/Shared/UniBe-swiss-ndvi/GitHub/swiss-ndvi-processing/.venv/lib/python3.12/site-packages/tornado/netutil.py", line 273, in accept_handler
  File "/usr/lib/python3.12/socket.py", line 295, in accept
OSError: [Errno 24] Too many open files
Exception in callback BaseAsyncIOLoop._handle_events(7, 1)
handle: <Handle BaseAsyncIOLoop._handle_events(7, 1)>
Traceback (most recent call last):
  File "/usr/lib/python3.12/asyncio/events.py", line 88, in _run
    self._context.run(self._callback, *self._args)
  File "/home/Shared/UniBe-swiss-ndvi/GitHub/swiss-ndvi-processing/.venv/lib/python3.12/site-packages/tornado/platform/asyncio.py", line 208, in _handle_events
  File "/home/Shared/UniBe-swiss-ndvi/GitHub/swiss-ndvi-processing/.venv/lib/python3.12/site-packages/tornado/netutil.py", line 273, in accept_handler
  File "/usr/lib/python3.12/socket.py", line 295, in accept
OSError: [Errno 24] Too many open files
Exception in callback BaseAsyncIOLoop._handle_events(7, 1)
handle: <Handle BaseAsyncIOLoop._handle_events(7, 1)>
Traceback (most recent call last):
  File "/usr/lib/python3.12/asyncio/events.py", line 88, in _run
    self._context.run(self._callback, *self._args)
  File "/home/Shared/UniBe-swiss-ndvi/GitHub/swiss-ndvi-processing/.venv/lib/python3.12/site-packages/tornado/platform/asyncio.py", line 208, in _handle_events
  File "/home/Shared/UniBe-swiss-ndvi/GitHub/swiss-ndvi-processing/.venv/lib/python3.12/site-packages/tornado/netutil.py", line 273, in accept_handler
  File "/usr/lib/python3.12/socket.py", line 295, in accept
OSError: [Errno 24] Too many open files
Exception in callback BaseAsyncIOLoop._handle_events(7, 1)
handle: <Handle BaseAsyncIOLoop._handle_events(7, 1)>
Traceback (most recent call last):
  File "/usr/lib/python3.12/asyncio/events.py", line 88, in _run
    self._context.run(self._callback, *self._args)
  File "/home/Shared/UniBe-swiss-ndvi/GitHub/swiss-ndvi-processing/.venv/lib/python3.12/site-packages/tornado/platform/asyncio.py", line 208, in _handle_events
  File "/home/Shared/UniBe-swiss-ndvi/GitHub/swiss-ndvi-processing/.venv/lib/python3.12/site-packages/tornado/netutil.py", line 273, in accept_handler
  File "/usr/lib/python3.12/socket.py", line 295, in accept
OSError: [Errno 24] Too many open files
Exception in callback BaseAsyncIOLoop._handle_events(7, 1)
handle: <Handle BaseAsyncIOLoop._handle_events(7, 1)>
Traceback (most recent call last):
  File "/usr/lib/python3.12/asyncio/events.py", line 88, in _run
    self._context.run(self._callback, *self._args)
  File "/home/Shared/UniBe-swiss-ndvi/GitHub/swiss-ndvi-processing/.venv/lib/python3.12/site-packages/tornado/platform/asyncio.py", line 208, in _handle_events
  File "/home/Shared/UniBe-swiss-ndvi/GitHub/swiss-ndvi-processing/.venv/lib/python3.12/site-packages/tornado/netutil.py", line 273, in accept_handler
  File "/usr/lib/python3.12/socket.py", line 295, in accept
OSError: [Errno 24] Too many open files
Exception in callback BaseAsyncIOLoop._handle_events(7, 1)
handle: <Handle BaseAsyncIOLoop._handle_events(7, 1)>
Traceback (most recent call last):
  File "/usr/lib/python3.12/asyncio/events.py", line 88, in _run
    self._context.run(self._callback, *self._args)
  File "/home/Shared/UniBe-swiss-ndvi/GitHub/swiss-ndvi-processing/.venv/lib/python3.12/site-packages/tornado/platform/asyncio.py", line 208, in _handle_events
  File "/home/Shared/UniBe-swiss-ndvi/GitHub/swiss-ndvi-processing/.venv/lib/python3.12/site-packages/tornado/netutil.py", line 273, in accept_handler
  File "/usr/lib/python3.12/socket.py", line 295, in accept
OSError: [Errno 24] Too many open files
Exception in callback BaseAsyncIOLoop._handle_events(7, 1)
handle: <Handle BaseAsyncIOLoop._handle_events(7, 1)>
Traceback (most recent call last):
  File "/usr/lib/python3.12/asyncio/events.py", line 88, in _run
    self._context.run(self._callback, *self._args)
  File "/home/Shared/UniBe-swiss-ndvi/GitHub/swiss-ndvi-processing/.venv/lib/python3.12/site-packages/tornado/platform/asyncio.py", line 208, in _handle_events
  File "/home/Shared/UniBe-swiss-ndvi/GitHub/swiss-ndvi-processing/.venv/lib/python3.12/site-packages/tornado/netutil.py", line 273, in accept_handler
  File "/usr/lib/python3.12/socket.py", line 295, in accept
OSError: [Errno 24] Too many open files
Exception in callback BaseAsyncIOLoop._handle_events(7, 1)
handle: <Handle BaseAsyncIOLoop._handle_events(7, 1)>
Traceback (most recent call last):
  File "/usr/lib/python3.12/asyncio/events.py", line 88, in _run
    self._context.run(self._callback, *self._args)
  File "/home/Shared/UniBe-swiss-ndvi/GitHub/swiss-ndvi-processing/.venv/lib/python3.12/site-packages/tornado/platform/asyncio.py", line 208, in _handle_events
  File "/home/Shared/UniBe-swiss-ndvi/GitHub/swiss-ndvi-processing/.venv/lib/python3.12/site-packages/tornado/netutil.py", line 273, in accept_handler
  File "/usr/lib/python3.12/socket.py", line 295, in accept
OSError: [Errno 24] Too many open files
Exception in callback BaseAsyncIOLoop._handle_events(7, 1)
handle: <Handle BaseAsyncIOLoop._handle_events(7, 1)>
Traceback (most recent call last):
  File "/usr/lib/python3.12/asyncio/events.py", line 88, in _run
    self._context.run(self._callback, *self._args)
  File "/home/Shared/UniBe-swiss-ndvi/GitHub/swiss-ndvi-processing/.venv/lib/python3.12/site-packages/tornado/platform/asyncio.py", line 208, in _handle_events
  File "/home/Shared/UniBe-swiss-ndvi/GitHub/swiss-ndvi-processing/.venv/lib/python3.12/site-packages/tornado/netutil.py", line 273, in accept_handler
  File "/usr/lib/python3.12/socket.py", line 295, in accept
OSError: [Errno 24] Too many open files
Exception in callback BaseAsyncIOLoop._handle_events(7, 1)
handle: <Handle BaseAsyncIOLoop._handle_events(7, 1)>
Traceback (most recent call last):
  File "/usr/lib/python3.12/asyncio/events.py", line 88, in _run
    self._context.run(self._callback, *self._args)
  File "/home/Shared/UniBe-swiss-ndvi/GitHub/swiss-ndvi-processing/.venv/lib/python3.12/site-packages/tornado/platform/asyncio.py", line 208, in _handle_events
  File "/home/Shared/UniBe-swiss-ndvi/GitHub/swiss-ndvi-processing/.venv/lib/python3.12/site-packages/tornado/netutil.py", line 273, in accept_handler
  File "/usr/lib/python3.12/socket.py", line 295, in accept
OSError: [Errno 24] Too many open files
Exception in callback BaseAsyncIOLoop._handle_events(7, 1)
handle: <Handle BaseAsyncIOLoop._handle_events(7, 1)>
Traceback (most recent call last):
  File "/usr/lib/python3.12/asyncio/events.py", line 88, in _run
    self._context.run(self._callback, *self._args)
  File "/home/Shared/UniBe-swiss-ndvi/GitHub/swiss-ndvi-processing/.venv/lib/python3.12/site-packages/tornado/platform/asyncio.py", line 208, in _handle_events
  File "/home/Shared/UniBe-swiss-ndvi/GitHub/swiss-ndvi-processing/.venv/lib/python3.12/site-packages/tornado/netutil.py", line 273, in accept_handler
  File "/usr/lib/python3.12/socket.py", line 295, in accept
OSError: [Errno 24] Too many open files
Exception in callback BaseAsyncIOLoop._handle_events(7, 1)
handle: <Handle BaseAsyncIOLoop._handle_events(7, 1)>
Traceback (most recent call last):
  File "/usr/lib/python3.12/asyncio/events.py", line 88, in _run
    self._context.run(self._callback, *self._args)
  File "/home/Shared/UniBe-swiss-ndvi/GitHub/swiss-ndvi-processing/.venv/lib/python3.12/site-packages/tornado/platform/asyncio.py", line 208, in _handle_events
  File "/home/Shared/UniBe-swiss-ndvi/GitHub/swiss-ndvi-processing/.venv/lib/python3.12/site-packages/tornado/netutil.py", line 273, in accept_handler
  File "/usr/lib/python3.12/socket.py", line 295, in accept
OSError: [Errno 24] Too many open files
Exception in callback BaseAsyncIOLoop._handle_events(7, 1)
handle: <Handle BaseAsyncIOLoop._handle_events(7, 1)>
Traceback (most recent call last):
  File "/usr/lib/python3.12/asyncio/events.py", line 88, in _run
    self._context.run(self._callback, *self._args)
  File "/home/Shared/UniBe-swiss-ndvi/GitHub/swiss-ndvi-processing/.venv/lib/python3.12/site-packages/tornado/platform/asyncio.py", line 208, in _handle_events
  File "/home/Shared/UniBe-swiss-ndvi/GitHub/swiss-ndvi-processing/.venv/lib/python3.12/site-packages/tornado/netutil.py", line 273, in accept_handler
  File "/usr/lib/python3.12/socket.py", line 295, in accept
OSError: [Errno 24] Too many open files
Exception in callback BaseAsyncIOLoop._handle_events(7, 1)
handle: <Handle BaseAsyncIOLoop._handle_events(7, 1)>
Traceback (most recent call last):
  File "/usr/lib/python3.12/asyncio/events.py", line 88, in _run
    self._context.run(self._callback, *self._args)
  File "/home/Shared/UniBe-swiss-ndvi/GitHub/swiss-ndvi-processing/.venv/lib/python3.12/site-packages/tornado/platform/asyncio.py", line 208, in _handle_events
  File "/home/Shared/UniBe-swiss-ndvi/GitHub/swiss-ndvi-processing/.venv/lib/python3.12/site-packages/tornado/netutil.py", line 273, in accept_handler
  File "/usr/lib/python3.12/socket.py", line 295, in accept
OSError: [Errno 24] Too many open files
Exception in callback BaseAsyncIOLoop._handle_events(7, 1)
handle: <Handle BaseAsyncIOLoop._handle_events(7, 1)>
Traceback (most recent call last):
  File "/usr/lib/python3.12/asyncio/events.py", line 88, in _run
    self._context.run(self._callback, *self._args)
  File "/home/Shared/UniBe-swiss-ndvi/GitHub/swiss-ndvi-processing/.venv/lib/python3.12/site-packages/tornado/platform/asyncio.py", line 208, in _handle_events
  File "/home/Shared/UniBe-swiss-ndvi/GitHub/swiss-ndvi-processing/.venv/lib/python3.12/site-packages/tornado/netutil.py", line 273, in accept_handler
  File "/usr/lib/python3.12/socket.py", line 295, in accept
OSError: [Errno 24] Too many open files
Exception in callback BaseAsyncIOLoop._handle_events(7, 1)
handle: <Handle BaseAsyncIOLoop._handle_events(7, 1)>
Traceback (most recent call last):
  File "/usr/lib/python3.12/asyncio/events.py", line 88, in _run
    self._context.run(self._callback, *self._args)
  File "/home/Shared/UniBe-swiss-ndvi/GitHub/swiss-ndvi-processing/.venv/lib/python3.12/site-packages/tornado/platform/asyncio.py", line 208, in _handle_events
  File "/home/Shared/UniBe-swiss-ndvi/GitHub/swiss-ndvi-processing/.venv/lib/python3.12/site-packages/tornado/netutil.py", line 273, in accept_handler
  File "/usr/lib/python3.12/socket.py", line 295, in accept
OSError: [Errno 24] Too many open files
Exception in callback BaseAsyncIOLoop._handle_events(7, 1)
handle: <Handle BaseAsyncIOLoop._handle_events(7, 1)>
Traceback (most recent call last):
  File "/usr/lib/python3.12/asyncio/events.py", line 88, in _run
    self._context.run(self._callback, *self._args)
  File "/home/Shared/UniBe-swiss-ndvi/GitHub/swiss-ndvi-processing/.venv/lib/python3.12/site-packages/tornado/platform/asyncio.py", line 208, in _handle_events
  File "/home/Shared/UniBe-swiss-ndvi/GitHub/swiss-ndvi-processing/.venv/lib/python3.12/site-packages/tornado/netutil.py", line 273, in accept_handler
  File "/usr/lib/python3.12/socket.py", line 295, in accept
OSError: [Errno 24] Too many open files
Exception in callback BaseAsyncIOLoop._handle_events(7, 1)
handle: <Handle BaseAsyncIOLoop._handle_events(7, 1)>
Traceback (most recent call last):
  File "/usr/lib/python3.12/asyncio/events.py", line 88, in _run
    self._context.run(self._callback, *self._args)
  File "/home/Shared/UniBe-swiss-ndvi/GitHub/swiss-ndvi-processing/.venv/lib/python3.12/site-packages/tornado/platform/asyncio.py", line 208, in _handle_events
  File "/home/Shared/UniBe-swiss-ndvi/GitHub/swiss-ndvi-processing/.venv/lib/python3.12/site-packages/tornado/netutil.py", line 273, in accept_handler
  File "/usr/lib/python3.12/socket.py", line 295, in accept
OSError: [Errno 24] Too many open files
Exception in callback BaseAsyncIOLoop._handle_events(7, 1)
handle: <Handle BaseAsyncIOLoop._handle_events(7, 1)>
Traceback (most recent call last):
  File "/usr/lib/python3.12/asyncio/events.py", line 88, in _run
    self._context.run(self._callback, *self._args)
  File "/home/Shared/UniBe-swiss-ndvi/GitHub/swiss-ndvi-processing/.venv/lib/python3.12/site-packages/tornado/platform/asyncio.py", line 208, in _handle_events
  File "/home/Shared/UniBe-swiss-ndvi/GitHub/swiss-ndvi-processing/.venv/lib/python3.12/site-packages/tornado/netutil.py", line 273, in accept_handler
  File "/usr/lib/python3.12/socket.py", line 295, in accept
OSError: [Errno 24] Too many open files
Exception in callback BaseAsyncIOLoop._handle_events(7, 1)
handle: <Handle BaseAsyncIOLoop._handle_events(7, 1)>
Traceback (most recent call last):
  File "/usr/lib/python3.12/asyncio/events.py", line 88, in _run
    self._context.run(self._callback, *self._args)
  File "/home/Shared/UniBe-swiss-ndvi/GitHub/swiss-ndvi-processing/.venv/lib/python3.12/site-packages/tornado/platform/asyncio.py", line 208, in _handle_events
  File "/home/Shared/UniBe-swiss-ndvi/GitHub/swiss-ndvi-processing/.venv/lib/python3.12/site-packages/tornado/netutil.py", line 273, in accept_handler
  File "/usr/lib/python3.12/socket.py", line 295, in accept
OSError: [Errno 24] Too many open files
Exception in callback BaseAsyncIOLoop._handle_events(7, 1)
handle: <Handle BaseAsyncIOLoop._handle_events(7, 1)>
Traceback (most recent call last):
  File "/usr/lib/python3.12/asyncio/events.py", line 88, in _run
    self._context.run(self._callback, *self._args)
  File "/home/Shared/UniBe-swiss-ndvi/GitHub/swiss-ndvi-processing/.venv/lib/python3.12/site-packages/tornado/platform/asyncio.py", line 208, in _handle_events
  File "/home/Shared/UniBe-swiss-ndvi/GitHub/swiss-ndvi-processing/.venv/lib/python3.12/site-packages/tornado/netutil.py", line 273, in accept_handler
  File "/usr/lib/python3.12/socket.py", line 295, in accept
OSError: [Errno 24] Too many open files
Exception in callback BaseAsyncIOLoop._handle_events(7, 1)
handle: <Handle BaseAsyncIOLoop._handle_events(7, 1)>
Traceback (most recent call last):
  File "/usr/lib/python3.12/asyncio/events.py", line 88, in _run
    self._context.run(self._callback, *self._args)
  File "/home/Shared/UniBe-swiss-ndvi/GitHub/swiss-ndvi-processing/.venv/lib/python3.12/site-packages/tornado/platform/asyncio.py", line 208, in _handle_events
  File "/home/Shared/UniBe-swiss-ndvi/GitHub/swiss-ndvi-processing/.venv/lib/python3.12/site-packages/tornado/netutil.py", line 273, in accept_handler
  File "/usr/lib/python3.12/socket.py", line 295, in accept
OSError: [Errno 24] Too many open files
Exception in callback BaseAsyncIOLoop._handle_events(7, 1)
handle: <Handle BaseAsyncIOLoop._handle_events(7, 1)>
Traceback (most recent call last):
  File "/usr/lib/python3.12/asyncio/events.py", line 88, in _run
    self._context.run(self._callback, *self._args)
  File "/home/Shared/UniBe-swiss-ndvi/GitHub/swiss-ndvi-processing/.venv/lib/python3.12/site-packages/tornado/platform/asyncio.py", line 208, in _handle_events
  File "/home/Shared/UniBe-swiss-ndvi/GitHub/swiss-ndvi-processing/.venv/lib/python3.12/site-packages/tornado/netutil.py", line 273, in accept_handler
  File "/usr/lib/python3.12/socket.py", line 295, in accept
OSError: [Errno 24] Too many open files
Exception in callback BaseAsyncIOLoop._handle_events(7, 1)
handle: <Handle BaseAsyncIOLoop._handle_events(7, 1)>
Traceback (most recent call last):
  File "/usr/lib/python3.12/asyncio/events.py", line 88, in _run
    self._context.run(self._callback, *self._args)
  File "/home/Shared/UniBe-swiss-ndvi/GitHub/swiss-ndvi-processing/.venv/lib/python3.12/site-packages/tornado/platform/asyncio.py", line 208, in _handle_events
  File "/home/Shared/UniBe-swiss-ndvi/GitHub/swiss-ndvi-processing/.venv/lib/python3.12/site-packages/tornado/netutil.py", line 273, in accept_handler
  File "/usr/lib/python3.12/socket.py", line 295, in accept
OSError: [Errno 24] Too many open files
Exception in callback BaseAsyncIOLoop._handle_events(7, 1)
handle: <Handle BaseAsyncIOLoop._handle_events(7, 1)>
Traceback (most recent call last):
  File "/usr/lib/python3.12/asyncio/events.py", line 88, in _run
    self._context.run(self._callback, *self._args)
  File "/home/Shared/UniBe-swiss-ndvi/GitHub/swiss-ndvi-processing/.venv/lib/python3.12/site-packages/tornado/platform/asyncio.py", line 208, in _handle_events
  File "/home/Shared/UniBe-swiss-ndvi/GitHub/swiss-ndvi-processing/.venv/lib/python3.12/site-packages/tornado/netutil.py", line 273, in accept_handler
  File "/usr/lib/python3.12/socket.py", line 295, in accept
OSError: [Errno 24] Too many open files
Exception in callback BaseAsyncIOLoop._handle_events(7, 1)
handle: <Handle BaseAsyncIOLoop._handle_events(7, 1)>
Traceback (most recent call last):
  File "/usr/lib/python3.12/asyncio/events.py", line 88, in _run
    self._context.run(self._callback, *self._args)
  File "/home/Shared/UniBe-swiss-ndvi/GitHub/swiss-ndvi-processing/.venv/lib/python3.12/site-packages/tornado/platform/asyncio.py", line 208, in _handle_events
  File "/home/Shared/UniBe-swiss-ndvi/GitHub/swiss-ndvi-processing/.venv/lib/python3.12/site-packages/tornado/netutil.py", line 273, in accept_handler
  File "/usr/lib/python3.12/socket.py", line 295, in accept
OSError: [Errno 24] Too many open files
Exception in callback BaseAsyncIOLoop._handle_events(7, 1)
handle: <Handle BaseAsyncIOLoop._handle_events(7, 1)>
Traceback (most recent call last):
  File "/usr/lib/python3.12/asyncio/events.py", line 88, in _run
    self._context.run(self._callback, *self._args)
  File "/home/Shared/UniBe-swiss-ndvi/GitHub/swiss-ndvi-processing/.venv/lib/python3.12/site-packages/tornado/platform/asyncio.py", line 208, in _handle_events
  File "/home/Shared/UniBe-swiss-ndvi/GitHub/swiss-ndvi-processing/.venv/lib/python3.12/site-packages/tornado/netutil.py", line 273, in accept_handler
  File "/usr/lib/python3.12/socket.py", line 295, in accept
OSError: [Errno 24] Too many open files
Exception in callback BaseAsyncIOLoop._handle_events(7, 1)
handle: <Handle BaseAsyncIOLoop._handle_events(7, 1)>
Traceback (most recent call last):
  File "/usr/lib/python3.12/asyncio/events.py", line 88, in _run
    self._context.run(self._callback, *self._args)
  File "/home/Shared/UniBe-swiss-ndvi/GitHub/swiss-ndvi-processing/.venv/lib/python3.12/site-packages/tornado/platform/asyncio.py", line 208, in _handle_events
  File "/home/Shared/UniBe-swiss-ndvi/GitHub/swiss-ndvi-processing/.venv/lib/python3.12/site-packages/tornado/netutil.py", line 273, in accept_handler
  File "/usr/lib/python3.12/socket.py", line 295, in accept
OSError: [Errno 24] Too many open files
Exception in callback BaseAsyncIOLoop._handle_events(7, 1)
handle: <Handle BaseAsyncIOLoop._handle_events(7, 1)>
Traceback (most recent call last):
  File "/usr/lib/python3.12/asyncio/events.py", line 88, in _run
    self._context.run(self._callback, *self._args)
  File "/home/Shared/UniBe-swiss-ndvi/GitHub/swiss-ndvi-processing/.venv/lib/python3.12/site-packages/tornado/platform/asyncio.py", line 208, in _handle_events
  File "/home/Shared/UniBe-swiss-ndvi/GitHub/swiss-ndvi-processing/.venv/lib/python3.12/site-packages/tornado/netutil.py", line 273, in accept_handler
  File "/usr/lib/python3.12/socket.py", line 295, in accept
OSError: [Errno 24] Too many open files
2026-04-08 22:42:52,494 - distributed.worker - WARNING - Mismatched versions found

+-------------+---------------------------------------------+-----------+----------+
| Package     | Worker-4545df78-0c44-45a8-bc12-d81733735507 | Scheduler | Workers  |
+-------------+---------------------------------------------+-----------+----------+
| cloudpickle | 3.1.1                                       | None      | 3.1.1    |
| dask        | 2025.9.1                                    | None      | 2025.9.1 |
| distributed | 2025.9.1                                    | None      | 2025.9.1 |
| lz4         | 4.3.2                                       | None      | 4.3.2    |
| msgpack     | 1.1.1                                       | None      | 1.1.1    |
| toolz       | 1.0.0                                       | None      | 1.0.0    |
| tornado     | 6.5.1                                       | None      | 6.5.1    |
+-------------+---------------------------------------------+-----------+----------+
Exception in callback BaseAsyncIOLoop._handle_events(7, 1)
handle: <Handle BaseAsyncIOLoop._handle_events(7, 1)>
Traceback (most recent call last):
  File "/usr/lib/python3.12/asyncio/events.py", line 88, in _run
    self._context.run(self._callback, *self._args)
  File "/home/Shared/UniBe-swiss-ndvi/GitHub/swiss-ndvi-processing/.venv/lib/python3.12/site-packages/tornado/platform/asyncio.py", line 208, in _handle_events
  File "/home/Shared/UniBe-swiss-ndvi/GitHub/swiss-ndvi-processing/.venv/lib/python3.12/site-packages/tornado/netutil.py", line 273, in accept_handler
  File "/usr/lib/python3.12/socket.py", line 295, in accept
OSError: [Errno 24] Too many open files
2026-04-08 22:42:52,494 - distributed.worker - WARNING - Mismatched versions found

+-------------+---------------------------------------------+-----------+----------+
| Package     | Worker-ba50940a-4368-4089-bcda-2e7b44a46b8b | Scheduler | Workers  |
+-------------+---------------------------------------------+-----------+----------+
| cloudpickle | 3.1.1                                       | None      | 3.1.1    |
| dask        | 2025.9.1                                    | None      | 2025.9.1 |
| distributed | 2025.9.1                                    | None      | 2025.9.1 |
| lz4         | 4.3.2                                       | None      | 4.3.2    |
| msgpack     | 1.1.1                                       | None      | 1.1.1    |
| toolz       | 1.0.0                                       | None      | 1.0.0    |
| tornado     | 6.5.1                                       | None      | 6.5.1    |
+-------------+---------------------------------------------+-----------+----------+
Exception in callback BaseAsyncIOLoop._handle_events(7, 1)
handle: <Handle BaseAsyncIOLoop._handle_events(7, 1)>
Traceback (most recent call last):
  File "/usr/lib/python3.12/asyncio/events.py", line 88, in _run
    self._context.run(self._callback, *self._args)
  File "/home/Shared/UniBe-swiss-ndvi/GitHub/swiss-ndvi-processing/.venv/lib/python3.12/site-packages/tornado/platform/asyncio.py", line 208, in _handle_events
  File "/home/Shared/UniBe-swiss-ndvi/GitHub/swiss-ndvi-processing/.venv/lib/python3.12/site-packages/tornado/netutil.py", line 273, in accept_handler
  File "/usr/lib/python3.12/socket.py", line 295, in accept
OSError: [Errno 24] Too many open files
Exception in callback BaseAsyncIOLoop._handle_events(7, 1)
handle: <Handle BaseAsyncIOLoop._handle_events(7, 1)>
Traceback (most recent call last):
  File "/usr/lib/python3.12/asyncio/events.py", line 88, in _run
    self._context.run(self._callback, *self._args)
  File "/home/Shared/UniBe-swiss-ndvi/GitHub/swiss-ndvi-processing/.venv/lib/python3.12/site-packages/tornado/platform/asyncio.py", line 208, in _handle_events
  File "/home/Shared/UniBe-swiss-ndvi/GitHub/swiss-ndvi-processing/.venv/lib/python3.12/site-packages/tornado/netutil.py", line 273, in accept_handler
  File "/usr/lib/python3.12/socket.py", line 295, in accept
OSError: [Errno 24] Too many open files
Exception in callback BaseAsyncIOLoop._handle_events(7, 1)
handle: <Handle BaseAsyncIOLoop._handle_events(7, 1)>
Traceback (most recent call last):
  File "/usr/lib/python3.12/asyncio/events.py", line 88, in _run
    self._context.run(self._callback, *self._args)
  File "/home/Shared/UniBe-swiss-ndvi/GitHub/swiss-ndvi-processing/.venv/lib/python3.12/site-packages/tornado/platform/asyncio.py", line 208, in _handle_events
  File "/home/Shared/UniBe-swiss-ndvi/GitHub/swiss-ndvi-processing/.venv/lib/python3.12/site-packages/tornado/netutil.py", line 273, in accept_handler
  File "/usr/lib/python3.12/socket.py", line 295, in accept
OSError: [Errno 24] Too many open files
Exception in callback BaseAsyncIOLoop._handle_events(7, 1)
handle: <Handle BaseAsyncIOLoop._handle_events(7, 1)>
Traceback (most recent call last):
  File "/usr/lib/python3.12/asyncio/events.py", line 88, in _run
    self._context.run(self._callback, *self._args)
  File "/home/Shared/UniBe-swiss-ndvi/GitHub/swiss-ndvi-processing/.venv/lib/python3.12/site-packages/tornado/platform/asyncio.py", line 208, in _handle_events
  File "/home/Shared/UniBe-swiss-ndvi/GitHub/swiss-ndvi-processing/.venv/lib/python3.12/site-packages/tornado/netutil.py", line 273, in accept_handler
  File "/usr/lib/python3.12/socket.py", line 295, in accept
OSError: [Errno 24] Too many open files
2026-04-08 22:42:52,501 - distributed.worker - WARNING - Mismatched versions found

+-------------+---------------------------------------------+-----------+----------+
| Package     | Worker-3a0aa1ed-00ff-4a9b-a24d-b17bff3ec8bd | Scheduler | Workers  |
+-------------+---------------------------------------------+-----------+----------+
| cloudpickle | 3.1.1                                       | None      | 3.1.1    |
| dask        | 2025.9.1                                    | None      | 2025.9.1 |
| distributed | 2025.9.1                                    | None      | 2025.9.1 |
| lz4         | 4.3.2                                       | None      | 4.3.2    |
| msgpack     | 1.1.1                                       | None      | 1.1.1    |
| toolz       | 1.0.0                                       | None      | 1.0.0    |
| tornado     | 6.5.1                                       | None      | 6.5.1    |
+-------------+---------------------------------------------+-----------+----------+
2026-04-08 22:42:52,501 - tornado.application - ERROR - Exception in callback functools.partial(<bound method NannyMemoryManager.memory_monitor of <distributed.worker_memory.NannyMemoryManager object at 0x767b33155070>>, <Nanny: tcp://127.0.0.1:42313, threads: 1>)
Traceback (most recent call last):
  File "/home/Shared/UniBe-swiss-ndvi/GitHub/swiss-ndvi-processing/.venv/lib/python3.12/site-packages/psutil/_common.py", line 441, in wrapper
    ret = self._cache[fun]
          ^^^^^^^^^^^
AttributeError: 'Process' object has no attribute '_cache'

During handling of the above exception, another exception occurred:

Traceback (most recent call last):
  File "/home/Shared/UniBe-swiss-ndvi/GitHub/swiss-ndvi-processing/.venv/lib/python3.12/site-packages/tornado/ioloop.py", line 945, in _run
    val = self.callback()
          ^^^^^^^^^^^^^^^
  File "/home/Shared/UniBe-swiss-ndvi/GitHub/swiss-ndvi-processing/.venv/lib/python3.12/site-packages/distributed/worker_memory.py", line 417, in memory_monitor
  File "/home/Shared/UniBe-swiss-ndvi/GitHub/swiss-ndvi-processing/.venv/lib/python3.12/site-packages/psutil/__init__.py", line 332, in __init__
    self._init(pid)
  File "/home/Shared/UniBe-swiss-ndvi/GitHub/swiss-ndvi-processing/.venv/lib/python3.12/site-packages/psutil/__init__.py", line 361, in _init
    self.create_time()
  File "/home/Shared/UniBe-swiss-ndvi/GitHub/swiss-ndvi-processing/.venv/lib/python3.12/site-packages/psutil/__init__.py", line 717, in create_time
    self._create_time = self._proc.create_time()
                        ^^^^^^^^^^^^^^^^^^^^^^^^
  File "/home/Shared/UniBe-swiss-ndvi/GitHub/swiss-ndvi-processing/.venv/lib/python3.12/site-packages/psutil/_pslinux.py", line 1661, in wrapper
    return fun(self, *args, **kwargs)
           ^^^^^^^^^^^^^^^^^^^^^^^^^^
  File "/home/Shared/UniBe-swiss-ndvi/GitHub/swiss-ndvi-processing/.venv/lib/python3.12/site-packages/psutil/_pslinux.py", line 1873, in create_time
    ctime = float(self._parse_stat_file()['create_time'])
                  ^^^^^^^^^^^^^^^^^^^^^^^
  File "/home/Shared/UniBe-swiss-ndvi/GitHub/swiss-ndvi-processing/.venv/lib/python3.12/site-packages/psutil/_pslinux.py", line 1661, in wrapper
    return fun(self, *args, **kwargs)
           ^^^^^^^^^^^^^^^^^^^^^^^^^^
  File "/home/Shared/UniBe-swiss-ndvi/GitHub/swiss-ndvi-processing/.venv/lib/python3.12/site-packages/psutil/_common.py", line 444, in wrapper
    return fun(self)
           ^^^^^^^^^
  File "/home/Shared/UniBe-swiss-ndvi/GitHub/swiss-ndvi-processing/.venv/lib/python3.12/site-packages/psutil/_pslinux.py", line 1703, in _parse_stat_file
    with open_binary("%s/%s/stat" % (self._procfs_path, self.pid)) as f:
         ^^^^^^^^^^^^^^^^^^^^^^^^^^^^^^^^^^^^^^^^^^^^^^^^^^^^^^^^^
  File "/home/Shared/UniBe-swiss-ndvi/GitHub/swiss-ndvi-processing/.venv/lib/python3.12/site-packages/psutil/_common.py", line 711, in open_binary
    return open(fname, "rb", **kwargs)
           ^^^^^^^^^^^^^^^^^^^^^^^^^^^
OSError: [Errno 24] Too many open files: '/proc/4088266/stat'
Exception in callback BaseAsyncIOLoop._handle_events(7, 1)
handle: <Handle BaseAsyncIOLoop._handle_events(7, 1)>
Traceback (most recent call last):
  File "/usr/lib/python3.12/asyncio/events.py", line 88, in _run
    self._context.run(self._callback, *self._args)
  File "/home/Shared/UniBe-swiss-ndvi/GitHub/swiss-ndvi-processing/.venv/lib/python3.12/site-packages/tornado/platform/asyncio.py", line 208, in _handle_events
  File "/home/Shared/UniBe-swiss-ndvi/GitHub/swiss-ndvi-processing/.venv/lib/python3.12/site-packages/tornado/netutil.py", line 273, in accept_handler
  File "/usr/lib/python3.12/socket.py", line 295, in accept
OSError: [Errno 24] Too many open files
2026-04-08 22:42:52,511 - distributed.worker - WARNING - Mismatched versions found

+-------------+---------------------------------------------+-----------+----------+
| Package     | Worker-037a3ba9-a2ca-43bd-b4d4-20a3074ef3c3 | Scheduler | Workers  |
+-------------+---------------------------------------------+-----------+----------+
| cloudpickle | 3.1.1                                       | None      | 3.1.1    |
| dask        | 2025.9.1                                    | None      | 2025.9.1 |
| distributed | 2025.9.1                                    | None      | 2025.9.1 |
| lz4         | 4.3.2                                       | None      | 4.3.2    |
| msgpack     | 1.1.1                                       | None      | 1.1.1    |
| toolz       | 1.0.0                                       | None      | 1.0.0    |
| tornado     | 6.5.1                                       | None      | 6.5.1    |
+-------------+---------------------------------------------+-----------+----------+
Exception in callback BaseAsyncIOLoop._handle_events(7, 1)
handle: <Handle BaseAsyncIOLoop._handle_events(7, 1)>
Traceback (most recent call last):
  File "/usr/lib/python3.12/asyncio/events.py", line 88, in _run
    self._context.run(self._callback, *self._args)
  File "/home/Shared/UniBe-swiss-ndvi/GitHub/swiss-ndvi-processing/.venv/lib/python3.12/site-packages/tornado/platform/asyncio.py", line 208, in _handle_events
  File "/home/Shared/UniBe-swiss-ndvi/GitHub/swiss-ndvi-processing/.venv/lib/python3.12/site-packages/tornado/netutil.py", line 273, in accept_handler
  File "/usr/lib/python3.12/socket.py", line 295, in accept
OSError: [Errno 24] Too many open files
2026-04-08 22:42:52,511 - distributed.worker - WARNING - Mismatched versions found

+-------------+---------------------------------------------+-----------+----------+
| Package     | Worker-b0597797-60a9-471f-8f13-c5ce326ddd10 | Scheduler | Workers  |
+-------------+---------------------------------------------+-----------+----------+
| cloudpickle | 3.1.1                                       | None      | 3.1.1    |
| dask        | 2025.9.1                                    | None      | 2025.9.1 |
| distributed | 2025.9.1                                    | None      | 2025.9.1 |
| lz4         | 4.3.2                                       | None      | 4.3.2    |
| msgpack     | 1.1.1                                       | None      | 1.1.1    |
| toolz       | 1.0.0                                       | None      | 1.0.0    |
| tornado     | 6.5.1                                       | None      | 6.5.1    |
+-------------+---------------------------------------------+-----------+----------+
2026-04-08 22:42:52,514 - distributed.worker - WARNING - Mismatched versions found

+-------------+---------------------------------------------+-----------+----------+
| Package     | Worker-aa28d441-3778-48ba-9ab5-304157562275 | Scheduler | Workers  |
+-------------+---------------------------------------------+-----------+----------+
| cloudpickle | 3.1.1                                       | None      | 3.1.1    |
| dask        | 2025.9.1                                    | None      | 2025.9.1 |
| distributed | 2025.9.1                                    | None      | 2025.9.1 |
| lz4         | 4.3.2                                       | None      | 4.3.2    |
| msgpack     | 1.1.1                                       | None      | 1.1.1    |
| toolz       | 1.0.0                                       | None      | 1.0.0    |
| tornado     | 6.5.1                                       | None      | 6.5.1    |
+-------------+---------------------------------------------+-----------+----------+
2026-04-08 22:42:52,515 - distributed.worker - WARNING - Mismatched versions found

+-------------+---------------------------------------------+-----------+----------+
| Package     | Worker-b27a16e0-7d08-45ad-bd01-fb780be9b86d | Scheduler | Workers  |
+-------------+---------------------------------------------+-----------+----------+
| cloudpickle | 3.1.1                                       | None      | 3.1.1    |
| dask        | 2025.9.1                                    | None      | 2025.9.1 |
| distributed | 2025.9.1                                    | None      | 2025.9.1 |
| lz4         | 4.3.2                                       | None      | 4.3.2    |
| msgpack     | 1.1.1                                       | None      | 1.1.1    |
| toolz       | 1.0.0                                       | None      | 1.0.0    |
| tornado     | 6.5.1                                       | None      | 6.5.1    |
+-------------+---------------------------------------------+-----------+----------+
Exception in callback BaseAsyncIOLoop._handle_events(7, 1)
handle: <Handle BaseAsyncIOLoop._handle_events(7, 1)>
Traceback (most recent call last):
  File "/usr/lib/python3.12/asyncio/events.py", line 88, in _run
    self._context.run(self._callback, *self._args)
  File "/home/Shared/UniBe-swiss-ndvi/GitHub/swiss-ndvi-processing/.venv/lib/python3.12/site-packages/tornado/platform/asyncio.py", line 208, in _handle_events
  File "/home/Shared/UniBe-swiss-ndvi/GitHub/swiss-ndvi-processing/.venv/lib/python3.12/site-packages/tornado/netutil.py", line 273, in accept_handler
  File "/usr/lib/python3.12/socket.py", line 295, in accept
OSError: [Errno 24] Too many open files
2026-04-08 22:42:52,520 - distributed.worker - WARNING - Mismatched versions found

+-------------+---------------------------------------------+-----------+----------+
| Package     | Worker-0496483a-5464-469b-b583-cf68ea38e336 | Scheduler | Workers  |
+-------------+---------------------------------------------+-----------+----------+
| cloudpickle | 3.1.1                                       | None      | 3.1.1    |
| dask        | 2025.9.1                                    | None      | 2025.9.1 |
| distributed | 2025.9.1                                    | None      | 2025.9.1 |
| lz4         | 4.3.2                                       | None      | 4.3.2    |
| msgpack     | 1.1.1                                       | None      | 1.1.1    |
| toolz       | 1.0.0                                       | None      | 1.0.0    |
| tornado     | 6.5.1                                       | None      | 6.5.1    |
+-------------+---------------------------------------------+-----------+----------+
Exception in callback BaseAsyncIOLoop._handle_events(7, 1)
handle: <Handle BaseAsyncIOLoop._handle_events(7, 1)>
Traceback (most recent call last):
  File "/usr/lib/python3.12/asyncio/events.py", line 88, in _run
    self._context.run(self._callback, *self._args)
  File "/home/Shared/UniBe-swiss-ndvi/GitHub/swiss-ndvi-processing/.venv/lib/python3.12/site-packages/tornado/platform/asyncio.py", line 208, in _handle_events
  File "/home/Shared/UniBe-swiss-ndvi/GitHub/swiss-ndvi-processing/.venv/lib/python3.12/site-packages/tornado/netutil.py", line 273, in accept_handler
  File "/usr/lib/python3.12/socket.py", line 295, in accept
OSError: [Errno 24] Too many open files
Exception in callback BaseAsyncIOLoop._handle_events(7, 1)
handle: <Handle BaseAsyncIOLoop._handle_events(7, 1)>
Traceback (most recent call last):
  File "/usr/lib/python3.12/asyncio/events.py", line 88, in _run
    self._context.run(self._callback, *self._args)
  File "/home/Shared/UniBe-swiss-ndvi/GitHub/swiss-ndvi-processing/.venv/lib/python3.12/site-packages/tornado/platform/asyncio.py", line 208, in _handle_events
  File "/home/Shared/UniBe-swiss-ndvi/GitHub/swiss-ndvi-processing/.venv/lib/python3.12/site-packages/tornado/netutil.py", line 273, in accept_handler
  File "/usr/lib/python3.12/socket.py", line 295, in accept
OSError: [Errno 24] Too many open files
Exception in callback BaseAsyncIOLoop._handle_events(7, 1)
handle: <Handle BaseAsyncIOLoop._handle_events(7, 1)>
Traceback (most recent call last):
  File "/usr/lib/python3.12/asyncio/events.py", line 88, in _run
    self._context.run(self._callback, *self._args)
  File "/home/Shared/UniBe-swiss-ndvi/GitHub/swiss-ndvi-processing/.venv/lib/python3.12/site-packages/tornado/platform/asyncio.py", line 208, in _handle_events
  File "/home/Shared/UniBe-swiss-ndvi/GitHub/swiss-ndvi-processing/.venv/lib/python3.12/site-packages/tornado/netutil.py", line 273, in accept_handler
  File "/usr/lib/python3.12/socket.py", line 295, in accept
OSError: [Errno 24] Too many open files
Exception in callback BaseAsyncIOLoop._handle_events(7, 1)
handle: <Handle BaseAsyncIOLoop._handle_events(7, 1)>
Traceback (most recent call last):
  File "/usr/lib/python3.12/asyncio/events.py", line 88, in _run
    self._context.run(self._callback, *self._args)
  File "/home/Shared/UniBe-swiss-ndvi/GitHub/swiss-ndvi-processing/.venv/lib/python3.12/site-packages/tornado/platform/asyncio.py", line 208, in _handle_events
  File "/home/Shared/UniBe-swiss-ndvi/GitHub/swiss-ndvi-processing/.venv/lib/python3.12/site-packages/tornado/netutil.py", line 273, in accept_handler
  File "/usr/lib/python3.12/socket.py", line 295, in accept
OSError: [Errno 24] Too many open files
Exception in callback BaseAsyncIOLoop._handle_events(7, 1)
handle: <Handle BaseAsyncIOLoop._handle_events(7, 1)>
Traceback (most recent call last):
  File "/usr/lib/python3.12/asyncio/events.py", line 88, in _run
    self._context.run(self._callback, *self._args)
  File "/home/Shared/UniBe-swiss-ndvi/GitHub/swiss-ndvi-processing/.venv/lib/python3.12/site-packages/tornado/platform/asyncio.py", line 208, in _handle_events
  File "/home/Shared/UniBe-swiss-ndvi/GitHub/swiss-ndvi-processing/.venv/lib/python3.12/site-packages/tornado/netutil.py", line 273, in accept_handler
  File "/usr/lib/python3.12/socket.py", line 295, in accept
OSError: [Errno 24] Too many open files
Exception in callback BaseAsyncIOLoop._handle_events(7, 1)
handle: <Handle BaseAsyncIOLoop._handle_events(7, 1)>
Traceback (most recent call last):
  File "/usr/lib/python3.12/asyncio/events.py", line 88, in _run
    self._context.run(self._callback, *self._args)
  File "/home/Shared/UniBe-swiss-ndvi/GitHub/swiss-ndvi-processing/.venv/lib/python3.12/site-packages/tornado/platform/asyncio.py", line 208, in _handle_events
  File "/home/Shared/UniBe-swiss-ndvi/GitHub/swiss-ndvi-processing/.venv/lib/python3.12/site-packages/tornado/netutil.py", line 273, in accept_handler
  File "/usr/lib/python3.12/socket.py", line 295, in accept
OSError: [Errno 24] Too many open files
Exception in callback BaseAsyncIOLoop._handle_events(7, 1)
handle: <Handle BaseAsyncIOLoop._handle_events(7, 1)>
Traceback (most recent call last):
  File "/usr/lib/python3.12/asyncio/events.py", line 88, in _run
    self._context.run(self._callback, *self._args)
  File "/home/Shared/UniBe-swiss-ndvi/GitHub/swiss-ndvi-processing/.venv/lib/python3.12/site-packages/tornado/platform/asyncio.py", line 208, in _handle_events
  File "/home/Shared/UniBe-swiss-ndvi/GitHub/swiss-ndvi-processing/.venv/lib/python3.12/site-packages/tornado/netutil.py", line 273, in accept_handler
  File "/usr/lib/python3.12/socket.py", line 295, in accept
OSError: [Errno 24] Too many open files
Exception in callback BaseAsyncIOLoop._handle_events(7, 1)
handle: <Handle BaseAsyncIOLoop._handle_events(7, 1)>
Traceback (most recent call last):
  File "/usr/lib/python3.12/asyncio/events.py", line 88, in _run
    self._context.run(self._callback, *self._args)
  File "/home/Shared/UniBe-swiss-ndvi/GitHub/swiss-ndvi-processing/.venv/lib/python3.12/site-packages/tornado/platform/asyncio.py", line 208, in _handle_events
  File "/home/Shared/UniBe-swiss-ndvi/GitHub/swiss-ndvi-processing/.venv/lib/python3.12/site-packages/tornado/netutil.py", line 273, in accept_handler
  File "/usr/lib/python3.12/socket.py", line 295, in accept
OSError: [Errno 24] Too many open files
Exception in callback BaseAsyncIOLoop._handle_events(7, 1)
handle: <Handle BaseAsyncIOLoop._handle_events(7, 1)>
Traceback (most recent call last):
  File "/usr/lib/python3.12/asyncio/events.py", line 88, in _run
    self._context.run(self._callback, *self._args)
  File "/home/Shared/UniBe-swiss-ndvi/GitHub/swiss-ndvi-processing/.venv/lib/python3.12/site-packages/tornado/platform/asyncio.py", line 208, in _handle_events
  File "/home/Shared/UniBe-swiss-ndvi/GitHub/swiss-ndvi-processing/.venv/lib/python3.12/site-packages/tornado/netutil.py", line 273, in accept_handler
  File "/usr/lib/python3.12/socket.py", line 295, in accept
OSError: [Errno 24] Too many open files
Exception in callback BaseAsyncIOLoop._handle_events(7, 1)
handle: <Handle BaseAsyncIOLoop._handle_events(7, 1)>
Traceback (most recent call last):
  File "/usr/lib/python3.12/asyncio/events.py", line 88, in _run
    self._context.run(self._callback, *self._args)
  File "/home/Shared/UniBe-swiss-ndvi/GitHub/swiss-ndvi-processing/.venv/lib/python3.12/site-packages/tornado/platform/asyncio.py", line 208, in _handle_events
  File "/home/Shared/UniBe-swiss-ndvi/GitHub/swiss-ndvi-processing/.venv/lib/python3.12/site-packages/tornado/netutil.py", line 273, in accept_handler
  File "/usr/lib/python3.12/socket.py", line 295, in accept
OSError: [Errno 24] Too many open files
Exception in callback BaseAsyncIOLoop._handle_events(7, 1)
handle: <Handle BaseAsyncIOLoop._handle_events(7, 1)>
Traceback (most recent call last):
  File "/usr/lib/python3.12/asyncio/events.py", line 88, in _run
    self._context.run(self._callback, *self._args)
  File "/home/Shared/UniBe-swiss-ndvi/GitHub/swiss-ndvi-processing/.venv/lib/python3.12/site-packages/tornado/platform/asyncio.py", line 208, in _handle_events
  File "/home/Shared/UniBe-swiss-ndvi/GitHub/swiss-ndvi-processing/.venv/lib/python3.12/site-packages/tornado/netutil.py", line 273, in accept_handler
  File "/usr/lib/python3.12/socket.py", line 295, in accept
OSError: [Errno 24] Too many open files
Exception in callback BaseAsyncIOLoop._handle_events(7, 1)
handle: <Handle BaseAsyncIOLoop._handle_events(7, 1)>
Traceback (most recent call last):
  File "/usr/lib/python3.12/asyncio/events.py", line 88, in _run
    self._context.run(self._callback, *self._args)
  File "/home/Shared/UniBe-swiss-ndvi/GitHub/swiss-ndvi-processing/.venv/lib/python3.12/site-packages/tornado/platform/asyncio.py", line 208, in _handle_events
  File "/home/Shared/UniBe-swiss-ndvi/GitHub/swiss-ndvi-processing/.venv/lib/python3.12/site-packages/tornado/netutil.py", line 273, in accept_handler
  File "/usr/lib/python3.12/socket.py", line 295, in accept
OSError: [Errno 24] Too many open files
Exception in callback BaseAsyncIOLoop._handle_events(7, 1)
handle: <Handle BaseAsyncIOLoop._handle_events(7, 1)>
Traceback (most recent call last):
  File "/usr/lib/python3.12/asyncio/events.py", line 88, in _run
    self._context.run(self._callback, *self._args)
  File "/home/Shared/UniBe-swiss-ndvi/GitHub/swiss-ndvi-processing/.venv/lib/python3.12/site-packages/tornado/platform/asyncio.py", line 208, in _handle_events
  File "/home/Shared/UniBe-swiss-ndvi/GitHub/swiss-ndvi-processing/.venv/lib/python3.12/site-packages/tornado/netutil.py", line 273, in accept_handler
  File "/usr/lib/python3.12/socket.py", line 295, in accept
OSError: [Errno 24] Too many open files
Exception in callback BaseAsyncIOLoop._handle_events(7, 1)
handle: <Handle BaseAsyncIOLoop._handle_events(7, 1)>
Traceback (most recent call last):
  File "/usr/lib/python3.12/asyncio/events.py", line 88, in _run
    self._context.run(self._callback, *self._args)
  File "/home/Shared/UniBe-swiss-ndvi/GitHub/swiss-ndvi-processing/.venv/lib/python3.12/site-packages/tornado/platform/asyncio.py", line 208, in _handle_events
  File "/home/Shared/UniBe-swiss-ndvi/GitHub/swiss-ndvi-processing/.venv/lib/python3.12/site-packages/tornado/netutil.py", line 273, in accept_handler
  File "/usr/lib/python3.12/socket.py", line 295, in accept
OSError: [Errno 24] Too many open files
Exception in callback BaseAsyncIOLoop._handle_events(7, 1)
handle: <Handle BaseAsyncIOLoop._handle_events(7, 1)>
Traceback (most recent call last):
  File "/usr/lib/python3.12/asyncio/events.py", line 88, in _run
    self._context.run(self._callback, *self._args)
  File "/home/Shared/UniBe-swiss-ndvi/GitHub/swiss-ndvi-processing/.venv/lib/python3.12/site-packages/tornado/platform/asyncio.py", line 208, in _handle_events
  File "/home/Shared/UniBe-swiss-ndvi/GitHub/swiss-ndvi-processing/.venv/lib/python3.12/site-packages/tornado/netutil.py", line 273, in accept_handler
  File "/usr/lib/python3.12/socket.py", line 295, in accept
OSError: [Errno 24] Too many open files
Exception in callback BaseAsyncIOLoop._handle_events(7, 1)
handle: <Handle BaseAsyncIOLoop._handle_events(7, 1)>
Traceback (most recent call last):
  File "/usr/lib/python3.12/asyncio/events.py", line 88, in _run
    self._context.run(self._callback, *self._args)
  File "/home/Shared/UniBe-swiss-ndvi/GitHub/swiss-ndvi-processing/.venv/lib/python3.12/site-packages/tornado/platform/asyncio.py", line 208, in _handle_events
  File "/home/Shared/UniBe-swiss-ndvi/GitHub/swiss-ndvi-processing/.venv/lib/python3.12/site-packages/tornado/netutil.py", line 273, in accept_handler
  File "/usr/lib/python3.12/socket.py", line 295, in accept
OSError: [Errno 24] Too many open files
Exception in callback BaseAsyncIOLoop._handle_events(7, 1)
handle: <Handle BaseAsyncIOLoop._handle_events(7, 1)>
Traceback (most recent call last):
  File "/usr/lib/python3.12/asyncio/events.py", line 88, in _run
    self._context.run(self._callback, *self._args)
  File "/home/Shared/UniBe-swiss-ndvi/GitHub/swiss-ndvi-processing/.venv/lib/python3.12/site-packages/tornado/platform/asyncio.py", line 208, in _handle_events
  File "/home/Shared/UniBe-swiss-ndvi/GitHub/swiss-ndvi-processing/.venv/lib/python3.12/site-packages/tornado/netutil.py", line 273, in accept_handler
  File "/usr/lib/python3.12/socket.py", line 295, in accept
OSError: [Errno 24] Too many open files
Exception in callback BaseAsyncIOLoop._handle_events(7, 1)
handle: <Handle BaseAsyncIOLoop._handle_events(7, 1)>
Traceback (most recent call last):
  File "/usr/lib/python3.12/asyncio/events.py", line 88, in _run
    self._context.run(self._callback, *self._args)
  File "/home/Shared/UniBe-swiss-ndvi/GitHub/swiss-ndvi-processing/.venv/lib/python3.12/site-packages/tornado/platform/asyncio.py", line 208, in _handle_events
  File "/home/Shared/UniBe-swiss-ndvi/GitHub/swiss-ndvi-processing/.venv/lib/python3.12/site-packages/tornado/netutil.py", line 273, in accept_handler
  File "/usr/lib/python3.12/socket.py", line 295, in accept
OSError: [Errno 24] Too many open files
Exception in callback BaseAsyncIOLoop._handle_events(7, 1)
handle: <Handle BaseAsyncIOLoop._handle_events(7, 1)>
Traceback (most recent call last):
  File "/usr/lib/python3.12/asyncio/events.py", line 88, in _run
    self._context.run(self._callback, *self._args)
  File "/home/Shared/UniBe-swiss-ndvi/GitHub/swiss-ndvi-processing/.venv/lib/python3.12/site-packages/tornado/platform/asyncio.py", line 208, in _handle_events
  File "/home/Shared/UniBe-swiss-ndvi/GitHub/swiss-ndvi-processing/.venv/lib/python3.12/site-packages/tornado/netutil.py", line 273, in accept_handler
  File "/usr/lib/python3.12/socket.py", line 295, in accept
OSError: [Errno 24] Too many open files
Exception in callback BaseAsyncIOLoop._handle_events(7, 1)
handle: <Handle BaseAsyncIOLoop._handle_events(7, 1)>
Traceback (most recent call last):
  File "/usr/lib/python3.12/asyncio/events.py", line 88, in _run
    self._context.run(self._callback, *self._args)
  File "/home/Shared/UniBe-swiss-ndvi/GitHub/swiss-ndvi-processing/.venv/lib/python3.12/site-packages/tornado/platform/asyncio.py", line 208, in _handle_events
  File "/home/Shared/UniBe-swiss-ndvi/GitHub/swiss-ndvi-processing/.venv/lib/python3.12/site-packages/tornado/netutil.py", line 273, in accept_handler
  File "/usr/lib/python3.12/socket.py", line 295, in accept
OSError: [Errno 24] Too many open files
Exception in callback BaseAsyncIOLoop._handle_events(7, 1)
handle: <Handle BaseAsyncIOLoop._handle_events(7, 1)>
Traceback (most recent call last):
  File "/usr/lib/python3.12/asyncio/events.py", line 88, in _run
    self._context.run(self._callback, *self._args)
  File "/home/Shared/UniBe-swiss-ndvi/GitHub/swiss-ndvi-processing/.venv/lib/python3.12/site-packages/tornado/platform/asyncio.py", line 208, in _handle_events
  File "/home/Shared/UniBe-swiss-ndvi/GitHub/swiss-ndvi-processing/.venv/lib/python3.12/site-packages/tornado/netutil.py", line 273, in accept_handler
  File "/usr/lib/python3.12/socket.py", line 295, in accept
OSError: [Errno 24] Too many open files
Exception in callback BaseAsyncIOLoop._handle_events(7, 1)
handle: <Handle BaseAsyncIOLoop._handle_events(7, 1)>
Traceback (most recent call last):
  File "/usr/lib/python3.12/asyncio/events.py", line 88, in _run
    self._context.run(self._callback, *self._args)
  File "/home/Shared/UniBe-swiss-ndvi/GitHub/swiss-ndvi-processing/.venv/lib/python3.12/site-packages/tornado/platform/asyncio.py", line 208, in _handle_events
  File "/home/Shared/UniBe-swiss-ndvi/GitHub/swiss-ndvi-processing/.venv/lib/python3.12/site-packages/tornado/netutil.py", line 273, in accept_handler
  File "/usr/lib/python3.12/socket.py", line 295, in accept
OSError: [Errno 24] Too many open files
Exception in callback BaseAsyncIOLoop._handle_events(7, 1)
handle: <Handle BaseAsyncIOLoop._handle_events(7, 1)>
Traceback (most recent call last):
  File "/usr/lib/python3.12/asyncio/events.py", line 88, in _run
    self._context.run(self._callback, *self._args)
  File "/home/Shared/UniBe-swiss-ndvi/GitHub/swiss-ndvi-processing/.venv/lib/python3.12/site-packages/tornado/platform/asyncio.py", line 208, in _handle_events
  File "/home/Shared/UniBe-swiss-ndvi/GitHub/swiss-ndvi-processing/.venv/lib/python3.12/site-packages/tornado/netutil.py", line 273, in accept_handler
  File "/usr/lib/python3.12/socket.py", line 295, in accept
OSError: [Errno 24] Too many open files
Exception in callback BaseAsyncIOLoop._handle_events(7, 1)
handle: <Handle BaseAsyncIOLoop._handle_events(7, 1)>
Traceback (most recent call last):
  File "/usr/lib/python3.12/asyncio/events.py", line 88, in _run
    self._context.run(self._callback, *self._args)
  File "/home/Shared/UniBe-swiss-ndvi/GitHub/swiss-ndvi-processing/.venv/lib/python3.12/site-packages/tornado/platform/asyncio.py", line 208, in _handle_events
  File "/home/Shared/UniBe-swiss-ndvi/GitHub/swiss-ndvi-processing/.venv/lib/python3.12/site-packages/tornado/netutil.py", line 273, in accept_handler
  File "/usr/lib/python3.12/socket.py", line 295, in accept
OSError: [Errno 24] Too many open files
Exception in callback BaseAsyncIOLoop._handle_events(7, 1)
handle: <Handle BaseAsyncIOLoop._handle_events(7, 1)>
Traceback (most recent call last):
  File "/usr/lib/python3.12/asyncio/events.py", line 88, in _run
    self._context.run(self._callback, *self._args)
  File "/home/Shared/UniBe-swiss-ndvi/GitHub/swiss-ndvi-processing/.venv/lib/python3.12/site-packages/tornado/platform/asyncio.py", line 208, in _handle_events
  File "/home/Shared/UniBe-swiss-ndvi/GitHub/swiss-ndvi-processing/.venv/lib/python3.12/site-packages/tornado/netutil.py", line 273, in accept_handler
  File "/usr/lib/python3.12/socket.py", line 295, in accept
OSError: [Errno 24] Too many open files
Exception in callback BaseAsyncIOLoop._handle_events(7, 1)
handle: <Handle BaseAsyncIOLoop._handle_events(7, 1)>
Traceback (most recent call last):
  File "/usr/lib/python3.12/asyncio/events.py", line 88, in _run
    self._context.run(self._callback, *self._args)
  File "/home/Shared/UniBe-swiss-ndvi/GitHub/swiss-ndvi-processing/.venv/lib/python3.12/site-packages/tornado/platform/asyncio.py", line 208, in _handle_events
  File "/home/Shared/UniBe-swiss-ndvi/GitHub/swiss-ndvi-processing/.venv/lib/python3.12/site-packages/tornado/netutil.py", line 273, in accept_handler
  File "/usr/lib/python3.12/socket.py", line 295, in accept
OSError: [Errno 24] Too many open files
Exception in callback BaseAsyncIOLoop._handle_events(7, 1)
handle: <Handle BaseAsyncIOLoop._handle_events(7, 1)>
Traceback (most recent call last):
  File "/usr/lib/python3.12/asyncio/events.py", line 88, in _run
    self._context.run(self._callback, *self._args)
  File "/home/Shared/UniBe-swiss-ndvi/GitHub/swiss-ndvi-processing/.venv/lib/python3.12/site-packages/tornado/platform/asyncio.py", line 208, in _handle_events
  File "/home/Shared/UniBe-swiss-ndvi/GitHub/swiss-ndvi-processing/.venv/lib/python3.12/site-packages/tornado/netutil.py", line 273, in accept_handler
  File "/usr/lib/python3.12/socket.py", line 295, in accept
OSError: [Errno 24] Too many open files
Exception in callback BaseAsyncIOLoop._handle_events(7, 1)
handle: <Handle BaseAsyncIOLoop._handle_events(7, 1)>
Traceback (most recent call last):
  File "/usr/lib/python3.12/asyncio/events.py", line 88, in _run
    self._context.run(self._callback, *self._args)
  File "/home/Shared/UniBe-swiss-ndvi/GitHub/swiss-ndvi-processing/.venv/lib/python3.12/site-packages/tornado/platform/asyncio.py", line 208, in _handle_events
  File "/home/Shared/UniBe-swiss-ndvi/GitHub/swiss-ndvi-processing/.venv/lib/python3.12/site-packages/tornado/netutil.py", line 273, in accept_handler
  File "/usr/lib/python3.12/socket.py", line 295, in accept
OSError: [Errno 24] Too many open files
Exception in callback BaseAsyncIOLoop._handle_events(7, 1)
handle: <Handle BaseAsyncIOLoop._handle_events(7, 1)>
Traceback (most recent call last):
  File "/usr/lib/python3.12/asyncio/events.py", line 88, in _run
    self._context.run(self._callback, *self._args)
  File "/home/Shared/UniBe-swiss-ndvi/GitHub/swiss-ndvi-processing/.venv/lib/python3.12/site-packages/tornado/platform/asyncio.py", line 208, in _handle_events
  File "/home/Shared/UniBe-swiss-ndvi/GitHub/swiss-ndvi-processing/.venv/lib/python3.12/site-packages/tornado/netutil.py", line 273, in accept_handler
  File "/usr/lib/python3.12/socket.py", line 295, in accept
OSError: [Errno 24] Too many open files
Exception in callback BaseAsyncIOLoop._handle_events(7, 1)
handle: <Handle BaseAsyncIOLoop._handle_events(7, 1)>
Traceback (most recent call last):
  File "/usr/lib/python3.12/asyncio/events.py", line 88, in _run
    self._context.run(self._callback, *self._args)
  File "/home/Shared/UniBe-swiss-ndvi/GitHub/swiss-ndvi-processing/.venv/lib/python3.12/site-packages/tornado/platform/asyncio.py", line 208, in _handle_events
  File "/home/Shared/UniBe-swiss-ndvi/GitHub/swiss-ndvi-processing/.venv/lib/python3.12/site-packages/tornado/netutil.py", line 273, in accept_handler
  File "/usr/lib/python3.12/socket.py", line 295, in accept
OSError: [Errno 24] Too many open files
Exception in callback BaseAsyncIOLoop._handle_events(7, 1)
handle: <Handle BaseAsyncIOLoop._handle_events(7, 1)>
Traceback (most recent call last):
  File "/usr/lib/python3.12/asyncio/events.py", line 88, in _run
    self._context.run(self._callback, *self._args)
  File "/home/Shared/UniBe-swiss-ndvi/GitHub/swiss-ndvi-processing/.venv/lib/python3.12/site-packages/tornado/platform/asyncio.py", line 208, in _handle_events
  File "/home/Shared/UniBe-swiss-ndvi/GitHub/swiss-ndvi-processing/.venv/lib/python3.12/site-packages/tornado/netutil.py", line 273, in accept_handler
  File "/usr/lib/python3.12/socket.py", line 295, in accept
OSError: [Errno 24] Too many open files
Exception in callback BaseAsyncIOLoop._handle_events(7, 1)
handle: <Handle BaseAsyncIOLoop._handle_events(7, 1)>
Traceback (most recent call last):
  File "/usr/lib/python3.12/asyncio/events.py", line 88, in _run
    self._context.run(self._callback, *self._args)
  File "/home/Shared/UniBe-swiss-ndvi/GitHub/swiss-ndvi-processing/.venv/lib/python3.12/site-packages/tornado/platform/asyncio.py", line 208, in _handle_events
  File "/home/Shared/UniBe-swiss-ndvi/GitHub/swiss-ndvi-processing/.venv/lib/python3.12/site-packages/tornado/netutil.py", line 273, in accept_handler
  File "/usr/lib/python3.12/socket.py", line 295, in accept
OSError: [Errno 24] Too many open files
Exception in callback BaseAsyncIOLoop._handle_events(7, 1)
handle: <Handle BaseAsyncIOLoop._handle_events(7, 1)>
Traceback (most recent call last):
  File "/usr/lib/python3.12/asyncio/events.py", line 88, in _run
    self._context.run(self._callback, *self._args)
  File "/home/Shared/UniBe-swiss-ndvi/GitHub/swiss-ndvi-processing/.venv/lib/python3.12/site-packages/tornado/platform/asyncio.py", line 208, in _handle_events
  File "/home/Shared/UniBe-swiss-ndvi/GitHub/swiss-ndvi-processing/.venv/lib/python3.12/site-packages/tornado/netutil.py", line 273, in accept_handler
  File "/usr/lib/python3.12/socket.py", line 295, in accept
OSError: [Errno 24] Too many open files
Exception in callback BaseAsyncIOLoop._handle_events(7, 1)
handle: <Handle BaseAsyncIOLoop._handle_events(7, 1)>
Traceback (most recent call last):
  File "/usr/lib/python3.12/asyncio/events.py", line 88, in _run
    self._context.run(self._callback, *self._args)
  File "/home/Shared/UniBe-swiss-ndvi/GitHub/swiss-ndvi-processing/.venv/lib/python3.12/site-packages/tornado/platform/asyncio.py", line 208, in _handle_events
  File "/home/Shared/UniBe-swiss-ndvi/GitHub/swiss-ndvi-processing/.venv/lib/python3.12/site-packages/tornado/netutil.py", line 273, in accept_handler
  File "/usr/lib/python3.12/socket.py", line 295, in accept
OSError: [Errno 24] Too many open files
Exception in callback BaseAsyncIOLoop._handle_events(7, 1)
handle: <Handle BaseAsyncIOLoop._handle_events(7, 1)>
Traceback (most recent call last):
  File "/usr/lib/python3.12/asyncio/events.py", line 88, in _run
    self._context.run(self._callback, *self._args)
  File "/home/Shared/UniBe-swiss-ndvi/GitHub/swiss-ndvi-processing/.venv/lib/python3.12/site-packages/tornado/platform/asyncio.py", line 208, in _handle_events
  File "/home/Shared/UniBe-swiss-ndvi/GitHub/swiss-ndvi-processing/.venv/lib/python3.12/site-packages/tornado/netutil.py", line 273, in accept_handler
  File "/usr/lib/python3.12/socket.py", line 295, in accept
OSError: [Errno 24] Too many open files
Exception in callback BaseAsyncIOLoop._handle_events(7, 1)
handle: <Handle BaseAsyncIOLoop._handle_events(7, 1)>
Traceback (most recent call last):
  File "/usr/lib/python3.12/asyncio/events.py", line 88, in _run
    self._context.run(self._callback, *self._args)
  File "/home/Shared/UniBe-swiss-ndvi/GitHub/swiss-ndvi-processing/.venv/lib/python3.12/site-packages/tornado/platform/asyncio.py", line 208, in _handle_events
  File "/home/Shared/UniBe-swiss-ndvi/GitHub/swiss-ndvi-processing/.venv/lib/python3.12/site-packages/tornado/netutil.py", line 273, in accept_handler
  File "/usr/lib/python3.12/socket.py", line 295, in accept
OSError: [Errno 24] Too many open files
Exception in callback BaseAsyncIOLoop._handle_events(7, 1)
handle: <Handle BaseAsyncIOLoop._handle_events(7, 1)>
Traceback (most recent call last):
  File "/usr/lib/python3.12/asyncio/events.py", line 88, in _run
    self._context.run(self._callback, *self._args)
  File "/home/Shared/UniBe-swiss-ndvi/GitHub/swiss-ndvi-processing/.venv/lib/python3.12/site-packages/tornado/platform/asyncio.py", line 208, in _handle_events
  File "/home/Shared/UniBe-swiss-ndvi/GitHub/swiss-ndvi-processing/.venv/lib/python3.12/site-packages/tornado/netutil.py", line 273, in accept_handler
  File "/usr/lib/python3.12/socket.py", line 295, in accept
OSError: [Errno 24] Too many open files
Exception in callback BaseAsyncIOLoop._handle_events(7, 1)
handle: <Handle BaseAsyncIOLoop._handle_events(7, 1)>
Traceback (most recent call last):
  File "/usr/lib/python3.12/asyncio/events.py", line 88, in _run
    self._context.run(self._callback, *self._args)
  File "/home/Shared/UniBe-swiss-ndvi/GitHub/swiss-ndvi-processing/.venv/lib/python3.12/site-packages/tornado/platform/asyncio.py", line 208, in _handle_events
  File "/home/Shared/UniBe-swiss-ndvi/GitHub/swiss-ndvi-processing/.venv/lib/python3.12/site-packages/tornado/netutil.py", line 273, in accept_handler
  File "/usr/lib/python3.12/socket.py", line 295, in accept
OSError: [Errno 24] Too many open files
Exception in callback BaseAsyncIOLoop._handle_events(7, 1)
handle: <Handle BaseAsyncIOLoop._handle_events(7, 1)>
Traceback (most recent call last):
  File "/usr/lib/python3.12/asyncio/events.py", line 88, in _run
    self._context.run(self._callback, *self._args)
  File "/home/Shared/UniBe-swiss-ndvi/GitHub/swiss-ndvi-processing/.venv/lib/python3.12/site-packages/tornado/platform/asyncio.py", line 208, in _handle_events
  File "/home/Shared/UniBe-swiss-ndvi/GitHub/swiss-ndvi-processing/.venv/lib/python3.12/site-packages/tornado/netutil.py", line 273, in accept_handler
  File "/usr/lib/python3.12/socket.py", line 295, in accept
OSError: [Errno 24] Too many open files
Exception in callback BaseAsyncIOLoop._handle_events(7, 1)
handle: <Handle BaseAsyncIOLoop._handle_events(7, 1)>
Traceback (most recent call last):
  File "/usr/lib/python3.12/asyncio/events.py", line 88, in _run
    self._context.run(self._callback, *self._args)
  File "/home/Shared/UniBe-swiss-ndvi/GitHub/swiss-ndvi-processing/.venv/lib/python3.12/site-packages/tornado/platform/asyncio.py", line 208, in _handle_events
  File "/home/Shared/UniBe-swiss-ndvi/GitHub/swiss-ndvi-processing/.venv/lib/python3.12/site-packages/tornado/netutil.py", line 273, in accept_handler
  File "/usr/lib/python3.12/socket.py", line 295, in accept
OSError: [Errno 24] Too many open files
2026-04-08 22:42:52,540 - distributed.worker - WARNING - Mismatched versions found

+-------------+---------------------------------------------+-----------+----------+
| Package     | Worker-2b8a69d8-a986-4b99-bcdd-8c626bfea138 | Scheduler | Workers  |
+-------------+---------------------------------------------+-----------+----------+
| cloudpickle | 3.1.1                                       | None      | 3.1.1    |
| dask        | 2025.9.1                                    | None      | 2025.9.1 |
| distributed | 2025.9.1                                    | None      | 2025.9.1 |
| lz4         | 4.3.2                                       | None      | 4.3.2    |
| msgpack     | 1.1.1                                       | None      | 1.1.1    |
| toolz       | 1.0.0                                       | None      | 1.0.0    |
| tornado     | 6.5.1                                       | None      | 6.5.1    |
+-------------+---------------------------------------------+-----------+----------+
Exception in callback BaseAsyncIOLoop._handle_events(7, 1)
handle: <Handle BaseAsyncIOLoop._handle_events(7, 1)>
Traceback (most recent call last):
  File "/usr/lib/python3.12/asyncio/events.py", line 88, in _run
    self._context.run(self._callback, *self._args)
  File "/home/Shared/UniBe-swiss-ndvi/GitHub/swiss-ndvi-processing/.venv/lib/python3.12/site-packages/tornado/platform/asyncio.py", line 208, in _handle_events
  File "/home/Shared/UniBe-swiss-ndvi/GitHub/swiss-ndvi-processing/.venv/lib/python3.12/site-packages/tornado/netutil.py", line 273, in accept_handler
  File "/usr/lib/python3.12/socket.py", line 295, in accept
OSError: [Errno 24] Too many open files
2026-04-08 22:42:52,541 - distributed.worker - WARNING - Mismatched versions found

+-------------+---------------------------------------------+-----------+----------+
| Package     | Worker-b0430765-9f04-4bd1-83ac-e9aa19ec0ba4 | Scheduler | Workers  |
+-------------+---------------------------------------------+-----------+----------+
| cloudpickle | 3.1.1                                       | None      | 3.1.1    |
| dask        | 2025.9.1                                    | None      | 2025.9.1 |
| distributed | 2025.9.1                                    | None      | 2025.9.1 |
| lz4         | 4.3.2                                       | None      | 4.3.2    |
| msgpack     | 1.1.1                                       | None      | 1.1.1    |
| toolz       | 1.0.0                                       | None      | 1.0.0    |
| tornado     | 6.5.1                                       | None      | 6.5.1    |
+-------------+---------------------------------------------+-----------+----------+
Exception in callback BaseAsyncIOLoop._handle_events(7, 1)
handle: <Handle BaseAsyncIOLoop._handle_events(7, 1)>
Traceback (most recent call last):
  File "/usr/lib/python3.12/asyncio/events.py", line 88, in _run
    self._context.run(self._callback, *self._args)
  File "/home/Shared/UniBe-swiss-ndvi/GitHub/swiss-ndvi-processing/.venv/lib/python3.12/site-packages/tornado/platform/asyncio.py", line 208, in _handle_events
  File "/home/Shared/UniBe-swiss-ndvi/GitHub/swiss-ndvi-processing/.venv/lib/python3.12/site-packages/tornado/netutil.py", line 273, in accept_handler
  File "/usr/lib/python3.12/socket.py", line 295, in accept
OSError: [Errno 24] Too many open files
Exception in callback BaseAsyncIOLoop._handle_events(7, 1)
handle: <Handle BaseAsyncIOLoop._handle_events(7, 1)>
Traceback (most recent call last):
  File "/usr/lib/python3.12/asyncio/events.py", line 88, in _run
    self._context.run(self._callback, *self._args)
  File "/home/Shared/UniBe-swiss-ndvi/GitHub/swiss-ndvi-processing/.venv/lib/python3.12/site-packages/tornado/platform/asyncio.py", line 208, in _handle_events
  File "/home/Shared/UniBe-swiss-ndvi/GitHub/swiss-ndvi-processing/.venv/lib/python3.12/site-packages/tornado/netutil.py", line 273, in accept_handler
  File "/usr/lib/python3.12/socket.py", line 295, in accept
OSError: [Errno 24] Too many open files
Exception in callback BaseAsyncIOLoop._handle_events(7, 1)
handle: <Handle BaseAsyncIOLoop._handle_events(7, 1)>
Traceback (most recent call last):
  File "/usr/lib/python3.12/asyncio/events.py", line 88, in _run
    self._context.run(self._callback, *self._args)
  File "/home/Shared/UniBe-swiss-ndvi/GitHub/swiss-ndvi-processing/.venv/lib/python3.12/site-packages/tornado/platform/asyncio.py", line 208, in _handle_events
  File "/home/Shared/UniBe-swiss-ndvi/GitHub/swiss-ndvi-processing/.venv/lib/python3.12/site-packages/tornado/netutil.py", line 273, in accept_handler
  File "/usr/lib/python3.12/socket.py", line 295, in accept
OSError: [Errno 24] Too many open files
Exception in callback BaseAsyncIOLoop._handle_events(7, 1)
handle: <Handle BaseAsyncIOLoop._handle_events(7, 1)>
Traceback (most recent call last):
  File "/usr/lib/python3.12/asyncio/events.py", line 88, in _run
    self._context.run(self._callback, *self._args)
  File "/home/Shared/UniBe-swiss-ndvi/GitHub/swiss-ndvi-processing/.venv/lib/python3.12/site-packages/tornado/platform/asyncio.py", line 208, in _handle_events
  File "/home/Shared/UniBe-swiss-ndvi/GitHub/swiss-ndvi-processing/.venv/lib/python3.12/site-packages/tornado/netutil.py", line 273, in accept_handler
  File "/usr/lib/python3.12/socket.py", line 295, in accept
OSError: [Errno 24] Too many open files
Exception in callback BaseAsyncIOLoop._handle_events(7, 1)
handle: <Handle BaseAsyncIOLoop._handle_events(7, 1)>
Traceback (most recent call last):
  File "/usr/lib/python3.12/asyncio/events.py", line 88, in _run
    self._context.run(self._callback, *self._args)
  File "/home/Shared/UniBe-swiss-ndvi/GitHub/swiss-ndvi-processing/.venv/lib/python3.12/site-packages/tornado/platform/asyncio.py", line 208, in _handle_events
  File "/home/Shared/UniBe-swiss-ndvi/GitHub/swiss-ndvi-processing/.venv/lib/python3.12/site-packages/tornado/netutil.py", line 273, in accept_handler
  File "/usr/lib/python3.12/socket.py", line 295, in accept
OSError: [Errno 24] Too many open files
Exception in callback BaseAsyncIOLoop._handle_events(7, 1)
handle: <Handle BaseAsyncIOLoop._handle_events(7, 1)>
Traceback (most recent call last):
  File "/usr/lib/python3.12/asyncio/events.py", line 88, in _run
    self._context.run(self._callback, *self._args)
  File "/home/Shared/UniBe-swiss-ndvi/GitHub/swiss-ndvi-processing/.venv/lib/python3.12/site-packages/tornado/platform/asyncio.py", line 208, in _handle_events
  File "/home/Shared/UniBe-swiss-ndvi/GitHub/swiss-ndvi-processing/.venv/lib/python3.12/site-packages/tornado/netutil.py", line 273, in accept_handler
  File "/usr/lib/python3.12/socket.py", line 295, in accept
OSError: [Errno 24] Too many open files
Exception in callback BaseAsyncIOLoop._handle_events(7, 1)
handle: <Handle BaseAsyncIOLoop._handle_events(7, 1)>
Traceback (most recent call last):
  File "/usr/lib/python3.12/asyncio/events.py", line 88, in _run
    self._context.run(self._callback, *self._args)
  File "/home/Shared/UniBe-swiss-ndvi/GitHub/swiss-ndvi-processing/.venv/lib/python3.12/site-packages/tornado/platform/asyncio.py", line 208, in _handle_events
  File "/home/Shared/UniBe-swiss-ndvi/GitHub/swiss-ndvi-processing/.venv/lib/python3.12/site-packages/tornado/netutil.py", line 273, in accept_handler
  File "/usr/lib/python3.12/socket.py", line 295, in accept
OSError: [Errno 24] Too many open files
Exception in callback BaseAsyncIOLoop._handle_events(7, 1)
handle: <Handle BaseAsyncIOLoop._handle_events(7, 1)>
Traceback (most recent call last):
  File "/usr/lib/python3.12/asyncio/events.py", line 88, in _run
    self._context.run(self._callback, *self._args)
  File "/home/Shared/UniBe-swiss-ndvi/GitHub/swiss-ndvi-processing/.venv/lib/python3.12/site-packages/tornado/platform/asyncio.py", line 208, in _handle_events
  File "/home/Shared/UniBe-swiss-ndvi/GitHub/swiss-ndvi-processing/.venv/lib/python3.12/site-packages/tornado/netutil.py", line 273, in accept_handler
  File "/usr/lib/python3.12/socket.py", line 295, in accept
OSError: [Errno 24] Too many open files
Exception in callback BaseAsyncIOLoop._handle_events(7, 1)
handle: <Handle BaseAsyncIOLoop._handle_events(7, 1)>
Traceback (most recent call last):
  File "/usr/lib/python3.12/asyncio/events.py", line 88, in _run
    self._context.run(self._callback, *self._args)
  File "/home/Shared/UniBe-swiss-ndvi/GitHub/swiss-ndvi-processing/.venv/lib/python3.12/site-packages/tornado/platform/asyncio.py", line 208, in _handle_events
  File "/home/Shared/UniBe-swiss-ndvi/GitHub/swiss-ndvi-processing/.venv/lib/python3.12/site-packages/tornado/netutil.py", line 273, in accept_handler
  File "/usr/lib/python3.12/socket.py", line 295, in accept
OSError: [Errno 24] Too many open files
Exception in callback BaseAsyncIOLoop._handle_events(7, 1)
handle: <Handle BaseAsyncIOLoop._handle_events(7, 1)>
Traceback (most recent call last):
  File "/usr/lib/python3.12/asyncio/events.py", line 88, in _run
    self._context.run(self._callback, *self._args)
  File "/home/Shared/UniBe-swiss-ndvi/GitHub/swiss-ndvi-processing/.venv/lib/python3.12/site-packages/tornado/platform/asyncio.py", line 208, in _handle_events
  File "/home/Shared/UniBe-swiss-ndvi/GitHub/swiss-ndvi-processing/.venv/lib/python3.12/site-packages/tornado/netutil.py", line 273, in accept_handler
  File "/usr/lib/python3.12/socket.py", line 295, in accept
OSError: [Errno 24] Too many open files
Exception in callback BaseAsyncIOLoop._handle_events(7, 1)
handle: <Handle BaseAsyncIOLoop._handle_events(7, 1)>
Traceback (most recent call last):
  File "/usr/lib/python3.12/asyncio/events.py", line 88, in _run
    self._context.run(self._callback, *self._args)
  File "/home/Shared/UniBe-swiss-ndvi/GitHub/swiss-ndvi-processing/.venv/lib/python3.12/site-packages/tornado/platform/asyncio.py", line 208, in _handle_events
  File "/home/Shared/UniBe-swiss-ndvi/GitHub/swiss-ndvi-processing/.venv/lib/python3.12/site-packages/tornado/netutil.py", line 273, in accept_handler
  File "/usr/lib/python3.12/socket.py", line 295, in accept
OSError: [Errno 24] Too many open files
Exception in callback BaseAsyncIOLoop._handle_events(7, 1)
handle: <Handle BaseAsyncIOLoop._handle_events(7, 1)>
Traceback (most recent call last):
  File "/usr/lib/python3.12/asyncio/events.py", line 88, in _run
    self._context.run(self._callback, *self._args)
  File "/home/Shared/UniBe-swiss-ndvi/GitHub/swiss-ndvi-processing/.venv/lib/python3.12/site-packages/tornado/platform/asyncio.py", line 208, in _handle_events
  File "/home/Shared/UniBe-swiss-ndvi/GitHub/swiss-ndvi-processing/.venv/lib/python3.12/site-packages/tornado/netutil.py", line 273, in accept_handler
  File "/usr/lib/python3.12/socket.py", line 295, in accept
OSError: [Errno 24] Too many open files
Exception in callback BaseAsyncIOLoop._handle_events(7, 1)
handle: <Handle BaseAsyncIOLoop._handle_events(7, 1)>
Traceback (most recent call last):
  File "/usr/lib/python3.12/asyncio/events.py", line 88, in _run
    self._context.run(self._callback, *self._args)
  File "/home/Shared/UniBe-swiss-ndvi/GitHub/swiss-ndvi-processing/.venv/lib/python3.12/site-packages/tornado/platform/asyncio.py", line 208, in _handle_events
  File "/home/Shared/UniBe-swiss-ndvi/GitHub/swiss-ndvi-processing/.venv/lib/python3.12/site-packages/tornado/netutil.py", line 273, in accept_handler
  File "/usr/lib/python3.12/socket.py", line 295, in accept
OSError: [Errno 24] Too many open files
Exception in callback BaseAsyncIOLoop._handle_events(7, 1)
handle: <Handle BaseAsyncIOLoop._handle_events(7, 1)>
Traceback (most recent call last):
  File "/usr/lib/python3.12/asyncio/events.py", line 88, in _run
    self._context.run(self._callback, *self._args)
  File "/home/Shared/UniBe-swiss-ndvi/GitHub/swiss-ndvi-processing/.venv/lib/python3.12/site-packages/tornado/platform/asyncio.py", line 208, in _handle_events
  File "/home/Shared/UniBe-swiss-ndvi/GitHub/swiss-ndvi-processing/.venv/lib/python3.12/site-packages/tornado/netutil.py", line 273, in accept_handler
  File "/usr/lib/python3.12/socket.py", line 295, in accept
OSError: [Errno 24] Too many open files
Exception in callback BaseAsyncIOLoop._handle_events(7, 1)
handle: <Handle BaseAsyncIOLoop._handle_events(7, 1)>
Traceback (most recent call last):
  File "/usr/lib/python3.12/asyncio/events.py", line 88, in _run
    self._context.run(self._callback, *self._args)
  File "/home/Shared/UniBe-swiss-ndvi/GitHub/swiss-ndvi-processing/.venv/lib/python3.12/site-packages/tornado/platform/asyncio.py", line 208, in _handle_events
  File "/home/Shared/UniBe-swiss-ndvi/GitHub/swiss-ndvi-processing/.venv/lib/python3.12/site-packages/tornado/netutil.py", line 273, in accept_handler
  File "/usr/lib/python3.12/socket.py", line 295, in accept
OSError: [Errno 24] Too many open files
Exception in callback BaseAsyncIOLoop._handle_events(7, 1)
handle: <Handle BaseAsyncIOLoop._handle_events(7, 1)>
Traceback (most recent call last):
  File "/usr/lib/python3.12/asyncio/events.py", line 88, in _run
    self._context.run(self._callback, *self._args)
  File "/home/Shared/UniBe-swiss-ndvi/GitHub/swiss-ndvi-processing/.venv/lib/python3.12/site-packages/tornado/platform/asyncio.py", line 208, in _handle_events
  File "/home/Shared/UniBe-swiss-ndvi/GitHub/swiss-ndvi-processing/.venv/lib/python3.12/site-packages/tornado/netutil.py", line 273, in accept_handler
  File "/usr/lib/python3.12/socket.py", line 295, in accept
OSError: [Errno 24] Too many open files
Exception in callback BaseAsyncIOLoop._handle_events(7, 1)
handle: <Handle BaseAsyncIOLoop._handle_events(7, 1)>
Traceback (most recent call last):
  File "/usr/lib/python3.12/asyncio/events.py", line 88, in _run
    self._context.run(self._callback, *self._args)
  File "/home/Shared/UniBe-swiss-ndvi/GitHub/swiss-ndvi-processing/.venv/lib/python3.12/site-packages/tornado/platform/asyncio.py", line 208, in _handle_events
  File "/home/Shared/UniBe-swiss-ndvi/GitHub/swiss-ndvi-processing/.venv/lib/python3.12/site-packages/tornado/netutil.py", line 273, in accept_handler
  File "/usr/lib/python3.12/socket.py", line 295, in accept
OSError: [Errno 24] Too many open files
Exception in callback BaseAsyncIOLoop._handle_events(7, 1)
handle: <Handle BaseAsyncIOLoop._handle_events(7, 1)>
Traceback (most recent call last):
  File "/usr/lib/python3.12/asyncio/events.py", line 88, in _run
    self._context.run(self._callback, *self._args)
  File "/home/Shared/UniBe-swiss-ndvi/GitHub/swiss-ndvi-processing/.venv/lib/python3.12/site-packages/tornado/platform/asyncio.py", line 208, in _handle_events
  File "/home/Shared/UniBe-swiss-ndvi/GitHub/swiss-ndvi-processing/.venv/lib/python3.12/site-packages/tornado/netutil.py", line 273, in accept_handler
  File "/usr/lib/python3.12/socket.py", line 295, in accept
OSError: [Errno 24] Too many open files
Exception in callback BaseAsyncIOLoop._handle_events(7, 1)
handle: <Handle BaseAsyncIOLoop._handle_events(7, 1)>
Traceback (most recent call last):
  File "/usr/lib/python3.12/asyncio/events.py", line 88, in _run
    self._context.run(self._callback, *self._args)
  File "/home/Shared/UniBe-swiss-ndvi/GitHub/swiss-ndvi-processing/.venv/lib/python3.12/site-packages/tornado/platform/asyncio.py", line 208, in _handle_events
  File "/home/Shared/UniBe-swiss-ndvi/GitHub/swiss-ndvi-processing/.venv/lib/python3.12/site-packages/tornado/netutil.py", line 273, in accept_handler
  File "/usr/lib/python3.12/socket.py", line 295, in accept
OSError: [Errno 24] Too many open files
Exception in callback BaseAsyncIOLoop._handle_events(7, 1)
handle: <Handle BaseAsyncIOLoop._handle_events(7, 1)>
Traceback (most recent call last):
  File "/usr/lib/python3.12/asyncio/events.py", line 88, in _run
    self._context.run(self._callback, *self._args)
  File "/home/Shared/UniBe-swiss-ndvi/GitHub/swiss-ndvi-processing/.venv/lib/python3.12/site-packages/tornado/platform/asyncio.py", line 208, in _handle_events
  File "/home/Shared/UniBe-swiss-ndvi/GitHub/swiss-ndvi-processing/.venv/lib/python3.12/site-packages/tornado/netutil.py", line 273, in accept_handler
  File "/usr/lib/python3.12/socket.py", line 295, in accept
OSError: [Errno 24] Too many open files
Exception in callback BaseAsyncIOLoop._handle_events(7, 1)
handle: <Handle BaseAsyncIOLoop._handle_events(7, 1)>
Traceback (most recent call last):
  File "/usr/lib/python3.12/asyncio/events.py", line 88, in _run
    self._context.run(self._callback, *self._args)
  File "/home/Shared/UniBe-swiss-ndvi/GitHub/swiss-ndvi-processing/.venv/lib/python3.12/site-packages/tornado/platform/asyncio.py", line 208, in _handle_events
  File "/home/Shared/UniBe-swiss-ndvi/GitHub/swiss-ndvi-processing/.venv/lib/python3.12/site-packages/tornado/netutil.py", line 273, in accept_handler
  File "/usr/lib/python3.12/socket.py", line 295, in accept
OSError: [Errno 24] Too many open files
Exception in callback BaseAsyncIOLoop._handle_events(7, 1)
handle: <Handle BaseAsyncIOLoop._handle_events(7, 1)>
Traceback (most recent call last):
  File "/usr/lib/python3.12/asyncio/events.py", line 88, in _run
    self._context.run(self._callback, *self._args)
  File "/home/Shared/UniBe-swiss-ndvi/GitHub/swiss-ndvi-processing/.venv/lib/python3.12/site-packages/tornado/platform/asyncio.py", line 208, in _handle_events
  File "/home/Shared/UniBe-swiss-ndvi/GitHub/swiss-ndvi-processing/.venv/lib/python3.12/site-packages/tornado/netutil.py", line 273, in accept_handler
  File "/usr/lib/python3.12/socket.py", line 295, in accept
OSError: [Errno 24] Too many open files
Exception in callback BaseAsyncIOLoop._handle_events(7, 1)
handle: <Handle BaseAsyncIOLoop._handle_events(7, 1)>
Traceback (most recent call last):
  File "/usr/lib/python3.12/asyncio/events.py", line 88, in _run
    self._context.run(self._callback, *self._args)
  File "/home/Shared/UniBe-swiss-ndvi/GitHub/swiss-ndvi-processing/.venv/lib/python3.12/site-packages/tornado/platform/asyncio.py", line 208, in _handle_events
  File "/home/Shared/UniBe-swiss-ndvi/GitHub/swiss-ndvi-processing/.venv/lib/python3.12/site-packages/tornado/netutil.py", line 273, in accept_handler
  File "/usr/lib/python3.12/socket.py", line 295, in accept
OSError: [Errno 24] Too many open files
Exception in callback BaseAsyncIOLoop._handle_events(7, 1)
handle: <Handle BaseAsyncIOLoop._handle_events(7, 1)>
Traceback (most recent call last):
  File "/usr/lib/python3.12/asyncio/events.py", line 88, in _run
    self._context.run(self._callback, *self._args)
  File "/home/Shared/UniBe-swiss-ndvi/GitHub/swiss-ndvi-processing/.venv/lib/python3.12/site-packages/tornado/platform/asyncio.py", line 208, in _handle_events
  File "/home/Shared/UniBe-swiss-ndvi/GitHub/swiss-ndvi-processing/.venv/lib/python3.12/site-packages/tornado/netutil.py", line 273, in accept_handler
  File "/usr/lib/python3.12/socket.py", line 295, in accept
OSError: [Errno 24] Too many open files
2026-04-08 22:42:52,550 - distributed.worker - WARNING - Mismatched versions found

+-------------+---------------------------------------------+-----------+----------+
| Package     | Worker-ac86c125-6e2e-48d0-b610-2bb50319cb87 | Scheduler | Workers  |
+-------------+---------------------------------------------+-----------+----------+
| cloudpickle | 3.1.1                                       | None      | 3.1.1    |
| dask        | 2025.9.1                                    | None      | 2025.9.1 |
| distributed | 2025.9.1                                    | None      | 2025.9.1 |
| lz4         | 4.3.2                                       | None      | 4.3.2    |
| msgpack     | 1.1.1                                       | None      | 1.1.1    |
| toolz       | 1.0.0                                       | None      | 1.0.0    |
| tornado     | 6.5.1                                       | None      | 6.5.1    |
+-------------+---------------------------------------------+-----------+----------+
2026-04-08 22:42:52,550 - tornado.application - ERROR - Exception in callback functools.partial(<bound method NannyMemoryManager.memory_monitor of <distributed.worker_memory.NannyMemoryManager object at 0x767b33156990>>, <Nanny: tcp://127.0.0.1:40517, threads: 1>)
Traceback (most recent call last):
  File "/home/Shared/UniBe-swiss-ndvi/GitHub/swiss-ndvi-processing/.venv/lib/python3.12/site-packages/psutil/_common.py", line 441, in wrapper
    ret = self._cache[fun]
          ^^^^^^^^^^^
AttributeError: 'Process' object has no attribute '_cache'

During handling of the above exception, another exception occurred:

Traceback (most recent call last):
  File "/home/Shared/UniBe-swiss-ndvi/GitHub/swiss-ndvi-processing/.venv/lib/python3.12/site-packages/tornado/ioloop.py", line 945, in _run
    val = self.callback()
          ^^^^^^^^^^^^^^^
  File "/home/Shared/UniBe-swiss-ndvi/GitHub/swiss-ndvi-processing/.venv/lib/python3.12/site-packages/distributed/worker_memory.py", line 417, in memory_monitor
  File "/home/Shared/UniBe-swiss-ndvi/GitHub/swiss-ndvi-processing/.venv/lib/python3.12/site-packages/psutil/__init__.py", line 332, in __init__
    self._init(pid)
  File "/home/Shared/UniBe-swiss-ndvi/GitHub/swiss-ndvi-processing/.venv/lib/python3.12/site-packages/psutil/__init__.py", line 361, in _init
    self.create_time()
  File "/home/Shared/UniBe-swiss-ndvi/GitHub/swiss-ndvi-processing/.venv/lib/python3.12/site-packages/psutil/__init__.py", line 717, in create_time
    self._create_time = self._proc.create_time()
                        ^^^^^^^^^^^^^^^^^^^^^^^^
  File "/home/Shared/UniBe-swiss-ndvi/GitHub/swiss-ndvi-processing/.venv/lib/python3.12/site-packages/psutil/_pslinux.py", line 1661, in wrapper
    return fun(self, *args, **kwargs)
           ^^^^^^^^^^^^^^^^^^^^^^^^^^
  File "/home/Shared/UniBe-swiss-ndvi/GitHub/swiss-ndvi-processing/.venv/lib/python3.12/site-packages/psutil/_pslinux.py", line 1873, in create_time
    ctime = float(self._parse_stat_file()['create_time'])
                  ^^^^^^^^^^^^^^^^^^^^^^^
  File "/home/Shared/UniBe-swiss-ndvi/GitHub/swiss-ndvi-processing/.venv/lib/python3.12/site-packages/psutil/_pslinux.py", line 1661, in wrapper
    return fun(self, *args, **kwargs)
           ^^^^^^^^^^^^^^^^^^^^^^^^^^
  File "/home/Shared/UniBe-swiss-ndvi/GitHub/swiss-ndvi-processing/.venv/lib/python3.12/site-packages/psutil/_common.py", line 444, in wrapper
    return fun(self)
           ^^^^^^^^^
  File "/home/Shared/UniBe-swiss-ndvi/GitHub/swiss-ndvi-processing/.venv/lib/python3.12/site-packages/psutil/_pslinux.py", line 1703, in _parse_stat_file
    with open_binary("%s/%s/stat" % (self._procfs_path, self.pid)) as f:
         ^^^^^^^^^^^^^^^^^^^^^^^^^^^^^^^^^^^^^^^^^^^^^^^^^^^^^^^^^
  File "/home/Shared/UniBe-swiss-ndvi/GitHub/swiss-ndvi-processing/.venv/lib/python3.12/site-packages/psutil/_common.py", line 711, in open_binary
    return open(fname, "rb", **kwargs)
           ^^^^^^^^^^^^^^^^^^^^^^^^^^^
OSError: [Errno 24] Too many open files: '/proc/4088281/stat'
Exception in callback BaseAsyncIOLoop._handle_events(7, 1)
handle: <Handle BaseAsyncIOLoop._handle_events(7, 1)>
Traceback (most recent call last):
  File "/usr/lib/python3.12/asyncio/events.py", line 88, in _run
    self._context.run(self._callback, *self._args)
  File "/home/Shared/UniBe-swiss-ndvi/GitHub/swiss-ndvi-processing/.venv/lib/python3.12/site-packages/tornado/platform/asyncio.py", line 208, in _handle_events
  File "/home/Shared/UniBe-swiss-ndvi/GitHub/swiss-ndvi-processing/.venv/lib/python3.12/site-packages/tornado/netutil.py", line 273, in accept_handler
  File "/usr/lib/python3.12/socket.py", line 295, in accept
OSError: [Errno 24] Too many open files
Exception in callback BaseAsyncIOLoop._handle_events(7, 1)
handle: <Handle BaseAsyncIOLoop._handle_events(7, 1)>
Traceback (most recent call last):
  File "/usr/lib/python3.12/asyncio/events.py", line 88, in _run
    self._context.run(self._callback, *self._args)
  File "/home/Shared/UniBe-swiss-ndvi/GitHub/swiss-ndvi-processing/.venv/lib/python3.12/site-packages/tornado/platform/asyncio.py", line 208, in _handle_events
  File "/home/Shared/UniBe-swiss-ndvi/GitHub/swiss-ndvi-processing/.venv/lib/python3.12/site-packages/tornado/netutil.py", line 273, in accept_handler
  File "/usr/lib/python3.12/socket.py", line 295, in accept
OSError: [Errno 24] Too many open files
Exception in callback BaseAsyncIOLoop._handle_events(7, 1)
handle: <Handle BaseAsyncIOLoop._handle_events(7, 1)>
Traceback (most recent call last):
  File "/usr/lib/python3.12/asyncio/events.py", line 88, in _run
    self._context.run(self._callback, *self._args)
  File "/home/Shared/UniBe-swiss-ndvi/GitHub/swiss-ndvi-processing/.venv/lib/python3.12/site-packages/tornado/platform/asyncio.py", line 208, in _handle_events
  File "/home/Shared/UniBe-swiss-ndvi/GitHub/swiss-ndvi-processing/.venv/lib/python3.12/site-packages/tornado/netutil.py", line 273, in accept_handler
  File "/usr/lib/python3.12/socket.py", line 295, in accept
OSError: [Errno 24] Too many open files
Exception in callback BaseAsyncIOLoop._handle_events(7, 1)
handle: <Handle BaseAsyncIOLoop._handle_events(7, 1)>
Traceback (most recent call last):
  File "/usr/lib/python3.12/asyncio/events.py", line 88, in _run
    self._context.run(self._callback, *self._args)
  File "/home/Shared/UniBe-swiss-ndvi/GitHub/swiss-ndvi-processing/.venv/lib/python3.12/site-packages/tornado/platform/asyncio.py", line 208, in _handle_events
  File "/home/Shared/UniBe-swiss-ndvi/GitHub/swiss-ndvi-processing/.venv/lib/python3.12/site-packages/tornado/netutil.py", line 273, in accept_handler
  File "/usr/lib/python3.12/socket.py", line 295, in accept
OSError: [Errno 24] Too many open files
Exception in callback BaseAsyncIOLoop._handle_events(7, 1)
handle: <Handle BaseAsyncIOLoop._handle_events(7, 1)>
Traceback (most recent call last):
  File "/usr/lib/python3.12/asyncio/events.py", line 88, in _run
    self._context.run(self._callback, *self._args)
  File "/home/Shared/UniBe-swiss-ndvi/GitHub/swiss-ndvi-processing/.venv/lib/python3.12/site-packages/tornado/platform/asyncio.py", line 208, in _handle_events
  File "/home/Shared/UniBe-swiss-ndvi/GitHub/swiss-ndvi-processing/.venv/lib/python3.12/site-packages/tornado/netutil.py", line 273, in accept_handler
  File "/usr/lib/python3.12/socket.py", line 295, in accept
OSError: [Errno 24] Too many open files
2026-04-08 22:42:52,554 - distributed.worker - WARNING - Mismatched versions found

+-------------+---------------------------------------------+-----------+----------+
| Package     | Worker-bf705c4d-0d51-4237-89b0-cec0da0f917c | Scheduler | Workers  |
+-------------+---------------------------------------------+-----------+----------+
| cloudpickle | 3.1.1                                       | None      | 3.1.1    |
| dask        | 2025.9.1                                    | None      | 2025.9.1 |
| distributed | 2025.9.1                                    | None      | 2025.9.1 |
| lz4         | 4.3.2                                       | None      | 4.3.2    |
| msgpack     | 1.1.1                                       | None      | 1.1.1    |
| toolz       | 1.0.0                                       | None      | 1.0.0    |
| tornado     | 6.5.1                                       | None      | 6.5.1    |
+-------------+---------------------------------------------+-----------+----------+
Exception in callback BaseAsyncIOLoop._handle_events(7, 1)
handle: <Handle BaseAsyncIOLoop._handle_events(7, 1)>
Traceback (most recent call last):
  File "/usr/lib/python3.12/asyncio/events.py", line 88, in _run
    self._context.run(self._callback, *self._args)
  File "/home/Shared/UniBe-swiss-ndvi/GitHub/swiss-ndvi-processing/.venv/lib/python3.12/site-packages/tornado/platform/asyncio.py", line 208, in _handle_events
  File "/home/Shared/UniBe-swiss-ndvi/GitHub/swiss-ndvi-processing/.venv/lib/python3.12/site-packages/tornado/netutil.py", line 273, in accept_handler
  File "/usr/lib/python3.12/socket.py", line 295, in accept
OSError: [Errno 24] Too many open files
Exception in callback BaseAsyncIOLoop._handle_events(7, 1)
handle: <Handle BaseAsyncIOLoop._handle_events(7, 1)>
Traceback (most recent call last):
  File "/usr/lib/python3.12/asyncio/events.py", line 88, in _run
    self._context.run(self._callback, *self._args)
  File "/home/Shared/UniBe-swiss-ndvi/GitHub/swiss-ndvi-processing/.venv/lib/python3.12/site-packages/tornado/platform/asyncio.py", line 208, in _handle_events
  File "/home/Shared/UniBe-swiss-ndvi/GitHub/swiss-ndvi-processing/.venv/lib/python3.12/site-packages/tornado/netutil.py", line 273, in accept_handler
  File "/usr/lib/python3.12/socket.py", line 295, in accept
OSError: [Errno 24] Too many open files
2026-04-08 22:42:52,557 - distributed.worker - WARNING - Mismatched versions found

+-------------+---------------------------------------------+-----------+----------+
| Package     | Worker-2666fd46-b3ae-40f1-9c0a-ccf9a5129c3f | Scheduler | Workers  |
+-------------+---------------------------------------------+-----------+----------+
| cloudpickle | 3.1.1                                       | None      | 3.1.1    |
| dask        | 2025.9.1                                    | None      | 2025.9.1 |
| distributed | 2025.9.1                                    | None      | 2025.9.1 |
| lz4         | 4.3.2                                       | None      | 4.3.2    |
| msgpack     | 1.1.1                                       | None      | 1.1.1    |
| toolz       | 1.0.0                                       | None      | 1.0.0    |
| tornado     | 6.5.1                                       | None      | 6.5.1    |
+-------------+---------------------------------------------+-----------+----------+
2026-04-08 22:42:52,556 - tornado.application - ERROR - Exception in callback functools.partial(<bound method NannyMemoryManager.memory_monitor of <distributed.worker_memory.NannyMemoryManager object at 0x767b33188380>>, <Nanny: tcp://127.0.0.1:37315, threads: 1>)
Traceback (most recent call last):
  File "/home/Shared/UniBe-swiss-ndvi/GitHub/swiss-ndvi-processing/.venv/lib/python3.12/site-packages/psutil/_common.py", line 441, in wrapper
    ret = self._cache[fun]
          ^^^^^^^^^^^
AttributeError: 'Process' object has no attribute '_cache'

During handling of the above exception, another exception occurred:

Traceback (most recent call last):
  File "/home/Shared/UniBe-swiss-ndvi/GitHub/swiss-ndvi-processing/.venv/lib/python3.12/site-packages/tornado/ioloop.py", line 945, in _run
    val = self.callback()
          ^^^^^^^^^^^^^^^
  File "/home/Shared/UniBe-swiss-ndvi/GitHub/swiss-ndvi-processing/.venv/lib/python3.12/site-packages/distributed/worker_memory.py", line 417, in memory_monitor
  File "/home/Shared/UniBe-swiss-ndvi/GitHub/swiss-ndvi-processing/.venv/lib/python3.12/site-packages/psutil/__init__.py", line 332, in __init__
    self._init(pid)
  File "/home/Shared/UniBe-swiss-ndvi/GitHub/swiss-ndvi-processing/.venv/lib/python3.12/site-packages/psutil/__init__.py", line 361, in _init
    self.create_time()
  File "/home/Shared/UniBe-swiss-ndvi/GitHub/swiss-ndvi-processing/.venv/lib/python3.12/site-packages/psutil/__init__.py", line 717, in create_time
    self._create_time = self._proc.create_time()
                        ^^^^^^^^^^^^^^^^^^^^^^^^
  File "/home/Shared/UniBe-swiss-ndvi/GitHub/swiss-ndvi-processing/.venv/lib/python3.12/site-packages/psutil/_pslinux.py", line 1661, in wrapper
    return fun(self, *args, **kwargs)
           ^^^^^^^^^^^^^^^^^^^^^^^^^^
  File "/home/Shared/UniBe-swiss-ndvi/GitHub/swiss-ndvi-processing/.venv/lib/python3.12/site-packages/psutil/_pslinux.py", line 1873, in create_time
    ctime = float(self._parse_stat_file()['create_time'])
                  ^^^^^^^^^^^^^^^^^^^^^^^
  File "/home/Shared/UniBe-swiss-ndvi/GitHub/swiss-ndvi-processing/.venv/lib/python3.12/site-packages/psutil/_pslinux.py", line 1661, in wrapper
    return fun(self, *args, **kwargs)
           ^^^^^^^^^^^^^^^^^^^^^^^^^^
  File "/home/Shared/UniBe-swiss-ndvi/GitHub/swiss-ndvi-processing/.venv/lib/python3.12/site-packages/psutil/_common.py", line 444, in wrapper
    return fun(self)
           ^^^^^^^^^
  File "/home/Shared/UniBe-swiss-ndvi/GitHub/swiss-ndvi-processing/.venv/lib/python3.12/site-packages/psutil/_pslinux.py", line 1703, in _parse_stat_file
    with open_binary("%s/%s/stat" % (self._procfs_path, self.pid)) as f:
         ^^^^^^^^^^^^^^^^^^^^^^^^^^^^^^^^^^^^^^^^^^^^^^^^^^^^^^^^^
  File "/home/Shared/UniBe-swiss-ndvi/GitHub/swiss-ndvi-processing/.venv/lib/python3.12/site-packages/psutil/_common.py", line 711, in open_binary
    return open(fname, "rb", **kwargs)
           ^^^^^^^^^^^^^^^^^^^^^^^^^^^
OSError: [Errno 24] Too many open files: '/proc/4088300/stat'
2026-04-08 22:42:52,557 - distributed.worker - WARNING - Mismatched versions found

+-------------+---------------------------------------------+-----------+----------+
| Package     | Worker-dbc17cb9-d754-4fe2-af49-2327d9f7a52e | Scheduler | Workers  |
+-------------+---------------------------------------------+-----------+----------+
| cloudpickle | 3.1.1                                       | None      | 3.1.1    |
| dask        | 2025.9.1                                    | None      | 2025.9.1 |
| distributed | 2025.9.1                                    | None      | 2025.9.1 |
| lz4         | 4.3.2                                       | None      | 4.3.2    |
| msgpack     | 1.1.1                                       | None      | 1.1.1    |
| toolz       | 1.0.0                                       | None      | 1.0.0    |
| tornado     | 6.5.1                                       | None      | 6.5.1    |
+-------------+---------------------------------------------+-----------+----------+
2026-04-08 22:42:52,558 - tornado.application - ERROR - Exception in callback functools.partial(<bound method NannyMemoryManager.memory_monitor of <distributed.worker_memory.NannyMemoryManager object at 0x767b33189610>>, <Nanny: tcp://127.0.0.1:34519, threads: 1>)
Traceback (most recent call last):
  File "/home/Shared/UniBe-swiss-ndvi/GitHub/swiss-ndvi-processing/.venv/lib/python3.12/site-packages/psutil/_common.py", line 441, in wrapper
    ret = self._cache[fun]
          ^^^^^^^^^^^
AttributeError: 'Process' object has no attribute '_cache'

During handling of the above exception, another exception occurred:

Traceback (most recent call last):
  File "/home/Shared/UniBe-swiss-ndvi/GitHub/swiss-ndvi-processing/.venv/lib/python3.12/site-packages/tornado/ioloop.py", line 945, in _run
    val = self.callback()
          ^^^^^^^^^^^^^^^
  File "/home/Shared/UniBe-swiss-ndvi/GitHub/swiss-ndvi-processing/.venv/lib/python3.12/site-packages/distributed/worker_memory.py", line 417, in memory_monitor
  File "/home/Shared/UniBe-swiss-ndvi/GitHub/swiss-ndvi-processing/.venv/lib/python3.12/site-packages/psutil/__init__.py", line 332, in __init__
    self._init(pid)
  File "/home/Shared/UniBe-swiss-ndvi/GitHub/swiss-ndvi-processing/.venv/lib/python3.12/site-packages/psutil/__init__.py", line 361, in _init
    self.create_time()
  File "/home/Shared/UniBe-swiss-ndvi/GitHub/swiss-ndvi-processing/.venv/lib/python3.12/site-packages/psutil/__init__.py", line 717, in create_time
    self._create_time = self._proc.create_time()
                        ^^^^^^^^^^^^^^^^^^^^^^^^
  File "/home/Shared/UniBe-swiss-ndvi/GitHub/swiss-ndvi-processing/.venv/lib/python3.12/site-packages/psutil/_pslinux.py", line 1661, in wrapper
    return fun(self, *args, **kwargs)
           ^^^^^^^^^^^^^^^^^^^^^^^^^^
  File "/home/Shared/UniBe-swiss-ndvi/GitHub/swiss-ndvi-processing/.venv/lib/python3.12/site-packages/psutil/_pslinux.py", line 1873, in create_time
    ctime = float(self._parse_stat_file()['create_time'])
                  ^^^^^^^^^^^^^^^^^^^^^^^
  File "/home/Shared/UniBe-swiss-ndvi/GitHub/swiss-ndvi-processing/.venv/lib/python3.12/site-packages/psutil/_pslinux.py", line 1661, in wrapper
    return fun(self, *args, **kwargs)
           ^^^^^^^^^^^^^^^^^^^^^^^^^^
  File "/home/Shared/UniBe-swiss-ndvi/GitHub/swiss-ndvi-processing/.venv/lib/python3.12/site-packages/psutil/_common.py", line 444, in wrapper
    return fun(self)
           ^^^^^^^^^
  File "/home/Shared/UniBe-swiss-ndvi/GitHub/swiss-ndvi-processing/.venv/lib/python3.12/site-packages/psutil/_pslinux.py", line 1703, in _parse_stat_file
    with open_binary("%s/%s/stat" % (self._procfs_path, self.pid)) as f:
         ^^^^^^^^^^^^^^^^^^^^^^^^^^^^^^^^^^^^^^^^^^^^^^^^^^^^^^^^^
  File "/home/Shared/UniBe-swiss-ndvi/GitHub/swiss-ndvi-processing/.venv/lib/python3.12/site-packages/psutil/_common.py", line 711, in open_binary
    return open(fname, "rb", **kwargs)
           ^^^^^^^^^^^^^^^^^^^^^^^^^^^
OSError: [Errno 24] Too many open files: '/proc/4088311/stat'
Exception in callback BaseAsyncIOLoop._handle_events(7, 1)
handle: <Handle BaseAsyncIOLoop._handle_events(7, 1)>
Traceback (most recent call last):
  File "/usr/lib/python3.12/asyncio/events.py", line 88, in _run
    self._context.run(self._callback, *self._args)
  File "/home/Shared/UniBe-swiss-ndvi/GitHub/swiss-ndvi-processing/.venv/lib/python3.12/site-packages/tornado/platform/asyncio.py", line 208, in _handle_events
  File "/home/Shared/UniBe-swiss-ndvi/GitHub/swiss-ndvi-processing/.venv/lib/python3.12/site-packages/tornado/netutil.py", line 273, in accept_handler
  File "/usr/lib/python3.12/socket.py", line 295, in accept
OSError: [Errno 24] Too many open files
2026-04-08 22:42:52,561 - distributed.worker - WARNING - Mismatched versions found

+-------------+---------------------------------------------+-----------+----------+
| Package     | Worker-999e7982-5fa8-4fbf-89a2-801ce352fcfb | Scheduler | Workers  |
+-------------+---------------------------------------------+-----------+----------+
| cloudpickle | 3.1.1                                       | None      | 3.1.1    |
| dask        | 2025.9.1                                    | None      | 2025.9.1 |
| distributed | 2025.9.1                                    | None      | 2025.9.1 |
| lz4         | 4.3.2                                       | None      | 4.3.2    |
| msgpack     | 1.1.1                                       | None      | 1.1.1    |
| toolz       | 1.0.0                                       | None      | 1.0.0    |
| tornado     | 6.5.1                                       | None      | 6.5.1    |
+-------------+---------------------------------------------+-----------+----------+
2026-04-08 22:42:52,564 - distributed.worker - WARNING - Mismatched versions found

+-------------+---------------------------------------------+-----------+----------+
| Package     | Worker-85b46b74-b012-4823-be91-74caa602aab8 | Scheduler | Workers  |
+-------------+---------------------------------------------+-----------+----------+
| cloudpickle | 3.1.1                                       | None      | 3.1.1    |
| dask        | 2025.9.1                                    | None      | 2025.9.1 |
| distributed | 2025.9.1                                    | None      | 2025.9.1 |
| lz4         | 4.3.2                                       | None      | 4.3.2    |
| msgpack     | 1.1.1                                       | None      | 1.1.1    |
| toolz       | 1.0.0                                       | None      | 1.0.0    |
| tornado     | 6.5.1                                       | None      | 6.5.1    |
+-------------+---------------------------------------------+-----------+----------+
2026-04-08 22:42:52,565 - distributed.worker - WARNING - Mismatched versions found

+-------------+---------------------------------------------+-----------+----------+
| Package     | Worker-1dc498e5-b9ae-4a36-9e1e-952a924b9c82 | Scheduler | Workers  |
+-------------+---------------------------------------------+-----------+----------+
| cloudpickle | 3.1.1                                       | None      | 3.1.1    |
| dask        | 2025.9.1                                    | None      | 2025.9.1 |
| distributed | 2025.9.1                                    | None      | 2025.9.1 |
| lz4         | 4.3.2                                       | None      | 4.3.2    |
| msgpack     | 1.1.1                                       | None      | 1.1.1    |
| toolz       | 1.0.0                                       | None      | 1.0.0    |
| tornado     | 6.5.1                                       | None      | 6.5.1    |
+-------------+---------------------------------------------+-----------+----------+
2026-04-08 22:42:52,564 - tornado.application - ERROR - Exception in callback functools.partial(<bound method NannyMemoryManager.memory_monitor of <distributed.worker_memory.NannyMemoryManager object at 0x767b33189cd0>>, <Nanny: tcp://127.0.0.1:45589, threads: 1>)
Traceback (most recent call last):
  File "/home/Shared/UniBe-swiss-ndvi/GitHub/swiss-ndvi-processing/.venv/lib/python3.12/site-packages/psutil/_common.py", line 441, in wrapper
    ret = self._cache[fun]
          ^^^^^^^^^^^
AttributeError: 'Process' object has no attribute '_cache'

During handling of the above exception, another exception occurred:

Traceback (most recent call last):
  File "/home/Shared/UniBe-swiss-ndvi/GitHub/swiss-ndvi-processing/.venv/lib/python3.12/site-packages/tornado/ioloop.py", line 945, in _run
    val = self.callback()
          ^^^^^^^^^^^^^^^
  File "/home/Shared/UniBe-swiss-ndvi/GitHub/swiss-ndvi-processing/.venv/lib/python3.12/site-packages/distributed/worker_memory.py", line 417, in memory_monitor
  File "/home/Shared/UniBe-swiss-ndvi/GitHub/swiss-ndvi-processing/.venv/lib/python3.12/site-packages/psutil/__init__.py", line 332, in __init__
    self._init(pid)
  File "/home/Shared/UniBe-swiss-ndvi/GitHub/swiss-ndvi-processing/.venv/lib/python3.12/site-packages/psutil/__init__.py", line 361, in _init
    self.create_time()
  File "/home/Shared/UniBe-swiss-ndvi/GitHub/swiss-ndvi-processing/.venv/lib/python3.12/site-packages/psutil/__init__.py", line 717, in create_time
    self._create_time = self._proc.create_time()
                        ^^^^^^^^^^^^^^^^^^^^^^^^
  File "/home/Shared/UniBe-swiss-ndvi/GitHub/swiss-ndvi-processing/.venv/lib/python3.12/site-packages/psutil/_pslinux.py", line 1661, in wrapper
    return fun(self, *args, **kwargs)
           ^^^^^^^^^^^^^^^^^^^^^^^^^^
  File "/home/Shared/UniBe-swiss-ndvi/GitHub/swiss-ndvi-processing/.venv/lib/python3.12/site-packages/psutil/_pslinux.py", line 1873, in create_time
    ctime = float(self._parse_stat_file()['create_time'])
                  ^^^^^^^^^^^^^^^^^^^^^^^
  File "/home/Shared/UniBe-swiss-ndvi/GitHub/swiss-ndvi-processing/.venv/lib/python3.12/site-packages/psutil/_pslinux.py", line 1661, in wrapper
    return fun(self, *args, **kwargs)
           ^^^^^^^^^^^^^^^^^^^^^^^^^^
  File "/home/Shared/UniBe-swiss-ndvi/GitHub/swiss-ndvi-processing/.venv/lib/python3.12/site-packages/psutil/_common.py", line 444, in wrapper
    return fun(self)
           ^^^^^^^^^
  File "/home/Shared/UniBe-swiss-ndvi/GitHub/swiss-ndvi-processing/.venv/lib/python3.12/site-packages/psutil/_pslinux.py", line 1703, in _parse_stat_file
    with open_binary("%s/%s/stat" % (self._procfs_path, self.pid)) as f:
         ^^^^^^^^^^^^^^^^^^^^^^^^^^^^^^^^^^^^^^^^^^^^^^^^^^^^^^^^^
  File "/home/Shared/UniBe-swiss-ndvi/GitHub/swiss-ndvi-processing/.venv/lib/python3.12/site-packages/psutil/_common.py", line 711, in open_binary
    return open(fname, "rb", **kwargs)
           ^^^^^^^^^^^^^^^^^^^^^^^^^^^
OSError: [Errno 24] Too many open files: '/proc/4088317/stat'
Exception in callback BaseAsyncIOLoop._handle_events(7, 1)
handle: <Handle BaseAsyncIOLoop._handle_events(7, 1)>
Traceback (most recent call last):
  File "/usr/lib/python3.12/asyncio/events.py", line 88, in _run
    self._context.run(self._callback, *self._args)
  File "/home/Shared/UniBe-swiss-ndvi/GitHub/swiss-ndvi-processing/.venv/lib/python3.12/site-packages/tornado/platform/asyncio.py", line 208, in _handle_events
  File "/home/Shared/UniBe-swiss-ndvi/GitHub/swiss-ndvi-processing/.venv/lib/python3.12/site-packages/tornado/netutil.py", line 273, in accept_handler
  File "/usr/lib/python3.12/socket.py", line 295, in accept
OSError: [Errno 24] Too many open files
2026-04-08 22:42:52,568 - distributed.worker - WARNING - Mismatched versions found

+-------------+---------------------------------------------+-----------+----------+
| Package     | Worker-f720aa73-f168-40d4-a6ed-91a60ce9a3c9 | Scheduler | Workers  |
+-------------+---------------------------------------------+-----------+----------+
| cloudpickle | 3.1.1                                       | None      | 3.1.1    |
| dask        | 2025.9.1                                    | None      | 2025.9.1 |
| distributed | 2025.9.1                                    | None      | 2025.9.1 |
| lz4         | 4.3.2                                       | None      | 4.3.2    |
| msgpack     | 1.1.1                                       | None      | 1.1.1    |
| toolz       | 1.0.0                                       | None      | 1.0.0    |
| tornado     | 6.5.1                                       | None      | 6.5.1    |
+-------------+---------------------------------------------+-----------+----------+
2026-04-08 22:42:52,568 - distributed.worker - WARNING - Mismatched versions found

+-------------+---------------------------------------------+-----------+----------+
| Package     | Worker-5562084a-ba07-4860-a61d-37a54039d114 | Scheduler | Workers  |
+-------------+---------------------------------------------+-----------+----------+
| cloudpickle | 3.1.1                                       | None      | 3.1.1    |
| dask        | 2025.9.1                                    | None      | 2025.9.1 |
| distributed | 2025.9.1                                    | None      | 2025.9.1 |
| lz4         | 4.3.2                                       | None      | 4.3.2    |
| msgpack     | 1.1.1                                       | None      | 1.1.1    |
| toolz       | 1.0.0                                       | None      | 1.0.0    |
| tornado     | 6.5.1                                       | None      | 6.5.1    |
+-------------+---------------------------------------------+-----------+----------+
Exception in callback BaseAsyncIOLoop._handle_events(7, 1)
handle: <Handle BaseAsyncIOLoop._handle_events(7, 1)>
Traceback (most recent call last):
  File "/usr/lib/python3.12/asyncio/events.py", line 88, in _run
    self._context.run(self._callback, *self._args)
  File "/home/Shared/UniBe-swiss-ndvi/GitHub/swiss-ndvi-processing/.venv/lib/python3.12/site-packages/tornado/platform/asyncio.py", line 208, in _handle_events
  File "/home/Shared/UniBe-swiss-ndvi/GitHub/swiss-ndvi-processing/.venv/lib/python3.12/site-packages/tornado/netutil.py", line 273, in accept_handler
  File "/usr/lib/python3.12/socket.py", line 295, in accept
OSError: [Errno 24] Too many open files
2026-04-08 22:42:52,569 - distributed.worker - WARNING - Mismatched versions found

+-------------+---------------------------------------------+-----------+----------+
| Package     | Worker-5900361d-e569-4fa5-bf03-35e478b9e0a9 | Scheduler | Workers  |
+-------------+---------------------------------------------+-----------+----------+
| cloudpickle | 3.1.1                                       | None      | 3.1.1    |
| dask        | 2025.9.1                                    | None      | 2025.9.1 |
| distributed | 2025.9.1                                    | None      | 2025.9.1 |
| lz4         | 4.3.2                                       | None      | 4.3.2    |
| msgpack     | 1.1.1                                       | None      | 1.1.1    |
| toolz       | 1.0.0                                       | None      | 1.0.0    |
| tornado     | 6.5.1                                       | None      | 6.5.1    |
+-------------+---------------------------------------------+-----------+----------+
2026-04-08 22:42:52,570 - distributed.worker - WARNING - Mismatched versions found

+-------------+---------------------------------------------+-----------+----------+
| Package     | Worker-33692003-ec6e-4c5b-9137-22529d4602fa | Scheduler | Workers  |
+-------------+---------------------------------------------+-----------+----------+
| cloudpickle | 3.1.1                                       | None      | 3.1.1    |
| dask        | 2025.9.1                                    | None      | 2025.9.1 |
| distributed | 2025.9.1                                    | None      | 2025.9.1 |
| lz4         | 4.3.2                                       | None      | 4.3.2    |
| msgpack     | 1.1.1                                       | None      | 1.1.1    |
| toolz       | 1.0.0                                       | None      | 1.0.0    |
| tornado     | 6.5.1                                       | None      | 6.5.1    |
+-------------+---------------------------------------------+-----------+----------+
2026-04-08 22:42:52,572 - distributed.worker - WARNING - Mismatched versions found

+-------------+---------------------------------------------+-----------+----------+
| Package     | Worker-cdda3087-b170-41e0-9fe9-86ade1d43b3d | Scheduler | Workers  |
+-------------+---------------------------------------------+-----------+----------+
| cloudpickle | 3.1.1                                       | None      | 3.1.1    |
| dask        | 2025.9.1                                    | None      | 2025.9.1 |
| distributed | 2025.9.1                                    | None      | 2025.9.1 |
| lz4         | 4.3.2                                       | None      | 4.3.2    |
| msgpack     | 1.1.1                                       | None      | 1.1.1    |
| toolz       | 1.0.0                                       | None      | 1.0.0    |
| tornado     | 6.5.1                                       | None      | 6.5.1    |
+-------------+---------------------------------------------+-----------+----------+
2026-04-08 22:42:52,572 - distributed.worker - WARNING - Mismatched versions found

+-------------+---------------------------------------------+-----------+----------+
| Package     | Worker-d4558162-bc34-49a5-94d0-08d1e9d000c5 | Scheduler | Workers  |
+-------------+---------------------------------------------+-----------+----------+
| cloudpickle | 3.1.1                                       | None      | 3.1.1    |
| dask        | 2025.9.1                                    | None      | 2025.9.1 |
| distributed | 2025.9.1                                    | None      | 2025.9.1 |
| lz4         | 4.3.2                                       | None      | 4.3.2    |
| msgpack     | 1.1.1                                       | None      | 1.1.1    |
| toolz       | 1.0.0                                       | None      | 1.0.0    |
| tornado     | 6.5.1                                       | None      | 6.5.1    |
+-------------+---------------------------------------------+-----------+----------+
2026-04-08 22:42:52,572 - distributed.worker - WARNING - Mismatched versions found

+-------------+---------------------------------------------+-----------+----------+
| Package     | Worker-3787caee-baa7-4263-8c95-977de301da9f | Scheduler | Workers  |
+-------------+---------------------------------------------+-----------+----------+
| cloudpickle | 3.1.1                                       | None      | 3.1.1    |
| dask        | 2025.9.1                                    | None      | 2025.9.1 |
| distributed | 2025.9.1                                    | None      | 2025.9.1 |
| lz4         | 4.3.2                                       | None      | 4.3.2    |
| msgpack     | 1.1.1                                       | None      | 1.1.1    |
| toolz       | 1.0.0                                       | None      | 1.0.0    |
| tornado     | 6.5.1                                       | None      | 6.5.1    |
+-------------+---------------------------------------------+-----------+----------+
Exception in callback BaseAsyncIOLoop._handle_events(7, 1)
handle: <Handle BaseAsyncIOLoop._handle_events(7, 1)>
Traceback (most recent call last):
  File "/usr/lib/python3.12/asyncio/events.py", line 88, in _run
    self._context.run(self._callback, *self._args)
  File "/home/Shared/UniBe-swiss-ndvi/GitHub/swiss-ndvi-processing/.venv/lib/python3.12/site-packages/tornado/platform/asyncio.py", line 208, in _handle_events
  File "/home/Shared/UniBe-swiss-ndvi/GitHub/swiss-ndvi-processing/.venv/lib/python3.12/site-packages/tornado/netutil.py", line 273, in accept_handler
  File "/usr/lib/python3.12/socket.py", line 295, in accept
OSError: [Errno 24] Too many open files
2026-04-08 22:42:52,604 - distributed.worker - WARNING - Mismatched versions found

+-------------+---------------------------------------------+-----------+----------+
| Package     | Worker-d7c6c342-197e-41d3-bb08-ef16965d252c | Scheduler | Workers  |
+-------------+---------------------------------------------+-----------+----------+
| cloudpickle | 3.1.1                                       | None      | 3.1.1    |
| dask        | 2025.9.1                                    | None      | 2025.9.1 |
| distributed | 2025.9.1                                    | None      | 2025.9.1 |
| lz4         | 4.3.2                                       | None      | 4.3.2    |
| msgpack     | 1.1.1                                       | None      | 1.1.1    |
| toolz       | 1.0.0                                       | None      | 1.0.0    |
| tornado     | 6.5.1                                       | None      | 6.5.1    |
+-------------+---------------------------------------------+-----------+----------+
2026-04-08 22:42:52,606 - distributed.worker - WARNING - Mismatched versions found

+-------------+---------------------------------------------+-----------+----------+
| Package     | Worker-6428df2d-7e6c-46b5-82a5-d303bd9d257a | Scheduler | Workers  |
+-------------+---------------------------------------------+-----------+----------+
| cloudpickle | 3.1.1                                       | None      | 3.1.1    |
| dask        | 2025.9.1                                    | None      | 2025.9.1 |
| distributed | 2025.9.1                                    | None      | 2025.9.1 |
| lz4         | 4.3.2                                       | None      | 4.3.2    |
| msgpack     | 1.1.1                                       | None      | 1.1.1    |
| toolz       | 1.0.0                                       | None      | 1.0.0    |
| tornado     | 6.5.1                                       | None      | 6.5.1    |
+-------------+---------------------------------------------+-----------+----------+
2026-04-08 22:42:52,607 - distributed.worker - WARNING - Mismatched versions found

+-------------+---------------------------------------------+-----------+----------+
| Package     | Worker-c822be93-e78e-4620-97c5-678ad69888d1 | Scheduler | Workers  |
+-------------+---------------------------------------------+-----------+----------+
| cloudpickle | 3.1.1                                       | None      | 3.1.1    |
| dask        | 2025.9.1                                    | None      | 2025.9.1 |
| distributed | 2025.9.1                                    | None      | 2025.9.1 |
| lz4         | 4.3.2                                       | None      | 4.3.2    |
| msgpack     | 1.1.1                                       | None      | 1.1.1    |
| toolz       | 1.0.0                                       | None      | 1.0.0    |
| tornado     | 6.5.1                                       | None      | 6.5.1    |
+-------------+---------------------------------------------+-----------+----------+
2026-04-08 22:42:52,609 - distributed.worker - WARNING - Mismatched versions found

+-------------+---------------------------------------------+-----------+----------+
| Package     | Worker-929299cc-7bf7-41f8-8c6d-9dcc563257c2 | Scheduler | Workers  |
+-------------+---------------------------------------------+-----------+----------+
| cloudpickle | 3.1.1                                       | None      | 3.1.1    |
| dask        | 2025.9.1                                    | None      | 2025.9.1 |
| distributed | 2025.9.1                                    | None      | 2025.9.1 |
| lz4         | 4.3.2                                       | None      | 4.3.2    |
| msgpack     | 1.1.1                                       | None      | 1.1.1    |
| toolz       | 1.0.0                                       | None      | 1.0.0    |
| tornado     | 6.5.1                                       | None      | 6.5.1    |
+-------------+---------------------------------------------+-----------+----------+
2026-04-08 22:42:52,609 - distributed.worker - WARNING - Mismatched versions found

+-------------+---------------------------------------------+-----------+----------+
| Package     | Worker-492d8f5f-3df3-490f-b015-f3a899fda1aa | Scheduler | Workers  |
+-------------+---------------------------------------------+-----------+----------+
| cloudpickle | 3.1.1                                       | None      | 3.1.1    |
| dask        | 2025.9.1                                    | None      | 2025.9.1 |
| distributed | 2025.9.1                                    | None      | 2025.9.1 |
| lz4         | 4.3.2                                       | None      | 4.3.2    |
| msgpack     | 1.1.1                                       | None      | 1.1.1    |
| toolz       | 1.0.0                                       | None      | 1.0.0    |
| tornado     | 6.5.1                                       | None      | 6.5.1    |
+-------------+---------------------------------------------+-----------+----------+
2026-04-08 22:42:52,612 - distributed.worker - WARNING - Mismatched versions found

+-------------+---------------------------------------------+-----------+----------+
| Package     | Worker-1e93b005-d087-4ae2-80ab-766bb6cb9483 | Scheduler | Workers  |
+-------------+---------------------------------------------+-----------+----------+
| cloudpickle | 3.1.1                                       | None      | 3.1.1    |
| dask        | 2025.9.1                                    | None      | 2025.9.1 |
| distributed | 2025.9.1                                    | None      | 2025.9.1 |
| lz4         | 4.3.2                                       | None      | 4.3.2    |
| msgpack     | 1.1.1                                       | None      | 1.1.1    |
| toolz       | 1.0.0                                       | None      | 1.0.0    |
| tornado     | 6.5.1                                       | None      | 6.5.1    |
+-------------+---------------------------------------------+-----------+----------+
2026-04-08 22:42:52,612 - distributed.worker - WARNING - Mismatched versions found

+-------------+---------------------------------------------+-----------+----------+
| Package     | Worker-d0299dd4-deac-42f7-803d-6e45887c8b0b | Scheduler | Workers  |
+-------------+---------------------------------------------+-----------+----------+
| cloudpickle | 3.1.1                                       | None      | 3.1.1    |
| dask        | 2025.9.1                                    | None      | 2025.9.1 |
| distributed | 2025.9.1                                    | None      | 2025.9.1 |
| lz4         | 4.3.2                                       | None      | 4.3.2    |
| msgpack     | 1.1.1                                       | None      | 1.1.1    |
| toolz       | 1.0.0                                       | None      | 1.0.0    |
| tornado     | 6.5.1                                       | None      | 6.5.1    |
+-------------+---------------------------------------------+-----------+----------+
2026-04-08 22:42:52,614 - distributed.worker - WARNING - Mismatched versions found

+-------------+---------------------------------------------+-----------+----------+
| Package     | Worker-2e7ea826-9b68-4dac-971e-9f9b03b248da | Scheduler | Workers  |
+-------------+---------------------------------------------+-----------+----------+
| cloudpickle | 3.1.1                                       | None      | 3.1.1    |
| dask        | 2025.9.1                                    | None      | 2025.9.1 |
| distributed | 2025.9.1                                    | None      | 2025.9.1 |
| lz4         | 4.3.2                                       | None      | 4.3.2    |
| msgpack     | 1.1.1                                       | None      | 1.1.1    |
| toolz       | 1.0.0                                       | None      | 1.0.0    |
| tornado     | 6.5.1                                       | None      | 6.5.1    |
+-------------+---------------------------------------------+-----------+----------+
2026-04-08 22:42:52,614 - distributed.worker - WARNING - Mismatched versions found

+-------------+---------------------------------------------+-----------+----------+
| Package     | Worker-619ce0ee-806f-49c9-ac8d-61a1f28dc606 | Scheduler | Workers  |
+-------------+---------------------------------------------+-----------+----------+
| cloudpickle | 3.1.1                                       | None      | 3.1.1    |
| dask        | 2025.9.1                                    | None      | 2025.9.1 |
| distributed | 2025.9.1                                    | None      | 2025.9.1 |
| lz4         | 4.3.2                                       | None      | 4.3.2    |
| msgpack     | 1.1.1                                       | None      | 1.1.1    |
| toolz       | 1.0.0                                       | None      | 1.0.0    |
| tornado     | 6.5.1                                       | None      | 6.5.1    |
+-------------+---------------------------------------------+-----------+----------+
2026-04-08 22:42:52,616 - distributed.worker - WARNING - Mismatched versions found

+-------------+---------------------------------------------+-----------+----------+
| Package     | Worker-f11583a9-cab5-4bd0-a68b-77581a22dd08 | Scheduler | Workers  |
+-------------+---------------------------------------------+-----------+----------+
| cloudpickle | 3.1.1                                       | None      | 3.1.1    |
| dask        | 2025.9.1                                    | None      | 2025.9.1 |
| distributed | 2025.9.1                                    | None      | 2025.9.1 |
| lz4         | 4.3.2                                       | None      | 4.3.2    |
| msgpack     | 1.1.1                                       | None      | 1.1.1    |
| toolz       | 1.0.0                                       | None      | 1.0.0    |
| tornado     | 6.5.1                                       | None      | 6.5.1    |
+-------------+---------------------------------------------+-----------+----------+
2026-04-08 22:42:52,617 - distributed.worker - WARNING - Mismatched versions found

+-------------+---------------------------------------------+-----------+----------+
| Package     | Worker-da3a0c2f-2720-4159-9568-519503c89ff2 | Scheduler | Workers  |
+-------------+---------------------------------------------+-----------+----------+
| cloudpickle | 3.1.1                                       | None      | 3.1.1    |
| dask        | 2025.9.1                                    | None      | 2025.9.1 |
| distributed | 2025.9.1                                    | None      | 2025.9.1 |
| lz4         | 4.3.2                                       | None      | 4.3.2    |
| msgpack     | 1.1.1                                       | None      | 1.1.1    |
| toolz       | 1.0.0                                       | None      | 1.0.0    |
| tornado     | 6.5.1                                       | None      | 6.5.1    |
+-------------+---------------------------------------------+-----------+----------+
2026-04-08 22:42:52,618 - distributed.worker - WARNING - Mismatched versions found

+-------------+---------------------------------------------+-----------+----------+
| Package     | Worker-f34ef305-109c-4820-9dd6-ea93533d5fdf | Scheduler | Workers  |
+-------------+---------------------------------------------+-----------+----------+
| cloudpickle | 3.1.1                                       | None      | 3.1.1    |
| dask        | 2025.9.1                                    | None      | 2025.9.1 |
| distributed | 2025.9.1                                    | None      | 2025.9.1 |
| lz4         | 4.3.2                                       | None      | 4.3.2    |
| msgpack     | 1.1.1                                       | None      | 1.1.1    |
| toolz       | 1.0.0                                       | None      | 1.0.0    |
| tornado     | 6.5.1                                       | None      | 6.5.1    |
+-------------+---------------------------------------------+-----------+----------+
2026-04-08 22:42:52,623 - distributed.worker - WARNING - Mismatched versions found

+-------------+---------------------------------------------+-----------+----------+
| Package     | Worker-cd9956ca-15b1-43df-923f-c58da5ed7302 | Scheduler | Workers  |
+-------------+---------------------------------------------+-----------+----------+
| cloudpickle | 3.1.1                                       | None      | 3.1.1    |
| dask        | 2025.9.1                                    | None      | 2025.9.1 |
| distributed | 2025.9.1                                    | None      | 2025.9.1 |
| lz4         | 4.3.2                                       | None      | 4.3.2    |
| msgpack     | 1.1.1                                       | None      | 1.1.1    |
| toolz       | 1.0.0                                       | None      | 1.0.0    |
| tornado     | 6.5.1                                       | None      | 6.5.1    |
+-------------+---------------------------------------------+-----------+----------+
2026-04-08 22:42:52,631 - distributed.worker - WARNING - Mismatched versions found

+-------------+---------------------------------------------+-----------+----------+
| Package     | Worker-57d66b8d-92c7-4bf0-b4bf-ac830c203b32 | Scheduler | Workers  |
+-------------+---------------------------------------------+-----------+----------+
| cloudpickle | 3.1.1                                       | None      | 3.1.1    |
| dask        | 2025.9.1                                    | None      | 2025.9.1 |
| distributed | 2025.9.1                                    | None      | 2025.9.1 |
| lz4         | 4.3.2                                       | None      | 4.3.2    |
| msgpack     | 1.1.1                                       | None      | 1.1.1    |
| toolz       | 1.0.0                                       | None      | 1.0.0    |
| tornado     | 6.5.1                                       | None      | 6.5.1    |
+-------------+---------------------------------------------+-----------+----------+
2026-04-08 22:42:52,635 - distributed.worker - WARNING - Mismatched versions found

+-------------+---------------------------------------------+-----------+----------+
| Package     | Worker-c40ff82e-c245-4d71-a2ea-ba8eab5b899e | Scheduler | Workers  |
+-------------+---------------------------------------------+-----------+----------+
| cloudpickle | 3.1.1                                       | None      | 3.1.1    |
| dask        | 2025.9.1                                    | None      | 2025.9.1 |
| distributed | 2025.9.1                                    | None      | 2025.9.1 |
| lz4         | 4.3.2                                       | None      | 4.3.2    |
| msgpack     | 1.1.1                                       | None      | 1.1.1    |
| toolz       | 1.0.0                                       | None      | 1.0.0    |
| tornado     | 6.5.1                                       | None      | 6.5.1    |
+-------------+---------------------------------------------+-----------+----------+
2026-04-08 22:42:52,635 - distributed.worker - WARNING - Mismatched versions found

+-------------+---------------------------------------------+-----------+----------+
| Package     | Worker-03704f36-4018-4858-ad8b-ea4156cedcb0 | Scheduler | Workers  |
+-------------+---------------------------------------------+-----------+----------+
| cloudpickle | 3.1.1                                       | None      | 3.1.1    |
| dask        | 2025.9.1                                    | None      | 2025.9.1 |
| distributed | 2025.9.1                                    | None      | 2025.9.1 |
| lz4         | 4.3.2                                       | None      | 4.3.2    |
| msgpack     | 1.1.1                                       | None      | 1.1.1    |
| toolz       | 1.0.0                                       | None      | 1.0.0    |
| tornado     | 6.5.1                                       | None      | 6.5.1    |
+-------------+---------------------------------------------+-----------+----------+
2026-04-08 22:42:52,638 - distributed.worker - WARNING - Mismatched versions found

+-------------+---------------------------------------------+-----------+----------+
| Package     | Worker-29622f25-f929-4492-ad7e-c99cc301f015 | Scheduler | Workers  |
+-------------+---------------------------------------------+-----------+----------+
| cloudpickle | 3.1.1                                       | None      | 3.1.1    |
| dask        | 2025.9.1                                    | None      | 2025.9.1 |
| distributed | 2025.9.1                                    | None      | 2025.9.1 |
| lz4         | 4.3.2                                       | None      | 4.3.2    |
| msgpack     | 1.1.1                                       | None      | 1.1.1    |
| toolz       | 1.0.0                                       | None      | 1.0.0    |
| tornado     | 6.5.1                                       | None      | 6.5.1    |
+-------------+---------------------------------------------+-----------+----------+
2026-04-08 22:42:52,639 - distributed.worker - WARNING - Mismatched versions found

+-------------+---------------------------------------------+-----------+----------+
| Package     | Worker-f6252f68-6053-471e-9455-980dc3d4d03b | Scheduler | Workers  |
+-------------+---------------------------------------------+-----------+----------+
| cloudpickle | 3.1.1                                       | None      | 3.1.1    |
| dask        | 2025.9.1                                    | None      | 2025.9.1 |
| distributed | 2025.9.1                                    | None      | 2025.9.1 |
| lz4         | 4.3.2                                       | None      | 4.3.2    |
| msgpack     | 1.1.1                                       | None      | 1.1.1    |
| toolz       | 1.0.0                                       | None      | 1.0.0    |
| tornado     | 6.5.1                                       | None      | 6.5.1    |
+-------------+---------------------------------------------+-----------+----------+
2026-04-08 22:42:52,640 - distributed.worker - WARNING - Mismatched versions found

+-------------+---------------------------------------------+-----------+----------+
| Package     | Worker-5e79690a-5221-4d10-8096-1b6e20e5cd1f | Scheduler | Workers  |
+-------------+---------------------------------------------+-----------+----------+
| cloudpickle | 3.1.1                                       | None      | 3.1.1    |
| dask        | 2025.9.1                                    | None      | 2025.9.1 |
| distributed | 2025.9.1                                    | None      | 2025.9.1 |
| lz4         | 4.3.2                                       | None      | 4.3.2    |
| msgpack     | 1.1.1                                       | None      | 1.1.1    |
| toolz       | 1.0.0                                       | None      | 1.0.0    |
| tornado     | 6.5.1                                       | None      | 6.5.1    |
+-------------+---------------------------------------------+-----------+----------+
2026-04-08 22:42:52,644 - distributed.worker - WARNING - Mismatched versions found

+-------------+---------------------------------------------+-----------+----------+
| Package     | Worker-0fac45e0-3dd6-46a7-8542-5a40691fb321 | Scheduler | Workers  |
+-------------+---------------------------------------------+-----------+----------+
| cloudpickle | 3.1.1                                       | None      | 3.1.1    |
| dask        | 2025.9.1                                    | None      | 2025.9.1 |
| distributed | 2025.9.1                                    | None      | 2025.9.1 |
| lz4         | 4.3.2                                       | None      | 4.3.2    |
| msgpack     | 1.1.1                                       | None      | 1.1.1    |
| toolz       | 1.0.0                                       | None      | 1.0.0    |
| tornado     | 6.5.1                                       | None      | 6.5.1    |
+-------------+---------------------------------------------+-----------+----------+
2026-04-08 22:42:52,645 - distributed.worker - WARNING - Mismatched versions found

+-------------+---------------------------------------------+-----------+----------+
| Package     | Worker-ffe91bfa-009b-4ddf-b8ef-88a53c183a57 | Scheduler | Workers  |
+-------------+---------------------------------------------+-----------+----------+
| cloudpickle | 3.1.1                                       | None      | 3.1.1    |
| dask        | 2025.9.1                                    | None      | 2025.9.1 |
| distributed | 2025.9.1                                    | None      | 2025.9.1 |
| lz4         | 4.3.2                                       | None      | 4.3.2    |
| msgpack     | 1.1.1                                       | None      | 1.1.1    |
| toolz       | 1.0.0                                       | None      | 1.0.0    |
| tornado     | 6.5.1                                       | None      | 6.5.1    |
+-------------+---------------------------------------------+-----------+----------+
2026-04-08 22:42:52,657 - distributed.worker - WARNING - Mismatched versions found

+-------------+---------------------------------------------+-----------+----------+
| Package     | Worker-1b245532-75c7-4f48-a7c3-30cea45a84e2 | Scheduler | Workers  |
+-------------+---------------------------------------------+-----------+----------+
| cloudpickle | 3.1.1                                       | None      | 3.1.1    |
| dask        | 2025.9.1                                    | None      | 2025.9.1 |
| distributed | 2025.9.1                                    | None      | 2025.9.1 |
| lz4         | 4.3.2                                       | None      | 4.3.2    |
| msgpack     | 1.1.1                                       | None      | 1.1.1    |
| toolz       | 1.0.0                                       | None      | 1.0.0    |
| tornado     | 6.5.1                                       | None      | 6.5.1    |
+-------------+---------------------------------------------+-----------+----------+
2026-04-08 22:42:52,668 - distributed.worker - WARNING - Mismatched versions found

+-------------+---------------------------------------------+-----------+----------+
| Package     | Worker-c1dbc3d4-333f-483d-b46d-1b01b7523182 | Scheduler | Workers  |
+-------------+---------------------------------------------+-----------+----------+
| cloudpickle | 3.1.1                                       | None      | 3.1.1    |
| dask        | 2025.9.1                                    | None      | 2025.9.1 |
| distributed | 2025.9.1                                    | None      | 2025.9.1 |
| lz4         | 4.3.2                                       | None      | 4.3.2    |
| msgpack     | 1.1.1                                       | None      | 1.1.1    |
| toolz       | 1.0.0                                       | None      | 1.0.0    |
| tornado     | 6.5.1                                       | None      | 6.5.1    |
+-------------+---------------------------------------------+-----------+----------+
2026-04-08 22:42:52,672 - distributed.worker - WARNING - Mismatched versions found

+-------------+---------------------------------------------+-----------+----------+
| Package     | Worker-4a8b4841-80f8-4f95-ae6c-dc7449417fd1 | Scheduler | Workers  |
+-------------+---------------------------------------------+-----------+----------+
| cloudpickle | 3.1.1                                       | None      | 3.1.1    |
| dask        | 2025.9.1                                    | None      | 2025.9.1 |
| distributed | 2025.9.1                                    | None      | 2025.9.1 |
| lz4         | 4.3.2                                       | None      | 4.3.2    |
| msgpack     | 1.1.1                                       | None      | 1.1.1    |
| toolz       | 1.0.0                                       | None      | 1.0.0    |
| tornado     | 6.5.1                                       | None      | 6.5.1    |
+-------------+---------------------------------------------+-----------+----------+
2026-04-08 22:42:52,675 - distributed.worker - WARNING - Mismatched versions found

+-------------+---------------------------------------------+-----------+----------+
| Package     | Worker-968fcaae-2b44-45d5-a492-89ebf5f76f89 | Scheduler | Workers  |
+-------------+---------------------------------------------+-----------+----------+
| cloudpickle | 3.1.1                                       | None      | 3.1.1    |
| dask        | 2025.9.1                                    | None      | 2025.9.1 |
| distributed | 2025.9.1                                    | None      | 2025.9.1 |
| lz4         | 4.3.2                                       | None      | 4.3.2    |
| msgpack     | 1.1.1                                       | None      | 1.1.1    |
| toolz       | 1.0.0                                       | None      | 1.0.0    |
| tornado     | 6.5.1                                       | None      | 6.5.1    |
+-------------+---------------------------------------------+-----------+----------+
2026-04-08 22:42:52,678 - distributed.worker - WARNING - Mismatched versions found

+-------------+---------------------------------------------+-----------+----------+
| Package     | Worker-82a5937d-7fcc-47e9-86e9-3d6ea65d05e9 | Scheduler | Workers  |
+-------------+---------------------------------------------+-----------+----------+
| cloudpickle | 3.1.1                                       | None      | 3.1.1    |
| dask        | 2025.9.1                                    | None      | 2025.9.1 |
| distributed | 2025.9.1                                    | None      | 2025.9.1 |
| lz4         | 4.3.2                                       | None      | 4.3.2    |
| msgpack     | 1.1.1                                       | None      | 1.1.1    |
| toolz       | 1.0.0                                       | None      | 1.0.0    |
| tornado     | 6.5.1                                       | None      | 6.5.1    |
+-------------+---------------------------------------------+-----------+----------+
2026-04-08 22:42:52,681 - distributed.worker - WARNING - Mismatched versions found

+-------------+---------------------------------------------+-----------+----------+
| Package     | Worker-15653732-3f71-4643-909f-47962ab502d8 | Scheduler | Workers  |
+-------------+---------------------------------------------+-----------+----------+
| cloudpickle | 3.1.1                                       | None      | 3.1.1    |
| dask        | 2025.9.1                                    | None      | 2025.9.1 |
| distributed | 2025.9.1                                    | None      | 2025.9.1 |
| lz4         | 4.3.2                                       | None      | 4.3.2    |
| msgpack     | 1.1.1                                       | None      | 1.1.1    |
| toolz       | 1.0.0                                       | None      | 1.0.0    |
| tornado     | 6.5.1                                       | None      | 6.5.1    |
+-------------+---------------------------------------------+-----------+----------+
2026-04-08 22:42:52,683 - distributed.worker - WARNING - Mismatched versions found

+-------------+---------------------------------------------+-----------+----------+
| Package     | Worker-3fa5b4e4-b531-4d29-8d40-9f69b3226a9e | Scheduler | Workers  |
+-------------+---------------------------------------------+-----------+----------+
| cloudpickle | 3.1.1                                       | None      | 3.1.1    |
| dask        | 2025.9.1                                    | None      | 2025.9.1 |
| distributed | 2025.9.1                                    | None      | 2025.9.1 |
| lz4         | 4.3.2                                       | None      | 4.3.2    |
| msgpack     | 1.1.1                                       | None      | 1.1.1    |
| toolz       | 1.0.0                                       | None      | 1.0.0    |
| tornado     | 6.5.1                                       | None      | 6.5.1    |
+-------------+---------------------------------------------+-----------+----------+
2026-04-08 22:42:52,686 - distributed.worker - WARNING - Mismatched versions found

+-------------+---------------------------------------------+-----------+----------+
| Package     | Worker-732437f1-2f7e-4fea-9e29-e898aefba1f4 | Scheduler | Workers  |
+-------------+---------------------------------------------+-----------+----------+
| cloudpickle | 3.1.1                                       | None      | 3.1.1    |
| dask        | 2025.9.1                                    | None      | 2025.9.1 |
| distributed | 2025.9.1                                    | None      | 2025.9.1 |
| lz4         | 4.3.2                                       | None      | 4.3.2    |
| msgpack     | 1.1.1                                       | None      | 1.1.1    |
| toolz       | 1.0.0                                       | None      | 1.0.0    |
| tornado     | 6.5.1                                       | None      | 6.5.1    |
+-------------+---------------------------------------------+-----------+----------+
2026-04-08 22:42:52,693 - distributed.worker - WARNING - Mismatched versions found

+-------------+---------------------------------------------+-----------+----------+
| Package     | Worker-200a0906-8cb0-41b6-a038-f1a748e9d7b5 | Scheduler | Workers  |
+-------------+---------------------------------------------+-----------+----------+
| cloudpickle | 3.1.1                                       | None      | 3.1.1    |
| dask        | 2025.9.1                                    | None      | 2025.9.1 |
| distributed | 2025.9.1                                    | None      | 2025.9.1 |
| lz4         | 4.3.2                                       | None      | 4.3.2    |
| msgpack     | 1.1.1                                       | None      | 1.1.1    |
| toolz       | 1.0.0                                       | None      | 1.0.0    |
| tornado     | 6.5.1                                       | None      | 6.5.1    |
+-------------+---------------------------------------------+-----------+----------+
2026-04-08 22:42:52,707 - distributed.worker - WARNING - Mismatched versions found

+-------------+---------------------------------------------+-----------+----------+
| Package     | Worker-d70b37c0-2f0b-4863-98ac-20f4ffccfad6 | Scheduler | Workers  |
+-------------+---------------------------------------------+-----------+----------+
| cloudpickle | 3.1.1                                       | None      | 3.1.1    |
| dask        | 2025.9.1                                    | None      | 2025.9.1 |
| distributed | 2025.9.1                                    | None      | 2025.9.1 |
| lz4         | 4.3.2                                       | None      | 4.3.2    |
| msgpack     | 1.1.1                                       | None      | 1.1.1    |
| toolz       | 1.0.0                                       | None      | 1.0.0    |
| tornado     | 6.5.1                                       | None      | 6.5.1    |
+-------------+---------------------------------------------+-----------+----------+
2026-04-08 22:42:52,710 - distributed.worker - WARNING - Mismatched versions found

+-------------+---------------------------------------------+-----------+----------+
| Package     | Worker-e3a90f4f-0ec7-44eb-8e01-c0c0144ab718 | Scheduler | Workers  |
+-------------+---------------------------------------------+-----------+----------+
| cloudpickle | 3.1.1                                       | None      | 3.1.1    |
| dask        | 2025.9.1                                    | None      | 2025.9.1 |
| distributed | 2025.9.1                                    | None      | 2025.9.1 |
| lz4         | 4.3.2                                       | None      | 4.3.2    |
| msgpack     | 1.1.1                                       | None      | 1.1.1    |
| toolz       | 1.0.0                                       | None      | 1.0.0    |
| tornado     | 6.5.1                                       | None      | 6.5.1    |
+-------------+---------------------------------------------+-----------+----------+
2026-04-08 22:42:52,712 - distributed.worker - WARNING - Mismatched versions found

+-------------+---------------------------------------------+-----------+----------+
| Package     | Worker-00802c00-cbac-4217-aaf7-72e497388e89 | Scheduler | Workers  |
+-------------+---------------------------------------------+-----------+----------+
| cloudpickle | 3.1.1                                       | None      | 3.1.1    |
| dask        | 2025.9.1                                    | None      | 2025.9.1 |
| distributed | 2025.9.1                                    | None      | 2025.9.1 |
| lz4         | 4.3.2                                       | None      | 4.3.2    |
| msgpack     | 1.1.1                                       | None      | 1.1.1    |
| toolz       | 1.0.0                                       | None      | 1.0.0    |
| tornado     | 6.5.1                                       | None      | 6.5.1    |
+-------------+---------------------------------------------+-----------+----------+
2026-04-08 22:42:52,715 - distributed.worker - WARNING - Mismatched versions found

+-------------+---------------------------------------------+-----------+----------+
| Package     | Worker-8f5d9d1c-b52f-4ce0-8ad0-29ae8ecbc149 | Scheduler | Workers  |
+-------------+---------------------------------------------+-----------+----------+
| cloudpickle | 3.1.1                                       | None      | 3.1.1    |
| dask        | 2025.9.1                                    | None      | 2025.9.1 |
| distributed | 2025.9.1                                    | None      | 2025.9.1 |
| lz4         | 4.3.2                                       | None      | 4.3.2    |
| msgpack     | 1.1.1                                       | None      | 1.1.1    |
| toolz       | 1.0.0                                       | None      | 1.0.0    |
| tornado     | 6.5.1                                       | None      | 6.5.1    |
+-------------+---------------------------------------------+-----------+----------+
2026-04-08 22:42:52,716 - distributed.worker - WARNING - Mismatched versions found

+-------------+---------------------------------------------+-----------+----------+
| Package     | Worker-8c99370f-5ab7-486e-a1f9-cea11097a54e | Scheduler | Workers  |
+-------------+---------------------------------------------+-----------+----------+
| cloudpickle | 3.1.1                                       | None      | 3.1.1    |
| dask        | 2025.9.1                                    | None      | 2025.9.1 |
| distributed | 2025.9.1                                    | None      | 2025.9.1 |
| lz4         | 4.3.2                                       | None      | 4.3.2    |
| msgpack     | 1.1.1                                       | None      | 1.1.1    |
| toolz       | 1.0.0                                       | None      | 1.0.0    |
| tornado     | 6.5.1                                       | None      | 6.5.1    |
+-------------+---------------------------------------------+-----------+----------+
2026-04-08 22:42:52,718 - distributed.worker - WARNING - Mismatched versions found

+-------------+---------------------------------------------+-----------+----------+
| Package     | Worker-93a3179d-46f7-4cd2-9308-af998d174466 | Scheduler | Workers  |
+-------------+---------------------------------------------+-----------+----------+
| cloudpickle | 3.1.1                                       | None      | 3.1.1    |
| dask        | 2025.9.1                                    | None      | 2025.9.1 |
| distributed | 2025.9.1                                    | None      | 2025.9.1 |
| lz4         | 4.3.2                                       | None      | 4.3.2    |
| msgpack     | 1.1.1                                       | None      | 1.1.1    |
| toolz       | 1.0.0                                       | None      | 1.0.0    |
| tornado     | 6.5.1                                       | None      | 6.5.1    |
+-------------+---------------------------------------------+-----------+----------+
2026-04-08 22:42:52,719 - distributed.worker - WARNING - Mismatched versions found

+-------------+---------------------------------------------+-----------+----------+
| Package     | Worker-9b373a75-45ea-4119-86da-ea3f35392a79 | Scheduler | Workers  |
+-------------+---------------------------------------------+-----------+----------+
| cloudpickle | 3.1.1                                       | None      | 3.1.1    |
| dask        | 2025.9.1                                    | None      | 2025.9.1 |
| distributed | 2025.9.1                                    | None      | 2025.9.1 |
| lz4         | 4.3.2                                       | None      | 4.3.2    |
| msgpack     | 1.1.1                                       | None      | 1.1.1    |
| toolz       | 1.0.0                                       | None      | 1.0.0    |
| tornado     | 6.5.1                                       | None      | 6.5.1    |
+-------------+---------------------------------------------+-----------+----------+
2026-04-08 22:42:52,721 - distributed.worker - WARNING - Mismatched versions found

+-------------+---------------------------------------------+-----------+----------+
| Package     | Worker-0fef9a8d-5e38-4c96-833c-bd6368b8b60d | Scheduler | Workers  |
+-------------+---------------------------------------------+-----------+----------+
| cloudpickle | 3.1.1                                       | None      | 3.1.1    |
| dask        | 2025.9.1                                    | None      | 2025.9.1 |
| distributed | 2025.9.1                                    | None      | 2025.9.1 |
| lz4         | 4.3.2                                       | None      | 4.3.2    |
| msgpack     | 1.1.1                                       | None      | 1.1.1    |
| toolz       | 1.0.0                                       | None      | 1.0.0    |
| tornado     | 6.5.1                                       | None      | 6.5.1    |
+-------------+---------------------------------------------+-----------+----------+
2026-04-08 22:42:52,724 - distributed.worker - WARNING - Mismatched versions found

+-------------+---------------------------------------------+-----------+----------+
| Package     | Worker-f1bd2803-641d-427c-9b6b-09283bac8c19 | Scheduler | Workers  |
+-------------+---------------------------------------------+-----------+----------+
| cloudpickle | 3.1.1                                       | None      | 3.1.1    |
| dask        | 2025.9.1                                    | None      | 2025.9.1 |
| distributed | 2025.9.1                                    | None      | 2025.9.1 |
| lz4         | 4.3.2                                       | None      | 4.3.2    |
| msgpack     | 1.1.1                                       | None      | 1.1.1    |
| toolz       | 1.0.0                                       | None      | 1.0.0    |
| tornado     | 6.5.1                                       | None      | 6.5.1    |
+-------------+---------------------------------------------+-----------+----------+
2026-04-08 22:42:52,745 - distributed.worker - WARNING - Mismatched versions found

+-------------+---------------------------------------------+-----------+----------+
| Package     | Worker-1ebd03f1-0b5b-4b5b-8f91-47d5cb7a02ae | Scheduler | Workers  |
+-------------+---------------------------------------------+-----------+----------+
| cloudpickle | 3.1.1                                       | None      | 3.1.1    |
| dask        | 2025.9.1                                    | None      | 2025.9.1 |
| distributed | 2025.9.1                                    | None      | 2025.9.1 |
| lz4         | 4.3.2                                       | None      | 4.3.2    |
| msgpack     | 1.1.1                                       | None      | 1.1.1    |
| toolz       | 1.0.0                                       | None      | 1.0.0    |
| tornado     | 6.5.1                                       | None      | 6.5.1    |
+-------------+---------------------------------------------+-----------+----------+
2026-04-08 22:42:52,746 - distributed.worker - WARNING - Mismatched versions found

+-------------+---------------------------------------------+-----------+----------+
| Package     | Worker-c7b68557-f8b6-49ac-8fb9-d08d463f966d | Scheduler | Workers  |
+-------------+---------------------------------------------+-----------+----------+
| cloudpickle | 3.1.1                                       | None      | 3.1.1    |
| dask        | 2025.9.1                                    | None      | 2025.9.1 |
| distributed | 2025.9.1                                    | None      | 2025.9.1 |
| lz4         | 4.3.2                                       | None      | 4.3.2    |
| msgpack     | 1.1.1                                       | None      | 1.1.1    |
| toolz       | 1.0.0                                       | None      | 1.0.0    |
| tornado     | 6.5.1                                       | None      | 6.5.1    |
+-------------+---------------------------------------------+-----------+----------+
2026-04-08 22:42:52,747 - distributed.worker - WARNING - Mismatched versions found

+-------------+---------------------------------------------+-----------+----------+
| Package     | Worker-462deb11-fd7c-4d72-8f67-fef195774368 | Scheduler | Workers  |
+-------------+---------------------------------------------+-----------+----------+
| cloudpickle | 3.1.1                                       | None      | 3.1.1    |
| dask        | 2025.9.1                                    | None      | 2025.9.1 |
| distributed | 2025.9.1                                    | None      | 2025.9.1 |
| lz4         | 4.3.2                                       | None      | 4.3.2    |
| msgpack     | 1.1.1                                       | None      | 1.1.1    |
| toolz       | 1.0.0                                       | None      | 1.0.0    |
| tornado     | 6.5.1                                       | None      | 6.5.1    |
+-------------+---------------------------------------------+-----------+----------+
2026-04-08 22:42:52,747 - distributed.worker - WARNING - Mismatched versions found

+-------------+---------------------------------------------+-----------+----------+
| Package     | Worker-f0090e88-1252-4ecd-8439-0ae4526a6271 | Scheduler | Workers  |
+-------------+---------------------------------------------+-----------+----------+
| cloudpickle | 3.1.1                                       | None      | 3.1.1    |
| dask        | 2025.9.1                                    | None      | 2025.9.1 |
| distributed | 2025.9.1                                    | None      | 2025.9.1 |
| lz4         | 4.3.2                                       | None      | 4.3.2    |
| msgpack     | 1.1.1                                       | None      | 1.1.1    |
| toolz       | 1.0.0                                       | None      | 1.0.0    |
| tornado     | 6.5.1                                       | None      | 6.5.1    |
+-------------+---------------------------------------------+-----------+----------+
2026-04-08 22:42:52,752 - distributed.worker - WARNING - Mismatched versions found

+-------------+---------------------------------------------+-----------+----------+
| Package     | Worker-aa54037d-718a-4aa5-966f-d3517ea579ba | Scheduler | Workers  |
+-------------+---------------------------------------------+-----------+----------+
| cloudpickle | 3.1.1                                       | None      | 3.1.1    |
| dask        | 2025.9.1                                    | None      | 2025.9.1 |
| distributed | 2025.9.1                                    | None      | 2025.9.1 |
| lz4         | 4.3.2                                       | None      | 4.3.2    |
| msgpack     | 1.1.1                                       | None      | 1.1.1    |
| toolz       | 1.0.0                                       | None      | 1.0.0    |
| tornado     | 6.5.1                                       | None      | 6.5.1    |
+-------------+---------------------------------------------+-----------+----------+
2026-04-08 22:42:52,759 - distributed.worker - WARNING - Mismatched versions found

+-------------+---------------------------------------------+-----------+----------+
| Package     | Worker-018da89e-c802-4374-a455-75118f3558ec | Scheduler | Workers  |
+-------------+---------------------------------------------+-----------+----------+
| cloudpickle | 3.1.1                                       | None      | 3.1.1    |
| dask        | 2025.9.1                                    | None      | 2025.9.1 |
| distributed | 2025.9.1                                    | None      | 2025.9.1 |
| lz4         | 4.3.2                                       | None      | 4.3.2    |
| msgpack     | 1.1.1                                       | None      | 1.1.1    |
| toolz       | 1.0.0                                       | None      | 1.0.0    |
| tornado     | 6.5.1                                       | None      | 6.5.1    |
+-------------+---------------------------------------------+-----------+----------+
2026-04-08 22:42:52,760 - distributed.worker - WARNING - Mismatched versions found

+-------------+---------------------------------------------+-----------+----------+
| Package     | Worker-4b0b6df0-c8ec-4a49-b673-65fdff29e970 | Scheduler | Workers  |
+-------------+---------------------------------------------+-----------+----------+
| cloudpickle | 3.1.1                                       | None      | 3.1.1    |
| dask        | 2025.9.1                                    | None      | 2025.9.1 |
| distributed | 2025.9.1                                    | None      | 2025.9.1 |
| lz4         | 4.3.2                                       | None      | 4.3.2    |
| msgpack     | 1.1.1                                       | None      | 1.1.1    |
| toolz       | 1.0.0                                       | None      | 1.0.0    |
| tornado     | 6.5.1                                       | None      | 6.5.1    |
+-------------+---------------------------------------------+-----------+----------+
2026-04-08 22:42:52,765 - distributed.worker - WARNING - Mismatched versions found

+-------------+---------------------------------------------+-----------+----------+
| Package     | Worker-52da69a4-f1c8-4cd7-86e3-1e364b310417 | Scheduler | Workers  |
+-------------+---------------------------------------------+-----------+----------+
| cloudpickle | 3.1.1                                       | None      | 3.1.1    |
| dask        | 2025.9.1                                    | None      | 2025.9.1 |
| distributed | 2025.9.1                                    | None      | 2025.9.1 |
| lz4         | 4.3.2                                       | None      | 4.3.2    |
| msgpack     | 1.1.1                                       | None      | 1.1.1    |
| toolz       | 1.0.0                                       | None      | 1.0.0    |
| tornado     | 6.5.1                                       | None      | 6.5.1    |
+-------------+---------------------------------------------+-----------+----------+
2026-04-08 22:42:52,771 - distributed.worker - WARNING - Mismatched versions found

+-------------+---------------------------------------------+-----------+----------+
| Package     | Worker-5f8524f5-a5d0-40ae-a906-bbc72f964403 | Scheduler | Workers  |
+-------------+---------------------------------------------+-----------+----------+
| cloudpickle | 3.1.1                                       | None      | 3.1.1    |
| dask        | 2025.9.1                                    | None      | 2025.9.1 |
| distributed | 2025.9.1                                    | None      | 2025.9.1 |
| lz4         | 4.3.2                                       | None      | 4.3.2    |
| msgpack     | 1.1.1                                       | None      | 1.1.1    |
| toolz       | 1.0.0                                       | None      | 1.0.0    |
| tornado     | 6.5.1                                       | None      | 6.5.1    |
+-------------+---------------------------------------------+-----------+----------+
2026-04-08 22:42:52,774 - distributed.worker - WARNING - Mismatched versions found

+-------------+---------------------------------------------+-----------+----------+
| Package     | Worker-36d137ee-2e43-4d6e-86ff-c08ab155aec3 | Scheduler | Workers  |
+-------------+---------------------------------------------+-----------+----------+
| cloudpickle | 3.1.1                                       | None      | 3.1.1    |
| dask        | 2025.9.1                                    | None      | 2025.9.1 |
| distributed | 2025.9.1                                    | None      | 2025.9.1 |
| lz4         | 4.3.2                                       | None      | 4.3.2    |
| msgpack     | 1.1.1                                       | None      | 1.1.1    |
| toolz       | 1.0.0                                       | None      | 1.0.0    |
| tornado     | 6.5.1                                       | None      | 6.5.1    |
+-------------+---------------------------------------------+-----------+----------+
2026-04-08 22:42:52,784 - distributed.worker - WARNING - Mismatched versions found

+-------------+---------------------------------------------+-----------+----------+
| Package     | Worker-e2dbdffa-96ad-4e2e-820e-e662b9310574 | Scheduler | Workers  |
+-------------+---------------------------------------------+-----------+----------+
| cloudpickle | 3.1.1                                       | None      | 3.1.1    |
| dask        | 2025.9.1                                    | None      | 2025.9.1 |
| distributed | 2025.9.1                                    | None      | 2025.9.1 |
| lz4         | 4.3.2                                       | None      | 4.3.2    |
| msgpack     | 1.1.1                                       | None      | 1.1.1    |
| toolz       | 1.0.0                                       | None      | 1.0.0    |
| tornado     | 6.5.1                                       | None      | 6.5.1    |
+-------------+---------------------------------------------+-----------+----------+
2026-04-08 22:42:52,787 - distributed.worker - WARNING - Mismatched versions found

+-------------+---------------------------------------------+-----------+----------+
| Package     | Worker-86c22c4e-6f90-432a-af39-8581994454d6 | Scheduler | Workers  |
+-------------+---------------------------------------------+-----------+----------+
| cloudpickle | 3.1.1                                       | None      | 3.1.1    |
| dask        | 2025.9.1                                    | None      | 2025.9.1 |
| distributed | 2025.9.1                                    | None      | 2025.9.1 |
| lz4         | 4.3.2                                       | None      | 4.3.2    |
| msgpack     | 1.1.1                                       | None      | 1.1.1    |
| toolz       | 1.0.0                                       | None      | 1.0.0    |
| tornado     | 6.5.1                                       | None      | 6.5.1    |
+-------------+---------------------------------------------+-----------+----------+
2026-04-08 22:42:52,794 - distributed.worker - WARNING - Mismatched versions found

+-------------+---------------------------------------------+-----------+----------+
| Package     | Worker-68d48d5a-7322-413c-b340-c3db1e8f0523 | Scheduler | Workers  |
+-------------+---------------------------------------------+-----------+----------+
| cloudpickle | 3.1.1                                       | None      | 3.1.1    |
| dask        | 2025.9.1                                    | None      | 2025.9.1 |
| distributed | 2025.9.1                                    | None      | 2025.9.1 |
| lz4         | 4.3.2                                       | None      | 4.3.2    |
| msgpack     | 1.1.1                                       | None      | 1.1.1    |
| toolz       | 1.0.0                                       | None      | 1.0.0    |
| tornado     | 6.5.1                                       | None      | 6.5.1    |
+-------------+---------------------------------------------+-----------+----------+
2026-04-08 22:42:52,972 - distributed.worker - WARNING - Mismatched versions found

+-------------+---------------------------------------------+-----------+----------+
| Package     | Worker-2653bac9-45c8-4f4d-a9ee-688a439ef6a3 | Scheduler | Workers  |
+-------------+---------------------------------------------+-----------+----------+
| cloudpickle | 3.1.1                                       | None      | 3.1.1    |
| dask        | 2025.9.1                                    | None      | 2025.9.1 |
| distributed | 2025.9.1                                    | None      | 2025.9.1 |
| lz4         | 4.3.2                                       | None      | 4.3.2    |
| msgpack     | 1.1.1                                       | None      | 1.1.1    |
| toolz       | 1.0.0                                       | None      | 1.0.0    |
| tornado     | 6.5.1                                       | None      | 6.5.1    |
+-------------+---------------------------------------------+-----------+----------+
