Virtual environment activated
Python executable: /home/Shared/UniBe-swiss-ndvi/GitHub/swiss-ndvi-processing/.venv/bin/python
Python version: Python 3.12.3

2017-04-01
2025-11-30
Current commit:
285701669584587438d1dcc76bc4600dc51ef470

Commit details:
* 2857016 (HEAD -> setup-tunder-FB) perf: Move persist() of into batch loop
| *   88bb8c2 (refs/stash) On setup-tunder-FB: compiled numba
|/|\  
| | * 8b8f2eb untracked files on setup-tunder-FB: dbaf9d9 Cleanup and go for full dataset
| * e9ec04a index on setup-tunder-FB: dbaf9d9 Cleanup and go for full dataset
|/  
* dbaf9d9 Cleanup and go for full dataset
* 27177aa (origin/setup-tunder-FB) perf: Go to 200k batches, use 120 workers, persist() instead of intermediate save
* e246125 Switch N_WORKERS = 80
* 7e74716 Update logging
* 4cf4e3f Fix Batch size to 3*PIXEL_CHUNKS
* f18e93e perf: Improve performance by manual looping through chunks for apply_ufunc()

Working tree status:
On branch setup-tunder-FB
Your branch is ahead of 'origin/setup-tunder-FB' by 2 commits.
  (use "git push" to publish your local commits)

Changes not staged for commit:
  (use "git add <file>..." to update what will be committed)
  (use "git restore <file>..." to discard changes in working directory)
	modified:   2_historical_ndvi_test.py

no changes added to commit (use "git add" and/or "git commit -a")

============================================================
Historic processing started at: 2026-04-08 22:43:04
Log file: /home/Shared/UniBe-swiss-ndvi/GitHub/swiss-ndvi-processing/logs/historic_analysis_2026-04-08_22h43m04.log
============================================================

Running: with arguments: 2017-04-01 2025-11-30
------------------------------------------------------------
------------------------------------------------------------
Running: /home/Shared/UniBe-swiss-ndvi/GitHub/swiss-ndvi-processing/workflow_implementation/MS1_script_for_historical_NDVI/new_historical_processing/1_download_satellite_images.py
Start time: 2026-04-08 22:43:04
Finished: /home/Shared/UniBe-swiss-ndvi/GitHub/swiss-ndvi-processing/workflow_implementation/MS1_script_for_historical_NDVI/new_historical_processing/1_download_satellite_images.py
Duration: 00:00:00 (hh:mm:ss)
Download script returned value: /mnt/data2/UniBe-swiss-ndvi/historic_data/tmp_2026-04-04_18h16_ndvi_01_downloaded_2017-01-01_2025-12-31.zarr

------------------------------------------------------------
Running: /home/Shared/UniBe-swiss-ndvi/GitHub/swiss-ndvi-processing/workflow_implementation/MS1_script_for_historical_NDVI/new_historical_processing/2_historical_ndvi_test.py
Start time: 2026-04-08 22:43:04
2026-04-08 22:43:06,972 - distributed.nanny - ERROR - Failed to start process
Traceback (most recent call last):
  File "/home/Shared/UniBe-swiss-ndvi/GitHub/swiss-ndvi-processing/.venv/lib/python3.12/site-packages/distributed/nanny.py", line 452, in instantiate
    result = await self.process.start()
             ^^^^^^^^^^^^^^^^^^^^^^^^^^
  File "/home/Shared/UniBe-swiss-ndvi/GitHub/swiss-ndvi-processing/.venv/lib/python3.12/site-packages/distributed/nanny.py", line 713, in start
    self.init_result_q = mp_ctx.Queue()
                         ^^^^^^^^^^^^^^
  File "/usr/lib/python3.12/multiprocessing/context.py", line 103, in Queue
    return Queue(maxsize, ctx=self.get_context())
           ^^^^^^^^^^^^^^^^^^^^^^^^^^^^^^^^^^^^^^
  File "/usr/lib/python3.12/multiprocessing/queues.py", line 42, in __init__
    self._reader, self._writer = connection.Pipe(duplex=False)
                                 ^^^^^^^^^^^^^^^^^^^^^^^^^^^^^
  File "/usr/lib/python3.12/multiprocessing/connection.py", line 544, in Pipe
    fd1, fd2 = os.pipe()
               ^^^^^^^^^
OSError: [Errno 24] Too many open files
2026-04-08 22:43:06,984 - distributed.nanny - ERROR - Failed to start process
Traceback (most recent call last):
  File "/home/Shared/UniBe-swiss-ndvi/GitHub/swiss-ndvi-processing/.venv/lib/python3.12/site-packages/distributed/nanny.py", line 452, in instantiate
    result = await self.process.start()
             ^^^^^^^^^^^^^^^^^^^^^^^^^^
  File "/home/Shared/UniBe-swiss-ndvi/GitHub/swiss-ndvi-processing/.venv/lib/python3.12/site-packages/distributed/nanny.py", line 713, in start
    self.init_result_q = mp_ctx.Queue()
                         ^^^^^^^^^^^^^^
  File "/usr/lib/python3.12/multiprocessing/context.py", line 103, in Queue
    return Queue(maxsize, ctx=self.get_context())
           ^^^^^^^^^^^^^^^^^^^^^^^^^^^^^^^^^^^^^^
  File "/usr/lib/python3.12/multiprocessing/queues.py", line 42, in __init__
    self._reader, self._writer = connection.Pipe(duplex=False)
                                 ^^^^^^^^^^^^^^^^^^^^^^^^^^^^^
  File "/usr/lib/python3.12/multiprocessing/connection.py", line 544, in Pipe
    fd1, fd2 = os.pipe()
               ^^^^^^^^^
OSError: [Errno 24] Too many open files
2026-04-08 22:43:06,986 - distributed.nanny - ERROR - Failed to start process
Traceback (most recent call last):
  File "/home/Shared/UniBe-swiss-ndvi/GitHub/swiss-ndvi-processing/.venv/lib/python3.12/site-packages/distributed/nanny.py", line 452, in instantiate
    result = await self.process.start()
             ^^^^^^^^^^^^^^^^^^^^^^^^^^
  File "/home/Shared/UniBe-swiss-ndvi/GitHub/swiss-ndvi-processing/.venv/lib/python3.12/site-packages/distributed/nanny.py", line 713, in start
    self.init_result_q = mp_ctx.Queue()
                         ^^^^^^^^^^^^^^
  File "/usr/lib/python3.12/multiprocessing/context.py", line 103, in Queue
    return Queue(maxsize, ctx=self.get_context())
           ^^^^^^^^^^^^^^^^^^^^^^^^^^^^^^^^^^^^^^
  File "/usr/lib/python3.12/multiprocessing/queues.py", line 42, in __init__
    self._reader, self._writer = connection.Pipe(duplex=False)
                                 ^^^^^^^^^^^^^^^^^^^^^^^^^^^^^
  File "/usr/lib/python3.12/multiprocessing/connection.py", line 544, in Pipe
    fd1, fd2 = os.pipe()
               ^^^^^^^^^
OSError: [Errno 24] Too many open files
2026-04-08 22:43:06,988 - distributed.nanny - ERROR - Failed to start process
Traceback (most recent call last):
  File "/home/Shared/UniBe-swiss-ndvi/GitHub/swiss-ndvi-processing/.venv/lib/python3.12/site-packages/distributed/nanny.py", line 452, in instantiate
    result = await self.process.start()
             ^^^^^^^^^^^^^^^^^^^^^^^^^^
  File "/home/Shared/UniBe-swiss-ndvi/GitHub/swiss-ndvi-processing/.venv/lib/python3.12/site-packages/distributed/nanny.py", line 713, in start
    self.init_result_q = mp_ctx.Queue()
                         ^^^^^^^^^^^^^^
  File "/usr/lib/python3.12/multiprocessing/context.py", line 103, in Queue
    return Queue(maxsize, ctx=self.get_context())
           ^^^^^^^^^^^^^^^^^^^^^^^^^^^^^^^^^^^^^^
  File "/usr/lib/python3.12/multiprocessing/queues.py", line 43, in __init__
    self._rlock = ctx.Lock()
                  ^^^^^^^^^^
  File "/usr/lib/python3.12/multiprocessing/context.py", line 68, in Lock
    return Lock(ctx=self.get_context())
           ^^^^^^^^^^^^^^^^^^^^^^^^^^^^
  File "/usr/lib/python3.12/multiprocessing/synchronize.py", line 169, in __init__
  File "/usr/lib/python3.12/multiprocessing/synchronize.py", line 57, in __init__
OSError: [Errno 24] Too many open files
2026-04-08 22:43:06,990 - distributed.nanny - ERROR - Failed to start process
Traceback (most recent call last):
  File "/home/Shared/UniBe-swiss-ndvi/GitHub/swiss-ndvi-processing/.venv/lib/python3.12/site-packages/distributed/nanny.py", line 452, in instantiate
    result = await self.process.start()
             ^^^^^^^^^^^^^^^^^^^^^^^^^^
  File "/home/Shared/UniBe-swiss-ndvi/GitHub/swiss-ndvi-processing/.venv/lib/python3.12/site-packages/distributed/nanny.py", line 713, in start
    self.init_result_q = mp_ctx.Queue()
                         ^^^^^^^^^^^^^^
  File "/usr/lib/python3.12/multiprocessing/context.py", line 103, in Queue
    return Queue(maxsize, ctx=self.get_context())
           ^^^^^^^^^^^^^^^^^^^^^^^^^^^^^^^^^^^^^^
  File "/usr/lib/python3.12/multiprocessing/queues.py", line 42, in __init__
    self._reader, self._writer = connection.Pipe(duplex=False)
                                 ^^^^^^^^^^^^^^^^^^^^^^^^^^^^^
  File "/usr/lib/python3.12/multiprocessing/connection.py", line 544, in Pipe
    fd1, fd2 = os.pipe()
               ^^^^^^^^^
OSError: [Errno 24] Too many open files
2026-04-08 22:43:06,992 - distributed.nanny - ERROR - Failed to start process
Traceback (most recent call last):
  File "/home/Shared/UniBe-swiss-ndvi/GitHub/swiss-ndvi-processing/.venv/lib/python3.12/site-packages/distributed/nanny.py", line 452, in instantiate
    result = await self.process.start()
             ^^^^^^^^^^^^^^^^^^^^^^^^^^
  File "/home/Shared/UniBe-swiss-ndvi/GitHub/swiss-ndvi-processing/.venv/lib/python3.12/site-packages/distributed/nanny.py", line 713, in start
    self.init_result_q = mp_ctx.Queue()
                         ^^^^^^^^^^^^^^
  File "/usr/lib/python3.12/multiprocessing/context.py", line 103, in Queue
    return Queue(maxsize, ctx=self.get_context())
           ^^^^^^^^^^^^^^^^^^^^^^^^^^^^^^^^^^^^^^
  File "/usr/lib/python3.12/multiprocessing/queues.py", line 43, in __init__
    self._rlock = ctx.Lock()
                  ^^^^^^^^^^
  File "/usr/lib/python3.12/multiprocessing/context.py", line 68, in Lock
    return Lock(ctx=self.get_context())
           ^^^^^^^^^^^^^^^^^^^^^^^^^^^^
  File "/usr/lib/python3.12/multiprocessing/synchronize.py", line 169, in __init__
  File "/usr/lib/python3.12/multiprocessing/synchronize.py", line 57, in __init__
OSError: [Errno 24] Too many open files
2026-04-08 22:43:06,995 - distributed.nanny - ERROR - Failed to start process
Traceback (most recent call last):
  File "/home/Shared/UniBe-swiss-ndvi/GitHub/swiss-ndvi-processing/.venv/lib/python3.12/site-packages/distributed/nanny.py", line 452, in instantiate
    result = await self.process.start()
             ^^^^^^^^^^^^^^^^^^^^^^^^^^
  File "/home/Shared/UniBe-swiss-ndvi/GitHub/swiss-ndvi-processing/.venv/lib/python3.12/site-packages/distributed/nanny.py", line 713, in start
    self.init_result_q = mp_ctx.Queue()
                         ^^^^^^^^^^^^^^
  File "/usr/lib/python3.12/multiprocessing/context.py", line 103, in Queue
    return Queue(maxsize, ctx=self.get_context())
           ^^^^^^^^^^^^^^^^^^^^^^^^^^^^^^^^^^^^^^
  File "/usr/lib/python3.12/multiprocessing/queues.py", line 42, in __init__
    self._reader, self._writer = connection.Pipe(duplex=False)
                                 ^^^^^^^^^^^^^^^^^^^^^^^^^^^^^
  File "/usr/lib/python3.12/multiprocessing/connection.py", line 544, in Pipe
    fd1, fd2 = os.pipe()
               ^^^^^^^^^
OSError: [Errno 24] Too many open files
2026-04-08 22:43:06,997 - distributed.nanny - ERROR - Failed to start process
Traceback (most recent call last):
  File "/home/Shared/UniBe-swiss-ndvi/GitHub/swiss-ndvi-processing/.venv/lib/python3.12/site-packages/distributed/nanny.py", line 452, in instantiate
    result = await self.process.start()
             ^^^^^^^^^^^^^^^^^^^^^^^^^^
  File "/home/Shared/UniBe-swiss-ndvi/GitHub/swiss-ndvi-processing/.venv/lib/python3.12/site-packages/distributed/nanny.py", line 713, in start
    self.init_result_q = mp_ctx.Queue()
                         ^^^^^^^^^^^^^^
  File "/usr/lib/python3.12/multiprocessing/context.py", line 103, in Queue
    return Queue(maxsize, ctx=self.get_context())
           ^^^^^^^^^^^^^^^^^^^^^^^^^^^^^^^^^^^^^^
  File "/usr/lib/python3.12/multiprocessing/queues.py", line 43, in __init__
    self._rlock = ctx.Lock()
                  ^^^^^^^^^^
  File "/usr/lib/python3.12/multiprocessing/context.py", line 68, in Lock
    return Lock(ctx=self.get_context())
           ^^^^^^^^^^^^^^^^^^^^^^^^^^^^
  File "/usr/lib/python3.12/multiprocessing/synchronize.py", line 169, in __init__
  File "/usr/lib/python3.12/multiprocessing/synchronize.py", line 57, in __init__
OSError: [Errno 24] Too many open files
2026-04-08 22:43:06,999 - distributed.nanny - ERROR - Failed to start process
Traceback (most recent call last):
  File "/home/Shared/UniBe-swiss-ndvi/GitHub/swiss-ndvi-processing/.venv/lib/python3.12/site-packages/distributed/nanny.py", line 452, in instantiate
    result = await self.process.start()
             ^^^^^^^^^^^^^^^^^^^^^^^^^^
  File "/home/Shared/UniBe-swiss-ndvi/GitHub/swiss-ndvi-processing/.venv/lib/python3.12/site-packages/distributed/nanny.py", line 713, in start
    self.init_result_q = mp_ctx.Queue()
                         ^^^^^^^^^^^^^^
  File "/usr/lib/python3.12/multiprocessing/context.py", line 103, in Queue
    return Queue(maxsize, ctx=self.get_context())
           ^^^^^^^^^^^^^^^^^^^^^^^^^^^^^^^^^^^^^^
  File "/usr/lib/python3.12/multiprocessing/queues.py", line 42, in __init__
    self._reader, self._writer = connection.Pipe(duplex=False)
                                 ^^^^^^^^^^^^^^^^^^^^^^^^^^^^^
  File "/usr/lib/python3.12/multiprocessing/connection.py", line 544, in Pipe
    fd1, fd2 = os.pipe()
               ^^^^^^^^^
OSError: [Errno 24] Too many open files
2026-04-08 22:43:07,000 - distributed.nanny - ERROR - Failed to start process
Traceback (most recent call last):
  File "/home/Shared/UniBe-swiss-ndvi/GitHub/swiss-ndvi-processing/.venv/lib/python3.12/site-packages/distributed/nanny.py", line 452, in instantiate
    result = await self.process.start()
             ^^^^^^^^^^^^^^^^^^^^^^^^^^
  File "/home/Shared/UniBe-swiss-ndvi/GitHub/swiss-ndvi-processing/.venv/lib/python3.12/site-packages/distributed/nanny.py", line 713, in start
    self.init_result_q = mp_ctx.Queue()
                         ^^^^^^^^^^^^^^
  File "/usr/lib/python3.12/multiprocessing/context.py", line 103, in Queue
    return Queue(maxsize, ctx=self.get_context())
           ^^^^^^^^^^^^^^^^^^^^^^^^^^^^^^^^^^^^^^
  File "/usr/lib/python3.12/multiprocessing/queues.py", line 43, in __init__
    self._rlock = ctx.Lock()
                  ^^^^^^^^^^
  File "/usr/lib/python3.12/multiprocessing/context.py", line 68, in Lock
    return Lock(ctx=self.get_context())
           ^^^^^^^^^^^^^^^^^^^^^^^^^^^^
  File "/usr/lib/python3.12/multiprocessing/synchronize.py", line 169, in __init__
  File "/usr/lib/python3.12/multiprocessing/synchronize.py", line 57, in __init__
OSError: [Errno 24] Too many open files
2026-04-08 22:43:07,002 - distributed.nanny - ERROR - Failed to start process
Traceback (most recent call last):
  File "/home/Shared/UniBe-swiss-ndvi/GitHub/swiss-ndvi-processing/.venv/lib/python3.12/site-packages/distributed/nanny.py", line 452, in instantiate
    result = await self.process.start()
             ^^^^^^^^^^^^^^^^^^^^^^^^^^
  File "/home/Shared/UniBe-swiss-ndvi/GitHub/swiss-ndvi-processing/.venv/lib/python3.12/site-packages/distributed/nanny.py", line 713, in start
    self.init_result_q = mp_ctx.Queue()
                         ^^^^^^^^^^^^^^
  File "/usr/lib/python3.12/multiprocessing/context.py", line 103, in Queue
    return Queue(maxsize, ctx=self.get_context())
           ^^^^^^^^^^^^^^^^^^^^^^^^^^^^^^^^^^^^^^
  File "/usr/lib/python3.12/multiprocessing/queues.py", line 42, in __init__
    self._reader, self._writer = connection.Pipe(duplex=False)
                                 ^^^^^^^^^^^^^^^^^^^^^^^^^^^^^
  File "/usr/lib/python3.12/multiprocessing/connection.py", line 544, in Pipe
    fd1, fd2 = os.pipe()
               ^^^^^^^^^
OSError: [Errno 24] Too many open files
2026-04-08 22:43:07,004 - distributed.nanny - ERROR - Failed to start process
Traceback (most recent call last):
  File "/home/Shared/UniBe-swiss-ndvi/GitHub/swiss-ndvi-processing/.venv/lib/python3.12/site-packages/distributed/nanny.py", line 452, in instantiate
    result = await self.process.start()
             ^^^^^^^^^^^^^^^^^^^^^^^^^^
  File "/home/Shared/UniBe-swiss-ndvi/GitHub/swiss-ndvi-processing/.venv/lib/python3.12/site-packages/distributed/nanny.py", line 713, in start
    self.init_result_q = mp_ctx.Queue()
                         ^^^^^^^^^^^^^^
  File "/usr/lib/python3.12/multiprocessing/context.py", line 103, in Queue
    return Queue(maxsize, ctx=self.get_context())
           ^^^^^^^^^^^^^^^^^^^^^^^^^^^^^^^^^^^^^^
  File "/usr/lib/python3.12/multiprocessing/queues.py", line 43, in __init__
    self._rlock = ctx.Lock()
                  ^^^^^^^^^^
  File "/usr/lib/python3.12/multiprocessing/context.py", line 68, in Lock
    return Lock(ctx=self.get_context())
           ^^^^^^^^^^^^^^^^^^^^^^^^^^^^
  File "/usr/lib/python3.12/multiprocessing/synchronize.py", line 169, in __init__
  File "/usr/lib/python3.12/multiprocessing/synchronize.py", line 57, in __init__
OSError: [Errno 24] Too many open files
2026-04-08 22:43:07,005 - distributed.nanny - ERROR - Failed to start process
Traceback (most recent call last):
  File "/home/Shared/UniBe-swiss-ndvi/GitHub/swiss-ndvi-processing/.venv/lib/python3.12/site-packages/distributed/nanny.py", line 452, in instantiate
    result = await self.process.start()
             ^^^^^^^^^^^^^^^^^^^^^^^^^^
  File "/home/Shared/UniBe-swiss-ndvi/GitHub/swiss-ndvi-processing/.venv/lib/python3.12/site-packages/distributed/nanny.py", line 713, in start
    self.init_result_q = mp_ctx.Queue()
                         ^^^^^^^^^^^^^^
  File "/usr/lib/python3.12/multiprocessing/context.py", line 103, in Queue
    return Queue(maxsize, ctx=self.get_context())
           ^^^^^^^^^^^^^^^^^^^^^^^^^^^^^^^^^^^^^^
  File "/usr/lib/python3.12/multiprocessing/queues.py", line 42, in __init__
    self._reader, self._writer = connection.Pipe(duplex=False)
                                 ^^^^^^^^^^^^^^^^^^^^^^^^^^^^^
  File "/usr/lib/python3.12/multiprocessing/connection.py", line 544, in Pipe
    fd1, fd2 = os.pipe()
               ^^^^^^^^^
OSError: [Errno 24] Too many open files
2026-04-08 22:43:07,007 - distributed.nanny - ERROR - Failed to start process
Traceback (most recent call last):
  File "/home/Shared/UniBe-swiss-ndvi/GitHub/swiss-ndvi-processing/.venv/lib/python3.12/site-packages/distributed/nanny.py", line 452, in instantiate
    result = await self.process.start()
             ^^^^^^^^^^^^^^^^^^^^^^^^^^
  File "/home/Shared/UniBe-swiss-ndvi/GitHub/swiss-ndvi-processing/.venv/lib/python3.12/site-packages/distributed/nanny.py", line 713, in start
    self.init_result_q = mp_ctx.Queue()
                         ^^^^^^^^^^^^^^
  File "/usr/lib/python3.12/multiprocessing/context.py", line 103, in Queue
    return Queue(maxsize, ctx=self.get_context())
           ^^^^^^^^^^^^^^^^^^^^^^^^^^^^^^^^^^^^^^
  File "/usr/lib/python3.12/multiprocessing/queues.py", line 43, in __init__
    self._rlock = ctx.Lock()
                  ^^^^^^^^^^
  File "/usr/lib/python3.12/multiprocessing/context.py", line 68, in Lock
    return Lock(ctx=self.get_context())
           ^^^^^^^^^^^^^^^^^^^^^^^^^^^^
  File "/usr/lib/python3.12/multiprocessing/synchronize.py", line 169, in __init__
  File "/usr/lib/python3.12/multiprocessing/synchronize.py", line 57, in __init__
OSError: [Errno 24] Too many open files
2026-04-08 22:43:07,009 - distributed.nanny - ERROR - Failed to start process
Traceback (most recent call last):
  File "/home/Shared/UniBe-swiss-ndvi/GitHub/swiss-ndvi-processing/.venv/lib/python3.12/site-packages/distributed/nanny.py", line 452, in instantiate
    result = await self.process.start()
             ^^^^^^^^^^^^^^^^^^^^^^^^^^
  File "/home/Shared/UniBe-swiss-ndvi/GitHub/swiss-ndvi-processing/.venv/lib/python3.12/site-packages/distributed/nanny.py", line 713, in start
    self.init_result_q = mp_ctx.Queue()
                         ^^^^^^^^^^^^^^
  File "/usr/lib/python3.12/multiprocessing/context.py", line 103, in Queue
    return Queue(maxsize, ctx=self.get_context())
           ^^^^^^^^^^^^^^^^^^^^^^^^^^^^^^^^^^^^^^
  File "/usr/lib/python3.12/multiprocessing/queues.py", line 42, in __init__
    self._reader, self._writer = connection.Pipe(duplex=False)
                                 ^^^^^^^^^^^^^^^^^^^^^^^^^^^^^
  File "/usr/lib/python3.12/multiprocessing/connection.py", line 544, in Pipe
    fd1, fd2 = os.pipe()
               ^^^^^^^^^
OSError: [Errno 24] Too many open files
2026-04-08 22:43:07,010 - distributed.nanny - ERROR - Failed to start process
Traceback (most recent call last):
  File "/home/Shared/UniBe-swiss-ndvi/GitHub/swiss-ndvi-processing/.venv/lib/python3.12/site-packages/distributed/nanny.py", line 452, in instantiate
    result = await self.process.start()
             ^^^^^^^^^^^^^^^^^^^^^^^^^^
  File "/home/Shared/UniBe-swiss-ndvi/GitHub/swiss-ndvi-processing/.venv/lib/python3.12/site-packages/distributed/nanny.py", line 713, in start
    self.init_result_q = mp_ctx.Queue()
                         ^^^^^^^^^^^^^^
  File "/usr/lib/python3.12/multiprocessing/context.py", line 103, in Queue
    return Queue(maxsize, ctx=self.get_context())
           ^^^^^^^^^^^^^^^^^^^^^^^^^^^^^^^^^^^^^^
  File "/usr/lib/python3.12/multiprocessing/queues.py", line 43, in __init__
    self._rlock = ctx.Lock()
                  ^^^^^^^^^^
  File "/usr/lib/python3.12/multiprocessing/context.py", line 68, in Lock
    return Lock(ctx=self.get_context())
           ^^^^^^^^^^^^^^^^^^^^^^^^^^^^
  File "/usr/lib/python3.12/multiprocessing/synchronize.py", line 169, in __init__
  File "/usr/lib/python3.12/multiprocessing/synchronize.py", line 57, in __init__
OSError: [Errno 24] Too many open files
2026-04-08 22:43:07,013 - distributed.nanny - ERROR - Failed to start process
Traceback (most recent call last):
  File "/home/Shared/UniBe-swiss-ndvi/GitHub/swiss-ndvi-processing/.venv/lib/python3.12/site-packages/distributed/nanny.py", line 452, in instantiate
    result = await self.process.start()
             ^^^^^^^^^^^^^^^^^^^^^^^^^^
  File "/home/Shared/UniBe-swiss-ndvi/GitHub/swiss-ndvi-processing/.venv/lib/python3.12/site-packages/distributed/nanny.py", line 713, in start
    self.init_result_q = mp_ctx.Queue()
                         ^^^^^^^^^^^^^^
  File "/usr/lib/python3.12/multiprocessing/context.py", line 103, in Queue
    return Queue(maxsize, ctx=self.get_context())
           ^^^^^^^^^^^^^^^^^^^^^^^^^^^^^^^^^^^^^^
  File "/usr/lib/python3.12/multiprocessing/queues.py", line 42, in __init__
    self._reader, self._writer = connection.Pipe(duplex=False)
                                 ^^^^^^^^^^^^^^^^^^^^^^^^^^^^^
  File "/usr/lib/python3.12/multiprocessing/connection.py", line 544, in Pipe
    fd1, fd2 = os.pipe()
               ^^^^^^^^^
OSError: [Errno 24] Too many open files
2026-04-08 22:43:07,014 - distributed.nanny - ERROR - Failed to start process
Traceback (most recent call last):
  File "/home/Shared/UniBe-swiss-ndvi/GitHub/swiss-ndvi-processing/.venv/lib/python3.12/site-packages/distributed/nanny.py", line 452, in instantiate
    result = await self.process.start()
             ^^^^^^^^^^^^^^^^^^^^^^^^^^
  File "/home/Shared/UniBe-swiss-ndvi/GitHub/swiss-ndvi-processing/.venv/lib/python3.12/site-packages/distributed/nanny.py", line 713, in start
    self.init_result_q = mp_ctx.Queue()
                         ^^^^^^^^^^^^^^
  File "/usr/lib/python3.12/multiprocessing/context.py", line 103, in Queue
    return Queue(maxsize, ctx=self.get_context())
           ^^^^^^^^^^^^^^^^^^^^^^^^^^^^^^^^^^^^^^
  File "/usr/lib/python3.12/multiprocessing/queues.py", line 43, in __init__
    self._rlock = ctx.Lock()
                  ^^^^^^^^^^
  File "/usr/lib/python3.12/multiprocessing/context.py", line 68, in Lock
    return Lock(ctx=self.get_context())
           ^^^^^^^^^^^^^^^^^^^^^^^^^^^^
  File "/usr/lib/python3.12/multiprocessing/synchronize.py", line 169, in __init__
  File "/usr/lib/python3.12/multiprocessing/synchronize.py", line 57, in __init__
OSError: [Errno 24] Too many open files
2026-04-08 22:43:07,016 - distributed.nanny - ERROR - Failed to start process
Traceback (most recent call last):
  File "/home/Shared/UniBe-swiss-ndvi/GitHub/swiss-ndvi-processing/.venv/lib/python3.12/site-packages/distributed/nanny.py", line 452, in instantiate
    result = await self.process.start()
             ^^^^^^^^^^^^^^^^^^^^^^^^^^
  File "/home/Shared/UniBe-swiss-ndvi/GitHub/swiss-ndvi-processing/.venv/lib/python3.12/site-packages/distributed/nanny.py", line 713, in start
    self.init_result_q = mp_ctx.Queue()
                         ^^^^^^^^^^^^^^
  File "/usr/lib/python3.12/multiprocessing/context.py", line 103, in Queue
    return Queue(maxsize, ctx=self.get_context())
           ^^^^^^^^^^^^^^^^^^^^^^^^^^^^^^^^^^^^^^
  File "/usr/lib/python3.12/multiprocessing/queues.py", line 42, in __init__
    self._reader, self._writer = connection.Pipe(duplex=False)
                                 ^^^^^^^^^^^^^^^^^^^^^^^^^^^^^
  File "/usr/lib/python3.12/multiprocessing/connection.py", line 544, in Pipe
    fd1, fd2 = os.pipe()
               ^^^^^^^^^
OSError: [Errno 24] Too many open files
2026-04-08 22:43:07,018 - distributed.nanny - ERROR - Failed to start process
Traceback (most recent call last):
  File "/home/Shared/UniBe-swiss-ndvi/GitHub/swiss-ndvi-processing/.venv/lib/python3.12/site-packages/distributed/nanny.py", line 452, in instantiate
    result = await self.process.start()
             ^^^^^^^^^^^^^^^^^^^^^^^^^^
  File "/home/Shared/UniBe-swiss-ndvi/GitHub/swiss-ndvi-processing/.venv/lib/python3.12/site-packages/distributed/nanny.py", line 713, in start
    self.init_result_q = mp_ctx.Queue()
                         ^^^^^^^^^^^^^^
  File "/usr/lib/python3.12/multiprocessing/context.py", line 103, in Queue
    return Queue(maxsize, ctx=self.get_context())
           ^^^^^^^^^^^^^^^^^^^^^^^^^^^^^^^^^^^^^^
  File "/usr/lib/python3.12/multiprocessing/queues.py", line 43, in __init__
    self._rlock = ctx.Lock()
                  ^^^^^^^^^^
  File "/usr/lib/python3.12/multiprocessing/context.py", line 68, in Lock
    return Lock(ctx=self.get_context())
           ^^^^^^^^^^^^^^^^^^^^^^^^^^^^
  File "/usr/lib/python3.12/multiprocessing/synchronize.py", line 169, in __init__
  File "/usr/lib/python3.12/multiprocessing/synchronize.py", line 57, in __init__
OSError: [Errno 24] Too many open files
2026-04-08 22:43:07,019 - distributed.nanny - ERROR - Failed to start process
Traceback (most recent call last):
  File "/home/Shared/UniBe-swiss-ndvi/GitHub/swiss-ndvi-processing/.venv/lib/python3.12/site-packages/distributed/nanny.py", line 452, in instantiate
    result = await self.process.start()
             ^^^^^^^^^^^^^^^^^^^^^^^^^^
  File "/home/Shared/UniBe-swiss-ndvi/GitHub/swiss-ndvi-processing/.venv/lib/python3.12/site-packages/distributed/nanny.py", line 713, in start
    self.init_result_q = mp_ctx.Queue()
                         ^^^^^^^^^^^^^^
  File "/usr/lib/python3.12/multiprocessing/context.py", line 103, in Queue
    return Queue(maxsize, ctx=self.get_context())
           ^^^^^^^^^^^^^^^^^^^^^^^^^^^^^^^^^^^^^^
  File "/usr/lib/python3.12/multiprocessing/queues.py", line 42, in __init__
    self._reader, self._writer = connection.Pipe(duplex=False)
                                 ^^^^^^^^^^^^^^^^^^^^^^^^^^^^^
  File "/usr/lib/python3.12/multiprocessing/connection.py", line 544, in Pipe
    fd1, fd2 = os.pipe()
               ^^^^^^^^^
OSError: [Errno 24] Too many open files
2026-04-08 22:43:07,021 - distributed.nanny - ERROR - Failed to start process
Traceback (most recent call last):
  File "/home/Shared/UniBe-swiss-ndvi/GitHub/swiss-ndvi-processing/.venv/lib/python3.12/site-packages/distributed/nanny.py", line 452, in instantiate
    result = await self.process.start()
             ^^^^^^^^^^^^^^^^^^^^^^^^^^
  File "/home/Shared/UniBe-swiss-ndvi/GitHub/swiss-ndvi-processing/.venv/lib/python3.12/site-packages/distributed/nanny.py", line 713, in start
    self.init_result_q = mp_ctx.Queue()
                         ^^^^^^^^^^^^^^
  File "/usr/lib/python3.12/multiprocessing/context.py", line 103, in Queue
    return Queue(maxsize, ctx=self.get_context())
           ^^^^^^^^^^^^^^^^^^^^^^^^^^^^^^^^^^^^^^
  File "/usr/lib/python3.12/multiprocessing/queues.py", line 43, in __init__
    self._rlock = ctx.Lock()
                  ^^^^^^^^^^
  File "/usr/lib/python3.12/multiprocessing/context.py", line 68, in Lock
    return Lock(ctx=self.get_context())
           ^^^^^^^^^^^^^^^^^^^^^^^^^^^^
  File "/usr/lib/python3.12/multiprocessing/synchronize.py", line 169, in __init__
  File "/usr/lib/python3.12/multiprocessing/synchronize.py", line 57, in __init__
OSError: [Errno 24] Too many open files
2026-04-08 22:43:07,023 - distributed.nanny - ERROR - Failed to start process
Traceback (most recent call last):
  File "/home/Shared/UniBe-swiss-ndvi/GitHub/swiss-ndvi-processing/.venv/lib/python3.12/site-packages/distributed/nanny.py", line 452, in instantiate
    result = await self.process.start()
             ^^^^^^^^^^^^^^^^^^^^^^^^^^
  File "/home/Shared/UniBe-swiss-ndvi/GitHub/swiss-ndvi-processing/.venv/lib/python3.12/site-packages/distributed/nanny.py", line 713, in start
    self.init_result_q = mp_ctx.Queue()
                         ^^^^^^^^^^^^^^
  File "/usr/lib/python3.12/multiprocessing/context.py", line 103, in Queue
    return Queue(maxsize, ctx=self.get_context())
           ^^^^^^^^^^^^^^^^^^^^^^^^^^^^^^^^^^^^^^
  File "/usr/lib/python3.12/multiprocessing/queues.py", line 42, in __init__
    self._reader, self._writer = connection.Pipe(duplex=False)
                                 ^^^^^^^^^^^^^^^^^^^^^^^^^^^^^
  File "/usr/lib/python3.12/multiprocessing/connection.py", line 544, in Pipe
    fd1, fd2 = os.pipe()
               ^^^^^^^^^
OSError: [Errno 24] Too many open files
2026-04-08 22:43:07,024 - distributed.nanny - ERROR - Failed to start process
Traceback (most recent call last):
  File "/home/Shared/UniBe-swiss-ndvi/GitHub/swiss-ndvi-processing/.venv/lib/python3.12/site-packages/distributed/nanny.py", line 452, in instantiate
    result = await self.process.start()
             ^^^^^^^^^^^^^^^^^^^^^^^^^^
  File "/home/Shared/UniBe-swiss-ndvi/GitHub/swiss-ndvi-processing/.venv/lib/python3.12/site-packages/distributed/nanny.py", line 713, in start
    self.init_result_q = mp_ctx.Queue()
                         ^^^^^^^^^^^^^^
  File "/usr/lib/python3.12/multiprocessing/context.py", line 103, in Queue
    return Queue(maxsize, ctx=self.get_context())
           ^^^^^^^^^^^^^^^^^^^^^^^^^^^^^^^^^^^^^^
  File "/usr/lib/python3.12/multiprocessing/queues.py", line 43, in __init__
    self._rlock = ctx.Lock()
                  ^^^^^^^^^^
  File "/usr/lib/python3.12/multiprocessing/context.py", line 68, in Lock
    return Lock(ctx=self.get_context())
           ^^^^^^^^^^^^^^^^^^^^^^^^^^^^
  File "/usr/lib/python3.12/multiprocessing/synchronize.py", line 169, in __init__
  File "/usr/lib/python3.12/multiprocessing/synchronize.py", line 57, in __init__
OSError: [Errno 24] Too many open files
2026-04-08 22:43:07,026 - distributed.nanny - ERROR - Failed to start process
Traceback (most recent call last):
  File "/home/Shared/UniBe-swiss-ndvi/GitHub/swiss-ndvi-processing/.venv/lib/python3.12/site-packages/distributed/nanny.py", line 452, in instantiate
    result = await self.process.start()
             ^^^^^^^^^^^^^^^^^^^^^^^^^^
  File "/home/Shared/UniBe-swiss-ndvi/GitHub/swiss-ndvi-processing/.venv/lib/python3.12/site-packages/distributed/nanny.py", line 713, in start
    self.init_result_q = mp_ctx.Queue()
                         ^^^^^^^^^^^^^^
  File "/usr/lib/python3.12/multiprocessing/context.py", line 103, in Queue
    return Queue(maxsize, ctx=self.get_context())
           ^^^^^^^^^^^^^^^^^^^^^^^^^^^^^^^^^^^^^^
  File "/usr/lib/python3.12/multiprocessing/queues.py", line 42, in __init__
    self._reader, self._writer = connection.Pipe(duplex=False)
                                 ^^^^^^^^^^^^^^^^^^^^^^^^^^^^^
  File "/usr/lib/python3.12/multiprocessing/connection.py", line 544, in Pipe
    fd1, fd2 = os.pipe()
               ^^^^^^^^^
OSError: [Errno 24] Too many open files
2026-04-08 22:43:07,028 - distributed.nanny - ERROR - Failed to start process
Traceback (most recent call last):
  File "/home/Shared/UniBe-swiss-ndvi/GitHub/swiss-ndvi-processing/.venv/lib/python3.12/site-packages/distributed/nanny.py", line 452, in instantiate
    result = await self.process.start()
             ^^^^^^^^^^^^^^^^^^^^^^^^^^
  File "/home/Shared/UniBe-swiss-ndvi/GitHub/swiss-ndvi-processing/.venv/lib/python3.12/site-packages/distributed/nanny.py", line 713, in start
    self.init_result_q = mp_ctx.Queue()
                         ^^^^^^^^^^^^^^
  File "/usr/lib/python3.12/multiprocessing/context.py", line 103, in Queue
    return Queue(maxsize, ctx=self.get_context())
           ^^^^^^^^^^^^^^^^^^^^^^^^^^^^^^^^^^^^^^
  File "/usr/lib/python3.12/multiprocessing/queues.py", line 43, in __init__
    self._rlock = ctx.Lock()
                  ^^^^^^^^^^
  File "/usr/lib/python3.12/multiprocessing/context.py", line 68, in Lock
    return Lock(ctx=self.get_context())
           ^^^^^^^^^^^^^^^^^^^^^^^^^^^^
  File "/usr/lib/python3.12/multiprocessing/synchronize.py", line 169, in __init__
  File "/usr/lib/python3.12/multiprocessing/synchronize.py", line 57, in __init__
OSError: [Errno 24] Too many open files
2026-04-08 22:43:07,030 - distributed.nanny - ERROR - Failed to start process
Traceback (most recent call last):
  File "/home/Shared/UniBe-swiss-ndvi/GitHub/swiss-ndvi-processing/.venv/lib/python3.12/site-packages/distributed/nanny.py", line 452, in instantiate
    result = await self.process.start()
             ^^^^^^^^^^^^^^^^^^^^^^^^^^
  File "/home/Shared/UniBe-swiss-ndvi/GitHub/swiss-ndvi-processing/.venv/lib/python3.12/site-packages/distributed/nanny.py", line 713, in start
    self.init_result_q = mp_ctx.Queue()
                         ^^^^^^^^^^^^^^
  File "/usr/lib/python3.12/multiprocessing/context.py", line 103, in Queue
    return Queue(maxsize, ctx=self.get_context())
           ^^^^^^^^^^^^^^^^^^^^^^^^^^^^^^^^^^^^^^
  File "/usr/lib/python3.12/multiprocessing/queues.py", line 42, in __init__
    self._reader, self._writer = connection.Pipe(duplex=False)
                                 ^^^^^^^^^^^^^^^^^^^^^^^^^^^^^
  File "/usr/lib/python3.12/multiprocessing/connection.py", line 544, in Pipe
    fd1, fd2 = os.pipe()
               ^^^^^^^^^
OSError: [Errno 24] Too many open files
2026-04-08 22:43:07,041 - distributed.nanny - ERROR - Nanny failed to start process
Traceback (most recent call last):
  File "/home/Shared/UniBe-swiss-ndvi/GitHub/swiss-ndvi-processing/.venv/lib/python3.12/site-packages/distributed/nanny.py", line 750, in start
    await self.process.start()
  File "/home/Shared/UniBe-swiss-ndvi/GitHub/swiss-ndvi-processing/.venv/lib/python3.12/site-packages/distributed/process.py", line 55, in _call_and_set_future
    res = func(*args, **kwargs)
          ^^^^^^^^^^^^^^^^^^^^^
  File "/home/Shared/UniBe-swiss-ndvi/GitHub/swiss-ndvi-processing/.venv/lib/python3.12/site-packages/distributed/process.py", line 215, in _start
    process.start()
  File "/usr/lib/python3.12/multiprocessing/process.py", line 121, in start
    self._popen = self._Popen(self)
                  ^^^^^^^^^^^^^^^^^
  File "/usr/lib/python3.12/multiprocessing/context.py", line 289, in _Popen
    return Popen(process_obj)
           ^^^^^^^^^^^^^^^^^^
  File "/usr/lib/python3.12/multiprocessing/popen_spawn_posix.py", line 32, in __init__
    super().__init__(process_obj)
  File "/usr/lib/python3.12/multiprocessing/popen_fork.py", line 19, in __init__
    self._launch(process_obj)
  File "/usr/lib/python3.12/multiprocessing/popen_spawn_posix.py", line 58, in _launch
    self.pid = util.spawnv_passfds(spawn.get_executable(),
               ^^^^^^^^^^^^^^^^^^^^^^^^^^^^^^^^^^^^^^^^^^^
  File "/usr/lib/python3.12/multiprocessing/util.py", line 454, in spawnv_passfds
    errpipe_read, errpipe_write = os.pipe()
                                  ^^^^^^^^^
OSError: [Errno 24] Too many open files
2026-04-08 22:43:07,043 - distributed.nanny - ERROR - Nanny failed to start process
Traceback (most recent call last):
  File "/home/Shared/UniBe-swiss-ndvi/GitHub/swiss-ndvi-processing/.venv/lib/python3.12/site-packages/distributed/nanny.py", line 750, in start
    await self.process.start()
  File "/home/Shared/UniBe-swiss-ndvi/GitHub/swiss-ndvi-processing/.venv/lib/python3.12/site-packages/distributed/process.py", line 55, in _call_and_set_future
    res = func(*args, **kwargs)
          ^^^^^^^^^^^^^^^^^^^^^
  File "/home/Shared/UniBe-swiss-ndvi/GitHub/swiss-ndvi-processing/.venv/lib/python3.12/site-packages/distributed/process.py", line 215, in _start
    process.start()
  File "/usr/lib/python3.12/multiprocessing/process.py", line 121, in start
    self._popen = self._Popen(self)
                  ^^^^^^^^^^^^^^^^^
  File "/usr/lib/python3.12/multiprocessing/context.py", line 289, in _Popen
    return Popen(process_obj)
           ^^^^^^^^^^^^^^^^^^
  File "/usr/lib/python3.12/multiprocessing/popen_spawn_posix.py", line 32, in __init__
    super().__init__(process_obj)
  File "/usr/lib/python3.12/multiprocessing/popen_fork.py", line 19, in __init__
    self._launch(process_obj)
  File "/usr/lib/python3.12/multiprocessing/popen_spawn_posix.py", line 54, in _launch
    child_r, parent_w = os.pipe()
                        ^^^^^^^^^
OSError: [Errno 24] Too many open files
2026-04-08 22:43:07,045 - distributed.nanny - ERROR - Nanny failed to start process
Traceback (most recent call last):
  File "/home/Shared/UniBe-swiss-ndvi/GitHub/swiss-ndvi-processing/.venv/lib/python3.12/site-packages/distributed/nanny.py", line 750, in start
    await self.process.start()
  File "/home/Shared/UniBe-swiss-ndvi/GitHub/swiss-ndvi-processing/.venv/lib/python3.12/site-packages/distributed/process.py", line 55, in _call_and_set_future
    res = func(*args, **kwargs)
          ^^^^^^^^^^^^^^^^^^^^^
  File "/home/Shared/UniBe-swiss-ndvi/GitHub/swiss-ndvi-processing/.venv/lib/python3.12/site-packages/distributed/process.py", line 215, in _start
    process.start()
  File "/usr/lib/python3.12/multiprocessing/process.py", line 121, in start
    self._popen = self._Popen(self)
                  ^^^^^^^^^^^^^^^^^
  File "/usr/lib/python3.12/multiprocessing/context.py", line 289, in _Popen
    return Popen(process_obj)
           ^^^^^^^^^^^^^^^^^^
  File "/usr/lib/python3.12/multiprocessing/popen_spawn_posix.py", line 32, in __init__
    super().__init__(process_obj)
  File "/usr/lib/python3.12/multiprocessing/popen_fork.py", line 19, in __init__
    self._launch(process_obj)
  File "/usr/lib/python3.12/multiprocessing/popen_spawn_posix.py", line 54, in _launch
    child_r, parent_w = os.pipe()
                        ^^^^^^^^^
OSError: [Errno 24] Too many open files
2026-04-08 22:43:07,046 - distributed.nanny - ERROR - Nanny failed to start process
Traceback (most recent call last):
  File "/home/Shared/UniBe-swiss-ndvi/GitHub/swiss-ndvi-processing/.venv/lib/python3.12/site-packages/distributed/nanny.py", line 750, in start
    await self.process.start()
  File "/home/Shared/UniBe-swiss-ndvi/GitHub/swiss-ndvi-processing/.venv/lib/python3.12/site-packages/distributed/process.py", line 55, in _call_and_set_future
    res = func(*args, **kwargs)
          ^^^^^^^^^^^^^^^^^^^^^
  File "/home/Shared/UniBe-swiss-ndvi/GitHub/swiss-ndvi-processing/.venv/lib/python3.12/site-packages/distributed/process.py", line 215, in _start
    process.start()
  File "/usr/lib/python3.12/multiprocessing/process.py", line 121, in start
    self._popen = self._Popen(self)
                  ^^^^^^^^^^^^^^^^^
  File "/usr/lib/python3.12/multiprocessing/context.py", line 289, in _Popen
    return Popen(process_obj)
           ^^^^^^^^^^^^^^^^^^
  File "/usr/lib/python3.12/multiprocessing/popen_spawn_posix.py", line 32, in __init__
    super().__init__(process_obj)
  File "/usr/lib/python3.12/multiprocessing/popen_fork.py", line 19, in __init__
    self._launch(process_obj)
  File "/usr/lib/python3.12/multiprocessing/popen_spawn_posix.py", line 53, in _launch
    parent_r, child_w = os.pipe()
                        ^^^^^^^^^
OSError: [Errno 24] Too many open files
2026-04-08 22:43:07,061 - distributed.nanny - ERROR - Failed to start process
Traceback (most recent call last):
  File "/home/Shared/UniBe-swiss-ndvi/GitHub/swiss-ndvi-processing/.venv/lib/python3.12/site-packages/distributed/nanny.py", line 750, in start
    await self.process.start()
  File "/home/Shared/UniBe-swiss-ndvi/GitHub/swiss-ndvi-processing/.venv/lib/python3.12/site-packages/distributed/process.py", line 55, in _call_and_set_future
    res = func(*args, **kwargs)
          ^^^^^^^^^^^^^^^^^^^^^
  File "/home/Shared/UniBe-swiss-ndvi/GitHub/swiss-ndvi-processing/.venv/lib/python3.12/site-packages/distributed/process.py", line 215, in _start
    process.start()
  File "/usr/lib/python3.12/multiprocessing/process.py", line 121, in start
    self._popen = self._Popen(self)
                  ^^^^^^^^^^^^^^^^^
  File "/usr/lib/python3.12/multiprocessing/context.py", line 289, in _Popen
    return Popen(process_obj)
           ^^^^^^^^^^^^^^^^^^
  File "/usr/lib/python3.12/multiprocessing/popen_spawn_posix.py", line 32, in __init__
    super().__init__(process_obj)
  File "/usr/lib/python3.12/multiprocessing/popen_fork.py", line 19, in __init__
    self._launch(process_obj)
  File "/usr/lib/python3.12/multiprocessing/popen_spawn_posix.py", line 58, in _launch
    self.pid = util.spawnv_passfds(spawn.get_executable(),
               ^^^^^^^^^^^^^^^^^^^^^^^^^^^^^^^^^^^^^^^^^^^
  File "/usr/lib/python3.12/multiprocessing/util.py", line 454, in spawnv_passfds
    errpipe_read, errpipe_write = os.pipe()
                                  ^^^^^^^^^
OSError: [Errno 24] Too many open files

During handling of the above exception, another exception occurred:

Traceback (most recent call last):
  File "/home/Shared/UniBe-swiss-ndvi/GitHub/swiss-ndvi-processing/.venv/lib/python3.12/site-packages/distributed/nanny.py", line 452, in instantiate
    result = await self.process.start()
             ^^^^^^^^^^^^^^^^^^^^^^^^^^
  File "/home/Shared/UniBe-swiss-ndvi/GitHub/swiss-ndvi-processing/.venv/lib/python3.12/site-packages/distributed/nanny.py", line 756, in start
    await self.process.terminate()
  File "/home/Shared/UniBe-swiss-ndvi/GitHub/swiss-ndvi-processing/.venv/lib/python3.12/site-packages/distributed/process.py", line 55, in _call_and_set_future
    res = func(*args, **kwargs)
          ^^^^^^^^^^^^^^^^^^^^^
  File "/usr/lib/python3.12/multiprocessing/process.py", line 133, in terminate
    self._popen.terminate()
    ^^^^^^^^^^^^^^^^^^^^^
AttributeError: 'NoneType' object has no attribute 'terminate'
2026-04-08 22:43:07,066 - distributed.nanny - ERROR - Failed to start process
Traceback (most recent call last):
  File "/home/Shared/UniBe-swiss-ndvi/GitHub/swiss-ndvi-processing/.venv/lib/python3.12/site-packages/distributed/nanny.py", line 750, in start
    await self.process.start()
  File "/home/Shared/UniBe-swiss-ndvi/GitHub/swiss-ndvi-processing/.venv/lib/python3.12/site-packages/distributed/process.py", line 55, in _call_and_set_future
    res = func(*args, **kwargs)
          ^^^^^^^^^^^^^^^^^^^^^
  File "/home/Shared/UniBe-swiss-ndvi/GitHub/swiss-ndvi-processing/.venv/lib/python3.12/site-packages/distributed/process.py", line 215, in _start
    process.start()
  File "/usr/lib/python3.12/multiprocessing/process.py", line 121, in start
    self._popen = self._Popen(self)
                  ^^^^^^^^^^^^^^^^^
  File "/usr/lib/python3.12/multiprocessing/context.py", line 289, in _Popen
    return Popen(process_obj)
           ^^^^^^^^^^^^^^^^^^
  File "/usr/lib/python3.12/multiprocessing/popen_spawn_posix.py", line 32, in __init__
    super().__init__(process_obj)
  File "/usr/lib/python3.12/multiprocessing/popen_fork.py", line 19, in __init__
    self._launch(process_obj)
  File "/usr/lib/python3.12/multiprocessing/popen_spawn_posix.py", line 54, in _launch
    child_r, parent_w = os.pipe()
                        ^^^^^^^^^
OSError: [Errno 24] Too many open files

During handling of the above exception, another exception occurred:

Traceback (most recent call last):
  File "/home/Shared/UniBe-swiss-ndvi/GitHub/swiss-ndvi-processing/.venv/lib/python3.12/site-packages/distributed/nanny.py", line 452, in instantiate
    result = await self.process.start()
             ^^^^^^^^^^^^^^^^^^^^^^^^^^
  File "/home/Shared/UniBe-swiss-ndvi/GitHub/swiss-ndvi-processing/.venv/lib/python3.12/site-packages/distributed/nanny.py", line 756, in start
    await self.process.terminate()
  File "/home/Shared/UniBe-swiss-ndvi/GitHub/swiss-ndvi-processing/.venv/lib/python3.12/site-packages/distributed/process.py", line 55, in _call_and_set_future
    res = func(*args, **kwargs)
          ^^^^^^^^^^^^^^^^^^^^^
  File "/usr/lib/python3.12/multiprocessing/process.py", line 133, in terminate
    self._popen.terminate()
    ^^^^^^^^^^^^^^^^^^^^^
AttributeError: 'NoneType' object has no attribute 'terminate'
2026-04-08 22:43:07,069 - distributed.nanny - ERROR - Failed to start process
Traceback (most recent call last):
  File "/home/Shared/UniBe-swiss-ndvi/GitHub/swiss-ndvi-processing/.venv/lib/python3.12/site-packages/distributed/nanny.py", line 750, in start
    await self.process.start()
  File "/home/Shared/UniBe-swiss-ndvi/GitHub/swiss-ndvi-processing/.venv/lib/python3.12/site-packages/distributed/process.py", line 55, in _call_and_set_future
    res = func(*args, **kwargs)
          ^^^^^^^^^^^^^^^^^^^^^
  File "/home/Shared/UniBe-swiss-ndvi/GitHub/swiss-ndvi-processing/.venv/lib/python3.12/site-packages/distributed/process.py", line 215, in _start
    process.start()
  File "/usr/lib/python3.12/multiprocessing/process.py", line 121, in start
    self._popen = self._Popen(self)
                  ^^^^^^^^^^^^^^^^^
  File "/usr/lib/python3.12/multiprocessing/context.py", line 289, in _Popen
    return Popen(process_obj)
           ^^^^^^^^^^^^^^^^^^
  File "/usr/lib/python3.12/multiprocessing/popen_spawn_posix.py", line 32, in __init__
    super().__init__(process_obj)
  File "/usr/lib/python3.12/multiprocessing/popen_fork.py", line 19, in __init__
    self._launch(process_obj)
  File "/usr/lib/python3.12/multiprocessing/popen_spawn_posix.py", line 54, in _launch
    child_r, parent_w = os.pipe()
                        ^^^^^^^^^
OSError: [Errno 24] Too many open files

During handling of the above exception, another exception occurred:

Traceback (most recent call last):
  File "/home/Shared/UniBe-swiss-ndvi/GitHub/swiss-ndvi-processing/.venv/lib/python3.12/site-packages/distributed/nanny.py", line 452, in instantiate
    result = await self.process.start()
             ^^^^^^^^^^^^^^^^^^^^^^^^^^
  File "/home/Shared/UniBe-swiss-ndvi/GitHub/swiss-ndvi-processing/.venv/lib/python3.12/site-packages/distributed/nanny.py", line 756, in start
    await self.process.terminate()
  File "/home/Shared/UniBe-swiss-ndvi/GitHub/swiss-ndvi-processing/.venv/lib/python3.12/site-packages/distributed/process.py", line 55, in _call_and_set_future
    res = func(*args, **kwargs)
          ^^^^^^^^^^^^^^^^^^^^^
  File "/usr/lib/python3.12/multiprocessing/process.py", line 133, in terminate
    self._popen.terminate()
    ^^^^^^^^^^^^^^^^^^^^^
AttributeError: 'NoneType' object has no attribute 'terminate'
2026-04-08 22:43:07,073 - distributed.nanny - ERROR - Failed to start process
Traceback (most recent call last):
  File "/home/Shared/UniBe-swiss-ndvi/GitHub/swiss-ndvi-processing/.venv/lib/python3.12/site-packages/distributed/nanny.py", line 750, in start
    await self.process.start()
  File "/home/Shared/UniBe-swiss-ndvi/GitHub/swiss-ndvi-processing/.venv/lib/python3.12/site-packages/distributed/process.py", line 55, in _call_and_set_future
    res = func(*args, **kwargs)
          ^^^^^^^^^^^^^^^^^^^^^
  File "/home/Shared/UniBe-swiss-ndvi/GitHub/swiss-ndvi-processing/.venv/lib/python3.12/site-packages/distributed/process.py", line 215, in _start
    process.start()
  File "/usr/lib/python3.12/multiprocessing/process.py", line 121, in start
    self._popen = self._Popen(self)
                  ^^^^^^^^^^^^^^^^^
  File "/usr/lib/python3.12/multiprocessing/context.py", line 289, in _Popen
    return Popen(process_obj)
           ^^^^^^^^^^^^^^^^^^
  File "/usr/lib/python3.12/multiprocessing/popen_spawn_posix.py", line 32, in __init__
    super().__init__(process_obj)
  File "/usr/lib/python3.12/multiprocessing/popen_fork.py", line 19, in __init__
    self._launch(process_obj)
  File "/usr/lib/python3.12/multiprocessing/popen_spawn_posix.py", line 53, in _launch
    parent_r, child_w = os.pipe()
                        ^^^^^^^^^
OSError: [Errno 24] Too many open files

During handling of the above exception, another exception occurred:

Traceback (most recent call last):
  File "/home/Shared/UniBe-swiss-ndvi/GitHub/swiss-ndvi-processing/.venv/lib/python3.12/site-packages/distributed/nanny.py", line 452, in instantiate
    result = await self.process.start()
             ^^^^^^^^^^^^^^^^^^^^^^^^^^
  File "/home/Shared/UniBe-swiss-ndvi/GitHub/swiss-ndvi-processing/.venv/lib/python3.12/site-packages/distributed/nanny.py", line 756, in start
    await self.process.terminate()
  File "/home/Shared/UniBe-swiss-ndvi/GitHub/swiss-ndvi-processing/.venv/lib/python3.12/site-packages/distributed/process.py", line 55, in _call_and_set_future
    res = func(*args, **kwargs)
          ^^^^^^^^^^^^^^^^^^^^^
  File "/usr/lib/python3.12/multiprocessing/process.py", line 133, in terminate
    self._popen.terminate()
    ^^^^^^^^^^^^^^^^^^^^^
AttributeError: 'NoneType' object has no attribute 'terminate'
Exception in callback BaseAsyncIOLoop._handle_events(7, 1)
handle: <Handle BaseAsyncIOLoop._handle_events(7, 1)>
Traceback (most recent call last):
  File "/usr/lib/python3.12/asyncio/events.py", line 88, in _run
  File "/home/Shared/UniBe-swiss-ndvi/GitHub/swiss-ndvi-processing/.venv/lib/python3.12/site-packages/tornado/platform/asyncio.py", line 208, in _handle_events
  File "/home/Shared/UniBe-swiss-ndvi/GitHub/swiss-ndvi-processing/.venv/lib/python3.12/site-packages/tornado/netutil.py", line 273, in accept_handler
  File "/usr/lib/python3.12/socket.py", line 295, in accept
OSError: [Errno 24] Too many open files
2026-04-08 22:43:08,603 - distributed.worker - WARNING - Mismatched versions found

+-------------+---------------------------------------------+-----------+----------+
| Package     | Worker-82a33726-f67e-4d65-b45f-35ad59a61dd1 | Scheduler | Workers  |
+-------------+---------------------------------------------+-----------+----------+
| cloudpickle | 3.1.1                                       | None      | 3.1.1    |
| dask        | 2025.9.1                                    | None      | 2025.9.1 |
| distributed | 2025.9.1                                    | None      | 2025.9.1 |
| lz4         | 4.3.2                                       | None      | 4.3.2    |
| msgpack     | 1.1.1                                       | None      | 1.1.1    |
| toolz       | 1.0.0                                       | None      | 1.0.0    |
| tornado     | 6.5.1                                       | None      | 6.5.1    |
+-------------+---------------------------------------------+-----------+----------+
2026-04-08 22:43:08,604 - distributed.worker - WARNING - Mismatched versions found

+-------------+---------------------------------------------+-----------+----------+
| Package     | Worker-13819edf-2aa2-45eb-9dc3-2585d1509fe1 | Scheduler | Workers  |
+-------------+---------------------------------------------+-----------+----------+
| cloudpickle | 3.1.1                                       | None      | 3.1.1    |
| dask        | 2025.9.1                                    | None      | 2025.9.1 |
| distributed | 2025.9.1                                    | None      | 2025.9.1 |
| lz4         | 4.3.2                                       | None      | 4.3.2    |
| msgpack     | 1.1.1                                       | None      | 1.1.1    |
| toolz       | 1.0.0                                       | None      | 1.0.0    |
| tornado     | 6.5.1                                       | None      | 6.5.1    |
+-------------+---------------------------------------------+-----------+----------+
Exception in callback BaseAsyncIOLoop._handle_events(7, 1)
handle: <Handle BaseAsyncIOLoop._handle_events(7, 1)>
Traceback (most recent call last):
  File "/usr/lib/python3.12/asyncio/events.py", line 88, in _run
  File "/home/Shared/UniBe-swiss-ndvi/GitHub/swiss-ndvi-processing/.venv/lib/python3.12/site-packages/tornado/platform/asyncio.py", line 208, in _handle_events
  File "/home/Shared/UniBe-swiss-ndvi/GitHub/swiss-ndvi-processing/.venv/lib/python3.12/site-packages/tornado/netutil.py", line 273, in accept_handler
  File "/usr/lib/python3.12/socket.py", line 295, in accept
OSError: [Errno 24] Too many open files
2026-04-08 22:43:08,606 - distributed.worker - WARNING - Mismatched versions found

+-------------+---------------------------------------------+-----------+----------+
| Package     | Worker-c29bd215-a03f-4156-b267-99a14f73483d | Scheduler | Workers  |
+-------------+---------------------------------------------+-----------+----------+
| cloudpickle | 3.1.1                                       | None      | 3.1.1    |
| dask        | 2025.9.1                                    | None      | 2025.9.1 |
| distributed | 2025.9.1                                    | None      | 2025.9.1 |
| lz4         | 4.3.2                                       | None      | 4.3.2    |
| msgpack     | 1.1.1                                       | None      | 1.1.1    |
| toolz       | 1.0.0                                       | None      | 1.0.0    |
| tornado     | 6.5.1                                       | None      | 6.5.1    |
+-------------+---------------------------------------------+-----------+----------+
Exception in callback BaseAsyncIOLoop._handle_events(7, 1)
handle: <Handle BaseAsyncIOLoop._handle_events(7, 1)>
Traceback (most recent call last):
  File "/usr/lib/python3.12/asyncio/events.py", line 88, in _run
  File "/home/Shared/UniBe-swiss-ndvi/GitHub/swiss-ndvi-processing/.venv/lib/python3.12/site-packages/tornado/platform/asyncio.py", line 208, in _handle_events
  File "/home/Shared/UniBe-swiss-ndvi/GitHub/swiss-ndvi-processing/.venv/lib/python3.12/site-packages/tornado/netutil.py", line 273, in accept_handler
  File "/usr/lib/python3.12/socket.py", line 295, in accept
OSError: [Errno 24] Too many open files
2026-04-08 22:43:08,607 - distributed.worker - WARNING - Mismatched versions found

+-------------+---------------------------------------------+-----------+----------+
| Package     | Worker-6dc80950-2bda-45ca-a3a9-696005c6eab6 | Scheduler | Workers  |
+-------------+---------------------------------------------+-----------+----------+
| cloudpickle | 3.1.1                                       | None      | 3.1.1    |
| dask        | 2025.9.1                                    | None      | 2025.9.1 |
| distributed | 2025.9.1                                    | None      | 2025.9.1 |
| lz4         | 4.3.2                                       | None      | 4.3.2    |
| msgpack     | 1.1.1                                       | None      | 1.1.1    |
| toolz       | 1.0.0                                       | None      | 1.0.0    |
| tornado     | 6.5.1                                       | None      | 6.5.1    |
+-------------+---------------------------------------------+-----------+----------+
Exception in callback BaseAsyncIOLoop._handle_events(7, 1)
handle: <Handle BaseAsyncIOLoop._handle_events(7, 1)>
Traceback (most recent call last):
  File "/usr/lib/python3.12/asyncio/events.py", line 88, in _run
  File "/home/Shared/UniBe-swiss-ndvi/GitHub/swiss-ndvi-processing/.venv/lib/python3.12/site-packages/tornado/platform/asyncio.py", line 208, in _handle_events
  File "/home/Shared/UniBe-swiss-ndvi/GitHub/swiss-ndvi-processing/.venv/lib/python3.12/site-packages/tornado/netutil.py", line 273, in accept_handler
  File "/usr/lib/python3.12/socket.py", line 295, in accept
OSError: [Errno 24] Too many open files
Exception in callback BaseAsyncIOLoop._handle_events(7, 1)
handle: <Handle BaseAsyncIOLoop._handle_events(7, 1)>
Traceback (most recent call last):
  File "/usr/lib/python3.12/asyncio/events.py", line 88, in _run
  File "/home/Shared/UniBe-swiss-ndvi/GitHub/swiss-ndvi-processing/.venv/lib/python3.12/site-packages/tornado/platform/asyncio.py", line 208, in _handle_events
  File "/home/Shared/UniBe-swiss-ndvi/GitHub/swiss-ndvi-processing/.venv/lib/python3.12/site-packages/tornado/netutil.py", line 273, in accept_handler
  File "/usr/lib/python3.12/socket.py", line 295, in accept
OSError: [Errno 24] Too many open files
Exception in callback BaseAsyncIOLoop._handle_events(7, 1)
handle: <Handle BaseAsyncIOLoop._handle_events(7, 1)>
Traceback (most recent call last):
  File "/usr/lib/python3.12/asyncio/events.py", line 88, in _run
  File "/home/Shared/UniBe-swiss-ndvi/GitHub/swiss-ndvi-processing/.venv/lib/python3.12/site-packages/tornado/platform/asyncio.py", line 208, in _handle_events
  File "/home/Shared/UniBe-swiss-ndvi/GitHub/swiss-ndvi-processing/.venv/lib/python3.12/site-packages/tornado/netutil.py", line 273, in accept_handler
  File "/usr/lib/python3.12/socket.py", line 295, in accept
OSError: [Errno 24] Too many open files
Exception in callback BaseAsyncIOLoop._handle_events(7, 1)
handle: <Handle BaseAsyncIOLoop._handle_events(7, 1)>
Traceback (most recent call last):
  File "/usr/lib/python3.12/asyncio/events.py", line 88, in _run
  File "/home/Shared/UniBe-swiss-ndvi/GitHub/swiss-ndvi-processing/.venv/lib/python3.12/site-packages/tornado/platform/asyncio.py", line 208, in _handle_events
  File "/home/Shared/UniBe-swiss-ndvi/GitHub/swiss-ndvi-processing/.venv/lib/python3.12/site-packages/tornado/netutil.py", line 273, in accept_handler
  File "/usr/lib/python3.12/socket.py", line 295, in accept
OSError: [Errno 24] Too many open files
Exception in callback BaseAsyncIOLoop._handle_events(7, 1)
handle: <Handle BaseAsyncIOLoop._handle_events(7, 1)>
Traceback (most recent call last):
  File "/usr/lib/python3.12/asyncio/events.py", line 88, in _run
  File "/home/Shared/UniBe-swiss-ndvi/GitHub/swiss-ndvi-processing/.venv/lib/python3.12/site-packages/tornado/platform/asyncio.py", line 208, in _handle_events
  File "/home/Shared/UniBe-swiss-ndvi/GitHub/swiss-ndvi-processing/.venv/lib/python3.12/site-packages/tornado/netutil.py", line 273, in accept_handler
  File "/usr/lib/python3.12/socket.py", line 295, in accept
OSError: [Errno 24] Too many open files
Exception in callback BaseAsyncIOLoop._handle_events(7, 1)
handle: <Handle BaseAsyncIOLoop._handle_events(7, 1)>
Traceback (most recent call last):
  File "/usr/lib/python3.12/asyncio/events.py", line 88, in _run
  File "/home/Shared/UniBe-swiss-ndvi/GitHub/swiss-ndvi-processing/.venv/lib/python3.12/site-packages/tornado/platform/asyncio.py", line 208, in _handle_events
  File "/home/Shared/UniBe-swiss-ndvi/GitHub/swiss-ndvi-processing/.venv/lib/python3.12/site-packages/tornado/netutil.py", line 273, in accept_handler
  File "/usr/lib/python3.12/socket.py", line 295, in accept
OSError: [Errno 24] Too many open files
Exception in callback BaseAsyncIOLoop._handle_events(7, 1)
handle: <Handle BaseAsyncIOLoop._handle_events(7, 1)>
Traceback (most recent call last):
  File "/usr/lib/python3.12/asyncio/events.py", line 88, in _run
  File "/home/Shared/UniBe-swiss-ndvi/GitHub/swiss-ndvi-processing/.venv/lib/python3.12/site-packages/tornado/platform/asyncio.py", line 208, in _handle_events
  File "/home/Shared/UniBe-swiss-ndvi/GitHub/swiss-ndvi-processing/.venv/lib/python3.12/site-packages/tornado/netutil.py", line 273, in accept_handler
  File "/usr/lib/python3.12/socket.py", line 295, in accept
OSError: [Errno 24] Too many open files
Exception in callback BaseAsyncIOLoop._handle_events(7, 1)
handle: <Handle BaseAsyncIOLoop._handle_events(7, 1)>
Traceback (most recent call last):
  File "/usr/lib/python3.12/asyncio/events.py", line 88, in _run
  File "/home/Shared/UniBe-swiss-ndvi/GitHub/swiss-ndvi-processing/.venv/lib/python3.12/site-packages/tornado/platform/asyncio.py", line 208, in _handle_events
  File "/home/Shared/UniBe-swiss-ndvi/GitHub/swiss-ndvi-processing/.venv/lib/python3.12/site-packages/tornado/netutil.py", line 273, in accept_handler
  File "/usr/lib/python3.12/socket.py", line 295, in accept
OSError: [Errno 24] Too many open files
2026-04-08 22:43:08,611 - distributed.worker - WARNING - Mismatched versions found

+-------------+---------------------------------------------+-----------+----------+
| Package     | Worker-d29dcded-d582-4cfa-95db-648c1db9c7dc | Scheduler | Workers  |
+-------------+---------------------------------------------+-----------+----------+
| cloudpickle | 3.1.1                                       | None      | 3.1.1    |
| dask        | 2025.9.1                                    | None      | 2025.9.1 |
| distributed | 2025.9.1                                    | None      | 2025.9.1 |
| lz4         | 4.3.2                                       | None      | 4.3.2    |
| msgpack     | 1.1.1                                       | None      | 1.1.1    |
| toolz       | 1.0.0                                       | None      | 1.0.0    |
| tornado     | 6.5.1                                       | None      | 6.5.1    |
+-------------+---------------------------------------------+-----------+----------+
Exception in callback BaseAsyncIOLoop._handle_events(7, 1)
handle: <Handle BaseAsyncIOLoop._handle_events(7, 1)>
Traceback (most recent call last):
  File "/usr/lib/python3.12/asyncio/events.py", line 88, in _run
  File "/home/Shared/UniBe-swiss-ndvi/GitHub/swiss-ndvi-processing/.venv/lib/python3.12/site-packages/tornado/platform/asyncio.py", line 208, in _handle_events
  File "/home/Shared/UniBe-swiss-ndvi/GitHub/swiss-ndvi-processing/.venv/lib/python3.12/site-packages/tornado/netutil.py", line 273, in accept_handler
  File "/usr/lib/python3.12/socket.py", line 295, in accept
OSError: [Errno 24] Too many open files
Exception in callback BaseAsyncIOLoop._handle_events(7, 1)
handle: <Handle BaseAsyncIOLoop._handle_events(7, 1)>
Traceback (most recent call last):
  File "/usr/lib/python3.12/asyncio/events.py", line 88, in _run
  File "/home/Shared/UniBe-swiss-ndvi/GitHub/swiss-ndvi-processing/.venv/lib/python3.12/site-packages/tornado/platform/asyncio.py", line 208, in _handle_events
  File "/home/Shared/UniBe-swiss-ndvi/GitHub/swiss-ndvi-processing/.venv/lib/python3.12/site-packages/tornado/netutil.py", line 273, in accept_handler
  File "/usr/lib/python3.12/socket.py", line 295, in accept
OSError: [Errno 24] Too many open files
Exception in callback BaseAsyncIOLoop._handle_events(7, 1)
handle: <Handle BaseAsyncIOLoop._handle_events(7, 1)>
Traceback (most recent call last):
  File "/usr/lib/python3.12/asyncio/events.py", line 88, in _run
  File "/home/Shared/UniBe-swiss-ndvi/GitHub/swiss-ndvi-processing/.venv/lib/python3.12/site-packages/tornado/platform/asyncio.py", line 208, in _handle_events
  File "/home/Shared/UniBe-swiss-ndvi/GitHub/swiss-ndvi-processing/.venv/lib/python3.12/site-packages/tornado/netutil.py", line 273, in accept_handler
  File "/usr/lib/python3.12/socket.py", line 295, in accept
OSError: [Errno 24] Too many open files
Exception in callback BaseAsyncIOLoop._handle_events(7, 1)
handle: <Handle BaseAsyncIOLoop._handle_events(7, 1)>
Traceback (most recent call last):
  File "/usr/lib/python3.12/asyncio/events.py", line 88, in _run
  File "/home/Shared/UniBe-swiss-ndvi/GitHub/swiss-ndvi-processing/.venv/lib/python3.12/site-packages/tornado/platform/asyncio.py", line 208, in _handle_events
  File "/home/Shared/UniBe-swiss-ndvi/GitHub/swiss-ndvi-processing/.venv/lib/python3.12/site-packages/tornado/netutil.py", line 273, in accept_handler
  File "/usr/lib/python3.12/socket.py", line 295, in accept
OSError: [Errno 24] Too many open files
Exception in callback BaseAsyncIOLoop._handle_events(7, 1)
handle: <Handle BaseAsyncIOLoop._handle_events(7, 1)>
Traceback (most recent call last):
  File "/usr/lib/python3.12/asyncio/events.py", line 88, in _run
  File "/home/Shared/UniBe-swiss-ndvi/GitHub/swiss-ndvi-processing/.venv/lib/python3.12/site-packages/tornado/platform/asyncio.py", line 208, in _handle_events
  File "/home/Shared/UniBe-swiss-ndvi/GitHub/swiss-ndvi-processing/.venv/lib/python3.12/site-packages/tornado/netutil.py", line 273, in accept_handler
  File "/usr/lib/python3.12/socket.py", line 295, in accept
OSError: [Errno 24] Too many open files
Exception in callback BaseAsyncIOLoop._handle_events(7, 1)
handle: <Handle BaseAsyncIOLoop._handle_events(7, 1)>
Traceback (most recent call last):
  File "/usr/lib/python3.12/asyncio/events.py", line 88, in _run
  File "/home/Shared/UniBe-swiss-ndvi/GitHub/swiss-ndvi-processing/.venv/lib/python3.12/site-packages/tornado/platform/asyncio.py", line 208, in _handle_events
  File "/home/Shared/UniBe-swiss-ndvi/GitHub/swiss-ndvi-processing/.venv/lib/python3.12/site-packages/tornado/netutil.py", line 273, in accept_handler
  File "/usr/lib/python3.12/socket.py", line 295, in accept
OSError: [Errno 24] Too many open files
Exception in callback BaseAsyncIOLoop._handle_events(7, 1)
handle: <Handle BaseAsyncIOLoop._handle_events(7, 1)>
Traceback (most recent call last):
  File "/usr/lib/python3.12/asyncio/events.py", line 88, in _run
  File "/home/Shared/UniBe-swiss-ndvi/GitHub/swiss-ndvi-processing/.venv/lib/python3.12/site-packages/tornado/platform/asyncio.py", line 208, in _handle_events
  File "/home/Shared/UniBe-swiss-ndvi/GitHub/swiss-ndvi-processing/.venv/lib/python3.12/site-packages/tornado/netutil.py", line 273, in accept_handler
  File "/usr/lib/python3.12/socket.py", line 295, in accept
OSError: [Errno 24] Too many open files
Exception in callback BaseAsyncIOLoop._handle_events(7, 1)
handle: <Handle BaseAsyncIOLoop._handle_events(7, 1)>
Traceback (most recent call last):
  File "/usr/lib/python3.12/asyncio/events.py", line 88, in _run
  File "/home/Shared/UniBe-swiss-ndvi/GitHub/swiss-ndvi-processing/.venv/lib/python3.12/site-packages/tornado/platform/asyncio.py", line 208, in _handle_events
  File "/home/Shared/UniBe-swiss-ndvi/GitHub/swiss-ndvi-processing/.venv/lib/python3.12/site-packages/tornado/netutil.py", line 273, in accept_handler
  File "/usr/lib/python3.12/socket.py", line 295, in accept
OSError: [Errno 24] Too many open files
Exception in callback BaseAsyncIOLoop._handle_events(7, 1)
handle: <Handle BaseAsyncIOLoop._handle_events(7, 1)>
Traceback (most recent call last):
  File "/usr/lib/python3.12/asyncio/events.py", line 88, in _run
  File "/home/Shared/UniBe-swiss-ndvi/GitHub/swiss-ndvi-processing/.venv/lib/python3.12/site-packages/tornado/platform/asyncio.py", line 208, in _handle_events
  File "/home/Shared/UniBe-swiss-ndvi/GitHub/swiss-ndvi-processing/.venv/lib/python3.12/site-packages/tornado/netutil.py", line 273, in accept_handler
  File "/usr/lib/python3.12/socket.py", line 295, in accept
OSError: [Errno 24] Too many open files
Exception in callback BaseAsyncIOLoop._handle_events(7, 1)
handle: <Handle BaseAsyncIOLoop._handle_events(7, 1)>
Traceback (most recent call last):
  File "/usr/lib/python3.12/asyncio/events.py", line 88, in _run
  File "/home/Shared/UniBe-swiss-ndvi/GitHub/swiss-ndvi-processing/.venv/lib/python3.12/site-packages/tornado/platform/asyncio.py", line 208, in _handle_events
  File "/home/Shared/UniBe-swiss-ndvi/GitHub/swiss-ndvi-processing/.venv/lib/python3.12/site-packages/tornado/netutil.py", line 273, in accept_handler
  File "/usr/lib/python3.12/socket.py", line 295, in accept
OSError: [Errno 24] Too many open files
Exception in callback BaseAsyncIOLoop._handle_events(7, 1)
handle: <Handle BaseAsyncIOLoop._handle_events(7, 1)>
Traceback (most recent call last):
  File "/usr/lib/python3.12/asyncio/events.py", line 88, in _run
  File "/home/Shared/UniBe-swiss-ndvi/GitHub/swiss-ndvi-processing/.venv/lib/python3.12/site-packages/tornado/platform/asyncio.py", line 208, in _handle_events
  File "/home/Shared/UniBe-swiss-ndvi/GitHub/swiss-ndvi-processing/.venv/lib/python3.12/site-packages/tornado/netutil.py", line 273, in accept_handler
  File "/usr/lib/python3.12/socket.py", line 295, in accept
OSError: [Errno 24] Too many open files
Exception in callback BaseAsyncIOLoop._handle_events(7, 1)
handle: <Handle BaseAsyncIOLoop._handle_events(7, 1)>
Traceback (most recent call last):
  File "/usr/lib/python3.12/asyncio/events.py", line 88, in _run
  File "/home/Shared/UniBe-swiss-ndvi/GitHub/swiss-ndvi-processing/.venv/lib/python3.12/site-packages/tornado/platform/asyncio.py", line 208, in _handle_events
  File "/home/Shared/UniBe-swiss-ndvi/GitHub/swiss-ndvi-processing/.venv/lib/python3.12/site-packages/tornado/netutil.py", line 273, in accept_handler
  File "/usr/lib/python3.12/socket.py", line 295, in accept
OSError: [Errno 24] Too many open files
Exception in callback BaseAsyncIOLoop._handle_events(7, 1)
handle: <Handle BaseAsyncIOLoop._handle_events(7, 1)>
Traceback (most recent call last):
  File "/usr/lib/python3.12/asyncio/events.py", line 88, in _run
  File "/home/Shared/UniBe-swiss-ndvi/GitHub/swiss-ndvi-processing/.venv/lib/python3.12/site-packages/tornado/platform/asyncio.py", line 208, in _handle_events
  File "/home/Shared/UniBe-swiss-ndvi/GitHub/swiss-ndvi-processing/.venv/lib/python3.12/site-packages/tornado/netutil.py", line 273, in accept_handler
  File "/usr/lib/python3.12/socket.py", line 295, in accept
OSError: [Errno 24] Too many open files
Exception in callback BaseAsyncIOLoop._handle_events(7, 1)
handle: <Handle BaseAsyncIOLoop._handle_events(7, 1)>
Traceback (most recent call last):
  File "/usr/lib/python3.12/asyncio/events.py", line 88, in _run
  File "/home/Shared/UniBe-swiss-ndvi/GitHub/swiss-ndvi-processing/.venv/lib/python3.12/site-packages/tornado/platform/asyncio.py", line 208, in _handle_events
  File "/home/Shared/UniBe-swiss-ndvi/GitHub/swiss-ndvi-processing/.venv/lib/python3.12/site-packages/tornado/netutil.py", line 273, in accept_handler
  File "/usr/lib/python3.12/socket.py", line 295, in accept
OSError: [Errno 24] Too many open files
Exception in callback BaseAsyncIOLoop._handle_events(7, 1)
handle: <Handle BaseAsyncIOLoop._handle_events(7, 1)>
Traceback (most recent call last):
  File "/usr/lib/python3.12/asyncio/events.py", line 88, in _run
  File "/home/Shared/UniBe-swiss-ndvi/GitHub/swiss-ndvi-processing/.venv/lib/python3.12/site-packages/tornado/platform/asyncio.py", line 208, in _handle_events
  File "/home/Shared/UniBe-swiss-ndvi/GitHub/swiss-ndvi-processing/.venv/lib/python3.12/site-packages/tornado/netutil.py", line 273, in accept_handler
  File "/usr/lib/python3.12/socket.py", line 295, in accept
OSError: [Errno 24] Too many open files
Exception in callback BaseAsyncIOLoop._handle_events(7, 1)
handle: <Handle BaseAsyncIOLoop._handle_events(7, 1)>
Traceback (most recent call last):
  File "/usr/lib/python3.12/asyncio/events.py", line 88, in _run
  File "/home/Shared/UniBe-swiss-ndvi/GitHub/swiss-ndvi-processing/.venv/lib/python3.12/site-packages/tornado/platform/asyncio.py", line 208, in _handle_events
  File "/home/Shared/UniBe-swiss-ndvi/GitHub/swiss-ndvi-processing/.venv/lib/python3.12/site-packages/tornado/netutil.py", line 273, in accept_handler
  File "/usr/lib/python3.12/socket.py", line 295, in accept
OSError: [Errno 24] Too many open files
Exception in callback BaseAsyncIOLoop._handle_events(7, 1)
handle: <Handle BaseAsyncIOLoop._handle_events(7, 1)>
Traceback (most recent call last):
  File "/usr/lib/python3.12/asyncio/events.py", line 88, in _run
  File "/home/Shared/UniBe-swiss-ndvi/GitHub/swiss-ndvi-processing/.venv/lib/python3.12/site-packages/tornado/platform/asyncio.py", line 208, in _handle_events
  File "/home/Shared/UniBe-swiss-ndvi/GitHub/swiss-ndvi-processing/.venv/lib/python3.12/site-packages/tornado/netutil.py", line 273, in accept_handler
  File "/usr/lib/python3.12/socket.py", line 295, in accept
OSError: [Errno 24] Too many open files
Exception in callback BaseAsyncIOLoop._handle_events(7, 1)
handle: <Handle BaseAsyncIOLoop._handle_events(7, 1)>
Traceback (most recent call last):
  File "/usr/lib/python3.12/asyncio/events.py", line 88, in _run
  File "/home/Shared/UniBe-swiss-ndvi/GitHub/swiss-ndvi-processing/.venv/lib/python3.12/site-packages/tornado/platform/asyncio.py", line 208, in _handle_events
  File "/home/Shared/UniBe-swiss-ndvi/GitHub/swiss-ndvi-processing/.venv/lib/python3.12/site-packages/tornado/netutil.py", line 273, in accept_handler
  File "/usr/lib/python3.12/socket.py", line 295, in accept
OSError: [Errno 24] Too many open files
Exception in callback BaseAsyncIOLoop._handle_events(7, 1)
handle: <Handle BaseAsyncIOLoop._handle_events(7, 1)>
Traceback (most recent call last):
  File "/usr/lib/python3.12/asyncio/events.py", line 88, in _run
  File "/home/Shared/UniBe-swiss-ndvi/GitHub/swiss-ndvi-processing/.venv/lib/python3.12/site-packages/tornado/platform/asyncio.py", line 208, in _handle_events
  File "/home/Shared/UniBe-swiss-ndvi/GitHub/swiss-ndvi-processing/.venv/lib/python3.12/site-packages/tornado/netutil.py", line 273, in accept_handler
  File "/usr/lib/python3.12/socket.py", line 295, in accept
OSError: [Errno 24] Too many open files
Exception in callback BaseAsyncIOLoop._handle_events(7, 1)
handle: <Handle BaseAsyncIOLoop._handle_events(7, 1)>
Traceback (most recent call last):
  File "/usr/lib/python3.12/asyncio/events.py", line 88, in _run
  File "/home/Shared/UniBe-swiss-ndvi/GitHub/swiss-ndvi-processing/.venv/lib/python3.12/site-packages/tornado/platform/asyncio.py", line 208, in _handle_events
  File "/home/Shared/UniBe-swiss-ndvi/GitHub/swiss-ndvi-processing/.venv/lib/python3.12/site-packages/tornado/netutil.py", line 273, in accept_handler
  File "/usr/lib/python3.12/socket.py", line 295, in accept
OSError: [Errno 24] Too many open files
Exception in callback BaseAsyncIOLoop._handle_events(7, 1)
handle: <Handle BaseAsyncIOLoop._handle_events(7, 1)>
Traceback (most recent call last):
  File "/usr/lib/python3.12/asyncio/events.py", line 88, in _run
  File "/home/Shared/UniBe-swiss-ndvi/GitHub/swiss-ndvi-processing/.venv/lib/python3.12/site-packages/tornado/platform/asyncio.py", line 208, in _handle_events
  File "/home/Shared/UniBe-swiss-ndvi/GitHub/swiss-ndvi-processing/.venv/lib/python3.12/site-packages/tornado/netutil.py", line 273, in accept_handler
  File "/usr/lib/python3.12/socket.py", line 295, in accept
OSError: [Errno 24] Too many open files
Exception in callback BaseAsyncIOLoop._handle_events(7, 1)
handle: <Handle BaseAsyncIOLoop._handle_events(7, 1)>
Traceback (most recent call last):
  File "/usr/lib/python3.12/asyncio/events.py", line 88, in _run
  File "/home/Shared/UniBe-swiss-ndvi/GitHub/swiss-ndvi-processing/.venv/lib/python3.12/site-packages/tornado/platform/asyncio.py", line 208, in _handle_events
  File "/home/Shared/UniBe-swiss-ndvi/GitHub/swiss-ndvi-processing/.venv/lib/python3.12/site-packages/tornado/netutil.py", line 273, in accept_handler
  File "/usr/lib/python3.12/socket.py", line 295, in accept
OSError: [Errno 24] Too many open files
Exception in callback BaseAsyncIOLoop._handle_events(7, 1)
handle: <Handle BaseAsyncIOLoop._handle_events(7, 1)>
Traceback (most recent call last):
  File "/usr/lib/python3.12/asyncio/events.py", line 88, in _run
  File "/home/Shared/UniBe-swiss-ndvi/GitHub/swiss-ndvi-processing/.venv/lib/python3.12/site-packages/tornado/platform/asyncio.py", line 208, in _handle_events
  File "/home/Shared/UniBe-swiss-ndvi/GitHub/swiss-ndvi-processing/.venv/lib/python3.12/site-packages/tornado/netutil.py", line 273, in accept_handler
  File "/usr/lib/python3.12/socket.py", line 295, in accept
OSError: [Errno 24] Too many open files
Exception in callback BaseAsyncIOLoop._handle_events(7, 1)
handle: <Handle BaseAsyncIOLoop._handle_events(7, 1)>
Traceback (most recent call last):
  File "/usr/lib/python3.12/asyncio/events.py", line 88, in _run
  File "/home/Shared/UniBe-swiss-ndvi/GitHub/swiss-ndvi-processing/.venv/lib/python3.12/site-packages/tornado/platform/asyncio.py", line 208, in _handle_events
  File "/home/Shared/UniBe-swiss-ndvi/GitHub/swiss-ndvi-processing/.venv/lib/python3.12/site-packages/tornado/netutil.py", line 273, in accept_handler
  File "/usr/lib/python3.12/socket.py", line 295, in accept
OSError: [Errno 24] Too many open files
Exception in callback BaseAsyncIOLoop._handle_events(7, 1)
handle: <Handle BaseAsyncIOLoop._handle_events(7, 1)>
Traceback (most recent call last):
  File "/usr/lib/python3.12/asyncio/events.py", line 88, in _run
  File "/home/Shared/UniBe-swiss-ndvi/GitHub/swiss-ndvi-processing/.venv/lib/python3.12/site-packages/tornado/platform/asyncio.py", line 208, in _handle_events
  File "/home/Shared/UniBe-swiss-ndvi/GitHub/swiss-ndvi-processing/.venv/lib/python3.12/site-packages/tornado/netutil.py", line 273, in accept_handler
  File "/usr/lib/python3.12/socket.py", line 295, in accept
OSError: [Errno 24] Too many open files
Exception in callback BaseAsyncIOLoop._handle_events(7, 1)
handle: <Handle BaseAsyncIOLoop._handle_events(7, 1)>
Traceback (most recent call last):
  File "/usr/lib/python3.12/asyncio/events.py", line 88, in _run
  File "/home/Shared/UniBe-swiss-ndvi/GitHub/swiss-ndvi-processing/.venv/lib/python3.12/site-packages/tornado/platform/asyncio.py", line 208, in _handle_events
  File "/home/Shared/UniBe-swiss-ndvi/GitHub/swiss-ndvi-processing/.venv/lib/python3.12/site-packages/tornado/netutil.py", line 273, in accept_handler
  File "/usr/lib/python3.12/socket.py", line 295, in accept
OSError: [Errno 24] Too many open files
Exception in callback BaseAsyncIOLoop._handle_events(7, 1)
handle: <Handle BaseAsyncIOLoop._handle_events(7, 1)>
Traceback (most recent call last):
  File "/usr/lib/python3.12/asyncio/events.py", line 88, in _run
  File "/home/Shared/UniBe-swiss-ndvi/GitHub/swiss-ndvi-processing/.venv/lib/python3.12/site-packages/tornado/platform/asyncio.py", line 208, in _handle_events
  File "/home/Shared/UniBe-swiss-ndvi/GitHub/swiss-ndvi-processing/.venv/lib/python3.12/site-packages/tornado/netutil.py", line 273, in accept_handler
  File "/usr/lib/python3.12/socket.py", line 295, in accept
OSError: [Errno 24] Too many open files
Exception in callback BaseAsyncIOLoop._handle_events(7, 1)
handle: <Handle BaseAsyncIOLoop._handle_events(7, 1)>
Traceback (most recent call last):
  File "/usr/lib/python3.12/asyncio/events.py", line 88, in _run
  File "/home/Shared/UniBe-swiss-ndvi/GitHub/swiss-ndvi-processing/.venv/lib/python3.12/site-packages/tornado/platform/asyncio.py", line 208, in _handle_events
  File "/home/Shared/UniBe-swiss-ndvi/GitHub/swiss-ndvi-processing/.venv/lib/python3.12/site-packages/tornado/netutil.py", line 273, in accept_handler
  File "/usr/lib/python3.12/socket.py", line 295, in accept
OSError: [Errno 24] Too many open files
Exception in callback BaseAsyncIOLoop._handle_events(7, 1)
handle: <Handle BaseAsyncIOLoop._handle_events(7, 1)>
Traceback (most recent call last):
  File "/usr/lib/python3.12/asyncio/events.py", line 88, in _run
  File "/home/Shared/UniBe-swiss-ndvi/GitHub/swiss-ndvi-processing/.venv/lib/python3.12/site-packages/tornado/platform/asyncio.py", line 208, in _handle_events
  File "/home/Shared/UniBe-swiss-ndvi/GitHub/swiss-ndvi-processing/.venv/lib/python3.12/site-packages/tornado/netutil.py", line 273, in accept_handler
  File "/usr/lib/python3.12/socket.py", line 295, in accept
OSError: [Errno 24] Too many open files
Exception in callback BaseAsyncIOLoop._handle_events(7, 1)
handle: <Handle BaseAsyncIOLoop._handle_events(7, 1)>
Traceback (most recent call last):
  File "/usr/lib/python3.12/asyncio/events.py", line 88, in _run
  File "/home/Shared/UniBe-swiss-ndvi/GitHub/swiss-ndvi-processing/.venv/lib/python3.12/site-packages/tornado/platform/asyncio.py", line 208, in _handle_events
  File "/home/Shared/UniBe-swiss-ndvi/GitHub/swiss-ndvi-processing/.venv/lib/python3.12/site-packages/tornado/netutil.py", line 273, in accept_handler
  File "/usr/lib/python3.12/socket.py", line 295, in accept
OSError: [Errno 24] Too many open files
Exception in callback BaseAsyncIOLoop._handle_events(7, 1)
handle: <Handle BaseAsyncIOLoop._handle_events(7, 1)>
Traceback (most recent call last):
  File "/usr/lib/python3.12/asyncio/events.py", line 88, in _run
  File "/home/Shared/UniBe-swiss-ndvi/GitHub/swiss-ndvi-processing/.venv/lib/python3.12/site-packages/tornado/platform/asyncio.py", line 208, in _handle_events
  File "/home/Shared/UniBe-swiss-ndvi/GitHub/swiss-ndvi-processing/.venv/lib/python3.12/site-packages/tornado/netutil.py", line 273, in accept_handler
  File "/usr/lib/python3.12/socket.py", line 295, in accept
OSError: [Errno 24] Too many open files
Exception in callback BaseAsyncIOLoop._handle_events(7, 1)
handle: <Handle BaseAsyncIOLoop._handle_events(7, 1)>
Traceback (most recent call last):
  File "/usr/lib/python3.12/asyncio/events.py", line 88, in _run
  File "/home/Shared/UniBe-swiss-ndvi/GitHub/swiss-ndvi-processing/.venv/lib/python3.12/site-packages/tornado/platform/asyncio.py", line 208, in _handle_events
  File "/home/Shared/UniBe-swiss-ndvi/GitHub/swiss-ndvi-processing/.venv/lib/python3.12/site-packages/tornado/netutil.py", line 273, in accept_handler
  File "/usr/lib/python3.12/socket.py", line 295, in accept
OSError: [Errno 24] Too many open files
Exception in callback BaseAsyncIOLoop._handle_events(7, 1)
handle: <Handle BaseAsyncIOLoop._handle_events(7, 1)>
Traceback (most recent call last):
  File "/usr/lib/python3.12/asyncio/events.py", line 88, in _run
  File "/home/Shared/UniBe-swiss-ndvi/GitHub/swiss-ndvi-processing/.venv/lib/python3.12/site-packages/tornado/platform/asyncio.py", line 208, in _handle_events
  File "/home/Shared/UniBe-swiss-ndvi/GitHub/swiss-ndvi-processing/.venv/lib/python3.12/site-packages/tornado/netutil.py", line 273, in accept_handler
  File "/usr/lib/python3.12/socket.py", line 295, in accept
OSError: [Errno 24] Too many open files
Exception in callback BaseAsyncIOLoop._handle_events(7, 1)
handle: <Handle BaseAsyncIOLoop._handle_events(7, 1)>
Traceback (most recent call last):
  File "/usr/lib/python3.12/asyncio/events.py", line 88, in _run
  File "/home/Shared/UniBe-swiss-ndvi/GitHub/swiss-ndvi-processing/.venv/lib/python3.12/site-packages/tornado/platform/asyncio.py", line 208, in _handle_events
  File "/home/Shared/UniBe-swiss-ndvi/GitHub/swiss-ndvi-processing/.venv/lib/python3.12/site-packages/tornado/netutil.py", line 273, in accept_handler
  File "/usr/lib/python3.12/socket.py", line 295, in accept
OSError: [Errno 24] Too many open files
Exception in callback BaseAsyncIOLoop._handle_events(7, 1)
handle: <Handle BaseAsyncIOLoop._handle_events(7, 1)>
Traceback (most recent call last):
  File "/usr/lib/python3.12/asyncio/events.py", line 88, in _run
  File "/home/Shared/UniBe-swiss-ndvi/GitHub/swiss-ndvi-processing/.venv/lib/python3.12/site-packages/tornado/platform/asyncio.py", line 208, in _handle_events
  File "/home/Shared/UniBe-swiss-ndvi/GitHub/swiss-ndvi-processing/.venv/lib/python3.12/site-packages/tornado/netutil.py", line 273, in accept_handler
  File "/usr/lib/python3.12/socket.py", line 295, in accept
OSError: [Errno 24] Too many open files
Exception in callback BaseAsyncIOLoop._handle_events(7, 1)
handle: <Handle BaseAsyncIOLoop._handle_events(7, 1)>
Traceback (most recent call last):
  File "/usr/lib/python3.12/asyncio/events.py", line 88, in _run
  File "/home/Shared/UniBe-swiss-ndvi/GitHub/swiss-ndvi-processing/.venv/lib/python3.12/site-packages/tornado/platform/asyncio.py", line 208, in _handle_events
  File "/home/Shared/UniBe-swiss-ndvi/GitHub/swiss-ndvi-processing/.venv/lib/python3.12/site-packages/tornado/netutil.py", line 273, in accept_handler
  File "/usr/lib/python3.12/socket.py", line 295, in accept
OSError: [Errno 24] Too many open files
Exception in callback BaseAsyncIOLoop._handle_events(7, 1)
handle: <Handle BaseAsyncIOLoop._handle_events(7, 1)>
Traceback (most recent call last):
  File "/usr/lib/python3.12/asyncio/events.py", line 88, in _run
  File "/home/Shared/UniBe-swiss-ndvi/GitHub/swiss-ndvi-processing/.venv/lib/python3.12/site-packages/tornado/platform/asyncio.py", line 208, in _handle_events
  File "/home/Shared/UniBe-swiss-ndvi/GitHub/swiss-ndvi-processing/.venv/lib/python3.12/site-packages/tornado/netutil.py", line 273, in accept_handler
  File "/usr/lib/python3.12/socket.py", line 295, in accept
OSError: [Errno 24] Too many open files
Exception in callback BaseAsyncIOLoop._handle_events(7, 1)
handle: <Handle BaseAsyncIOLoop._handle_events(7, 1)>
Traceback (most recent call last):
  File "/usr/lib/python3.12/asyncio/events.py", line 88, in _run
  File "/home/Shared/UniBe-swiss-ndvi/GitHub/swiss-ndvi-processing/.venv/lib/python3.12/site-packages/tornado/platform/asyncio.py", line 208, in _handle_events
  File "/home/Shared/UniBe-swiss-ndvi/GitHub/swiss-ndvi-processing/.venv/lib/python3.12/site-packages/tornado/netutil.py", line 273, in accept_handler
  File "/usr/lib/python3.12/socket.py", line 295, in accept
OSError: [Errno 24] Too many open files
Exception in callback BaseAsyncIOLoop._handle_events(7, 1)
handle: <Handle BaseAsyncIOLoop._handle_events(7, 1)>
Traceback (most recent call last):
  File "/usr/lib/python3.12/asyncio/events.py", line 88, in _run
  File "/home/Shared/UniBe-swiss-ndvi/GitHub/swiss-ndvi-processing/.venv/lib/python3.12/site-packages/tornado/platform/asyncio.py", line 208, in _handle_events
  File "/home/Shared/UniBe-swiss-ndvi/GitHub/swiss-ndvi-processing/.venv/lib/python3.12/site-packages/tornado/netutil.py", line 273, in accept_handler
  File "/usr/lib/python3.12/socket.py", line 295, in accept
OSError: [Errno 24] Too many open files
Exception in callback BaseAsyncIOLoop._handle_events(7, 1)
handle: <Handle BaseAsyncIOLoop._handle_events(7, 1)>
Traceback (most recent call last):
  File "/usr/lib/python3.12/asyncio/events.py", line 88, in _run
  File "/home/Shared/UniBe-swiss-ndvi/GitHub/swiss-ndvi-processing/.venv/lib/python3.12/site-packages/tornado/platform/asyncio.py", line 208, in _handle_events
  File "/home/Shared/UniBe-swiss-ndvi/GitHub/swiss-ndvi-processing/.venv/lib/python3.12/site-packages/tornado/netutil.py", line 273, in accept_handler
  File "/usr/lib/python3.12/socket.py", line 295, in accept
OSError: [Errno 24] Too many open files
Exception in callback BaseAsyncIOLoop._handle_events(7, 1)
handle: <Handle BaseAsyncIOLoop._handle_events(7, 1)>
Traceback (most recent call last):
  File "/usr/lib/python3.12/asyncio/events.py", line 88, in _run
  File "/home/Shared/UniBe-swiss-ndvi/GitHub/swiss-ndvi-processing/.venv/lib/python3.12/site-packages/tornado/platform/asyncio.py", line 208, in _handle_events
  File "/home/Shared/UniBe-swiss-ndvi/GitHub/swiss-ndvi-processing/.venv/lib/python3.12/site-packages/tornado/netutil.py", line 273, in accept_handler
  File "/usr/lib/python3.12/socket.py", line 295, in accept
OSError: [Errno 24] Too many open files
Exception in callback BaseAsyncIOLoop._handle_events(7, 1)
handle: <Handle BaseAsyncIOLoop._handle_events(7, 1)>
Traceback (most recent call last):
  File "/usr/lib/python3.12/asyncio/events.py", line 88, in _run
  File "/home/Shared/UniBe-swiss-ndvi/GitHub/swiss-ndvi-processing/.venv/lib/python3.12/site-packages/tornado/platform/asyncio.py", line 208, in _handle_events
  File "/home/Shared/UniBe-swiss-ndvi/GitHub/swiss-ndvi-processing/.venv/lib/python3.12/site-packages/tornado/netutil.py", line 273, in accept_handler
  File "/usr/lib/python3.12/socket.py", line 295, in accept
OSError: [Errno 24] Too many open files
Exception in callback BaseAsyncIOLoop._handle_events(7, 1)
handle: <Handle BaseAsyncIOLoop._handle_events(7, 1)>
Traceback (most recent call last):
  File "/usr/lib/python3.12/asyncio/events.py", line 88, in _run
  File "/home/Shared/UniBe-swiss-ndvi/GitHub/swiss-ndvi-processing/.venv/lib/python3.12/site-packages/tornado/platform/asyncio.py", line 208, in _handle_events
  File "/home/Shared/UniBe-swiss-ndvi/GitHub/swiss-ndvi-processing/.venv/lib/python3.12/site-packages/tornado/netutil.py", line 273, in accept_handler
  File "/usr/lib/python3.12/socket.py", line 295, in accept
OSError: [Errno 24] Too many open files
Exception in callback BaseAsyncIOLoop._handle_events(7, 1)
handle: <Handle BaseAsyncIOLoop._handle_events(7, 1)>
Traceback (most recent call last):
  File "/usr/lib/python3.12/asyncio/events.py", line 88, in _run
  File "/home/Shared/UniBe-swiss-ndvi/GitHub/swiss-ndvi-processing/.venv/lib/python3.12/site-packages/tornado/platform/asyncio.py", line 208, in _handle_events
  File "/home/Shared/UniBe-swiss-ndvi/GitHub/swiss-ndvi-processing/.venv/lib/python3.12/site-packages/tornado/netutil.py", line 273, in accept_handler
  File "/usr/lib/python3.12/socket.py", line 295, in accept
OSError: [Errno 24] Too many open files
Exception in callback BaseAsyncIOLoop._handle_events(7, 1)
handle: <Handle BaseAsyncIOLoop._handle_events(7, 1)>
Traceback (most recent call last):
  File "/usr/lib/python3.12/asyncio/events.py", line 88, in _run
  File "/home/Shared/UniBe-swiss-ndvi/GitHub/swiss-ndvi-processing/.venv/lib/python3.12/site-packages/tornado/platform/asyncio.py", line 208, in _handle_events
  File "/home/Shared/UniBe-swiss-ndvi/GitHub/swiss-ndvi-processing/.venv/lib/python3.12/site-packages/tornado/netutil.py", line 273, in accept_handler
  File "/usr/lib/python3.12/socket.py", line 295, in accept
OSError: [Errno 24] Too many open files
Exception in callback BaseAsyncIOLoop._handle_events(7, 1)
handle: <Handle BaseAsyncIOLoop._handle_events(7, 1)>
Traceback (most recent call last):
  File "/usr/lib/python3.12/asyncio/events.py", line 88, in _run
  File "/home/Shared/UniBe-swiss-ndvi/GitHub/swiss-ndvi-processing/.venv/lib/python3.12/site-packages/tornado/platform/asyncio.py", line 208, in _handle_events
  File "/home/Shared/UniBe-swiss-ndvi/GitHub/swiss-ndvi-processing/.venv/lib/python3.12/site-packages/tornado/netutil.py", line 273, in accept_handler
  File "/usr/lib/python3.12/socket.py", line 295, in accept
OSError: [Errno 24] Too many open files
Exception in callback BaseAsyncIOLoop._handle_events(7, 1)
handle: <Handle BaseAsyncIOLoop._handle_events(7, 1)>
Traceback (most recent call last):
  File "/usr/lib/python3.12/asyncio/events.py", line 88, in _run
  File "/home/Shared/UniBe-swiss-ndvi/GitHub/swiss-ndvi-processing/.venv/lib/python3.12/site-packages/tornado/platform/asyncio.py", line 208, in _handle_events
  File "/home/Shared/UniBe-swiss-ndvi/GitHub/swiss-ndvi-processing/.venv/lib/python3.12/site-packages/tornado/netutil.py", line 273, in accept_handler
  File "/usr/lib/python3.12/socket.py", line 295, in accept
OSError: [Errno 24] Too many open files
Exception in callback BaseAsyncIOLoop._handle_events(7, 1)
handle: <Handle BaseAsyncIOLoop._handle_events(7, 1)>
Traceback (most recent call last):
  File "/usr/lib/python3.12/asyncio/events.py", line 88, in _run
  File "/home/Shared/UniBe-swiss-ndvi/GitHub/swiss-ndvi-processing/.venv/lib/python3.12/site-packages/tornado/platform/asyncio.py", line 208, in _handle_events
  File "/home/Shared/UniBe-swiss-ndvi/GitHub/swiss-ndvi-processing/.venv/lib/python3.12/site-packages/tornado/netutil.py", line 273, in accept_handler
  File "/usr/lib/python3.12/socket.py", line 295, in accept
OSError: [Errno 24] Too many open files
Exception in callback BaseAsyncIOLoop._handle_events(7, 1)
handle: <Handle BaseAsyncIOLoop._handle_events(7, 1)>
Traceback (most recent call last):
  File "/usr/lib/python3.12/asyncio/events.py", line 88, in _run
  File "/home/Shared/UniBe-swiss-ndvi/GitHub/swiss-ndvi-processing/.venv/lib/python3.12/site-packages/tornado/platform/asyncio.py", line 208, in _handle_events
  File "/home/Shared/UniBe-swiss-ndvi/GitHub/swiss-ndvi-processing/.venv/lib/python3.12/site-packages/tornado/netutil.py", line 273, in accept_handler
  File "/usr/lib/python3.12/socket.py", line 295, in accept
OSError: [Errno 24] Too many open files
Exception in callback BaseAsyncIOLoop._handle_events(7, 1)
handle: <Handle BaseAsyncIOLoop._handle_events(7, 1)>
Traceback (most recent call last):
  File "/usr/lib/python3.12/asyncio/events.py", line 88, in _run
  File "/home/Shared/UniBe-swiss-ndvi/GitHub/swiss-ndvi-processing/.venv/lib/python3.12/site-packages/tornado/platform/asyncio.py", line 208, in _handle_events
  File "/home/Shared/UniBe-swiss-ndvi/GitHub/swiss-ndvi-processing/.venv/lib/python3.12/site-packages/tornado/netutil.py", line 273, in accept_handler
  File "/usr/lib/python3.12/socket.py", line 295, in accept
OSError: [Errno 24] Too many open files
Exception in callback BaseAsyncIOLoop._handle_events(7, 1)
handle: <Handle BaseAsyncIOLoop._handle_events(7, 1)>
Traceback (most recent call last):
  File "/usr/lib/python3.12/asyncio/events.py", line 88, in _run
  File "/home/Shared/UniBe-swiss-ndvi/GitHub/swiss-ndvi-processing/.venv/lib/python3.12/site-packages/tornado/platform/asyncio.py", line 208, in _handle_events
  File "/home/Shared/UniBe-swiss-ndvi/GitHub/swiss-ndvi-processing/.venv/lib/python3.12/site-packages/tornado/netutil.py", line 273, in accept_handler
  File "/usr/lib/python3.12/socket.py", line 295, in accept
OSError: [Errno 24] Too many open files
Exception in callback BaseAsyncIOLoop._handle_events(7, 1)
handle: <Handle BaseAsyncIOLoop._handle_events(7, 1)>
Traceback (most recent call last):
  File "/usr/lib/python3.12/asyncio/events.py", line 88, in _run
  File "/home/Shared/UniBe-swiss-ndvi/GitHub/swiss-ndvi-processing/.venv/lib/python3.12/site-packages/tornado/platform/asyncio.py", line 208, in _handle_events
  File "/home/Shared/UniBe-swiss-ndvi/GitHub/swiss-ndvi-processing/.venv/lib/python3.12/site-packages/tornado/netutil.py", line 273, in accept_handler
  File "/usr/lib/python3.12/socket.py", line 295, in accept
OSError: [Errno 24] Too many open files
Exception in callback BaseAsyncIOLoop._handle_events(7, 1)
handle: <Handle BaseAsyncIOLoop._handle_events(7, 1)>
Traceback (most recent call last):
  File "/usr/lib/python3.12/asyncio/events.py", line 88, in _run
  File "/home/Shared/UniBe-swiss-ndvi/GitHub/swiss-ndvi-processing/.venv/lib/python3.12/site-packages/tornado/platform/asyncio.py", line 208, in _handle_events
  File "/home/Shared/UniBe-swiss-ndvi/GitHub/swiss-ndvi-processing/.venv/lib/python3.12/site-packages/tornado/netutil.py", line 273, in accept_handler
  File "/usr/lib/python3.12/socket.py", line 295, in accept
OSError: [Errno 24] Too many open files
Exception in callback BaseAsyncIOLoop._handle_events(7, 1)
handle: <Handle BaseAsyncIOLoop._handle_events(7, 1)>
Traceback (most recent call last):
  File "/usr/lib/python3.12/asyncio/events.py", line 88, in _run
  File "/home/Shared/UniBe-swiss-ndvi/GitHub/swiss-ndvi-processing/.venv/lib/python3.12/site-packages/tornado/platform/asyncio.py", line 208, in _handle_events
  File "/home/Shared/UniBe-swiss-ndvi/GitHub/swiss-ndvi-processing/.venv/lib/python3.12/site-packages/tornado/netutil.py", line 273, in accept_handler
  File "/usr/lib/python3.12/socket.py", line 295, in accept
OSError: [Errno 24] Too many open files
Exception in callback BaseAsyncIOLoop._handle_events(7, 1)
handle: <Handle BaseAsyncIOLoop._handle_events(7, 1)>
Traceback (most recent call last):
  File "/usr/lib/python3.12/asyncio/events.py", line 88, in _run
  File "/home/Shared/UniBe-swiss-ndvi/GitHub/swiss-ndvi-processing/.venv/lib/python3.12/site-packages/tornado/platform/asyncio.py", line 208, in _handle_events
  File "/home/Shared/UniBe-swiss-ndvi/GitHub/swiss-ndvi-processing/.venv/lib/python3.12/site-packages/tornado/netutil.py", line 273, in accept_handler
  File "/usr/lib/python3.12/socket.py", line 295, in accept
OSError: [Errno 24] Too many open files
Exception in callback BaseAsyncIOLoop._handle_events(7, 1)
handle: <Handle BaseAsyncIOLoop._handle_events(7, 1)>
Traceback (most recent call last):
  File "/usr/lib/python3.12/asyncio/events.py", line 88, in _run
  File "/home/Shared/UniBe-swiss-ndvi/GitHub/swiss-ndvi-processing/.venv/lib/python3.12/site-packages/tornado/platform/asyncio.py", line 208, in _handle_events
  File "/home/Shared/UniBe-swiss-ndvi/GitHub/swiss-ndvi-processing/.venv/lib/python3.12/site-packages/tornado/netutil.py", line 273, in accept_handler
  File "/usr/lib/python3.12/socket.py", line 295, in accept
OSError: [Errno 24] Too many open files
Exception in callback BaseAsyncIOLoop._handle_events(7, 1)
handle: <Handle BaseAsyncIOLoop._handle_events(7, 1)>
Traceback (most recent call last):
  File "/usr/lib/python3.12/asyncio/events.py", line 88, in _run
  File "/home/Shared/UniBe-swiss-ndvi/GitHub/swiss-ndvi-processing/.venv/lib/python3.12/site-packages/tornado/platform/asyncio.py", line 208, in _handle_events
  File "/home/Shared/UniBe-swiss-ndvi/GitHub/swiss-ndvi-processing/.venv/lib/python3.12/site-packages/tornado/netutil.py", line 273, in accept_handler
  File "/usr/lib/python3.12/socket.py", line 295, in accept
OSError: [Errno 24] Too many open files
Exception in callback BaseAsyncIOLoop._handle_events(7, 1)
handle: <Handle BaseAsyncIOLoop._handle_events(7, 1)>
Traceback (most recent call last):
  File "/usr/lib/python3.12/asyncio/events.py", line 88, in _run
  File "/home/Shared/UniBe-swiss-ndvi/GitHub/swiss-ndvi-processing/.venv/lib/python3.12/site-packages/tornado/platform/asyncio.py", line 208, in _handle_events
  File "/home/Shared/UniBe-swiss-ndvi/GitHub/swiss-ndvi-processing/.venv/lib/python3.12/site-packages/tornado/netutil.py", line 273, in accept_handler
  File "/usr/lib/python3.12/socket.py", line 295, in accept
OSError: [Errno 24] Too many open files
Exception in callback BaseAsyncIOLoop._handle_events(7, 1)
handle: <Handle BaseAsyncIOLoop._handle_events(7, 1)>
Traceback (most recent call last):
  File "/usr/lib/python3.12/asyncio/events.py", line 88, in _run
  File "/home/Shared/UniBe-swiss-ndvi/GitHub/swiss-ndvi-processing/.venv/lib/python3.12/site-packages/tornado/platform/asyncio.py", line 208, in _handle_events
  File "/home/Shared/UniBe-swiss-ndvi/GitHub/swiss-ndvi-processing/.venv/lib/python3.12/site-packages/tornado/netutil.py", line 273, in accept_handler
  File "/usr/lib/python3.12/socket.py", line 295, in accept
OSError: [Errno 24] Too many open files
Exception in callback BaseAsyncIOLoop._handle_events(7, 1)
handle: <Handle BaseAsyncIOLoop._handle_events(7, 1)>
Traceback (most recent call last):
  File "/usr/lib/python3.12/asyncio/events.py", line 88, in _run
  File "/home/Shared/UniBe-swiss-ndvi/GitHub/swiss-ndvi-processing/.venv/lib/python3.12/site-packages/tornado/platform/asyncio.py", line 208, in _handle_events
  File "/home/Shared/UniBe-swiss-ndvi/GitHub/swiss-ndvi-processing/.venv/lib/python3.12/site-packages/tornado/netutil.py", line 273, in accept_handler
  File "/usr/lib/python3.12/socket.py", line 295, in accept
OSError: [Errno 24] Too many open files
Exception in callback BaseAsyncIOLoop._handle_events(7, 1)
handle: <Handle BaseAsyncIOLoop._handle_events(7, 1)>
Traceback (most recent call last):
  File "/usr/lib/python3.12/asyncio/events.py", line 88, in _run
  File "/home/Shared/UniBe-swiss-ndvi/GitHub/swiss-ndvi-processing/.venv/lib/python3.12/site-packages/tornado/platform/asyncio.py", line 208, in _handle_events
  File "/home/Shared/UniBe-swiss-ndvi/GitHub/swiss-ndvi-processing/.venv/lib/python3.12/site-packages/tornado/netutil.py", line 273, in accept_handler
  File "/usr/lib/python3.12/socket.py", line 295, in accept
OSError: [Errno 24] Too many open files
Exception in callback BaseAsyncIOLoop._handle_events(7, 1)
handle: <Handle BaseAsyncIOLoop._handle_events(7, 1)>
Traceback (most recent call last):
  File "/usr/lib/python3.12/asyncio/events.py", line 88, in _run
  File "/home/Shared/UniBe-swiss-ndvi/GitHub/swiss-ndvi-processing/.venv/lib/python3.12/site-packages/tornado/platform/asyncio.py", line 208, in _handle_events
  File "/home/Shared/UniBe-swiss-ndvi/GitHub/swiss-ndvi-processing/.venv/lib/python3.12/site-packages/tornado/netutil.py", line 273, in accept_handler
  File "/usr/lib/python3.12/socket.py", line 295, in accept
OSError: [Errno 24] Too many open files
Exception in callback BaseAsyncIOLoop._handle_events(7, 1)
handle: <Handle BaseAsyncIOLoop._handle_events(7, 1)>
Traceback (most recent call last):
  File "/usr/lib/python3.12/asyncio/events.py", line 88, in _run
  File "/home/Shared/UniBe-swiss-ndvi/GitHub/swiss-ndvi-processing/.venv/lib/python3.12/site-packages/tornado/platform/asyncio.py", line 208, in _handle_events
  File "/home/Shared/UniBe-swiss-ndvi/GitHub/swiss-ndvi-processing/.venv/lib/python3.12/site-packages/tornado/netutil.py", line 273, in accept_handler
  File "/usr/lib/python3.12/socket.py", line 295, in accept
OSError: [Errno 24] Too many open files
Exception in callback BaseAsyncIOLoop._handle_events(7, 1)
handle: <Handle BaseAsyncIOLoop._handle_events(7, 1)>
Traceback (most recent call last):
  File "/usr/lib/python3.12/asyncio/events.py", line 88, in _run
  File "/home/Shared/UniBe-swiss-ndvi/GitHub/swiss-ndvi-processing/.venv/lib/python3.12/site-packages/tornado/platform/asyncio.py", line 208, in _handle_events
  File "/home/Shared/UniBe-swiss-ndvi/GitHub/swiss-ndvi-processing/.venv/lib/python3.12/site-packages/tornado/netutil.py", line 273, in accept_handler
  File "/usr/lib/python3.12/socket.py", line 295, in accept
OSError: [Errno 24] Too many open files
Exception in callback BaseAsyncIOLoop._handle_events(7, 1)
handle: <Handle BaseAsyncIOLoop._handle_events(7, 1)>
Traceback (most recent call last):
  File "/usr/lib/python3.12/asyncio/events.py", line 88, in _run
  File "/home/Shared/UniBe-swiss-ndvi/GitHub/swiss-ndvi-processing/.venv/lib/python3.12/site-packages/tornado/platform/asyncio.py", line 208, in _handle_events
  File "/home/Shared/UniBe-swiss-ndvi/GitHub/swiss-ndvi-processing/.venv/lib/python3.12/site-packages/tornado/netutil.py", line 273, in accept_handler
  File "/usr/lib/python3.12/socket.py", line 295, in accept
OSError: [Errno 24] Too many open files
Exception in callback BaseAsyncIOLoop._handle_events(7, 1)
handle: <Handle BaseAsyncIOLoop._handle_events(7, 1)>
Traceback (most recent call last):
  File "/usr/lib/python3.12/asyncio/events.py", line 88, in _run
  File "/home/Shared/UniBe-swiss-ndvi/GitHub/swiss-ndvi-processing/.venv/lib/python3.12/site-packages/tornado/platform/asyncio.py", line 208, in _handle_events
  File "/home/Shared/UniBe-swiss-ndvi/GitHub/swiss-ndvi-processing/.venv/lib/python3.12/site-packages/tornado/netutil.py", line 273, in accept_handler
  File "/usr/lib/python3.12/socket.py", line 295, in accept
OSError: [Errno 24] Too many open files
Exception in callback BaseAsyncIOLoop._handle_events(7, 1)
handle: <Handle BaseAsyncIOLoop._handle_events(7, 1)>
Traceback (most recent call last):
  File "/usr/lib/python3.12/asyncio/events.py", line 88, in _run
  File "/home/Shared/UniBe-swiss-ndvi/GitHub/swiss-ndvi-processing/.venv/lib/python3.12/site-packages/tornado/platform/asyncio.py", line 208, in _handle_events
  File "/home/Shared/UniBe-swiss-ndvi/GitHub/swiss-ndvi-processing/.venv/lib/python3.12/site-packages/tornado/netutil.py", line 273, in accept_handler
  File "/usr/lib/python3.12/socket.py", line 295, in accept
OSError: [Errno 24] Too many open files
Exception in callback BaseAsyncIOLoop._handle_events(7, 1)
handle: <Handle BaseAsyncIOLoop._handle_events(7, 1)>
Traceback (most recent call last):
  File "/usr/lib/python3.12/asyncio/events.py", line 88, in _run
  File "/home/Shared/UniBe-swiss-ndvi/GitHub/swiss-ndvi-processing/.venv/lib/python3.12/site-packages/tornado/platform/asyncio.py", line 208, in _handle_events
  File "/home/Shared/UniBe-swiss-ndvi/GitHub/swiss-ndvi-processing/.venv/lib/python3.12/site-packages/tornado/netutil.py", line 273, in accept_handler
  File "/usr/lib/python3.12/socket.py", line 295, in accept
OSError: [Errno 24] Too many open files
Exception in callback BaseAsyncIOLoop._handle_events(7, 1)
handle: <Handle BaseAsyncIOLoop._handle_events(7, 1)>
Traceback (most recent call last):
  File "/usr/lib/python3.12/asyncio/events.py", line 88, in _run
  File "/home/Shared/UniBe-swiss-ndvi/GitHub/swiss-ndvi-processing/.venv/lib/python3.12/site-packages/tornado/platform/asyncio.py", line 208, in _handle_events
  File "/home/Shared/UniBe-swiss-ndvi/GitHub/swiss-ndvi-processing/.venv/lib/python3.12/site-packages/tornado/netutil.py", line 273, in accept_handler
  File "/usr/lib/python3.12/socket.py", line 295, in accept
OSError: [Errno 24] Too many open files
Exception in callback BaseAsyncIOLoop._handle_events(7, 1)
handle: <Handle BaseAsyncIOLoop._handle_events(7, 1)>
Traceback (most recent call last):
  File "/usr/lib/python3.12/asyncio/events.py", line 88, in _run
  File "/home/Shared/UniBe-swiss-ndvi/GitHub/swiss-ndvi-processing/.venv/lib/python3.12/site-packages/tornado/platform/asyncio.py", line 208, in _handle_events
  File "/home/Shared/UniBe-swiss-ndvi/GitHub/swiss-ndvi-processing/.venv/lib/python3.12/site-packages/tornado/netutil.py", line 273, in accept_handler
  File "/usr/lib/python3.12/socket.py", line 295, in accept
OSError: [Errno 24] Too many open files
Exception in callback BaseAsyncIOLoop._handle_events(7, 1)
handle: <Handle BaseAsyncIOLoop._handle_events(7, 1)>
Traceback (most recent call last):
  File "/usr/lib/python3.12/asyncio/events.py", line 88, in _run
  File "/home/Shared/UniBe-swiss-ndvi/GitHub/swiss-ndvi-processing/.venv/lib/python3.12/site-packages/tornado/platform/asyncio.py", line 208, in _handle_events
  File "/home/Shared/UniBe-swiss-ndvi/GitHub/swiss-ndvi-processing/.venv/lib/python3.12/site-packages/tornado/netutil.py", line 273, in accept_handler
  File "/usr/lib/python3.12/socket.py", line 295, in accept
OSError: [Errno 24] Too many open files
Exception in callback BaseAsyncIOLoop._handle_events(7, 1)
handle: <Handle BaseAsyncIOLoop._handle_events(7, 1)>
Traceback (most recent call last):
  File "/usr/lib/python3.12/asyncio/events.py", line 88, in _run
  File "/home/Shared/UniBe-swiss-ndvi/GitHub/swiss-ndvi-processing/.venv/lib/python3.12/site-packages/tornado/platform/asyncio.py", line 208, in _handle_events
  File "/home/Shared/UniBe-swiss-ndvi/GitHub/swiss-ndvi-processing/.venv/lib/python3.12/site-packages/tornado/netutil.py", line 273, in accept_handler
  File "/usr/lib/python3.12/socket.py", line 295, in accept
OSError: [Errno 24] Too many open files
Exception in callback BaseAsyncIOLoop._handle_events(7, 1)
handle: <Handle BaseAsyncIOLoop._handle_events(7, 1)>
Traceback (most recent call last):
  File "/usr/lib/python3.12/asyncio/events.py", line 88, in _run
  File "/home/Shared/UniBe-swiss-ndvi/GitHub/swiss-ndvi-processing/.venv/lib/python3.12/site-packages/tornado/platform/asyncio.py", line 208, in _handle_events
  File "/home/Shared/UniBe-swiss-ndvi/GitHub/swiss-ndvi-processing/.venv/lib/python3.12/site-packages/tornado/netutil.py", line 273, in accept_handler
  File "/usr/lib/python3.12/socket.py", line 295, in accept
OSError: [Errno 24] Too many open files
Exception in callback BaseAsyncIOLoop._handle_events(7, 1)
handle: <Handle BaseAsyncIOLoop._handle_events(7, 1)>
Traceback (most recent call last):
  File "/usr/lib/python3.12/asyncio/events.py", line 88, in _run
  File "/home/Shared/UniBe-swiss-ndvi/GitHub/swiss-ndvi-processing/.venv/lib/python3.12/site-packages/tornado/platform/asyncio.py", line 208, in _handle_events
  File "/home/Shared/UniBe-swiss-ndvi/GitHub/swiss-ndvi-processing/.venv/lib/python3.12/site-packages/tornado/netutil.py", line 273, in accept_handler
  File "/usr/lib/python3.12/socket.py", line 295, in accept
OSError: [Errno 24] Too many open files
Exception in callback BaseAsyncIOLoop._handle_events(7, 1)
handle: <Handle BaseAsyncIOLoop._handle_events(7, 1)>
Traceback (most recent call last):
  File "/usr/lib/python3.12/asyncio/events.py", line 88, in _run
  File "/home/Shared/UniBe-swiss-ndvi/GitHub/swiss-ndvi-processing/.venv/lib/python3.12/site-packages/tornado/platform/asyncio.py", line 208, in _handle_events
  File "/home/Shared/UniBe-swiss-ndvi/GitHub/swiss-ndvi-processing/.venv/lib/python3.12/site-packages/tornado/netutil.py", line 273, in accept_handler
  File "/usr/lib/python3.12/socket.py", line 295, in accept
OSError: [Errno 24] Too many open files
Exception in callback BaseAsyncIOLoop._handle_events(7, 1)
handle: <Handle BaseAsyncIOLoop._handle_events(7, 1)>
Traceback (most recent call last):
  File "/usr/lib/python3.12/asyncio/events.py", line 88, in _run
  File "/home/Shared/UniBe-swiss-ndvi/GitHub/swiss-ndvi-processing/.venv/lib/python3.12/site-packages/tornado/platform/asyncio.py", line 208, in _handle_events
  File "/home/Shared/UniBe-swiss-ndvi/GitHub/swiss-ndvi-processing/.venv/lib/python3.12/site-packages/tornado/netutil.py", line 273, in accept_handler
  File "/usr/lib/python3.12/socket.py", line 295, in accept
OSError: [Errno 24] Too many open files
Exception in callback BaseAsyncIOLoop._handle_events(7, 1)
handle: <Handle BaseAsyncIOLoop._handle_events(7, 1)>
Traceback (most recent call last):
  File "/usr/lib/python3.12/asyncio/events.py", line 88, in _run
  File "/home/Shared/UniBe-swiss-ndvi/GitHub/swiss-ndvi-processing/.venv/lib/python3.12/site-packages/tornado/platform/asyncio.py", line 208, in _handle_events
  File "/home/Shared/UniBe-swiss-ndvi/GitHub/swiss-ndvi-processing/.venv/lib/python3.12/site-packages/tornado/netutil.py", line 273, in accept_handler
  File "/usr/lib/python3.12/socket.py", line 295, in accept
OSError: [Errno 24] Too many open files
Exception in callback BaseAsyncIOLoop._handle_events(7, 1)
handle: <Handle BaseAsyncIOLoop._handle_events(7, 1)>
Traceback (most recent call last):
  File "/usr/lib/python3.12/asyncio/events.py", line 88, in _run
  File "/home/Shared/UniBe-swiss-ndvi/GitHub/swiss-ndvi-processing/.venv/lib/python3.12/site-packages/tornado/platform/asyncio.py", line 208, in _handle_events
  File "/home/Shared/UniBe-swiss-ndvi/GitHub/swiss-ndvi-processing/.venv/lib/python3.12/site-packages/tornado/netutil.py", line 273, in accept_handler
  File "/usr/lib/python3.12/socket.py", line 295, in accept
OSError: [Errno 24] Too many open files
Exception in callback BaseAsyncIOLoop._handle_events(7, 1)
handle: <Handle BaseAsyncIOLoop._handle_events(7, 1)>
Traceback (most recent call last):
  File "/usr/lib/python3.12/asyncio/events.py", line 88, in _run
  File "/home/Shared/UniBe-swiss-ndvi/GitHub/swiss-ndvi-processing/.venv/lib/python3.12/site-packages/tornado/platform/asyncio.py", line 208, in _handle_events
  File "/home/Shared/UniBe-swiss-ndvi/GitHub/swiss-ndvi-processing/.venv/lib/python3.12/site-packages/tornado/netutil.py", line 273, in accept_handler
  File "/usr/lib/python3.12/socket.py", line 295, in accept
OSError: [Errno 24] Too many open files
Exception in callback BaseAsyncIOLoop._handle_events(7, 1)
handle: <Handle BaseAsyncIOLoop._handle_events(7, 1)>
Traceback (most recent call last):
  File "/usr/lib/python3.12/asyncio/events.py", line 88, in _run
  File "/home/Shared/UniBe-swiss-ndvi/GitHub/swiss-ndvi-processing/.venv/lib/python3.12/site-packages/tornado/platform/asyncio.py", line 208, in _handle_events
  File "/home/Shared/UniBe-swiss-ndvi/GitHub/swiss-ndvi-processing/.venv/lib/python3.12/site-packages/tornado/netutil.py", line 273, in accept_handler
  File "/usr/lib/python3.12/socket.py", line 295, in accept
OSError: [Errno 24] Too many open files
Exception in callback BaseAsyncIOLoop._handle_events(7, 1)
handle: <Handle BaseAsyncIOLoop._handle_events(7, 1)>
Traceback (most recent call last):
  File "/usr/lib/python3.12/asyncio/events.py", line 88, in _run
  File "/home/Shared/UniBe-swiss-ndvi/GitHub/swiss-ndvi-processing/.venv/lib/python3.12/site-packages/tornado/platform/asyncio.py", line 208, in _handle_events
  File "/home/Shared/UniBe-swiss-ndvi/GitHub/swiss-ndvi-processing/.venv/lib/python3.12/site-packages/tornado/netutil.py", line 273, in accept_handler
  File "/usr/lib/python3.12/socket.py", line 295, in accept
OSError: [Errno 24] Too many open files
Exception in callback BaseAsyncIOLoop._handle_events(7, 1)
handle: <Handle BaseAsyncIOLoop._handle_events(7, 1)>
Traceback (most recent call last):
  File "/usr/lib/python3.12/asyncio/events.py", line 88, in _run
  File "/home/Shared/UniBe-swiss-ndvi/GitHub/swiss-ndvi-processing/.venv/lib/python3.12/site-packages/tornado/platform/asyncio.py", line 208, in _handle_events
  File "/home/Shared/UniBe-swiss-ndvi/GitHub/swiss-ndvi-processing/.venv/lib/python3.12/site-packages/tornado/netutil.py", line 273, in accept_handler
  File "/usr/lib/python3.12/socket.py", line 295, in accept
OSError: [Errno 24] Too many open files
Exception in callback BaseAsyncIOLoop._handle_events(7, 1)
handle: <Handle BaseAsyncIOLoop._handle_events(7, 1)>
Traceback (most recent call last):
  File "/usr/lib/python3.12/asyncio/events.py", line 88, in _run
  File "/home/Shared/UniBe-swiss-ndvi/GitHub/swiss-ndvi-processing/.venv/lib/python3.12/site-packages/tornado/platform/asyncio.py", line 208, in _handle_events
  File "/home/Shared/UniBe-swiss-ndvi/GitHub/swiss-ndvi-processing/.venv/lib/python3.12/site-packages/tornado/netutil.py", line 273, in accept_handler
  File "/usr/lib/python3.12/socket.py", line 295, in accept
OSError: [Errno 24] Too many open files
Exception in callback BaseAsyncIOLoop._handle_events(7, 1)
handle: <Handle BaseAsyncIOLoop._handle_events(7, 1)>
Traceback (most recent call last):
  File "/usr/lib/python3.12/asyncio/events.py", line 88, in _run
  File "/home/Shared/UniBe-swiss-ndvi/GitHub/swiss-ndvi-processing/.venv/lib/python3.12/site-packages/tornado/platform/asyncio.py", line 208, in _handle_events
  File "/home/Shared/UniBe-swiss-ndvi/GitHub/swiss-ndvi-processing/.venv/lib/python3.12/site-packages/tornado/netutil.py", line 273, in accept_handler
  File "/usr/lib/python3.12/socket.py", line 295, in accept
OSError: [Errno 24] Too many open files
Exception in callback BaseAsyncIOLoop._handle_events(7, 1)
handle: <Handle BaseAsyncIOLoop._handle_events(7, 1)>
Traceback (most recent call last):
  File "/usr/lib/python3.12/asyncio/events.py", line 88, in _run
  File "/home/Shared/UniBe-swiss-ndvi/GitHub/swiss-ndvi-processing/.venv/lib/python3.12/site-packages/tornado/platform/asyncio.py", line 208, in _handle_events
  File "/home/Shared/UniBe-swiss-ndvi/GitHub/swiss-ndvi-processing/.venv/lib/python3.12/site-packages/tornado/netutil.py", line 273, in accept_handler
  File "/usr/lib/python3.12/socket.py", line 295, in accept
OSError: [Errno 24] Too many open files
Exception in callback BaseAsyncIOLoop._handle_events(7, 1)
handle: <Handle BaseAsyncIOLoop._handle_events(7, 1)>
Traceback (most recent call last):
  File "/usr/lib/python3.12/asyncio/events.py", line 88, in _run
  File "/home/Shared/UniBe-swiss-ndvi/GitHub/swiss-ndvi-processing/.venv/lib/python3.12/site-packages/tornado/platform/asyncio.py", line 208, in _handle_events
  File "/home/Shared/UniBe-swiss-ndvi/GitHub/swiss-ndvi-processing/.venv/lib/python3.12/site-packages/tornado/netutil.py", line 273, in accept_handler
  File "/usr/lib/python3.12/socket.py", line 295, in accept
OSError: [Errno 24] Too many open files
Exception in callback BaseAsyncIOLoop._handle_events(7, 1)
handle: <Handle BaseAsyncIOLoop._handle_events(7, 1)>
Traceback (most recent call last):
  File "/usr/lib/python3.12/asyncio/events.py", line 88, in _run
  File "/home/Shared/UniBe-swiss-ndvi/GitHub/swiss-ndvi-processing/.venv/lib/python3.12/site-packages/tornado/platform/asyncio.py", line 208, in _handle_events
  File "/home/Shared/UniBe-swiss-ndvi/GitHub/swiss-ndvi-processing/.venv/lib/python3.12/site-packages/tornado/netutil.py", line 273, in accept_handler
  File "/usr/lib/python3.12/socket.py", line 295, in accept
OSError: [Errno 24] Too many open files
Exception in callback BaseAsyncIOLoop._handle_events(7, 1)
handle: <Handle BaseAsyncIOLoop._handle_events(7, 1)>
Traceback (most recent call last):
  File "/usr/lib/python3.12/asyncio/events.py", line 88, in _run
  File "/home/Shared/UniBe-swiss-ndvi/GitHub/swiss-ndvi-processing/.venv/lib/python3.12/site-packages/tornado/platform/asyncio.py", line 208, in _handle_events
  File "/home/Shared/UniBe-swiss-ndvi/GitHub/swiss-ndvi-processing/.venv/lib/python3.12/site-packages/tornado/netutil.py", line 273, in accept_handler
  File "/usr/lib/python3.12/socket.py", line 295, in accept
OSError: [Errno 24] Too many open files
Exception in callback BaseAsyncIOLoop._handle_events(7, 1)
handle: <Handle BaseAsyncIOLoop._handle_events(7, 1)>
Traceback (most recent call last):
  File "/usr/lib/python3.12/asyncio/events.py", line 88, in _run
  File "/home/Shared/UniBe-swiss-ndvi/GitHub/swiss-ndvi-processing/.venv/lib/python3.12/site-packages/tornado/platform/asyncio.py", line 208, in _handle_events
  File "/home/Shared/UniBe-swiss-ndvi/GitHub/swiss-ndvi-processing/.venv/lib/python3.12/site-packages/tornado/netutil.py", line 273, in accept_handler
  File "/usr/lib/python3.12/socket.py", line 295, in accept
OSError: [Errno 24] Too many open files
Exception in callback BaseAsyncIOLoop._handle_events(7, 1)
handle: <Handle BaseAsyncIOLoop._handle_events(7, 1)>
Traceback (most recent call last):
  File "/usr/lib/python3.12/asyncio/events.py", line 88, in _run
  File "/home/Shared/UniBe-swiss-ndvi/GitHub/swiss-ndvi-processing/.venv/lib/python3.12/site-packages/tornado/platform/asyncio.py", line 208, in _handle_events
  File "/home/Shared/UniBe-swiss-ndvi/GitHub/swiss-ndvi-processing/.venv/lib/python3.12/site-packages/tornado/netutil.py", line 273, in accept_handler
  File "/usr/lib/python3.12/socket.py", line 295, in accept
OSError: [Errno 24] Too many open files
Exception in callback BaseAsyncIOLoop._handle_events(7, 1)
handle: <Handle BaseAsyncIOLoop._handle_events(7, 1)>
Traceback (most recent call last):
  File "/usr/lib/python3.12/asyncio/events.py", line 88, in _run
  File "/home/Shared/UniBe-swiss-ndvi/GitHub/swiss-ndvi-processing/.venv/lib/python3.12/site-packages/tornado/platform/asyncio.py", line 208, in _handle_events
  File "/home/Shared/UniBe-swiss-ndvi/GitHub/swiss-ndvi-processing/.venv/lib/python3.12/site-packages/tornado/netutil.py", line 273, in accept_handler
  File "/usr/lib/python3.12/socket.py", line 295, in accept
OSError: [Errno 24] Too many open files
Exception in callback BaseAsyncIOLoop._handle_events(7, 1)
handle: <Handle BaseAsyncIOLoop._handle_events(7, 1)>
Traceback (most recent call last):
  File "/usr/lib/python3.12/asyncio/events.py", line 88, in _run
  File "/home/Shared/UniBe-swiss-ndvi/GitHub/swiss-ndvi-processing/.venv/lib/python3.12/site-packages/tornado/platform/asyncio.py", line 208, in _handle_events
  File "/home/Shared/UniBe-swiss-ndvi/GitHub/swiss-ndvi-processing/.venv/lib/python3.12/site-packages/tornado/netutil.py", line 273, in accept_handler
  File "/usr/lib/python3.12/socket.py", line 295, in accept
OSError: [Errno 24] Too many open files
Exception in callback BaseAsyncIOLoop._handle_events(7, 1)
handle: <Handle BaseAsyncIOLoop._handle_events(7, 1)>
Traceback (most recent call last):
  File "/usr/lib/python3.12/asyncio/events.py", line 88, in _run
  File "/home/Shared/UniBe-swiss-ndvi/GitHub/swiss-ndvi-processing/.venv/lib/python3.12/site-packages/tornado/platform/asyncio.py", line 208, in _handle_events
  File "/home/Shared/UniBe-swiss-ndvi/GitHub/swiss-ndvi-processing/.venv/lib/python3.12/site-packages/tornado/netutil.py", line 273, in accept_handler
  File "/usr/lib/python3.12/socket.py", line 295, in accept
OSError: [Errno 24] Too many open files
Exception in callback BaseAsyncIOLoop._handle_events(7, 1)
handle: <Handle BaseAsyncIOLoop._handle_events(7, 1)>
Traceback (most recent call last):
  File "/usr/lib/python3.12/asyncio/events.py", line 88, in _run
  File "/home/Shared/UniBe-swiss-ndvi/GitHub/swiss-ndvi-processing/.venv/lib/python3.12/site-packages/tornado/platform/asyncio.py", line 208, in _handle_events
  File "/home/Shared/UniBe-swiss-ndvi/GitHub/swiss-ndvi-processing/.venv/lib/python3.12/site-packages/tornado/netutil.py", line 273, in accept_handler
  File "/usr/lib/python3.12/socket.py", line 295, in accept
OSError: [Errno 24] Too many open files
2026-04-08 22:43:08,640 - distributed.worker - WARNING - Mismatched versions found

+-------------+---------------------------------------------+-----------+----------+
| Package     | Worker-79b526e5-7fe0-405a-a15d-96e66769db29 | Scheduler | Workers  |
+-------------+---------------------------------------------+-----------+----------+
| cloudpickle | 3.1.1                                       | None      | 3.1.1    |
| dask        | 2025.9.1                                    | None      | 2025.9.1 |
| distributed | 2025.9.1                                    | None      | 2025.9.1 |
| lz4         | 4.3.2                                       | None      | 4.3.2    |
| msgpack     | 1.1.1                                       | None      | 1.1.1    |
| toolz       | 1.0.0                                       | None      | 1.0.0    |
| tornado     | 6.5.1                                       | None      | 6.5.1    |
+-------------+---------------------------------------------+-----------+----------+
Exception in callback BaseAsyncIOLoop._handle_events(7, 1)
handle: <Handle BaseAsyncIOLoop._handle_events(7, 1)>
Traceback (most recent call last):
  File "/usr/lib/python3.12/asyncio/events.py", line 88, in _run
  File "/home/Shared/UniBe-swiss-ndvi/GitHub/swiss-ndvi-processing/.venv/lib/python3.12/site-packages/tornado/platform/asyncio.py", line 208, in _handle_events
  File "/home/Shared/UniBe-swiss-ndvi/GitHub/swiss-ndvi-processing/.venv/lib/python3.12/site-packages/tornado/netutil.py", line 273, in accept_handler
  File "/usr/lib/python3.12/socket.py", line 295, in accept
OSError: [Errno 24] Too many open files
Exception in callback BaseAsyncIOLoop._handle_events(7, 1)
handle: <Handle BaseAsyncIOLoop._handle_events(7, 1)>
Traceback (most recent call last):
  File "/usr/lib/python3.12/asyncio/events.py", line 88, in _run
  File "/home/Shared/UniBe-swiss-ndvi/GitHub/swiss-ndvi-processing/.venv/lib/python3.12/site-packages/tornado/platform/asyncio.py", line 208, in _handle_events
  File "/home/Shared/UniBe-swiss-ndvi/GitHub/swiss-ndvi-processing/.venv/lib/python3.12/site-packages/tornado/netutil.py", line 273, in accept_handler
  File "/usr/lib/python3.12/socket.py", line 295, in accept
OSError: [Errno 24] Too many open files
Exception in callback BaseAsyncIOLoop._handle_events(7, 1)
handle: <Handle BaseAsyncIOLoop._handle_events(7, 1)>
Traceback (most recent call last):
  File "/usr/lib/python3.12/asyncio/events.py", line 88, in _run
  File "/home/Shared/UniBe-swiss-ndvi/GitHub/swiss-ndvi-processing/.venv/lib/python3.12/site-packages/tornado/platform/asyncio.py", line 208, in _handle_events
  File "/home/Shared/UniBe-swiss-ndvi/GitHub/swiss-ndvi-processing/.venv/lib/python3.12/site-packages/tornado/netutil.py", line 273, in accept_handler
  File "/usr/lib/python3.12/socket.py", line 295, in accept
OSError: [Errno 24] Too many open files
Exception in callback BaseAsyncIOLoop._handle_events(7, 1)
handle: <Handle BaseAsyncIOLoop._handle_events(7, 1)>
Traceback (most recent call last):
  File "/usr/lib/python3.12/asyncio/events.py", line 88, in _run
  File "/home/Shared/UniBe-swiss-ndvi/GitHub/swiss-ndvi-processing/.venv/lib/python3.12/site-packages/tornado/platform/asyncio.py", line 208, in _handle_events
  File "/home/Shared/UniBe-swiss-ndvi/GitHub/swiss-ndvi-processing/.venv/lib/python3.12/site-packages/tornado/netutil.py", line 273, in accept_handler
  File "/usr/lib/python3.12/socket.py", line 295, in accept
OSError: [Errno 24] Too many open files
Exception in callback BaseAsyncIOLoop._handle_events(7, 1)
handle: <Handle BaseAsyncIOLoop._handle_events(7, 1)>
Traceback (most recent call last):
  File "/usr/lib/python3.12/asyncio/events.py", line 88, in _run
  File "/home/Shared/UniBe-swiss-ndvi/GitHub/swiss-ndvi-processing/.venv/lib/python3.12/site-packages/tornado/platform/asyncio.py", line 208, in _handle_events
  File "/home/Shared/UniBe-swiss-ndvi/GitHub/swiss-ndvi-processing/.venv/lib/python3.12/site-packages/tornado/netutil.py", line 273, in accept_handler
  File "/usr/lib/python3.12/socket.py", line 295, in accept
OSError: [Errno 24] Too many open files
Exception in callback BaseAsyncIOLoop._handle_events(7, 1)
handle: <Handle BaseAsyncIOLoop._handle_events(7, 1)>
Traceback (most recent call last):
  File "/usr/lib/python3.12/asyncio/events.py", line 88, in _run
  File "/home/Shared/UniBe-swiss-ndvi/GitHub/swiss-ndvi-processing/.venv/lib/python3.12/site-packages/tornado/platform/asyncio.py", line 208, in _handle_events
  File "/home/Shared/UniBe-swiss-ndvi/GitHub/swiss-ndvi-processing/.venv/lib/python3.12/site-packages/tornado/netutil.py", line 273, in accept_handler
  File "/usr/lib/python3.12/socket.py", line 295, in accept
OSError: [Errno 24] Too many open files
Exception in callback BaseAsyncIOLoop._handle_events(7, 1)
handle: <Handle BaseAsyncIOLoop._handle_events(7, 1)>
Traceback (most recent call last):
  File "/usr/lib/python3.12/asyncio/events.py", line 88, in _run
  File "/home/Shared/UniBe-swiss-ndvi/GitHub/swiss-ndvi-processing/.venv/lib/python3.12/site-packages/tornado/platform/asyncio.py", line 208, in _handle_events
  File "/home/Shared/UniBe-swiss-ndvi/GitHub/swiss-ndvi-processing/.venv/lib/python3.12/site-packages/tornado/netutil.py", line 273, in accept_handler
  File "/usr/lib/python3.12/socket.py", line 295, in accept
OSError: [Errno 24] Too many open files
Exception in callback BaseAsyncIOLoop._handle_events(7, 1)
handle: <Handle BaseAsyncIOLoop._handle_events(7, 1)>
Traceback (most recent call last):
  File "/usr/lib/python3.12/asyncio/events.py", line 88, in _run
  File "/home/Shared/UniBe-swiss-ndvi/GitHub/swiss-ndvi-processing/.venv/lib/python3.12/site-packages/tornado/platform/asyncio.py", line 208, in _handle_events
  File "/home/Shared/UniBe-swiss-ndvi/GitHub/swiss-ndvi-processing/.venv/lib/python3.12/site-packages/tornado/netutil.py", line 273, in accept_handler
  File "/usr/lib/python3.12/socket.py", line 295, in accept
OSError: [Errno 24] Too many open files
Exception in callback BaseAsyncIOLoop._handle_events(7, 1)
handle: <Handle BaseAsyncIOLoop._handle_events(7, 1)>
Traceback (most recent call last):
  File "/usr/lib/python3.12/asyncio/events.py", line 88, in _run
  File "/home/Shared/UniBe-swiss-ndvi/GitHub/swiss-ndvi-processing/.venv/lib/python3.12/site-packages/tornado/platform/asyncio.py", line 208, in _handle_events
  File "/home/Shared/UniBe-swiss-ndvi/GitHub/swiss-ndvi-processing/.venv/lib/python3.12/site-packages/tornado/netutil.py", line 273, in accept_handler
  File "/usr/lib/python3.12/socket.py", line 295, in accept
OSError: [Errno 24] Too many open files
Exception in callback BaseAsyncIOLoop._handle_events(7, 1)
handle: <Handle BaseAsyncIOLoop._handle_events(7, 1)>
Traceback (most recent call last):
  File "/usr/lib/python3.12/asyncio/events.py", line 88, in _run
  File "/home/Shared/UniBe-swiss-ndvi/GitHub/swiss-ndvi-processing/.venv/lib/python3.12/site-packages/tornado/platform/asyncio.py", line 208, in _handle_events
  File "/home/Shared/UniBe-swiss-ndvi/GitHub/swiss-ndvi-processing/.venv/lib/python3.12/site-packages/tornado/netutil.py", line 273, in accept_handler
  File "/usr/lib/python3.12/socket.py", line 295, in accept
OSError: [Errno 24] Too many open files
Exception in callback BaseAsyncIOLoop._handle_events(7, 1)
handle: <Handle BaseAsyncIOLoop._handle_events(7, 1)>
Traceback (most recent call last):
  File "/usr/lib/python3.12/asyncio/events.py", line 88, in _run
  File "/home/Shared/UniBe-swiss-ndvi/GitHub/swiss-ndvi-processing/.venv/lib/python3.12/site-packages/tornado/platform/asyncio.py", line 208, in _handle_events
  File "/home/Shared/UniBe-swiss-ndvi/GitHub/swiss-ndvi-processing/.venv/lib/python3.12/site-packages/tornado/netutil.py", line 273, in accept_handler
  File "/usr/lib/python3.12/socket.py", line 295, in accept
OSError: [Errno 24] Too many open files
Exception in callback BaseAsyncIOLoop._handle_events(7, 1)
handle: <Handle BaseAsyncIOLoop._handle_events(7, 1)>
Traceback (most recent call last):
  File "/usr/lib/python3.12/asyncio/events.py", line 88, in _run
  File "/home/Shared/UniBe-swiss-ndvi/GitHub/swiss-ndvi-processing/.venv/lib/python3.12/site-packages/tornado/platform/asyncio.py", line 208, in _handle_events
  File "/home/Shared/UniBe-swiss-ndvi/GitHub/swiss-ndvi-processing/.venv/lib/python3.12/site-packages/tornado/netutil.py", line 273, in accept_handler
  File "/usr/lib/python3.12/socket.py", line 295, in accept
OSError: [Errno 24] Too many open files
Exception in callback BaseAsyncIOLoop._handle_events(7, 1)
handle: <Handle BaseAsyncIOLoop._handle_events(7, 1)>
Traceback (most recent call last):
  File "/usr/lib/python3.12/asyncio/events.py", line 88, in _run
  File "/home/Shared/UniBe-swiss-ndvi/GitHub/swiss-ndvi-processing/.venv/lib/python3.12/site-packages/tornado/platform/asyncio.py", line 208, in _handle_events
  File "/home/Shared/UniBe-swiss-ndvi/GitHub/swiss-ndvi-processing/.venv/lib/python3.12/site-packages/tornado/netutil.py", line 273, in accept_handler
  File "/usr/lib/python3.12/socket.py", line 295, in accept
OSError: [Errno 24] Too many open files
Exception in callback BaseAsyncIOLoop._handle_events(7, 1)
handle: <Handle BaseAsyncIOLoop._handle_events(7, 1)>
Traceback (most recent call last):
  File "/usr/lib/python3.12/asyncio/events.py", line 88, in _run
  File "/home/Shared/UniBe-swiss-ndvi/GitHub/swiss-ndvi-processing/.venv/lib/python3.12/site-packages/tornado/platform/asyncio.py", line 208, in _handle_events
  File "/home/Shared/UniBe-swiss-ndvi/GitHub/swiss-ndvi-processing/.venv/lib/python3.12/site-packages/tornado/netutil.py", line 273, in accept_handler
  File "/usr/lib/python3.12/socket.py", line 295, in accept
OSError: [Errno 24] Too many open files
Exception in callback BaseAsyncIOLoop._handle_events(7, 1)
handle: <Handle BaseAsyncIOLoop._handle_events(7, 1)>
Traceback (most recent call last):
  File "/usr/lib/python3.12/asyncio/events.py", line 88, in _run
  File "/home/Shared/UniBe-swiss-ndvi/GitHub/swiss-ndvi-processing/.venv/lib/python3.12/site-packages/tornado/platform/asyncio.py", line 208, in _handle_events
  File "/home/Shared/UniBe-swiss-ndvi/GitHub/swiss-ndvi-processing/.venv/lib/python3.12/site-packages/tornado/netutil.py", line 273, in accept_handler
  File "/usr/lib/python3.12/socket.py", line 295, in accept
OSError: [Errno 24] Too many open files
Exception in callback BaseAsyncIOLoop._handle_events(7, 1)
handle: <Handle BaseAsyncIOLoop._handle_events(7, 1)>
Traceback (most recent call last):
  File "/usr/lib/python3.12/asyncio/events.py", line 88, in _run
  File "/home/Shared/UniBe-swiss-ndvi/GitHub/swiss-ndvi-processing/.venv/lib/python3.12/site-packages/tornado/platform/asyncio.py", line 208, in _handle_events
  File "/home/Shared/UniBe-swiss-ndvi/GitHub/swiss-ndvi-processing/.venv/lib/python3.12/site-packages/tornado/netutil.py", line 273, in accept_handler
  File "/usr/lib/python3.12/socket.py", line 295, in accept
OSError: [Errno 24] Too many open files
Exception in callback BaseAsyncIOLoop._handle_events(7, 1)
handle: <Handle BaseAsyncIOLoop._handle_events(7, 1)>
Traceback (most recent call last):
  File "/usr/lib/python3.12/asyncio/events.py", line 88, in _run
  File "/home/Shared/UniBe-swiss-ndvi/GitHub/swiss-ndvi-processing/.venv/lib/python3.12/site-packages/tornado/platform/asyncio.py", line 208, in _handle_events
  File "/home/Shared/UniBe-swiss-ndvi/GitHub/swiss-ndvi-processing/.venv/lib/python3.12/site-packages/tornado/netutil.py", line 273, in accept_handler
  File "/usr/lib/python3.12/socket.py", line 295, in accept
OSError: [Errno 24] Too many open files
Exception in callback BaseAsyncIOLoop._handle_events(7, 1)
handle: <Handle BaseAsyncIOLoop._handle_events(7, 1)>
Traceback (most recent call last):
  File "/usr/lib/python3.12/asyncio/events.py", line 88, in _run
  File "/home/Shared/UniBe-swiss-ndvi/GitHub/swiss-ndvi-processing/.venv/lib/python3.12/site-packages/tornado/platform/asyncio.py", line 208, in _handle_events
  File "/home/Shared/UniBe-swiss-ndvi/GitHub/swiss-ndvi-processing/.venv/lib/python3.12/site-packages/tornado/netutil.py", line 273, in accept_handler
  File "/usr/lib/python3.12/socket.py", line 295, in accept
OSError: [Errno 24] Too many open files
Exception in callback BaseAsyncIOLoop._handle_events(7, 1)
handle: <Handle BaseAsyncIOLoop._handle_events(7, 1)>
Traceback (most recent call last):
  File "/usr/lib/python3.12/asyncio/events.py", line 88, in _run
  File "/home/Shared/UniBe-swiss-ndvi/GitHub/swiss-ndvi-processing/.venv/lib/python3.12/site-packages/tornado/platform/asyncio.py", line 208, in _handle_events
  File "/home/Shared/UniBe-swiss-ndvi/GitHub/swiss-ndvi-processing/.venv/lib/python3.12/site-packages/tornado/netutil.py", line 273, in accept_handler
  File "/usr/lib/python3.12/socket.py", line 295, in accept
OSError: [Errno 24] Too many open files
Exception in callback BaseAsyncIOLoop._handle_events(7, 1)
handle: <Handle BaseAsyncIOLoop._handle_events(7, 1)>
Traceback (most recent call last):
  File "/usr/lib/python3.12/asyncio/events.py", line 88, in _run
  File "/home/Shared/UniBe-swiss-ndvi/GitHub/swiss-ndvi-processing/.venv/lib/python3.12/site-packages/tornado/platform/asyncio.py", line 208, in _handle_events
  File "/home/Shared/UniBe-swiss-ndvi/GitHub/swiss-ndvi-processing/.venv/lib/python3.12/site-packages/tornado/netutil.py", line 273, in accept_handler
  File "/usr/lib/python3.12/socket.py", line 295, in accept
OSError: [Errno 24] Too many open files
Exception in callback BaseAsyncIOLoop._handle_events(7, 1)
handle: <Handle BaseAsyncIOLoop._handle_events(7, 1)>
Traceback (most recent call last):
  File "/usr/lib/python3.12/asyncio/events.py", line 88, in _run
  File "/home/Shared/UniBe-swiss-ndvi/GitHub/swiss-ndvi-processing/.venv/lib/python3.12/site-packages/tornado/platform/asyncio.py", line 208, in _handle_events
  File "/home/Shared/UniBe-swiss-ndvi/GitHub/swiss-ndvi-processing/.venv/lib/python3.12/site-packages/tornado/netutil.py", line 273, in accept_handler
  File "/usr/lib/python3.12/socket.py", line 295, in accept
OSError: [Errno 24] Too many open files
Exception in callback BaseAsyncIOLoop._handle_events(7, 1)
handle: <Handle BaseAsyncIOLoop._handle_events(7, 1)>
Traceback (most recent call last):
  File "/usr/lib/python3.12/asyncio/events.py", line 88, in _run
  File "/home/Shared/UniBe-swiss-ndvi/GitHub/swiss-ndvi-processing/.venv/lib/python3.12/site-packages/tornado/platform/asyncio.py", line 208, in _handle_events
  File "/home/Shared/UniBe-swiss-ndvi/GitHub/swiss-ndvi-processing/.venv/lib/python3.12/site-packages/tornado/netutil.py", line 273, in accept_handler
  File "/usr/lib/python3.12/socket.py", line 295, in accept
OSError: [Errno 24] Too many open files
Exception in callback BaseAsyncIOLoop._handle_events(7, 1)
handle: <Handle BaseAsyncIOLoop._handle_events(7, 1)>
Traceback (most recent call last):
  File "/usr/lib/python3.12/asyncio/events.py", line 88, in _run
  File "/home/Shared/UniBe-swiss-ndvi/GitHub/swiss-ndvi-processing/.venv/lib/python3.12/site-packages/tornado/platform/asyncio.py", line 208, in _handle_events
  File "/home/Shared/UniBe-swiss-ndvi/GitHub/swiss-ndvi-processing/.venv/lib/python3.12/site-packages/tornado/netutil.py", line 273, in accept_handler
  File "/usr/lib/python3.12/socket.py", line 295, in accept
OSError: [Errno 24] Too many open files
Exception in callback BaseAsyncIOLoop._handle_events(7, 1)
handle: <Handle BaseAsyncIOLoop._handle_events(7, 1)>
Traceback (most recent call last):
  File "/usr/lib/python3.12/asyncio/events.py", line 88, in _run
  File "/home/Shared/UniBe-swiss-ndvi/GitHub/swiss-ndvi-processing/.venv/lib/python3.12/site-packages/tornado/platform/asyncio.py", line 208, in _handle_events
  File "/home/Shared/UniBe-swiss-ndvi/GitHub/swiss-ndvi-processing/.venv/lib/python3.12/site-packages/tornado/netutil.py", line 273, in accept_handler
  File "/usr/lib/python3.12/socket.py", line 295, in accept
OSError: [Errno 24] Too many open files
Exception in callback BaseAsyncIOLoop._handle_events(7, 1)
handle: <Handle BaseAsyncIOLoop._handle_events(7, 1)>
Traceback (most recent call last):
  File "/usr/lib/python3.12/asyncio/events.py", line 88, in _run
  File "/home/Shared/UniBe-swiss-ndvi/GitHub/swiss-ndvi-processing/.venv/lib/python3.12/site-packages/tornado/platform/asyncio.py", line 208, in _handle_events
  File "/home/Shared/UniBe-swiss-ndvi/GitHub/swiss-ndvi-processing/.venv/lib/python3.12/site-packages/tornado/netutil.py", line 273, in accept_handler
  File "/usr/lib/python3.12/socket.py", line 295, in accept
OSError: [Errno 24] Too many open files
Exception in callback BaseAsyncIOLoop._handle_events(7, 1)
handle: <Handle BaseAsyncIOLoop._handle_events(7, 1)>
Traceback (most recent call last):
  File "/usr/lib/python3.12/asyncio/events.py", line 88, in _run
  File "/home/Shared/UniBe-swiss-ndvi/GitHub/swiss-ndvi-processing/.venv/lib/python3.12/site-packages/tornado/platform/asyncio.py", line 208, in _handle_events
  File "/home/Shared/UniBe-swiss-ndvi/GitHub/swiss-ndvi-processing/.venv/lib/python3.12/site-packages/tornado/netutil.py", line 273, in accept_handler
  File "/usr/lib/python3.12/socket.py", line 295, in accept
OSError: [Errno 24] Too many open files
Exception in callback BaseAsyncIOLoop._handle_events(7, 1)
handle: <Handle BaseAsyncIOLoop._handle_events(7, 1)>
Traceback (most recent call last):
  File "/usr/lib/python3.12/asyncio/events.py", line 88, in _run
  File "/home/Shared/UniBe-swiss-ndvi/GitHub/swiss-ndvi-processing/.venv/lib/python3.12/site-packages/tornado/platform/asyncio.py", line 208, in _handle_events
  File "/home/Shared/UniBe-swiss-ndvi/GitHub/swiss-ndvi-processing/.venv/lib/python3.12/site-packages/tornado/netutil.py", line 273, in accept_handler
  File "/usr/lib/python3.12/socket.py", line 295, in accept
OSError: [Errno 24] Too many open files
Exception in callback BaseAsyncIOLoop._handle_events(7, 1)
handle: <Handle BaseAsyncIOLoop._handle_events(7, 1)>
Traceback (most recent call last):
  File "/usr/lib/python3.12/asyncio/events.py", line 88, in _run
  File "/home/Shared/UniBe-swiss-ndvi/GitHub/swiss-ndvi-processing/.venv/lib/python3.12/site-packages/tornado/platform/asyncio.py", line 208, in _handle_events
  File "/home/Shared/UniBe-swiss-ndvi/GitHub/swiss-ndvi-processing/.venv/lib/python3.12/site-packages/tornado/netutil.py", line 273, in accept_handler
  File "/usr/lib/python3.12/socket.py", line 295, in accept
OSError: [Errno 24] Too many open files
Exception in callback BaseAsyncIOLoop._handle_events(7, 1)
handle: <Handle BaseAsyncIOLoop._handle_events(7, 1)>
Traceback (most recent call last):
  File "/usr/lib/python3.12/asyncio/events.py", line 88, in _run
  File "/home/Shared/UniBe-swiss-ndvi/GitHub/swiss-ndvi-processing/.venv/lib/python3.12/site-packages/tornado/platform/asyncio.py", line 208, in _handle_events
  File "/home/Shared/UniBe-swiss-ndvi/GitHub/swiss-ndvi-processing/.venv/lib/python3.12/site-packages/tornado/netutil.py", line 273, in accept_handler
  File "/usr/lib/python3.12/socket.py", line 295, in accept
OSError: [Errno 24] Too many open files
Exception in callback BaseAsyncIOLoop._handle_events(7, 1)
handle: <Handle BaseAsyncIOLoop._handle_events(7, 1)>
Traceback (most recent call last):
  File "/usr/lib/python3.12/asyncio/events.py", line 88, in _run
  File "/home/Shared/UniBe-swiss-ndvi/GitHub/swiss-ndvi-processing/.venv/lib/python3.12/site-packages/tornado/platform/asyncio.py", line 208, in _handle_events
  File "/home/Shared/UniBe-swiss-ndvi/GitHub/swiss-ndvi-processing/.venv/lib/python3.12/site-packages/tornado/netutil.py", line 273, in accept_handler
  File "/usr/lib/python3.12/socket.py", line 295, in accept
OSError: [Errno 24] Too many open files
Exception in callback BaseAsyncIOLoop._handle_events(7, 1)
handle: <Handle BaseAsyncIOLoop._handle_events(7, 1)>
Traceback (most recent call last):
  File "/usr/lib/python3.12/asyncio/events.py", line 88, in _run
  File "/home/Shared/UniBe-swiss-ndvi/GitHub/swiss-ndvi-processing/.venv/lib/python3.12/site-packages/tornado/platform/asyncio.py", line 208, in _handle_events
  File "/home/Shared/UniBe-swiss-ndvi/GitHub/swiss-ndvi-processing/.venv/lib/python3.12/site-packages/tornado/netutil.py", line 273, in accept_handler
  File "/usr/lib/python3.12/socket.py", line 295, in accept
OSError: [Errno 24] Too many open files
Exception in callback BaseAsyncIOLoop._handle_events(7, 1)
handle: <Handle BaseAsyncIOLoop._handle_events(7, 1)>
Traceback (most recent call last):
  File "/usr/lib/python3.12/asyncio/events.py", line 88, in _run
  File "/home/Shared/UniBe-swiss-ndvi/GitHub/swiss-ndvi-processing/.venv/lib/python3.12/site-packages/tornado/platform/asyncio.py", line 208, in _handle_events
  File "/home/Shared/UniBe-swiss-ndvi/GitHub/swiss-ndvi-processing/.venv/lib/python3.12/site-packages/tornado/netutil.py", line 273, in accept_handler
  File "/usr/lib/python3.12/socket.py", line 295, in accept
OSError: [Errno 24] Too many open files
Exception in callback BaseAsyncIOLoop._handle_events(7, 1)
handle: <Handle BaseAsyncIOLoop._handle_events(7, 1)>
Traceback (most recent call last):
  File "/usr/lib/python3.12/asyncio/events.py", line 88, in _run
  File "/home/Shared/UniBe-swiss-ndvi/GitHub/swiss-ndvi-processing/.venv/lib/python3.12/site-packages/tornado/platform/asyncio.py", line 208, in _handle_events
  File "/home/Shared/UniBe-swiss-ndvi/GitHub/swiss-ndvi-processing/.venv/lib/python3.12/site-packages/tornado/netutil.py", line 273, in accept_handler
  File "/usr/lib/python3.12/socket.py", line 295, in accept
OSError: [Errno 24] Too many open files
Exception in callback BaseAsyncIOLoop._handle_events(7, 1)
handle: <Handle BaseAsyncIOLoop._handle_events(7, 1)>
Traceback (most recent call last):
  File "/usr/lib/python3.12/asyncio/events.py", line 88, in _run
  File "/home/Shared/UniBe-swiss-ndvi/GitHub/swiss-ndvi-processing/.venv/lib/python3.12/site-packages/tornado/platform/asyncio.py", line 208, in _handle_events
  File "/home/Shared/UniBe-swiss-ndvi/GitHub/swiss-ndvi-processing/.venv/lib/python3.12/site-packages/tornado/netutil.py", line 273, in accept_handler
  File "/usr/lib/python3.12/socket.py", line 295, in accept
OSError: [Errno 24] Too many open files
Exception in callback BaseAsyncIOLoop._handle_events(7, 1)
handle: <Handle BaseAsyncIOLoop._handle_events(7, 1)>
Traceback (most recent call last):
  File "/usr/lib/python3.12/asyncio/events.py", line 88, in _run
  File "/home/Shared/UniBe-swiss-ndvi/GitHub/swiss-ndvi-processing/.venv/lib/python3.12/site-packages/tornado/platform/asyncio.py", line 208, in _handle_events
  File "/home/Shared/UniBe-swiss-ndvi/GitHub/swiss-ndvi-processing/.venv/lib/python3.12/site-packages/tornado/netutil.py", line 273, in accept_handler
  File "/usr/lib/python3.12/socket.py", line 295, in accept
OSError: [Errno 24] Too many open files
Exception in callback BaseAsyncIOLoop._handle_events(7, 1)
handle: <Handle BaseAsyncIOLoop._handle_events(7, 1)>
Traceback (most recent call last):
  File "/usr/lib/python3.12/asyncio/events.py", line 88, in _run
  File "/home/Shared/UniBe-swiss-ndvi/GitHub/swiss-ndvi-processing/.venv/lib/python3.12/site-packages/tornado/platform/asyncio.py", line 208, in _handle_events
  File "/home/Shared/UniBe-swiss-ndvi/GitHub/swiss-ndvi-processing/.venv/lib/python3.12/site-packages/tornado/netutil.py", line 273, in accept_handler
  File "/usr/lib/python3.12/socket.py", line 295, in accept
OSError: [Errno 24] Too many open files
Exception in callback BaseAsyncIOLoop._handle_events(7, 1)
handle: <Handle BaseAsyncIOLoop._handle_events(7, 1)>
Traceback (most recent call last):
  File "/usr/lib/python3.12/asyncio/events.py", line 88, in _run
  File "/home/Shared/UniBe-swiss-ndvi/GitHub/swiss-ndvi-processing/.venv/lib/python3.12/site-packages/tornado/platform/asyncio.py", line 208, in _handle_events
  File "/home/Shared/UniBe-swiss-ndvi/GitHub/swiss-ndvi-processing/.venv/lib/python3.12/site-packages/tornado/netutil.py", line 273, in accept_handler
  File "/usr/lib/python3.12/socket.py", line 295, in accept
OSError: [Errno 24] Too many open files
Exception in callback BaseAsyncIOLoop._handle_events(7, 1)
handle: <Handle BaseAsyncIOLoop._handle_events(7, 1)>
Traceback (most recent call last):
  File "/usr/lib/python3.12/asyncio/events.py", line 88, in _run
  File "/home/Shared/UniBe-swiss-ndvi/GitHub/swiss-ndvi-processing/.venv/lib/python3.12/site-packages/tornado/platform/asyncio.py", line 208, in _handle_events
  File "/home/Shared/UniBe-swiss-ndvi/GitHub/swiss-ndvi-processing/.venv/lib/python3.12/site-packages/tornado/netutil.py", line 273, in accept_handler
  File "/usr/lib/python3.12/socket.py", line 295, in accept
OSError: [Errno 24] Too many open files
Exception in callback BaseAsyncIOLoop._handle_events(7, 1)
handle: <Handle BaseAsyncIOLoop._handle_events(7, 1)>
Traceback (most recent call last):
  File "/usr/lib/python3.12/asyncio/events.py", line 88, in _run
  File "/home/Shared/UniBe-swiss-ndvi/GitHub/swiss-ndvi-processing/.venv/lib/python3.12/site-packages/tornado/platform/asyncio.py", line 208, in _handle_events
  File "/home/Shared/UniBe-swiss-ndvi/GitHub/swiss-ndvi-processing/.venv/lib/python3.12/site-packages/tornado/netutil.py", line 273, in accept_handler
  File "/usr/lib/python3.12/socket.py", line 295, in accept
OSError: [Errno 24] Too many open files
Exception in callback BaseAsyncIOLoop._handle_events(7, 1)
handle: <Handle BaseAsyncIOLoop._handle_events(7, 1)>
Traceback (most recent call last):
  File "/usr/lib/python3.12/asyncio/events.py", line 88, in _run
  File "/home/Shared/UniBe-swiss-ndvi/GitHub/swiss-ndvi-processing/.venv/lib/python3.12/site-packages/tornado/platform/asyncio.py", line 208, in _handle_events
  File "/home/Shared/UniBe-swiss-ndvi/GitHub/swiss-ndvi-processing/.venv/lib/python3.12/site-packages/tornado/netutil.py", line 273, in accept_handler
  File "/usr/lib/python3.12/socket.py", line 295, in accept
OSError: [Errno 24] Too many open files
Exception in callback BaseAsyncIOLoop._handle_events(7, 1)
handle: <Handle BaseAsyncIOLoop._handle_events(7, 1)>
Traceback (most recent call last):
  File "/usr/lib/python3.12/asyncio/events.py", line 88, in _run
  File "/home/Shared/UniBe-swiss-ndvi/GitHub/swiss-ndvi-processing/.venv/lib/python3.12/site-packages/tornado/platform/asyncio.py", line 208, in _handle_events
  File "/home/Shared/UniBe-swiss-ndvi/GitHub/swiss-ndvi-processing/.venv/lib/python3.12/site-packages/tornado/netutil.py", line 273, in accept_handler
  File "/usr/lib/python3.12/socket.py", line 295, in accept
OSError: [Errno 24] Too many open files
Exception in callback BaseAsyncIOLoop._handle_events(7, 1)
handle: <Handle BaseAsyncIOLoop._handle_events(7, 1)>
Traceback (most recent call last):
  File "/usr/lib/python3.12/asyncio/events.py", line 88, in _run
  File "/home/Shared/UniBe-swiss-ndvi/GitHub/swiss-ndvi-processing/.venv/lib/python3.12/site-packages/tornado/platform/asyncio.py", line 208, in _handle_events
  File "/home/Shared/UniBe-swiss-ndvi/GitHub/swiss-ndvi-processing/.venv/lib/python3.12/site-packages/tornado/netutil.py", line 273, in accept_handler
  File "/usr/lib/python3.12/socket.py", line 295, in accept
OSError: [Errno 24] Too many open files
Exception in callback BaseAsyncIOLoop._handle_events(7, 1)
handle: <Handle BaseAsyncIOLoop._handle_events(7, 1)>
Traceback (most recent call last):
  File "/usr/lib/python3.12/asyncio/events.py", line 88, in _run
  File "/home/Shared/UniBe-swiss-ndvi/GitHub/swiss-ndvi-processing/.venv/lib/python3.12/site-packages/tornado/platform/asyncio.py", line 208, in _handle_events
  File "/home/Shared/UniBe-swiss-ndvi/GitHub/swiss-ndvi-processing/.venv/lib/python3.12/site-packages/tornado/netutil.py", line 273, in accept_handler
  File "/usr/lib/python3.12/socket.py", line 295, in accept
OSError: [Errno 24] Too many open files
Exception in callback BaseAsyncIOLoop._handle_events(7, 1)
handle: <Handle BaseAsyncIOLoop._handle_events(7, 1)>
Traceback (most recent call last):
  File "/usr/lib/python3.12/asyncio/events.py", line 88, in _run
  File "/home/Shared/UniBe-swiss-ndvi/GitHub/swiss-ndvi-processing/.venv/lib/python3.12/site-packages/tornado/platform/asyncio.py", line 208, in _handle_events
  File "/home/Shared/UniBe-swiss-ndvi/GitHub/swiss-ndvi-processing/.venv/lib/python3.12/site-packages/tornado/netutil.py", line 273, in accept_handler
  File "/usr/lib/python3.12/socket.py", line 295, in accept
OSError: [Errno 24] Too many open files
Exception in callback BaseAsyncIOLoop._handle_events(7, 1)
handle: <Handle BaseAsyncIOLoop._handle_events(7, 1)>
Traceback (most recent call last):
  File "/usr/lib/python3.12/asyncio/events.py", line 88, in _run
  File "/home/Shared/UniBe-swiss-ndvi/GitHub/swiss-ndvi-processing/.venv/lib/python3.12/site-packages/tornado/platform/asyncio.py", line 208, in _handle_events
  File "/home/Shared/UniBe-swiss-ndvi/GitHub/swiss-ndvi-processing/.venv/lib/python3.12/site-packages/tornado/netutil.py", line 273, in accept_handler
  File "/usr/lib/python3.12/socket.py", line 295, in accept
OSError: [Errno 24] Too many open files
Exception in callback BaseAsyncIOLoop._handle_events(7, 1)
handle: <Handle BaseAsyncIOLoop._handle_events(7, 1)>
Traceback (most recent call last):
  File "/usr/lib/python3.12/asyncio/events.py", line 88, in _run
  File "/home/Shared/UniBe-swiss-ndvi/GitHub/swiss-ndvi-processing/.venv/lib/python3.12/site-packages/tornado/platform/asyncio.py", line 208, in _handle_events
  File "/home/Shared/UniBe-swiss-ndvi/GitHub/swiss-ndvi-processing/.venv/lib/python3.12/site-packages/tornado/netutil.py", line 273, in accept_handler
  File "/usr/lib/python3.12/socket.py", line 295, in accept
OSError: [Errno 24] Too many open files
Exception in callback BaseAsyncIOLoop._handle_events(7, 1)
handle: <Handle BaseAsyncIOLoop._handle_events(7, 1)>
Traceback (most recent call last):
  File "/usr/lib/python3.12/asyncio/events.py", line 88, in _run
  File "/home/Shared/UniBe-swiss-ndvi/GitHub/swiss-ndvi-processing/.venv/lib/python3.12/site-packages/tornado/platform/asyncio.py", line 208, in _handle_events
  File "/home/Shared/UniBe-swiss-ndvi/GitHub/swiss-ndvi-processing/.venv/lib/python3.12/site-packages/tornado/netutil.py", line 273, in accept_handler
  File "/usr/lib/python3.12/socket.py", line 295, in accept
OSError: [Errno 24] Too many open files
Exception in callback BaseAsyncIOLoop._handle_events(7, 1)
handle: <Handle BaseAsyncIOLoop._handle_events(7, 1)>
Traceback (most recent call last):
  File "/usr/lib/python3.12/asyncio/events.py", line 88, in _run
  File "/home/Shared/UniBe-swiss-ndvi/GitHub/swiss-ndvi-processing/.venv/lib/python3.12/site-packages/tornado/platform/asyncio.py", line 208, in _handle_events
  File "/home/Shared/UniBe-swiss-ndvi/GitHub/swiss-ndvi-processing/.venv/lib/python3.12/site-packages/tornado/netutil.py", line 273, in accept_handler
  File "/usr/lib/python3.12/socket.py", line 295, in accept
OSError: [Errno 24] Too many open files
Exception in callback BaseAsyncIOLoop._handle_events(7, 1)
handle: <Handle BaseAsyncIOLoop._handle_events(7, 1)>
Traceback (most recent call last):
  File "/usr/lib/python3.12/asyncio/events.py", line 88, in _run
  File "/home/Shared/UniBe-swiss-ndvi/GitHub/swiss-ndvi-processing/.venv/lib/python3.12/site-packages/tornado/platform/asyncio.py", line 208, in _handle_events
  File "/home/Shared/UniBe-swiss-ndvi/GitHub/swiss-ndvi-processing/.venv/lib/python3.12/site-packages/tornado/netutil.py", line 273, in accept_handler
  File "/usr/lib/python3.12/socket.py", line 295, in accept
OSError: [Errno 24] Too many open files
Exception in callback BaseAsyncIOLoop._handle_events(7, 1)
handle: <Handle BaseAsyncIOLoop._handle_events(7, 1)>
Traceback (most recent call last):
  File "/usr/lib/python3.12/asyncio/events.py", line 88, in _run
  File "/home/Shared/UniBe-swiss-ndvi/GitHub/swiss-ndvi-processing/.venv/lib/python3.12/site-packages/tornado/platform/asyncio.py", line 208, in _handle_events
  File "/home/Shared/UniBe-swiss-ndvi/GitHub/swiss-ndvi-processing/.venv/lib/python3.12/site-packages/tornado/netutil.py", line 273, in accept_handler
  File "/usr/lib/python3.12/socket.py", line 295, in accept
OSError: [Errno 24] Too many open files
Exception in callback BaseAsyncIOLoop._handle_events(7, 1)
handle: <Handle BaseAsyncIOLoop._handle_events(7, 1)>
Traceback (most recent call last):
  File "/usr/lib/python3.12/asyncio/events.py", line 88, in _run
  File "/home/Shared/UniBe-swiss-ndvi/GitHub/swiss-ndvi-processing/.venv/lib/python3.12/site-packages/tornado/platform/asyncio.py", line 208, in _handle_events
  File "/home/Shared/UniBe-swiss-ndvi/GitHub/swiss-ndvi-processing/.venv/lib/python3.12/site-packages/tornado/netutil.py", line 273, in accept_handler
  File "/usr/lib/python3.12/socket.py", line 295, in accept
OSError: [Errno 24] Too many open files
Exception in callback BaseAsyncIOLoop._handle_events(7, 1)
handle: <Handle BaseAsyncIOLoop._handle_events(7, 1)>
Traceback (most recent call last):
  File "/usr/lib/python3.12/asyncio/events.py", line 88, in _run
  File "/home/Shared/UniBe-swiss-ndvi/GitHub/swiss-ndvi-processing/.venv/lib/python3.12/site-packages/tornado/platform/asyncio.py", line 208, in _handle_events
  File "/home/Shared/UniBe-swiss-ndvi/GitHub/swiss-ndvi-processing/.venv/lib/python3.12/site-packages/tornado/netutil.py", line 273, in accept_handler
  File "/usr/lib/python3.12/socket.py", line 295, in accept
OSError: [Errno 24] Too many open files
Exception in callback BaseAsyncIOLoop._handle_events(7, 1)
handle: <Handle BaseAsyncIOLoop._handle_events(7, 1)>
Traceback (most recent call last):
  File "/usr/lib/python3.12/asyncio/events.py", line 88, in _run
  File "/home/Shared/UniBe-swiss-ndvi/GitHub/swiss-ndvi-processing/.venv/lib/python3.12/site-packages/tornado/platform/asyncio.py", line 208, in _handle_events
  File "/home/Shared/UniBe-swiss-ndvi/GitHub/swiss-ndvi-processing/.venv/lib/python3.12/site-packages/tornado/netutil.py", line 273, in accept_handler
  File "/usr/lib/python3.12/socket.py", line 295, in accept
OSError: [Errno 24] Too many open files
2026-04-08 22:43:08,656 - distributed.worker - WARNING - Mismatched versions found

+-------------+---------------------------------------------+-----------+----------+
| Package     | Worker-984195a9-c8f4-49fa-9a69-8e82cd713c03 | Scheduler | Workers  |
+-------------+---------------------------------------------+-----------+----------+
| cloudpickle | 3.1.1                                       | None      | 3.1.1    |
| dask        | 2025.9.1                                    | None      | 2025.9.1 |
| distributed | 2025.9.1                                    | None      | 2025.9.1 |
| lz4         | 4.3.2                                       | None      | 4.3.2    |
| msgpack     | 1.1.1                                       | None      | 1.1.1    |
| toolz       | 1.0.0                                       | None      | 1.0.0    |
| tornado     | 6.5.1                                       | None      | 6.5.1    |
+-------------+---------------------------------------------+-----------+----------+
Exception in callback BaseAsyncIOLoop._handle_events(7, 1)
handle: <Handle BaseAsyncIOLoop._handle_events(7, 1)>
Traceback (most recent call last):
  File "/usr/lib/python3.12/asyncio/events.py", line 88, in _run
  File "/home/Shared/UniBe-swiss-ndvi/GitHub/swiss-ndvi-processing/.venv/lib/python3.12/site-packages/tornado/platform/asyncio.py", line 208, in _handle_events
  File "/home/Shared/UniBe-swiss-ndvi/GitHub/swiss-ndvi-processing/.venv/lib/python3.12/site-packages/tornado/netutil.py", line 273, in accept_handler
  File "/usr/lib/python3.12/socket.py", line 295, in accept
OSError: [Errno 24] Too many open files
Exception in callback BaseAsyncIOLoop._handle_events(7, 1)
handle: <Handle BaseAsyncIOLoop._handle_events(7, 1)>
Traceback (most recent call last):
  File "/usr/lib/python3.12/asyncio/events.py", line 88, in _run
  File "/home/Shared/UniBe-swiss-ndvi/GitHub/swiss-ndvi-processing/.venv/lib/python3.12/site-packages/tornado/platform/asyncio.py", line 208, in _handle_events
  File "/home/Shared/UniBe-swiss-ndvi/GitHub/swiss-ndvi-processing/.venv/lib/python3.12/site-packages/tornado/netutil.py", line 273, in accept_handler
  File "/usr/lib/python3.12/socket.py", line 295, in accept
OSError: [Errno 24] Too many open files
Exception in callback BaseAsyncIOLoop._handle_events(7, 1)
handle: <Handle BaseAsyncIOLoop._handle_events(7, 1)>
Traceback (most recent call last):
  File "/usr/lib/python3.12/asyncio/events.py", line 88, in _run
  File "/home/Shared/UniBe-swiss-ndvi/GitHub/swiss-ndvi-processing/.venv/lib/python3.12/site-packages/tornado/platform/asyncio.py", line 208, in _handle_events
  File "/home/Shared/UniBe-swiss-ndvi/GitHub/swiss-ndvi-processing/.venv/lib/python3.12/site-packages/tornado/netutil.py", line 273, in accept_handler
  File "/usr/lib/python3.12/socket.py", line 295, in accept
OSError: [Errno 24] Too many open files
2026-04-08 22:43:08,658 - distributed.worker - WARNING - Mismatched versions found

+-------------+---------------------------------------------+-----------+----------+
| Package     | Worker-08ca12de-90a3-47bc-b22c-fc2496d09827 | Scheduler | Workers  |
+-------------+---------------------------------------------+-----------+----------+
| cloudpickle | 3.1.1                                       | None      | 3.1.1    |
| dask        | 2025.9.1                                    | None      | 2025.9.1 |
| distributed | 2025.9.1                                    | None      | 2025.9.1 |
| lz4         | 4.3.2                                       | None      | 4.3.2    |
| msgpack     | 1.1.1                                       | None      | 1.1.1    |
| toolz       | 1.0.0                                       | None      | 1.0.0    |
| tornado     | 6.5.1                                       | None      | 6.5.1    |
+-------------+---------------------------------------------+-----------+----------+
Exception in callback BaseAsyncIOLoop._handle_events(7, 1)
handle: <Handle BaseAsyncIOLoop._handle_events(7, 1)>
Traceback (most recent call last):
  File "/usr/lib/python3.12/asyncio/events.py", line 88, in _run
  File "/home/Shared/UniBe-swiss-ndvi/GitHub/swiss-ndvi-processing/.venv/lib/python3.12/site-packages/tornado/platform/asyncio.py", line 208, in _handle_events
  File "/home/Shared/UniBe-swiss-ndvi/GitHub/swiss-ndvi-processing/.venv/lib/python3.12/site-packages/tornado/netutil.py", line 273, in accept_handler
  File "/usr/lib/python3.12/socket.py", line 295, in accept
OSError: [Errno 24] Too many open files
Exception in callback BaseAsyncIOLoop._handle_events(7, 1)
handle: <Handle BaseAsyncIOLoop._handle_events(7, 1)>
Traceback (most recent call last):
  File "/usr/lib/python3.12/asyncio/events.py", line 88, in _run
  File "/home/Shared/UniBe-swiss-ndvi/GitHub/swiss-ndvi-processing/.venv/lib/python3.12/site-packages/tornado/platform/asyncio.py", line 208, in _handle_events
  File "/home/Shared/UniBe-swiss-ndvi/GitHub/swiss-ndvi-processing/.venv/lib/python3.12/site-packages/tornado/netutil.py", line 273, in accept_handler
  File "/usr/lib/python3.12/socket.py", line 295, in accept
OSError: [Errno 24] Too many open files
Exception in callback BaseAsyncIOLoop._handle_events(7, 1)
handle: <Handle BaseAsyncIOLoop._handle_events(7, 1)>
Traceback (most recent call last):
  File "/usr/lib/python3.12/asyncio/events.py", line 88, in _run
  File "/home/Shared/UniBe-swiss-ndvi/GitHub/swiss-ndvi-processing/.venv/lib/python3.12/site-packages/tornado/platform/asyncio.py", line 208, in _handle_events
  File "/home/Shared/UniBe-swiss-ndvi/GitHub/swiss-ndvi-processing/.venv/lib/python3.12/site-packages/tornado/netutil.py", line 273, in accept_handler
  File "/usr/lib/python3.12/socket.py", line 295, in accept
OSError: [Errno 24] Too many open files
Exception in callback BaseAsyncIOLoop._handle_events(7, 1)
handle: <Handle BaseAsyncIOLoop._handle_events(7, 1)>
Traceback (most recent call last):
  File "/usr/lib/python3.12/asyncio/events.py", line 88, in _run
  File "/home/Shared/UniBe-swiss-ndvi/GitHub/swiss-ndvi-processing/.venv/lib/python3.12/site-packages/tornado/platform/asyncio.py", line 208, in _handle_events
  File "/home/Shared/UniBe-swiss-ndvi/GitHub/swiss-ndvi-processing/.venv/lib/python3.12/site-packages/tornado/netutil.py", line 273, in accept_handler
  File "/usr/lib/python3.12/socket.py", line 295, in accept
OSError: [Errno 24] Too many open files
2026-04-08 22:43:08,660 - distributed.worker - WARNING - Mismatched versions found

+-------------+---------------------------------------------+-----------+----------+
| Package     | Worker-b570d437-e377-4de0-a67e-b426c6d18802 | Scheduler | Workers  |
+-------------+---------------------------------------------+-----------+----------+
| cloudpickle | 3.1.1                                       | None      | 3.1.1    |
| dask        | 2025.9.1                                    | None      | 2025.9.1 |
| distributed | 2025.9.1                                    | None      | 2025.9.1 |
| lz4         | 4.3.2                                       | None      | 4.3.2    |
| msgpack     | 1.1.1                                       | None      | 1.1.1    |
| toolz       | 1.0.0                                       | None      | 1.0.0    |
| tornado     | 6.5.1                                       | None      | 6.5.1    |
+-------------+---------------------------------------------+-----------+----------+
Exception in callback BaseAsyncIOLoop._handle_events(7, 1)
handle: <Handle BaseAsyncIOLoop._handle_events(7, 1)>
Traceback (most recent call last):
  File "/usr/lib/python3.12/asyncio/events.py", line 88, in _run
  File "/home/Shared/UniBe-swiss-ndvi/GitHub/swiss-ndvi-processing/.venv/lib/python3.12/site-packages/tornado/platform/asyncio.py", line 208, in _handle_events
  File "/home/Shared/UniBe-swiss-ndvi/GitHub/swiss-ndvi-processing/.venv/lib/python3.12/site-packages/tornado/netutil.py", line 273, in accept_handler
  File "/usr/lib/python3.12/socket.py", line 295, in accept
OSError: [Errno 24] Too many open files
Exception in callback BaseAsyncIOLoop._handle_events(7, 1)
handle: <Handle BaseAsyncIOLoop._handle_events(7, 1)>
Traceback (most recent call last):
  File "/usr/lib/python3.12/asyncio/events.py", line 88, in _run
  File "/home/Shared/UniBe-swiss-ndvi/GitHub/swiss-ndvi-processing/.venv/lib/python3.12/site-packages/tornado/platform/asyncio.py", line 208, in _handle_events
  File "/home/Shared/UniBe-swiss-ndvi/GitHub/swiss-ndvi-processing/.venv/lib/python3.12/site-packages/tornado/netutil.py", line 273, in accept_handler
  File "/usr/lib/python3.12/socket.py", line 295, in accept
OSError: [Errno 24] Too many open files
Exception in callback BaseAsyncIOLoop._handle_events(7, 1)
handle: <Handle BaseAsyncIOLoop._handle_events(7, 1)>
Traceback (most recent call last):
  File "/usr/lib/python3.12/asyncio/events.py", line 88, in _run
  File "/home/Shared/UniBe-swiss-ndvi/GitHub/swiss-ndvi-processing/.venv/lib/python3.12/site-packages/tornado/platform/asyncio.py", line 208, in _handle_events
  File "/home/Shared/UniBe-swiss-ndvi/GitHub/swiss-ndvi-processing/.venv/lib/python3.12/site-packages/tornado/netutil.py", line 273, in accept_handler
  File "/usr/lib/python3.12/socket.py", line 295, in accept
OSError: [Errno 24] Too many open files
Exception in callback BaseAsyncIOLoop._handle_events(7, 1)
handle: <Handle BaseAsyncIOLoop._handle_events(7, 1)>
Traceback (most recent call last):
  File "/usr/lib/python3.12/asyncio/events.py", line 88, in _run
  File "/home/Shared/UniBe-swiss-ndvi/GitHub/swiss-ndvi-processing/.venv/lib/python3.12/site-packages/tornado/platform/asyncio.py", line 208, in _handle_events
  File "/home/Shared/UniBe-swiss-ndvi/GitHub/swiss-ndvi-processing/.venv/lib/python3.12/site-packages/tornado/netutil.py", line 273, in accept_handler
  File "/usr/lib/python3.12/socket.py", line 295, in accept
OSError: [Errno 24] Too many open files
Exception in callback BaseAsyncIOLoop._handle_events(7, 1)
handle: <Handle BaseAsyncIOLoop._handle_events(7, 1)>
Traceback (most recent call last):
  File "/usr/lib/python3.12/asyncio/events.py", line 88, in _run
  File "/home/Shared/UniBe-swiss-ndvi/GitHub/swiss-ndvi-processing/.venv/lib/python3.12/site-packages/tornado/platform/asyncio.py", line 208, in _handle_events
  File "/home/Shared/UniBe-swiss-ndvi/GitHub/swiss-ndvi-processing/.venv/lib/python3.12/site-packages/tornado/netutil.py", line 273, in accept_handler
  File "/usr/lib/python3.12/socket.py", line 295, in accept
OSError: [Errno 24] Too many open files
Exception in callback BaseAsyncIOLoop._handle_events(7, 1)
handle: <Handle BaseAsyncIOLoop._handle_events(7, 1)>
Traceback (most recent call last):
  File "/usr/lib/python3.12/asyncio/events.py", line 88, in _run
  File "/home/Shared/UniBe-swiss-ndvi/GitHub/swiss-ndvi-processing/.venv/lib/python3.12/site-packages/tornado/platform/asyncio.py", line 208, in _handle_events
  File "/home/Shared/UniBe-swiss-ndvi/GitHub/swiss-ndvi-processing/.venv/lib/python3.12/site-packages/tornado/netutil.py", line 273, in accept_handler
  File "/usr/lib/python3.12/socket.py", line 295, in accept
OSError: [Errno 24] Too many open files
Exception in callback BaseAsyncIOLoop._handle_events(7, 1)
handle: <Handle BaseAsyncIOLoop._handle_events(7, 1)>
Traceback (most recent call last):
  File "/usr/lib/python3.12/asyncio/events.py", line 88, in _run
  File "/home/Shared/UniBe-swiss-ndvi/GitHub/swiss-ndvi-processing/.venv/lib/python3.12/site-packages/tornado/platform/asyncio.py", line 208, in _handle_events
  File "/home/Shared/UniBe-swiss-ndvi/GitHub/swiss-ndvi-processing/.venv/lib/python3.12/site-packages/tornado/netutil.py", line 273, in accept_handler
  File "/usr/lib/python3.12/socket.py", line 295, in accept
OSError: [Errno 24] Too many open files
Exception in callback BaseAsyncIOLoop._handle_events(7, 1)
handle: <Handle BaseAsyncIOLoop._handle_events(7, 1)>
Traceback (most recent call last):
  File "/usr/lib/python3.12/asyncio/events.py", line 88, in _run
  File "/home/Shared/UniBe-swiss-ndvi/GitHub/swiss-ndvi-processing/.venv/lib/python3.12/site-packages/tornado/platform/asyncio.py", line 208, in _handle_events
  File "/home/Shared/UniBe-swiss-ndvi/GitHub/swiss-ndvi-processing/.venv/lib/python3.12/site-packages/tornado/netutil.py", line 273, in accept_handler
  File "/usr/lib/python3.12/socket.py", line 295, in accept
OSError: [Errno 24] Too many open files
Exception in callback BaseAsyncIOLoop._handle_events(7, 1)
handle: <Handle BaseAsyncIOLoop._handle_events(7, 1)>
Traceback (most recent call last):
  File "/usr/lib/python3.12/asyncio/events.py", line 88, in _run
  File "/home/Shared/UniBe-swiss-ndvi/GitHub/swiss-ndvi-processing/.venv/lib/python3.12/site-packages/tornado/platform/asyncio.py", line 208, in _handle_events
  File "/home/Shared/UniBe-swiss-ndvi/GitHub/swiss-ndvi-processing/.venv/lib/python3.12/site-packages/tornado/netutil.py", line 273, in accept_handler
  File "/usr/lib/python3.12/socket.py", line 295, in accept
OSError: [Errno 24] Too many open files
Exception in callback BaseAsyncIOLoop._handle_events(7, 1)
handle: <Handle BaseAsyncIOLoop._handle_events(7, 1)>
Traceback (most recent call last):
  File "/usr/lib/python3.12/asyncio/events.py", line 88, in _run
  File "/home/Shared/UniBe-swiss-ndvi/GitHub/swiss-ndvi-processing/.venv/lib/python3.12/site-packages/tornado/platform/asyncio.py", line 208, in _handle_events
  File "/home/Shared/UniBe-swiss-ndvi/GitHub/swiss-ndvi-processing/.venv/lib/python3.12/site-packages/tornado/netutil.py", line 273, in accept_handler
  File "/usr/lib/python3.12/socket.py", line 295, in accept
OSError: [Errno 24] Too many open files
Exception in callback BaseAsyncIOLoop._handle_events(7, 1)
handle: <Handle BaseAsyncIOLoop._handle_events(7, 1)>
Traceback (most recent call last):
  File "/usr/lib/python3.12/asyncio/events.py", line 88, in _run
  File "/home/Shared/UniBe-swiss-ndvi/GitHub/swiss-ndvi-processing/.venv/lib/python3.12/site-packages/tornado/platform/asyncio.py", line 208, in _handle_events
  File "/home/Shared/UniBe-swiss-ndvi/GitHub/swiss-ndvi-processing/.venv/lib/python3.12/site-packages/tornado/netutil.py", line 273, in accept_handler
  File "/usr/lib/python3.12/socket.py", line 295, in accept
OSError: [Errno 24] Too many open files
Exception in callback BaseAsyncIOLoop._handle_events(7, 1)
handle: <Handle BaseAsyncIOLoop._handle_events(7, 1)>
Traceback (most recent call last):
  File "/usr/lib/python3.12/asyncio/events.py", line 88, in _run
  File "/home/Shared/UniBe-swiss-ndvi/GitHub/swiss-ndvi-processing/.venv/lib/python3.12/site-packages/tornado/platform/asyncio.py", line 208, in _handle_events
  File "/home/Shared/UniBe-swiss-ndvi/GitHub/swiss-ndvi-processing/.venv/lib/python3.12/site-packages/tornado/netutil.py", line 273, in accept_handler
  File "/usr/lib/python3.12/socket.py", line 295, in accept
OSError: [Errno 24] Too many open files
Exception in callback BaseAsyncIOLoop._handle_events(7, 1)
handle: <Handle BaseAsyncIOLoop._handle_events(7, 1)>
Traceback (most recent call last):
  File "/usr/lib/python3.12/asyncio/events.py", line 88, in _run
  File "/home/Shared/UniBe-swiss-ndvi/GitHub/swiss-ndvi-processing/.venv/lib/python3.12/site-packages/tornado/platform/asyncio.py", line 208, in _handle_events
  File "/home/Shared/UniBe-swiss-ndvi/GitHub/swiss-ndvi-processing/.venv/lib/python3.12/site-packages/tornado/netutil.py", line 273, in accept_handler
  File "/usr/lib/python3.12/socket.py", line 295, in accept
OSError: [Errno 24] Too many open files
Exception in callback BaseAsyncIOLoop._handle_events(7, 1)
handle: <Handle BaseAsyncIOLoop._handle_events(7, 1)>
Traceback (most recent call last):
  File "/usr/lib/python3.12/asyncio/events.py", line 88, in _run
  File "/home/Shared/UniBe-swiss-ndvi/GitHub/swiss-ndvi-processing/.venv/lib/python3.12/site-packages/tornado/platform/asyncio.py", line 208, in _handle_events
  File "/home/Shared/UniBe-swiss-ndvi/GitHub/swiss-ndvi-processing/.venv/lib/python3.12/site-packages/tornado/netutil.py", line 273, in accept_handler
  File "/usr/lib/python3.12/socket.py", line 295, in accept
OSError: [Errno 24] Too many open files
Exception in callback BaseAsyncIOLoop._handle_events(7, 1)
handle: <Handle BaseAsyncIOLoop._handle_events(7, 1)>
Traceback (most recent call last):
  File "/usr/lib/python3.12/asyncio/events.py", line 88, in _run
  File "/home/Shared/UniBe-swiss-ndvi/GitHub/swiss-ndvi-processing/.venv/lib/python3.12/site-packages/tornado/platform/asyncio.py", line 208, in _handle_events
  File "/home/Shared/UniBe-swiss-ndvi/GitHub/swiss-ndvi-processing/.venv/lib/python3.12/site-packages/tornado/netutil.py", line 273, in accept_handler
  File "/usr/lib/python3.12/socket.py", line 295, in accept
OSError: [Errno 24] Too many open files
Exception in callback BaseAsyncIOLoop._handle_events(7, 1)
handle: <Handle BaseAsyncIOLoop._handle_events(7, 1)>
Traceback (most recent call last):
  File "/usr/lib/python3.12/asyncio/events.py", line 88, in _run
  File "/home/Shared/UniBe-swiss-ndvi/GitHub/swiss-ndvi-processing/.venv/lib/python3.12/site-packages/tornado/platform/asyncio.py", line 208, in _handle_events
  File "/home/Shared/UniBe-swiss-ndvi/GitHub/swiss-ndvi-processing/.venv/lib/python3.12/site-packages/tornado/netutil.py", line 273, in accept_handler
  File "/usr/lib/python3.12/socket.py", line 295, in accept
OSError: [Errno 24] Too many open files
Exception in callback BaseAsyncIOLoop._handle_events(7, 1)
handle: <Handle BaseAsyncIOLoop._handle_events(7, 1)>
Traceback (most recent call last):
  File "/usr/lib/python3.12/asyncio/events.py", line 88, in _run
  File "/home/Shared/UniBe-swiss-ndvi/GitHub/swiss-ndvi-processing/.venv/lib/python3.12/site-packages/tornado/platform/asyncio.py", line 208, in _handle_events
  File "/home/Shared/UniBe-swiss-ndvi/GitHub/swiss-ndvi-processing/.venv/lib/python3.12/site-packages/tornado/netutil.py", line 273, in accept_handler
  File "/usr/lib/python3.12/socket.py", line 295, in accept
OSError: [Errno 24] Too many open files
Exception in callback BaseAsyncIOLoop._handle_events(7, 1)
handle: <Handle BaseAsyncIOLoop._handle_events(7, 1)>
Traceback (most recent call last):
  File "/usr/lib/python3.12/asyncio/events.py", line 88, in _run
  File "/home/Shared/UniBe-swiss-ndvi/GitHub/swiss-ndvi-processing/.venv/lib/python3.12/site-packages/tornado/platform/asyncio.py", line 208, in _handle_events
  File "/home/Shared/UniBe-swiss-ndvi/GitHub/swiss-ndvi-processing/.venv/lib/python3.12/site-packages/tornado/netutil.py", line 273, in accept_handler
  File "/usr/lib/python3.12/socket.py", line 295, in accept
OSError: [Errno 24] Too many open files
Exception in callback BaseAsyncIOLoop._handle_events(7, 1)
handle: <Handle BaseAsyncIOLoop._handle_events(7, 1)>
Traceback (most recent call last):
  File "/usr/lib/python3.12/asyncio/events.py", line 88, in _run
  File "/home/Shared/UniBe-swiss-ndvi/GitHub/swiss-ndvi-processing/.venv/lib/python3.12/site-packages/tornado/platform/asyncio.py", line 208, in _handle_events
  File "/home/Shared/UniBe-swiss-ndvi/GitHub/swiss-ndvi-processing/.venv/lib/python3.12/site-packages/tornado/netutil.py", line 273, in accept_handler
  File "/usr/lib/python3.12/socket.py", line 295, in accept
OSError: [Errno 24] Too many open files
Exception in callback BaseAsyncIOLoop._handle_events(7, 1)
handle: <Handle BaseAsyncIOLoop._handle_events(7, 1)>
Traceback (most recent call last):
  File "/usr/lib/python3.12/asyncio/events.py", line 88, in _run
  File "/home/Shared/UniBe-swiss-ndvi/GitHub/swiss-ndvi-processing/.venv/lib/python3.12/site-packages/tornado/platform/asyncio.py", line 208, in _handle_events
  File "/home/Shared/UniBe-swiss-ndvi/GitHub/swiss-ndvi-processing/.venv/lib/python3.12/site-packages/tornado/netutil.py", line 273, in accept_handler
  File "/usr/lib/python3.12/socket.py", line 295, in accept
OSError: [Errno 24] Too many open files
Exception in callback BaseAsyncIOLoop._handle_events(7, 1)
handle: <Handle BaseAsyncIOLoop._handle_events(7, 1)>
Traceback (most recent call last):
  File "/usr/lib/python3.12/asyncio/events.py", line 88, in _run
  File "/home/Shared/UniBe-swiss-ndvi/GitHub/swiss-ndvi-processing/.venv/lib/python3.12/site-packages/tornado/platform/asyncio.py", line 208, in _handle_events
  File "/home/Shared/UniBe-swiss-ndvi/GitHub/swiss-ndvi-processing/.venv/lib/python3.12/site-packages/tornado/netutil.py", line 273, in accept_handler
  File "/usr/lib/python3.12/socket.py", line 295, in accept
OSError: [Errno 24] Too many open files
Exception in callback BaseAsyncIOLoop._handle_events(7, 1)
handle: <Handle BaseAsyncIOLoop._handle_events(7, 1)>
Traceback (most recent call last):
  File "/usr/lib/python3.12/asyncio/events.py", line 88, in _run
  File "/home/Shared/UniBe-swiss-ndvi/GitHub/swiss-ndvi-processing/.venv/lib/python3.12/site-packages/tornado/platform/asyncio.py", line 208, in _handle_events
  File "/home/Shared/UniBe-swiss-ndvi/GitHub/swiss-ndvi-processing/.venv/lib/python3.12/site-packages/tornado/netutil.py", line 273, in accept_handler
  File "/usr/lib/python3.12/socket.py", line 295, in accept
OSError: [Errno 24] Too many open files
Exception in callback BaseAsyncIOLoop._handle_events(7, 1)
handle: <Handle BaseAsyncIOLoop._handle_events(7, 1)>
Traceback (most recent call last):
  File "/usr/lib/python3.12/asyncio/events.py", line 88, in _run
  File "/home/Shared/UniBe-swiss-ndvi/GitHub/swiss-ndvi-processing/.venv/lib/python3.12/site-packages/tornado/platform/asyncio.py", line 208, in _handle_events
  File "/home/Shared/UniBe-swiss-ndvi/GitHub/swiss-ndvi-processing/.venv/lib/python3.12/site-packages/tornado/netutil.py", line 273, in accept_handler
  File "/usr/lib/python3.12/socket.py", line 295, in accept
OSError: [Errno 24] Too many open files
Exception in callback BaseAsyncIOLoop._handle_events(7, 1)
handle: <Handle BaseAsyncIOLoop._handle_events(7, 1)>
Traceback (most recent call last):
  File "/usr/lib/python3.12/asyncio/events.py", line 88, in _run
  File "/home/Shared/UniBe-swiss-ndvi/GitHub/swiss-ndvi-processing/.venv/lib/python3.12/site-packages/tornado/platform/asyncio.py", line 208, in _handle_events
  File "/home/Shared/UniBe-swiss-ndvi/GitHub/swiss-ndvi-processing/.venv/lib/python3.12/site-packages/tornado/netutil.py", line 273, in accept_handler
  File "/usr/lib/python3.12/socket.py", line 295, in accept
OSError: [Errno 24] Too many open files
Exception in callback BaseAsyncIOLoop._handle_events(7, 1)
handle: <Handle BaseAsyncIOLoop._handle_events(7, 1)>
Traceback (most recent call last):
  File "/usr/lib/python3.12/asyncio/events.py", line 88, in _run
  File "/home/Shared/UniBe-swiss-ndvi/GitHub/swiss-ndvi-processing/.venv/lib/python3.12/site-packages/tornado/platform/asyncio.py", line 208, in _handle_events
  File "/home/Shared/UniBe-swiss-ndvi/GitHub/swiss-ndvi-processing/.venv/lib/python3.12/site-packages/tornado/netutil.py", line 273, in accept_handler
  File "/usr/lib/python3.12/socket.py", line 295, in accept
OSError: [Errno 24] Too many open files
Exception in callback BaseAsyncIOLoop._handle_events(7, 1)
handle: <Handle BaseAsyncIOLoop._handle_events(7, 1)>
Traceback (most recent call last):
  File "/usr/lib/python3.12/asyncio/events.py", line 88, in _run
  File "/home/Shared/UniBe-swiss-ndvi/GitHub/swiss-ndvi-processing/.venv/lib/python3.12/site-packages/tornado/platform/asyncio.py", line 208, in _handle_events
  File "/home/Shared/UniBe-swiss-ndvi/GitHub/swiss-ndvi-processing/.venv/lib/python3.12/site-packages/tornado/netutil.py", line 273, in accept_handler
  File "/usr/lib/python3.12/socket.py", line 295, in accept
OSError: [Errno 24] Too many open files
Exception in callback BaseAsyncIOLoop._handle_events(7, 1)
handle: <Handle BaseAsyncIOLoop._handle_events(7, 1)>
Traceback (most recent call last):
  File "/usr/lib/python3.12/asyncio/events.py", line 88, in _run
  File "/home/Shared/UniBe-swiss-ndvi/GitHub/swiss-ndvi-processing/.venv/lib/python3.12/site-packages/tornado/platform/asyncio.py", line 208, in _handle_events
  File "/home/Shared/UniBe-swiss-ndvi/GitHub/swiss-ndvi-processing/.venv/lib/python3.12/site-packages/tornado/netutil.py", line 273, in accept_handler
  File "/usr/lib/python3.12/socket.py", line 295, in accept
OSError: [Errno 24] Too many open files
2026-04-08 22:43:08,666 - distributed.worker - WARNING - Mismatched versions found

+-------------+---------------------------------------------+-----------+----------+
| Package     | Worker-58901367-a994-4c47-a571-a7a7c41f97b1 | Scheduler | Workers  |
+-------------+---------------------------------------------+-----------+----------+
| cloudpickle | 3.1.1                                       | None      | 3.1.1    |
| dask        | 2025.9.1                                    | None      | 2025.9.1 |
| distributed | 2025.9.1                                    | None      | 2025.9.1 |
| lz4         | 4.3.2                                       | None      | 4.3.2    |
| msgpack     | 1.1.1                                       | None      | 1.1.1    |
| toolz       | 1.0.0                                       | None      | 1.0.0    |
| tornado     | 6.5.1                                       | None      | 6.5.1    |
+-------------+---------------------------------------------+-----------+----------+
Exception in callback BaseAsyncIOLoop._handle_events(7, 1)
handle: <Handle BaseAsyncIOLoop._handle_events(7, 1)>
Traceback (most recent call last):
  File "/usr/lib/python3.12/asyncio/events.py", line 88, in _run
  File "/home/Shared/UniBe-swiss-ndvi/GitHub/swiss-ndvi-processing/.venv/lib/python3.12/site-packages/tornado/platform/asyncio.py", line 208, in _handle_events
  File "/home/Shared/UniBe-swiss-ndvi/GitHub/swiss-ndvi-processing/.venv/lib/python3.12/site-packages/tornado/netutil.py", line 273, in accept_handler
  File "/usr/lib/python3.12/socket.py", line 295, in accept
OSError: [Errno 24] Too many open files
Exception in callback BaseAsyncIOLoop._handle_events(7, 1)
handle: <Handle BaseAsyncIOLoop._handle_events(7, 1)>
Traceback (most recent call last):
  File "/usr/lib/python3.12/asyncio/events.py", line 88, in _run
  File "/home/Shared/UniBe-swiss-ndvi/GitHub/swiss-ndvi-processing/.venv/lib/python3.12/site-packages/tornado/platform/asyncio.py", line 208, in _handle_events
  File "/home/Shared/UniBe-swiss-ndvi/GitHub/swiss-ndvi-processing/.venv/lib/python3.12/site-packages/tornado/netutil.py", line 273, in accept_handler
  File "/usr/lib/python3.12/socket.py", line 295, in accept
OSError: [Errno 24] Too many open files
Exception in callback BaseAsyncIOLoop._handle_events(7, 1)
handle: <Handle BaseAsyncIOLoop._handle_events(7, 1)>
Traceback (most recent call last):
  File "/usr/lib/python3.12/asyncio/events.py", line 88, in _run
  File "/home/Shared/UniBe-swiss-ndvi/GitHub/swiss-ndvi-processing/.venv/lib/python3.12/site-packages/tornado/platform/asyncio.py", line 208, in _handle_events
  File "/home/Shared/UniBe-swiss-ndvi/GitHub/swiss-ndvi-processing/.venv/lib/python3.12/site-packages/tornado/netutil.py", line 273, in accept_handler
  File "/usr/lib/python3.12/socket.py", line 295, in accept
OSError: [Errno 24] Too many open files
Exception in callback BaseAsyncIOLoop._handle_events(7, 1)
handle: <Handle BaseAsyncIOLoop._handle_events(7, 1)>
Traceback (most recent call last):
  File "/usr/lib/python3.12/asyncio/events.py", line 88, in _run
  File "/home/Shared/UniBe-swiss-ndvi/GitHub/swiss-ndvi-processing/.venv/lib/python3.12/site-packages/tornado/platform/asyncio.py", line 208, in _handle_events
  File "/home/Shared/UniBe-swiss-ndvi/GitHub/swiss-ndvi-processing/.venv/lib/python3.12/site-packages/tornado/netutil.py", line 273, in accept_handler
  File "/usr/lib/python3.12/socket.py", line 295, in accept
OSError: [Errno 24] Too many open files
Exception in callback BaseAsyncIOLoop._handle_events(7, 1)
handle: <Handle BaseAsyncIOLoop._handle_events(7, 1)>
Traceback (most recent call last):
  File "/usr/lib/python3.12/asyncio/events.py", line 88, in _run
  File "/home/Shared/UniBe-swiss-ndvi/GitHub/swiss-ndvi-processing/.venv/lib/python3.12/site-packages/tornado/platform/asyncio.py", line 208, in _handle_events
  File "/home/Shared/UniBe-swiss-ndvi/GitHub/swiss-ndvi-processing/.venv/lib/python3.12/site-packages/tornado/netutil.py", line 273, in accept_handler
  File "/usr/lib/python3.12/socket.py", line 295, in accept
OSError: [Errno 24] Too many open files
Exception in callback BaseAsyncIOLoop._handle_events(7, 1)
handle: <Handle BaseAsyncIOLoop._handle_events(7, 1)>
Traceback (most recent call last):
  File "/usr/lib/python3.12/asyncio/events.py", line 88, in _run
  File "/home/Shared/UniBe-swiss-ndvi/GitHub/swiss-ndvi-processing/.venv/lib/python3.12/site-packages/tornado/platform/asyncio.py", line 208, in _handle_events
  File "/home/Shared/UniBe-swiss-ndvi/GitHub/swiss-ndvi-processing/.venv/lib/python3.12/site-packages/tornado/netutil.py", line 273, in accept_handler
  File "/usr/lib/python3.12/socket.py", line 295, in accept
OSError: [Errno 24] Too many open files
Exception in callback BaseAsyncIOLoop._handle_events(7, 1)
handle: <Handle BaseAsyncIOLoop._handle_events(7, 1)>
Traceback (most recent call last):
  File "/usr/lib/python3.12/asyncio/events.py", line 88, in _run
  File "/home/Shared/UniBe-swiss-ndvi/GitHub/swiss-ndvi-processing/.venv/lib/python3.12/site-packages/tornado/platform/asyncio.py", line 208, in _handle_events
  File "/home/Shared/UniBe-swiss-ndvi/GitHub/swiss-ndvi-processing/.venv/lib/python3.12/site-packages/tornado/netutil.py", line 273, in accept_handler
  File "/usr/lib/python3.12/socket.py", line 295, in accept
OSError: [Errno 24] Too many open files
Exception in callback BaseAsyncIOLoop._handle_events(7, 1)
handle: <Handle BaseAsyncIOLoop._handle_events(7, 1)>
Traceback (most recent call last):
  File "/usr/lib/python3.12/asyncio/events.py", line 88, in _run
  File "/home/Shared/UniBe-swiss-ndvi/GitHub/swiss-ndvi-processing/.venv/lib/python3.12/site-packages/tornado/platform/asyncio.py", line 208, in _handle_events
  File "/home/Shared/UniBe-swiss-ndvi/GitHub/swiss-ndvi-processing/.venv/lib/python3.12/site-packages/tornado/netutil.py", line 273, in accept_handler
  File "/usr/lib/python3.12/socket.py", line 295, in accept
OSError: [Errno 24] Too many open files
Exception in callback BaseAsyncIOLoop._handle_events(7, 1)
handle: <Handle BaseAsyncIOLoop._handle_events(7, 1)>
Traceback (most recent call last):
  File "/usr/lib/python3.12/asyncio/events.py", line 88, in _run
  File "/home/Shared/UniBe-swiss-ndvi/GitHub/swiss-ndvi-processing/.venv/lib/python3.12/site-packages/tornado/platform/asyncio.py", line 208, in _handle_events
  File "/home/Shared/UniBe-swiss-ndvi/GitHub/swiss-ndvi-processing/.venv/lib/python3.12/site-packages/tornado/netutil.py", line 273, in accept_handler
  File "/usr/lib/python3.12/socket.py", line 295, in accept
OSError: [Errno 24] Too many open files
Exception in callback BaseAsyncIOLoop._handle_events(7, 1)
handle: <Handle BaseAsyncIOLoop._handle_events(7, 1)>
Traceback (most recent call last):
  File "/usr/lib/python3.12/asyncio/events.py", line 88, in _run
  File "/home/Shared/UniBe-swiss-ndvi/GitHub/swiss-ndvi-processing/.venv/lib/python3.12/site-packages/tornado/platform/asyncio.py", line 208, in _handle_events
  File "/home/Shared/UniBe-swiss-ndvi/GitHub/swiss-ndvi-processing/.venv/lib/python3.12/site-packages/tornado/netutil.py", line 273, in accept_handler
  File "/usr/lib/python3.12/socket.py", line 295, in accept
OSError: [Errno 24] Too many open files
Exception in callback BaseAsyncIOLoop._handle_events(7, 1)
handle: <Handle BaseAsyncIOLoop._handle_events(7, 1)>
Traceback (most recent call last):
  File "/usr/lib/python3.12/asyncio/events.py", line 88, in _run
  File "/home/Shared/UniBe-swiss-ndvi/GitHub/swiss-ndvi-processing/.venv/lib/python3.12/site-packages/tornado/platform/asyncio.py", line 208, in _handle_events
  File "/home/Shared/UniBe-swiss-ndvi/GitHub/swiss-ndvi-processing/.venv/lib/python3.12/site-packages/tornado/netutil.py", line 273, in accept_handler
  File "/usr/lib/python3.12/socket.py", line 295, in accept
OSError: [Errno 24] Too many open files
Exception in callback BaseAsyncIOLoop._handle_events(7, 1)
handle: <Handle BaseAsyncIOLoop._handle_events(7, 1)>
Traceback (most recent call last):
  File "/usr/lib/python3.12/asyncio/events.py", line 88, in _run
  File "/home/Shared/UniBe-swiss-ndvi/GitHub/swiss-ndvi-processing/.venv/lib/python3.12/site-packages/tornado/platform/asyncio.py", line 208, in _handle_events
  File "/home/Shared/UniBe-swiss-ndvi/GitHub/swiss-ndvi-processing/.venv/lib/python3.12/site-packages/tornado/netutil.py", line 273, in accept_handler
  File "/usr/lib/python3.12/socket.py", line 295, in accept
OSError: [Errno 24] Too many open files
Exception in callback BaseAsyncIOLoop._handle_events(7, 1)
handle: <Handle BaseAsyncIOLoop._handle_events(7, 1)>
Traceback (most recent call last):
  File "/usr/lib/python3.12/asyncio/events.py", line 88, in _run
  File "/home/Shared/UniBe-swiss-ndvi/GitHub/swiss-ndvi-processing/.venv/lib/python3.12/site-packages/tornado/platform/asyncio.py", line 208, in _handle_events
  File "/home/Shared/UniBe-swiss-ndvi/GitHub/swiss-ndvi-processing/.venv/lib/python3.12/site-packages/tornado/netutil.py", line 273, in accept_handler
  File "/usr/lib/python3.12/socket.py", line 295, in accept
OSError: [Errno 24] Too many open files
2026-04-08 22:43:08,670 - distributed.worker - WARNING - Mismatched versions found

+-------------+---------------------------------------------+-----------+----------+
| Package     | Worker-8967a796-f4b7-4475-941b-cc41f7f85476 | Scheduler | Workers  |
+-------------+---------------------------------------------+-----------+----------+
| cloudpickle | 3.1.1                                       | None      | 3.1.1    |
| dask        | 2025.9.1                                    | None      | 2025.9.1 |
| distributed | 2025.9.1                                    | None      | 2025.9.1 |
| lz4         | 4.3.2                                       | None      | 4.3.2    |
| msgpack     | 1.1.1                                       | None      | 1.1.1    |
| toolz       | 1.0.0                                       | None      | 1.0.0    |
| tornado     | 6.5.1                                       | None      | 6.5.1    |
+-------------+---------------------------------------------+-----------+----------+
Exception in callback BaseAsyncIOLoop._handle_events(7, 1)
handle: <Handle BaseAsyncIOLoop._handle_events(7, 1)>
Traceback (most recent call last):
  File "/usr/lib/python3.12/asyncio/events.py", line 88, in _run
  File "/home/Shared/UniBe-swiss-ndvi/GitHub/swiss-ndvi-processing/.venv/lib/python3.12/site-packages/tornado/platform/asyncio.py", line 208, in _handle_events
  File "/home/Shared/UniBe-swiss-ndvi/GitHub/swiss-ndvi-processing/.venv/lib/python3.12/site-packages/tornado/netutil.py", line 273, in accept_handler
  File "/usr/lib/python3.12/socket.py", line 295, in accept
OSError: [Errno 24] Too many open files
Exception in callback BaseAsyncIOLoop._handle_events(7, 1)
handle: <Handle BaseAsyncIOLoop._handle_events(7, 1)>
Traceback (most recent call last):
  File "/usr/lib/python3.12/asyncio/events.py", line 88, in _run
  File "/home/Shared/UniBe-swiss-ndvi/GitHub/swiss-ndvi-processing/.venv/lib/python3.12/site-packages/tornado/platform/asyncio.py", line 208, in _handle_events
  File "/home/Shared/UniBe-swiss-ndvi/GitHub/swiss-ndvi-processing/.venv/lib/python3.12/site-packages/tornado/netutil.py", line 273, in accept_handler
  File "/usr/lib/python3.12/socket.py", line 295, in accept
OSError: [Errno 24] Too many open files
Exception in callback BaseAsyncIOLoop._handle_events(7, 1)
handle: <Handle BaseAsyncIOLoop._handle_events(7, 1)>
Traceback (most recent call last):
  File "/usr/lib/python3.12/asyncio/events.py", line 88, in _run
  File "/home/Shared/UniBe-swiss-ndvi/GitHub/swiss-ndvi-processing/.venv/lib/python3.12/site-packages/tornado/platform/asyncio.py", line 208, in _handle_events
  File "/home/Shared/UniBe-swiss-ndvi/GitHub/swiss-ndvi-processing/.venv/lib/python3.12/site-packages/tornado/netutil.py", line 273, in accept_handler
  File "/usr/lib/python3.12/socket.py", line 295, in accept
OSError: [Errno 24] Too many open files
2026-04-08 22:43:08,672 - distributed.worker - WARNING - Mismatched versions found

+-------------+---------------------------------------------+-----------+----------+
| Package     | Worker-489716bc-3101-42b9-ba02-0fa2fbc23e47 | Scheduler | Workers  |
+-------------+---------------------------------------------+-----------+----------+
| cloudpickle | 3.1.1                                       | None      | 3.1.1    |
| dask        | 2025.9.1                                    | None      | 2025.9.1 |
| distributed | 2025.9.1                                    | None      | 2025.9.1 |
| lz4         | 4.3.2                                       | None      | 4.3.2    |
| msgpack     | 1.1.1                                       | None      | 1.1.1    |
| toolz       | 1.0.0                                       | None      | 1.0.0    |
| tornado     | 6.5.1                                       | None      | 6.5.1    |
+-------------+---------------------------------------------+-----------+----------+
Exception in callback BaseAsyncIOLoop._handle_events(7, 1)
handle: <Handle BaseAsyncIOLoop._handle_events(7, 1)>
Traceback (most recent call last):
  File "/usr/lib/python3.12/asyncio/events.py", line 88, in _run
  File "/home/Shared/UniBe-swiss-ndvi/GitHub/swiss-ndvi-processing/.venv/lib/python3.12/site-packages/tornado/platform/asyncio.py", line 208, in _handle_events
  File "/home/Shared/UniBe-swiss-ndvi/GitHub/swiss-ndvi-processing/.venv/lib/python3.12/site-packages/tornado/netutil.py", line 273, in accept_handler
  File "/usr/lib/python3.12/socket.py", line 295, in accept
OSError: [Errno 24] Too many open files
Exception in callback BaseAsyncIOLoop._handle_events(7, 1)
handle: <Handle BaseAsyncIOLoop._handle_events(7, 1)>
Traceback (most recent call last):
  File "/usr/lib/python3.12/asyncio/events.py", line 88, in _run
  File "/home/Shared/UniBe-swiss-ndvi/GitHub/swiss-ndvi-processing/.venv/lib/python3.12/site-packages/tornado/platform/asyncio.py", line 208, in _handle_events
  File "/home/Shared/UniBe-swiss-ndvi/GitHub/swiss-ndvi-processing/.venv/lib/python3.12/site-packages/tornado/netutil.py", line 273, in accept_handler
  File "/usr/lib/python3.12/socket.py", line 295, in accept
OSError: [Errno 24] Too many open files
Exception in callback BaseAsyncIOLoop._handle_events(7, 1)
handle: <Handle BaseAsyncIOLoop._handle_events(7, 1)>
Traceback (most recent call last):
  File "/usr/lib/python3.12/asyncio/events.py", line 88, in _run
  File "/home/Shared/UniBe-swiss-ndvi/GitHub/swiss-ndvi-processing/.venv/lib/python3.12/site-packages/tornado/platform/asyncio.py", line 208, in _handle_events
  File "/home/Shared/UniBe-swiss-ndvi/GitHub/swiss-ndvi-processing/.venv/lib/python3.12/site-packages/tornado/netutil.py", line 273, in accept_handler
  File "/usr/lib/python3.12/socket.py", line 295, in accept
OSError: [Errno 24] Too many open files
2026-04-08 22:43:08,674 - distributed.worker - WARNING - Mismatched versions found

+-------------+---------------------------------------------+-----------+----------+
| Package     | Worker-f8b5de31-21b2-49f6-93e9-3236b10a648f | Scheduler | Workers  |
+-------------+---------------------------------------------+-----------+----------+
| cloudpickle | 3.1.1                                       | None      | 3.1.1    |
| dask        | 2025.9.1                                    | None      | 2025.9.1 |
| distributed | 2025.9.1                                    | None      | 2025.9.1 |
| lz4         | 4.3.2                                       | None      | 4.3.2    |
| msgpack     | 1.1.1                                       | None      | 1.1.1    |
| toolz       | 1.0.0                                       | None      | 1.0.0    |
| tornado     | 6.5.1                                       | None      | 6.5.1    |
+-------------+---------------------------------------------+-----------+----------+
Exception in callback BaseAsyncIOLoop._handle_events(7, 1)
handle: <Handle BaseAsyncIOLoop._handle_events(7, 1)>
Traceback (most recent call last):
  File "/usr/lib/python3.12/asyncio/events.py", line 88, in _run
  File "/home/Shared/UniBe-swiss-ndvi/GitHub/swiss-ndvi-processing/.venv/lib/python3.12/site-packages/tornado/platform/asyncio.py", line 208, in _handle_events
  File "/home/Shared/UniBe-swiss-ndvi/GitHub/swiss-ndvi-processing/.venv/lib/python3.12/site-packages/tornado/netutil.py", line 273, in accept_handler
  File "/usr/lib/python3.12/socket.py", line 295, in accept
OSError: [Errno 24] Too many open files
Exception in callback BaseAsyncIOLoop._handle_events(7, 1)
handle: <Handle BaseAsyncIOLoop._handle_events(7, 1)>
Traceback (most recent call last):
  File "/usr/lib/python3.12/asyncio/events.py", line 88, in _run
  File "/home/Shared/UniBe-swiss-ndvi/GitHub/swiss-ndvi-processing/.venv/lib/python3.12/site-packages/tornado/platform/asyncio.py", line 208, in _handle_events
  File "/home/Shared/UniBe-swiss-ndvi/GitHub/swiss-ndvi-processing/.venv/lib/python3.12/site-packages/tornado/netutil.py", line 273, in accept_handler
  File "/usr/lib/python3.12/socket.py", line 295, in accept
OSError: [Errno 24] Too many open files
Exception in callback BaseAsyncIOLoop._handle_events(7, 1)
handle: <Handle BaseAsyncIOLoop._handle_events(7, 1)>
Traceback (most recent call last):
  File "/usr/lib/python3.12/asyncio/events.py", line 88, in _run
  File "/home/Shared/UniBe-swiss-ndvi/GitHub/swiss-ndvi-processing/.venv/lib/python3.12/site-packages/tornado/platform/asyncio.py", line 208, in _handle_events
  File "/home/Shared/UniBe-swiss-ndvi/GitHub/swiss-ndvi-processing/.venv/lib/python3.12/site-packages/tornado/netutil.py", line 273, in accept_handler
  File "/usr/lib/python3.12/socket.py", line 295, in accept
OSError: [Errno 24] Too many open files
Exception in callback BaseAsyncIOLoop._handle_events(7, 1)
handle: <Handle BaseAsyncIOLoop._handle_events(7, 1)>
Traceback (most recent call last):
  File "/usr/lib/python3.12/asyncio/events.py", line 88, in _run
  File "/home/Shared/UniBe-swiss-ndvi/GitHub/swiss-ndvi-processing/.venv/lib/python3.12/site-packages/tornado/platform/asyncio.py", line 208, in _handle_events
  File "/home/Shared/UniBe-swiss-ndvi/GitHub/swiss-ndvi-processing/.venv/lib/python3.12/site-packages/tornado/netutil.py", line 273, in accept_handler
  File "/usr/lib/python3.12/socket.py", line 295, in accept
OSError: [Errno 24] Too many open files
2026-04-08 22:43:08,676 - distributed.worker - WARNING - Mismatched versions found

+-------------+---------------------------------------------+-----------+----------+
| Package     | Worker-22ae05e3-123a-4eab-bd04-85896206961d | Scheduler | Workers  |
+-------------+---------------------------------------------+-----------+----------+
| cloudpickle | 3.1.1                                       | None      | 3.1.1    |
| dask        | 2025.9.1                                    | None      | 2025.9.1 |
| distributed | 2025.9.1                                    | None      | 2025.9.1 |
| lz4         | 4.3.2                                       | None      | 4.3.2    |
| msgpack     | 1.1.1                                       | None      | 1.1.1    |
| toolz       | 1.0.0                                       | None      | 1.0.0    |
| tornado     | 6.5.1                                       | None      | 6.5.1    |
+-------------+---------------------------------------------+-----------+----------+
Exception in callback BaseAsyncIOLoop._handle_events(7, 1)
handle: <Handle BaseAsyncIOLoop._handle_events(7, 1)>
Traceback (most recent call last):
  File "/usr/lib/python3.12/asyncio/events.py", line 88, in _run
  File "/home/Shared/UniBe-swiss-ndvi/GitHub/swiss-ndvi-processing/.venv/lib/python3.12/site-packages/tornado/platform/asyncio.py", line 208, in _handle_events
  File "/home/Shared/UniBe-swiss-ndvi/GitHub/swiss-ndvi-processing/.venv/lib/python3.12/site-packages/tornado/netutil.py", line 273, in accept_handler
  File "/usr/lib/python3.12/socket.py", line 295, in accept
OSError: [Errno 24] Too many open files
Exception in callback BaseAsyncIOLoop._handle_events(7, 1)
handle: <Handle BaseAsyncIOLoop._handle_events(7, 1)>
Traceback (most recent call last):
  File "/usr/lib/python3.12/asyncio/events.py", line 88, in _run
  File "/home/Shared/UniBe-swiss-ndvi/GitHub/swiss-ndvi-processing/.venv/lib/python3.12/site-packages/tornado/platform/asyncio.py", line 208, in _handle_events
  File "/home/Shared/UniBe-swiss-ndvi/GitHub/swiss-ndvi-processing/.venv/lib/python3.12/site-packages/tornado/netutil.py", line 273, in accept_handler
  File "/usr/lib/python3.12/socket.py", line 295, in accept
OSError: [Errno 24] Too many open files
Exception in callback BaseAsyncIOLoop._handle_events(7, 1)
handle: <Handle BaseAsyncIOLoop._handle_events(7, 1)>
Traceback (most recent call last):
  File "/usr/lib/python3.12/asyncio/events.py", line 88, in _run
  File "/home/Shared/UniBe-swiss-ndvi/GitHub/swiss-ndvi-processing/.venv/lib/python3.12/site-packages/tornado/platform/asyncio.py", line 208, in _handle_events
  File "/home/Shared/UniBe-swiss-ndvi/GitHub/swiss-ndvi-processing/.venv/lib/python3.12/site-packages/tornado/netutil.py", line 273, in accept_handler
  File "/usr/lib/python3.12/socket.py", line 295, in accept
OSError: [Errno 24] Too many open files
Exception in callback BaseAsyncIOLoop._handle_events(7, 1)
handle: <Handle BaseAsyncIOLoop._handle_events(7, 1)>
Traceback (most recent call last):
  File "/usr/lib/python3.12/asyncio/events.py", line 88, in _run
  File "/home/Shared/UniBe-swiss-ndvi/GitHub/swiss-ndvi-processing/.venv/lib/python3.12/site-packages/tornado/platform/asyncio.py", line 208, in _handle_events
  File "/home/Shared/UniBe-swiss-ndvi/GitHub/swiss-ndvi-processing/.venv/lib/python3.12/site-packages/tornado/netutil.py", line 273, in accept_handler
  File "/usr/lib/python3.12/socket.py", line 295, in accept
OSError: [Errno 24] Too many open files
Exception in callback BaseAsyncIOLoop._handle_events(7, 1)
handle: <Handle BaseAsyncIOLoop._handle_events(7, 1)>
Traceback (most recent call last):
  File "/usr/lib/python3.12/asyncio/events.py", line 88, in _run
  File "/home/Shared/UniBe-swiss-ndvi/GitHub/swiss-ndvi-processing/.venv/lib/python3.12/site-packages/tornado/platform/asyncio.py", line 208, in _handle_events
  File "/home/Shared/UniBe-swiss-ndvi/GitHub/swiss-ndvi-processing/.venv/lib/python3.12/site-packages/tornado/netutil.py", line 273, in accept_handler
  File "/usr/lib/python3.12/socket.py", line 295, in accept
OSError: [Errno 24] Too many open files
Exception in callback BaseAsyncIOLoop._handle_events(7, 1)
handle: <Handle BaseAsyncIOLoop._handle_events(7, 1)>
Traceback (most recent call last):
  File "/usr/lib/python3.12/asyncio/events.py", line 88, in _run
  File "/home/Shared/UniBe-swiss-ndvi/GitHub/swiss-ndvi-processing/.venv/lib/python3.12/site-packages/tornado/platform/asyncio.py", line 208, in _handle_events
  File "/home/Shared/UniBe-swiss-ndvi/GitHub/swiss-ndvi-processing/.venv/lib/python3.12/site-packages/tornado/netutil.py", line 273, in accept_handler
  File "/usr/lib/python3.12/socket.py", line 295, in accept
OSError: [Errno 24] Too many open files
Exception in callback BaseAsyncIOLoop._handle_events(7, 1)
handle: <Handle BaseAsyncIOLoop._handle_events(7, 1)>
Traceback (most recent call last):
  File "/usr/lib/python3.12/asyncio/events.py", line 88, in _run
  File "/home/Shared/UniBe-swiss-ndvi/GitHub/swiss-ndvi-processing/.venv/lib/python3.12/site-packages/tornado/platform/asyncio.py", line 208, in _handle_events
  File "/home/Shared/UniBe-swiss-ndvi/GitHub/swiss-ndvi-processing/.venv/lib/python3.12/site-packages/tornado/netutil.py", line 273, in accept_handler
  File "/usr/lib/python3.12/socket.py", line 295, in accept
OSError: [Errno 24] Too many open files
Exception in callback BaseAsyncIOLoop._handle_events(7, 1)
handle: <Handle BaseAsyncIOLoop._handle_events(7, 1)>
Traceback (most recent call last):
  File "/usr/lib/python3.12/asyncio/events.py", line 88, in _run
  File "/home/Shared/UniBe-swiss-ndvi/GitHub/swiss-ndvi-processing/.venv/lib/python3.12/site-packages/tornado/platform/asyncio.py", line 208, in _handle_events
  File "/home/Shared/UniBe-swiss-ndvi/GitHub/swiss-ndvi-processing/.venv/lib/python3.12/site-packages/tornado/netutil.py", line 273, in accept_handler
  File "/usr/lib/python3.12/socket.py", line 295, in accept
OSError: [Errno 24] Too many open files
Exception in callback BaseAsyncIOLoop._handle_events(7, 1)
handle: <Handle BaseAsyncIOLoop._handle_events(7, 1)>
Traceback (most recent call last):
  File "/usr/lib/python3.12/asyncio/events.py", line 88, in _run
  File "/home/Shared/UniBe-swiss-ndvi/GitHub/swiss-ndvi-processing/.venv/lib/python3.12/site-packages/tornado/platform/asyncio.py", line 208, in _handle_events
  File "/home/Shared/UniBe-swiss-ndvi/GitHub/swiss-ndvi-processing/.venv/lib/python3.12/site-packages/tornado/netutil.py", line 273, in accept_handler
  File "/usr/lib/python3.12/socket.py", line 295, in accept
OSError: [Errno 24] Too many open files
Exception in callback BaseAsyncIOLoop._handle_events(7, 1)
handle: <Handle BaseAsyncIOLoop._handle_events(7, 1)>
Traceback (most recent call last):
  File "/usr/lib/python3.12/asyncio/events.py", line 88, in _run
  File "/home/Shared/UniBe-swiss-ndvi/GitHub/swiss-ndvi-processing/.venv/lib/python3.12/site-packages/tornado/platform/asyncio.py", line 208, in _handle_events
  File "/home/Shared/UniBe-swiss-ndvi/GitHub/swiss-ndvi-processing/.venv/lib/python3.12/site-packages/tornado/netutil.py", line 273, in accept_handler
  File "/usr/lib/python3.12/socket.py", line 295, in accept
OSError: [Errno 24] Too many open files
Exception in callback BaseAsyncIOLoop._handle_events(7, 1)
handle: <Handle BaseAsyncIOLoop._handle_events(7, 1)>
Traceback (most recent call last):
  File "/usr/lib/python3.12/asyncio/events.py", line 88, in _run
  File "/home/Shared/UniBe-swiss-ndvi/GitHub/swiss-ndvi-processing/.venv/lib/python3.12/site-packages/tornado/platform/asyncio.py", line 208, in _handle_events
  File "/home/Shared/UniBe-swiss-ndvi/GitHub/swiss-ndvi-processing/.venv/lib/python3.12/site-packages/tornado/netutil.py", line 273, in accept_handler
  File "/usr/lib/python3.12/socket.py", line 295, in accept
OSError: [Errno 24] Too many open files
Exception in callback BaseAsyncIOLoop._handle_events(7, 1)
handle: <Handle BaseAsyncIOLoop._handle_events(7, 1)>
Traceback (most recent call last):
  File "/usr/lib/python3.12/asyncio/events.py", line 88, in _run
  File "/home/Shared/UniBe-swiss-ndvi/GitHub/swiss-ndvi-processing/.venv/lib/python3.12/site-packages/tornado/platform/asyncio.py", line 208, in _handle_events
  File "/home/Shared/UniBe-swiss-ndvi/GitHub/swiss-ndvi-processing/.venv/lib/python3.12/site-packages/tornado/netutil.py", line 273, in accept_handler
  File "/usr/lib/python3.12/socket.py", line 295, in accept
OSError: [Errno 24] Too many open files
Exception in callback BaseAsyncIOLoop._handle_events(7, 1)
handle: <Handle BaseAsyncIOLoop._handle_events(7, 1)>
Traceback (most recent call last):
  File "/usr/lib/python3.12/asyncio/events.py", line 88, in _run
  File "/home/Shared/UniBe-swiss-ndvi/GitHub/swiss-ndvi-processing/.venv/lib/python3.12/site-packages/tornado/platform/asyncio.py", line 208, in _handle_events
  File "/home/Shared/UniBe-swiss-ndvi/GitHub/swiss-ndvi-processing/.venv/lib/python3.12/site-packages/tornado/netutil.py", line 273, in accept_handler
  File "/usr/lib/python3.12/socket.py", line 295, in accept
OSError: [Errno 24] Too many open files
Exception in callback BaseAsyncIOLoop._handle_events(7, 1)
handle: <Handle BaseAsyncIOLoop._handle_events(7, 1)>
Traceback (most recent call last):
  File "/usr/lib/python3.12/asyncio/events.py", line 88, in _run
  File "/home/Shared/UniBe-swiss-ndvi/GitHub/swiss-ndvi-processing/.venv/lib/python3.12/site-packages/tornado/platform/asyncio.py", line 208, in _handle_events
  File "/home/Shared/UniBe-swiss-ndvi/GitHub/swiss-ndvi-processing/.venv/lib/python3.12/site-packages/tornado/netutil.py", line 273, in accept_handler
  File "/usr/lib/python3.12/socket.py", line 295, in accept
OSError: [Errno 24] Too many open files
2026-04-08 22:43:08,683 - distributed.worker - WARNING - Mismatched versions found

+-------------+---------------------------------------------+-----------+----------+
| Package     | Worker-f9cbd05c-959d-402a-aaf7-baff873860eb | Scheduler | Workers  |
+-------------+---------------------------------------------+-----------+----------+
| cloudpickle | 3.1.1                                       | None      | 3.1.1    |
| dask        | 2025.9.1                                    | None      | 2025.9.1 |
| distributed | 2025.9.1                                    | None      | 2025.9.1 |
| lz4         | 4.3.2                                       | None      | 4.3.2    |
| msgpack     | 1.1.1                                       | None      | 1.1.1    |
| toolz       | 1.0.0                                       | None      | 1.0.0    |
| tornado     | 6.5.1                                       | None      | 6.5.1    |
+-------------+---------------------------------------------+-----------+----------+
Exception in callback BaseAsyncIOLoop._handle_events(7, 1)
handle: <Handle BaseAsyncIOLoop._handle_events(7, 1)>
Traceback (most recent call last):
  File "/usr/lib/python3.12/asyncio/events.py", line 88, in _run
  File "/home/Shared/UniBe-swiss-ndvi/GitHub/swiss-ndvi-processing/.venv/lib/python3.12/site-packages/tornado/platform/asyncio.py", line 208, in _handle_events
  File "/home/Shared/UniBe-swiss-ndvi/GitHub/swiss-ndvi-processing/.venv/lib/python3.12/site-packages/tornado/netutil.py", line 273, in accept_handler
  File "/usr/lib/python3.12/socket.py", line 295, in accept
OSError: [Errno 24] Too many open files
Exception in callback BaseAsyncIOLoop._handle_events(7, 1)
handle: <Handle BaseAsyncIOLoop._handle_events(7, 1)>
Traceback (most recent call last):
  File "/usr/lib/python3.12/asyncio/events.py", line 88, in _run
  File "/home/Shared/UniBe-swiss-ndvi/GitHub/swiss-ndvi-processing/.venv/lib/python3.12/site-packages/tornado/platform/asyncio.py", line 208, in _handle_events
  File "/home/Shared/UniBe-swiss-ndvi/GitHub/swiss-ndvi-processing/.venv/lib/python3.12/site-packages/tornado/netutil.py", line 273, in accept_handler
  File "/usr/lib/python3.12/socket.py", line 295, in accept
OSError: [Errno 24] Too many open files
2026-04-08 22:43:08,687 - distributed.worker - WARNING - Mismatched versions found

+-------------+---------------------------------------------+-----------+----------+
| Package     | Worker-d110971a-73b5-496a-b0c5-c1f299e36a5b | Scheduler | Workers  |
+-------------+---------------------------------------------+-----------+----------+
| cloudpickle | 3.1.1                                       | None      | 3.1.1    |
| dask        | 2025.9.1                                    | None      | 2025.9.1 |
| distributed | 2025.9.1                                    | None      | 2025.9.1 |
| lz4         | 4.3.2                                       | None      | 4.3.2    |
| msgpack     | 1.1.1                                       | None      | 1.1.1    |
| toolz       | 1.0.0                                       | None      | 1.0.0    |
| tornado     | 6.5.1                                       | None      | 6.5.1    |
+-------------+---------------------------------------------+-----------+----------+
2026-04-08 22:43:08,706 - distributed.worker - WARNING - Mismatched versions found

+-------------+---------------------------------------------+-----------+----------+
| Package     | Worker-af83b8c7-3f08-4e9a-999d-21285e9717a0 | Scheduler | Workers  |
+-------------+---------------------------------------------+-----------+----------+
| cloudpickle | 3.1.1                                       | None      | 3.1.1    |
| dask        | 2025.9.1                                    | None      | 2025.9.1 |
| distributed | 2025.9.1                                    | None      | 2025.9.1 |
| lz4         | 4.3.2                                       | None      | 4.3.2    |
| msgpack     | 1.1.1                                       | None      | 1.1.1    |
| toolz       | 1.0.0                                       | None      | 1.0.0    |
| tornado     | 6.5.1                                       | None      | 6.5.1    |
+-------------+---------------------------------------------+-----------+----------+
2026-04-08 22:43:08,710 - distributed.worker - WARNING - Mismatched versions found

+-------------+---------------------------------------------+-----------+----------+
| Package     | Worker-ea5ef110-af2b-4dd2-9c79-32f1c397e14f | Scheduler | Workers  |
+-------------+---------------------------------------------+-----------+----------+
| cloudpickle | 3.1.1                                       | None      | 3.1.1    |
| dask        | 2025.9.1                                    | None      | 2025.9.1 |
| distributed | 2025.9.1                                    | None      | 2025.9.1 |
| lz4         | 4.3.2                                       | None      | 4.3.2    |
| msgpack     | 1.1.1                                       | None      | 1.1.1    |
| toolz       | 1.0.0                                       | None      | 1.0.0    |
| tornado     | 6.5.1                                       | None      | 6.5.1    |
+-------------+---------------------------------------------+-----------+----------+
2026-04-08 22:43:08,717 - distributed.worker - WARNING - Mismatched versions found

+-------------+---------------------------------------------+-----------+----------+
| Package     | Worker-ca9332a1-c13b-4da6-b702-9eecddac60e5 | Scheduler | Workers  |
+-------------+---------------------------------------------+-----------+----------+
| cloudpickle | 3.1.1                                       | None      | 3.1.1    |
| dask        | 2025.9.1                                    | None      | 2025.9.1 |
| distributed | 2025.9.1                                    | None      | 2025.9.1 |
| lz4         | 4.3.2                                       | None      | 4.3.2    |
| msgpack     | 1.1.1                                       | None      | 1.1.1    |
| toolz       | 1.0.0                                       | None      | 1.0.0    |
| tornado     | 6.5.1                                       | None      | 6.5.1    |
+-------------+---------------------------------------------+-----------+----------+
2026-04-08 22:43:08,723 - distributed.worker - WARNING - Mismatched versions found

+-------------+---------------------------------------------+-----------+----------+
| Package     | Worker-22344465-39bf-4b14-91c0-aaf484b2e45d | Scheduler | Workers  |
+-------------+---------------------------------------------+-----------+----------+
| cloudpickle | 3.1.1                                       | None      | 3.1.1    |
| dask        | 2025.9.1                                    | None      | 2025.9.1 |
| distributed | 2025.9.1                                    | None      | 2025.9.1 |
| lz4         | 4.3.2                                       | None      | 4.3.2    |
| msgpack     | 1.1.1                                       | None      | 1.1.1    |
| toolz       | 1.0.0                                       | None      | 1.0.0    |
| tornado     | 6.5.1                                       | None      | 6.5.1    |
+-------------+---------------------------------------------+-----------+----------+
2026-04-08 22:43:08,723 - distributed.worker - WARNING - Mismatched versions found

+-------------+---------------------------------------------+-----------+----------+
| Package     | Worker-bebea45b-032e-4022-a0b1-d26f04f92839 | Scheduler | Workers  |
+-------------+---------------------------------------------+-----------+----------+
| cloudpickle | 3.1.1                                       | None      | 3.1.1    |
| dask        | 2025.9.1                                    | None      | 2025.9.1 |
| distributed | 2025.9.1                                    | None      | 2025.9.1 |
| lz4         | 4.3.2                                       | None      | 4.3.2    |
| msgpack     | 1.1.1                                       | None      | 1.1.1    |
| toolz       | 1.0.0                                       | None      | 1.0.0    |
| tornado     | 6.5.1                                       | None      | 6.5.1    |
+-------------+---------------------------------------------+-----------+----------+
2026-04-08 22:43:08,725 - distributed.worker - WARNING - Mismatched versions found

+-------------+---------------------------------------------+-----------+----------+
| Package     | Worker-d763664b-c6e2-4f88-b8ff-2e5e13efdf94 | Scheduler | Workers  |
+-------------+---------------------------------------------+-----------+----------+
| cloudpickle | 3.1.1                                       | None      | 3.1.1    |
| dask        | 2025.9.1                                    | None      | 2025.9.1 |
| distributed | 2025.9.1                                    | None      | 2025.9.1 |
| lz4         | 4.3.2                                       | None      | 4.3.2    |
| msgpack     | 1.1.1                                       | None      | 1.1.1    |
| toolz       | 1.0.0                                       | None      | 1.0.0    |
| tornado     | 6.5.1                                       | None      | 6.5.1    |
+-------------+---------------------------------------------+-----------+----------+
2026-04-08 22:43:08,732 - distributed.worker - WARNING - Mismatched versions found

+-------------+---------------------------------------------+-----------+----------+
| Package     | Worker-66f79610-a579-4bf1-9a8b-fe61c17f1074 | Scheduler | Workers  |
+-------------+---------------------------------------------+-----------+----------+
| cloudpickle | 3.1.1                                       | None      | 3.1.1    |
| dask        | 2025.9.1                                    | None      | 2025.9.1 |
| distributed | 2025.9.1                                    | None      | 2025.9.1 |
| lz4         | 4.3.2                                       | None      | 4.3.2    |
| msgpack     | 1.1.1                                       | None      | 1.1.1    |
| toolz       | 1.0.0                                       | None      | 1.0.0    |
| tornado     | 6.5.1                                       | None      | 6.5.1    |
+-------------+---------------------------------------------+-----------+----------+
2026-04-08 22:43:08,734 - distributed.worker - WARNING - Mismatched versions found

+-------------+---------------------------------------------+-----------+----------+
| Package     | Worker-1e2e2bea-6549-4507-a983-eeb43b89b93e | Scheduler | Workers  |
+-------------+---------------------------------------------+-----------+----------+
| cloudpickle | 3.1.1                                       | None      | 3.1.1    |
| dask        | 2025.9.1                                    | None      | 2025.9.1 |
| distributed | 2025.9.1                                    | None      | 2025.9.1 |
| lz4         | 4.3.2                                       | None      | 4.3.2    |
| msgpack     | 1.1.1                                       | None      | 1.1.1    |
| toolz       | 1.0.0                                       | None      | 1.0.0    |
| tornado     | 6.5.1                                       | None      | 6.5.1    |
+-------------+---------------------------------------------+-----------+----------+
2026-04-08 22:43:08,738 - distributed.worker - WARNING - Mismatched versions found

+-------------+---------------------------------------------+-----------+----------+
| Package     | Worker-04f0e09c-8dac-4c07-9161-1ea43a623a87 | Scheduler | Workers  |
+-------------+---------------------------------------------+-----------+----------+
| cloudpickle | 3.1.1                                       | None      | 3.1.1    |
| dask        | 2025.9.1                                    | None      | 2025.9.1 |
| distributed | 2025.9.1                                    | None      | 2025.9.1 |
| lz4         | 4.3.2                                       | None      | 4.3.2    |
| msgpack     | 1.1.1                                       | None      | 1.1.1    |
| toolz       | 1.0.0                                       | None      | 1.0.0    |
| tornado     | 6.5.1                                       | None      | 6.5.1    |
+-------------+---------------------------------------------+-----------+----------+
2026-04-08 22:43:08,740 - distributed.worker - WARNING - Mismatched versions found

+-------------+---------------------------------------------+-----------+----------+
| Package     | Worker-9045b834-67c4-4ab5-959d-98d97b141e6c | Scheduler | Workers  |
+-------------+---------------------------------------------+-----------+----------+
| cloudpickle | 3.1.1                                       | None      | 3.1.1    |
| dask        | 2025.9.1                                    | None      | 2025.9.1 |
| distributed | 2025.9.1                                    | None      | 2025.9.1 |
| lz4         | 4.3.2                                       | None      | 4.3.2    |
| msgpack     | 1.1.1                                       | None      | 1.1.1    |
| toolz       | 1.0.0                                       | None      | 1.0.0    |
| tornado     | 6.5.1                                       | None      | 6.5.1    |
+-------------+---------------------------------------------+-----------+----------+
2026-04-08 22:43:08,740 - distributed.worker - WARNING - Mismatched versions found

+-------------+---------------------------------------------+-----------+----------+
| Package     | Worker-f1a48352-85bb-4dd7-a48d-8a1bf813a746 | Scheduler | Workers  |
+-------------+---------------------------------------------+-----------+----------+
| cloudpickle | 3.1.1                                       | None      | 3.1.1    |
| dask        | 2025.9.1                                    | None      | 2025.9.1 |
| distributed | 2025.9.1                                    | None      | 2025.9.1 |
| lz4         | 4.3.2                                       | None      | 4.3.2    |
| msgpack     | 1.1.1                                       | None      | 1.1.1    |
| toolz       | 1.0.0                                       | None      | 1.0.0    |
| tornado     | 6.5.1                                       | None      | 6.5.1    |
+-------------+---------------------------------------------+-----------+----------+
2026-04-08 22:43:08,744 - distributed.worker - WARNING - Mismatched versions found

+-------------+---------------------------------------------+-----------+----------+
| Package     | Worker-84a78da3-8aa0-4895-a6f3-68ed1ea6870f | Scheduler | Workers  |
+-------------+---------------------------------------------+-----------+----------+
| cloudpickle | 3.1.1                                       | None      | 3.1.1    |
| dask        | 2025.9.1                                    | None      | 2025.9.1 |
| distributed | 2025.9.1                                    | None      | 2025.9.1 |
| lz4         | 4.3.2                                       | None      | 4.3.2    |
| msgpack     | 1.1.1                                       | None      | 1.1.1    |
| toolz       | 1.0.0                                       | None      | 1.0.0    |
| tornado     | 6.5.1                                       | None      | 6.5.1    |
+-------------+---------------------------------------------+-----------+----------+
2026-04-08 22:43:08,746 - distributed.worker - WARNING - Mismatched versions found

+-------------+---------------------------------------------+-----------+----------+
| Package     | Worker-b84d3f1c-375d-49ed-bf05-d6cd06a7694a | Scheduler | Workers  |
+-------------+---------------------------------------------+-----------+----------+
| cloudpickle | 3.1.1                                       | None      | 3.1.1    |
| dask        | 2025.9.1                                    | None      | 2025.9.1 |
| distributed | 2025.9.1                                    | None      | 2025.9.1 |
| lz4         | 4.3.2                                       | None      | 4.3.2    |
| msgpack     | 1.1.1                                       | None      | 1.1.1    |
| toolz       | 1.0.0                                       | None      | 1.0.0    |
| tornado     | 6.5.1                                       | None      | 6.5.1    |
+-------------+---------------------------------------------+-----------+----------+
2026-04-08 22:43:08,750 - distributed.worker - WARNING - Mismatched versions found

+-------------+---------------------------------------------+-----------+----------+
| Package     | Worker-4ae22424-2991-41d0-9d06-7b38ace35ec9 | Scheduler | Workers  |
+-------------+---------------------------------------------+-----------+----------+
| cloudpickle | 3.1.1                                       | None      | 3.1.1    |
| dask        | 2025.9.1                                    | None      | 2025.9.1 |
| distributed | 2025.9.1                                    | None      | 2025.9.1 |
| lz4         | 4.3.2                                       | None      | 4.3.2    |
| msgpack     | 1.1.1                                       | None      | 1.1.1    |
| toolz       | 1.0.0                                       | None      | 1.0.0    |
| tornado     | 6.5.1                                       | None      | 6.5.1    |
+-------------+---------------------------------------------+-----------+----------+
2026-04-08 22:43:08,753 - distributed.worker - WARNING - Mismatched versions found

+-------------+---------------------------------------------+-----------+----------+
| Package     | Worker-a97f2a7e-0df3-4165-90b2-3471ecc01c04 | Scheduler | Workers  |
+-------------+---------------------------------------------+-----------+----------+
| cloudpickle | 3.1.1                                       | None      | 3.1.1    |
| dask        | 2025.9.1                                    | None      | 2025.9.1 |
| distributed | 2025.9.1                                    | None      | 2025.9.1 |
| lz4         | 4.3.2                                       | None      | 4.3.2    |
| msgpack     | 1.1.1                                       | None      | 1.1.1    |
| toolz       | 1.0.0                                       | None      | 1.0.0    |
| tornado     | 6.5.1                                       | None      | 6.5.1    |
+-------------+---------------------------------------------+-----------+----------+
2026-04-08 22:43:08,764 - distributed.worker - WARNING - Mismatched versions found

+-------------+---------------------------------------------+-----------+----------+
| Package     | Worker-e2dae53e-8383-478f-97dc-752c93b540ed | Scheduler | Workers  |
+-------------+---------------------------------------------+-----------+----------+
| cloudpickle | 3.1.1                                       | None      | 3.1.1    |
| dask        | 2025.9.1                                    | None      | 2025.9.1 |
| distributed | 2025.9.1                                    | None      | 2025.9.1 |
| lz4         | 4.3.2                                       | None      | 4.3.2    |
| msgpack     | 1.1.1                                       | None      | 1.1.1    |
| toolz       | 1.0.0                                       | None      | 1.0.0    |
| tornado     | 6.5.1                                       | None      | 6.5.1    |
+-------------+---------------------------------------------+-----------+----------+
2026-04-08 22:43:08,766 - distributed.worker - WARNING - Mismatched versions found

+-------------+---------------------------------------------+-----------+----------+
| Package     | Worker-248ade56-16ff-42fe-aca7-11fbb8eef179 | Scheduler | Workers  |
+-------------+---------------------------------------------+-----------+----------+
| cloudpickle | 3.1.1                                       | None      | 3.1.1    |
| dask        | 2025.9.1                                    | None      | 2025.9.1 |
| distributed | 2025.9.1                                    | None      | 2025.9.1 |
| lz4         | 4.3.2                                       | None      | 4.3.2    |
| msgpack     | 1.1.1                                       | None      | 1.1.1    |
| toolz       | 1.0.0                                       | None      | 1.0.0    |
| tornado     | 6.5.1                                       | None      | 6.5.1    |
+-------------+---------------------------------------------+-----------+----------+
2026-04-08 22:43:08,778 - distributed.worker - WARNING - Mismatched versions found

+-------------+---------------------------------------------+-----------+----------+
| Package     | Worker-e6df288c-f9f6-4584-b06d-137040829c07 | Scheduler | Workers  |
+-------------+---------------------------------------------+-----------+----------+
| cloudpickle | 3.1.1                                       | None      | 3.1.1    |
| dask        | 2025.9.1                                    | None      | 2025.9.1 |
| distributed | 2025.9.1                                    | None      | 2025.9.1 |
| lz4         | 4.3.2                                       | None      | 4.3.2    |
| msgpack     | 1.1.1                                       | None      | 1.1.1    |
| toolz       | 1.0.0                                       | None      | 1.0.0    |
| tornado     | 6.5.1                                       | None      | 6.5.1    |
+-------------+---------------------------------------------+-----------+----------+
2026-04-08 22:43:08,788 - distributed.worker - WARNING - Mismatched versions found

+-------------+---------------------------------------------+-----------+----------+
| Package     | Worker-3da23ddd-a1eb-4f46-8429-82f93104294d | Scheduler | Workers  |
+-------------+---------------------------------------------+-----------+----------+
| cloudpickle | 3.1.1                                       | None      | 3.1.1    |
| dask        | 2025.9.1                                    | None      | 2025.9.1 |
| distributed | 2025.9.1                                    | None      | 2025.9.1 |
| lz4         | 4.3.2                                       | None      | 4.3.2    |
| msgpack     | 1.1.1                                       | None      | 1.1.1    |
| toolz       | 1.0.0                                       | None      | 1.0.0    |
| tornado     | 6.5.1                                       | None      | 6.5.1    |
+-------------+---------------------------------------------+-----------+----------+
2026-04-08 22:43:08,792 - distributed.worker - WARNING - Mismatched versions found

+-------------+---------------------------------------------+-----------+----------+
| Package     | Worker-b411bec2-2c1c-4946-b043-8a484422e661 | Scheduler | Workers  |
+-------------+---------------------------------------------+-----------+----------+
| cloudpickle | 3.1.1                                       | None      | 3.1.1    |
| dask        | 2025.9.1                                    | None      | 2025.9.1 |
| distributed | 2025.9.1                                    | None      | 2025.9.1 |
| lz4         | 4.3.2                                       | None      | 4.3.2    |
| msgpack     | 1.1.1                                       | None      | 1.1.1    |
| toolz       | 1.0.0                                       | None      | 1.0.0    |
| tornado     | 6.5.1                                       | None      | 6.5.1    |
+-------------+---------------------------------------------+-----------+----------+
2026-04-08 22:43:08,792 - distributed.worker - WARNING - Mismatched versions found

+-------------+---------------------------------------------+-----------+----------+
| Package     | Worker-bb404e28-def5-4d27-ba29-c8ec6ee5c86a | Scheduler | Workers  |
+-------------+---------------------------------------------+-----------+----------+
| cloudpickle | 3.1.1                                       | None      | 3.1.1    |
| dask        | 2025.9.1                                    | None      | 2025.9.1 |
| distributed | 2025.9.1                                    | None      | 2025.9.1 |
| lz4         | 4.3.2                                       | None      | 4.3.2    |
| msgpack     | 1.1.1                                       | None      | 1.1.1    |
| toolz       | 1.0.0                                       | None      | 1.0.0    |
| tornado     | 6.5.1                                       | None      | 6.5.1    |
+-------------+---------------------------------------------+-----------+----------+
2026-04-08 22:43:08,797 - distributed.worker - WARNING - Mismatched versions found

+-------------+---------------------------------------------+-----------+----------+
| Package     | Worker-f513f793-fcb7-436b-87b3-45731583d8f0 | Scheduler | Workers  |
+-------------+---------------------------------------------+-----------+----------+
| cloudpickle | 3.1.1                                       | None      | 3.1.1    |
| dask        | 2025.9.1                                    | None      | 2025.9.1 |
| distributed | 2025.9.1                                    | None      | 2025.9.1 |
| lz4         | 4.3.2                                       | None      | 4.3.2    |
| msgpack     | 1.1.1                                       | None      | 1.1.1    |
| toolz       | 1.0.0                                       | None      | 1.0.0    |
| tornado     | 6.5.1                                       | None      | 6.5.1    |
+-------------+---------------------------------------------+-----------+----------+
2026-04-08 22:43:08,798 - distributed.worker - WARNING - Mismatched versions found

+-------------+---------------------------------------------+-----------+----------+
| Package     | Worker-9b3b678c-b32c-4d71-aacb-b596b0de04f2 | Scheduler | Workers  |
+-------------+---------------------------------------------+-----------+----------+
| cloudpickle | 3.1.1                                       | None      | 3.1.1    |
| dask        | 2025.9.1                                    | None      | 2025.9.1 |
| distributed | 2025.9.1                                    | None      | 2025.9.1 |
| lz4         | 4.3.2                                       | None      | 4.3.2    |
| msgpack     | 1.1.1                                       | None      | 1.1.1    |
| toolz       | 1.0.0                                       | None      | 1.0.0    |
| tornado     | 6.5.1                                       | None      | 6.5.1    |
+-------------+---------------------------------------------+-----------+----------+
2026-04-08 22:43:08,798 - distributed.worker - WARNING - Mismatched versions found

+-------------+---------------------------------------------+-----------+----------+
| Package     | Worker-67ccffa6-2252-41b2-95ce-4a0c97e36289 | Scheduler | Workers  |
+-------------+---------------------------------------------+-----------+----------+
| cloudpickle | 3.1.1                                       | None      | 3.1.1    |
| dask        | 2025.9.1                                    | None      | 2025.9.1 |
| distributed | 2025.9.1                                    | None      | 2025.9.1 |
| lz4         | 4.3.2                                       | None      | 4.3.2    |
| msgpack     | 1.1.1                                       | None      | 1.1.1    |
| toolz       | 1.0.0                                       | None      | 1.0.0    |
| tornado     | 6.5.1                                       | None      | 6.5.1    |
+-------------+---------------------------------------------+-----------+----------+
2026-04-08 22:43:08,802 - distributed.worker - WARNING - Mismatched versions found

+-------------+---------------------------------------------+-----------+----------+
| Package     | Worker-63b8a23f-fa7e-4a25-89e7-1c9c38af1f4b | Scheduler | Workers  |
+-------------+---------------------------------------------+-----------+----------+
| cloudpickle | 3.1.1                                       | None      | 3.1.1    |
| dask        | 2025.9.1                                    | None      | 2025.9.1 |
| distributed | 2025.9.1                                    | None      | 2025.9.1 |
| lz4         | 4.3.2                                       | None      | 4.3.2    |
| msgpack     | 1.1.1                                       | None      | 1.1.1    |
| toolz       | 1.0.0                                       | None      | 1.0.0    |
| tornado     | 6.5.1                                       | None      | 6.5.1    |
+-------------+---------------------------------------------+-----------+----------+
2026-04-08 22:43:08,803 - distributed.worker - WARNING - Mismatched versions found

+-------------+---------------------------------------------+-----------+----------+
| Package     | Worker-2dbc1967-5023-4053-a9c2-71e6253a0384 | Scheduler | Workers  |
+-------------+---------------------------------------------+-----------+----------+
| cloudpickle | 3.1.1                                       | None      | 3.1.1    |
| dask        | 2025.9.1                                    | None      | 2025.9.1 |
| distributed | 2025.9.1                                    | None      | 2025.9.1 |
| lz4         | 4.3.2                                       | None      | 4.3.2    |
| msgpack     | 1.1.1                                       | None      | 1.1.1    |
| toolz       | 1.0.0                                       | None      | 1.0.0    |
| tornado     | 6.5.1                                       | None      | 6.5.1    |
+-------------+---------------------------------------------+-----------+----------+
2026-04-08 22:43:08,810 - distributed.worker - WARNING - Mismatched versions found

+-------------+---------------------------------------------+-----------+----------+
| Package     | Worker-23d381db-96f4-4308-9691-57f3c2cdec91 | Scheduler | Workers  |
+-------------+---------------------------------------------+-----------+----------+
| cloudpickle | 3.1.1                                       | None      | 3.1.1    |
| dask        | 2025.9.1                                    | None      | 2025.9.1 |
| distributed | 2025.9.1                                    | None      | 2025.9.1 |
| lz4         | 4.3.2                                       | None      | 4.3.2    |
| msgpack     | 1.1.1                                       | None      | 1.1.1    |
| toolz       | 1.0.0                                       | None      | 1.0.0    |
| tornado     | 6.5.1                                       | None      | 6.5.1    |
+-------------+---------------------------------------------+-----------+----------+
2026-04-08 22:43:08,811 - distributed.worker - WARNING - Mismatched versions found

+-------------+---------------------------------------------+-----------+----------+
| Package     | Worker-9090ccd6-9b82-4e31-b88a-b24bc4ece5e6 | Scheduler | Workers  |
+-------------+---------------------------------------------+-----------+----------+
| cloudpickle | 3.1.1                                       | None      | 3.1.1    |
| dask        | 2025.9.1                                    | None      | 2025.9.1 |
| distributed | 2025.9.1                                    | None      | 2025.9.1 |
| lz4         | 4.3.2                                       | None      | 4.3.2    |
| msgpack     | 1.1.1                                       | None      | 1.1.1    |
| toolz       | 1.0.0                                       | None      | 1.0.0    |
| tornado     | 6.5.1                                       | None      | 6.5.1    |
+-------------+---------------------------------------------+-----------+----------+
2026-04-08 22:43:08,823 - distributed.worker - WARNING - Mismatched versions found

+-------------+---------------------------------------------+-----------+----------+
| Package     | Worker-9c2c802c-31f7-44b9-8bc4-568a22c14c50 | Scheduler | Workers  |
+-------------+---------------------------------------------+-----------+----------+
| cloudpickle | 3.1.1                                       | None      | 3.1.1    |
| dask        | 2025.9.1                                    | None      | 2025.9.1 |
| distributed | 2025.9.1                                    | None      | 2025.9.1 |
| lz4         | 4.3.2                                       | None      | 4.3.2    |
| msgpack     | 1.1.1                                       | None      | 1.1.1    |
| toolz       | 1.0.0                                       | None      | 1.0.0    |
| tornado     | 6.5.1                                       | None      | 6.5.1    |
+-------------+---------------------------------------------+-----------+----------+
2026-04-08 22:43:08,827 - distributed.worker - WARNING - Mismatched versions found

+-------------+---------------------------------------------+-----------+----------+
| Package     | Worker-3f00d330-9b24-4061-8ba0-040cef7efafb | Scheduler | Workers  |
+-------------+---------------------------------------------+-----------+----------+
| cloudpickle | 3.1.1                                       | None      | 3.1.1    |
| dask        | 2025.9.1                                    | None      | 2025.9.1 |
| distributed | 2025.9.1                                    | None      | 2025.9.1 |
| lz4         | 4.3.2                                       | None      | 4.3.2    |
| msgpack     | 1.1.1                                       | None      | 1.1.1    |
| toolz       | 1.0.0                                       | None      | 1.0.0    |
| tornado     | 6.5.1                                       | None      | 6.5.1    |
+-------------+---------------------------------------------+-----------+----------+
2026-04-08 22:43:08,829 - distributed.worker - WARNING - Mismatched versions found

+-------------+---------------------------------------------+-----------+----------+
| Package     | Worker-d2b5230c-6fbb-42b8-be12-12ef7020b854 | Scheduler | Workers  |
+-------------+---------------------------------------------+-----------+----------+
| cloudpickle | 3.1.1                                       | None      | 3.1.1    |
| dask        | 2025.9.1                                    | None      | 2025.9.1 |
| distributed | 2025.9.1                                    | None      | 2025.9.1 |
| lz4         | 4.3.2                                       | None      | 4.3.2    |
| msgpack     | 1.1.1                                       | None      | 1.1.1    |
| toolz       | 1.0.0                                       | None      | 1.0.0    |
| tornado     | 6.5.1                                       | None      | 6.5.1    |
+-------------+---------------------------------------------+-----------+----------+
2026-04-08 22:43:08,831 - distributed.worker - WARNING - Mismatched versions found

+-------------+---------------------------------------------+-----------+----------+
| Package     | Worker-74ab2808-047b-40ef-8975-4516dc813db3 | Scheduler | Workers  |
+-------------+---------------------------------------------+-----------+----------+
| cloudpickle | 3.1.1                                       | None      | 3.1.1    |
| dask        | 2025.9.1                                    | None      | 2025.9.1 |
| distributed | 2025.9.1                                    | None      | 2025.9.1 |
| lz4         | 4.3.2                                       | None      | 4.3.2    |
| msgpack     | 1.1.1                                       | None      | 1.1.1    |
| toolz       | 1.0.0                                       | None      | 1.0.0    |
| tornado     | 6.5.1                                       | None      | 6.5.1    |
+-------------+---------------------------------------------+-----------+----------+
2026-04-08 22:43:08,833 - distributed.worker - WARNING - Mismatched versions found

+-------------+---------------------------------------------+-----------+----------+
| Package     | Worker-8c614d57-fa07-4a25-9340-1ddcaef50877 | Scheduler | Workers  |
+-------------+---------------------------------------------+-----------+----------+
| cloudpickle | 3.1.1                                       | None      | 3.1.1    |
| dask        | 2025.9.1                                    | None      | 2025.9.1 |
| distributed | 2025.9.1                                    | None      | 2025.9.1 |
| lz4         | 4.3.2                                       | None      | 4.3.2    |
| msgpack     | 1.1.1                                       | None      | 1.1.1    |
| toolz       | 1.0.0                                       | None      | 1.0.0    |
| tornado     | 6.5.1                                       | None      | 6.5.1    |
+-------------+---------------------------------------------+-----------+----------+
2026-04-08 22:43:08,836 - distributed.worker - WARNING - Mismatched versions found

+-------------+---------------------------------------------+-----------+----------+
| Package     | Worker-7a23ebf7-29c2-45df-9485-0ca80e2cb2a0 | Scheduler | Workers  |
+-------------+---------------------------------------------+-----------+----------+
| cloudpickle | 3.1.1                                       | None      | 3.1.1    |
| dask        | 2025.9.1                                    | None      | 2025.9.1 |
| distributed | 2025.9.1                                    | None      | 2025.9.1 |
| lz4         | 4.3.2                                       | None      | 4.3.2    |
| msgpack     | 1.1.1                                       | None      | 1.1.1    |
| toolz       | 1.0.0                                       | None      | 1.0.0    |
| tornado     | 6.5.1                                       | None      | 6.5.1    |
+-------------+---------------------------------------------+-----------+----------+
2026-04-08 22:43:08,840 - distributed.worker - WARNING - Mismatched versions found

+-------------+---------------------------------------------+-----------+----------+
| Package     | Worker-83df8e75-a0ea-4e4b-8157-9c3417d0991d | Scheduler | Workers  |
+-------------+---------------------------------------------+-----------+----------+
| cloudpickle | 3.1.1                                       | None      | 3.1.1    |
| dask        | 2025.9.1                                    | None      | 2025.9.1 |
| distributed | 2025.9.1                                    | None      | 2025.9.1 |
| lz4         | 4.3.2                                       | None      | 4.3.2    |
| msgpack     | 1.1.1                                       | None      | 1.1.1    |
| toolz       | 1.0.0                                       | None      | 1.0.0    |
| tornado     | 6.5.1                                       | None      | 6.5.1    |
+-------------+---------------------------------------------+-----------+----------+
2026-04-08 22:43:08,841 - distributed.worker - WARNING - Mismatched versions found

+-------------+---------------------------------------------+-----------+----------+
| Package     | Worker-8069b73f-7608-4985-9d31-87a640844f7e | Scheduler | Workers  |
+-------------+---------------------------------------------+-----------+----------+
| cloudpickle | 3.1.1                                       | None      | 3.1.1    |
| dask        | 2025.9.1                                    | None      | 2025.9.1 |
| distributed | 2025.9.1                                    | None      | 2025.9.1 |
| lz4         | 4.3.2                                       | None      | 4.3.2    |
| msgpack     | 1.1.1                                       | None      | 1.1.1    |
| toolz       | 1.0.0                                       | None      | 1.0.0    |
| tornado     | 6.5.1                                       | None      | 6.5.1    |
+-------------+---------------------------------------------+-----------+----------+
2026-04-08 22:43:08,845 - distributed.worker - WARNING - Mismatched versions found

+-------------+---------------------------------------------+-----------+----------+
| Package     | Worker-ca6cb50c-03d1-443b-acaa-8bffb1f3e97d | Scheduler | Workers  |
+-------------+---------------------------------------------+-----------+----------+
| cloudpickle | 3.1.1                                       | None      | 3.1.1    |
| dask        | 2025.9.1                                    | None      | 2025.9.1 |
| distributed | 2025.9.1                                    | None      | 2025.9.1 |
| lz4         | 4.3.2                                       | None      | 4.3.2    |
| msgpack     | 1.1.1                                       | None      | 1.1.1    |
| toolz       | 1.0.0                                       | None      | 1.0.0    |
| tornado     | 6.5.1                                       | None      | 6.5.1    |
+-------------+---------------------------------------------+-----------+----------+
2026-04-08 22:43:08,846 - distributed.worker - WARNING - Mismatched versions found

+-------------+---------------------------------------------+-----------+----------+
| Package     | Worker-ba8f0e8f-2ab6-432d-a68d-3d1029711f33 | Scheduler | Workers  |
+-------------+---------------------------------------------+-----------+----------+
| cloudpickle | 3.1.1                                       | None      | 3.1.1    |
| dask        | 2025.9.1                                    | None      | 2025.9.1 |
| distributed | 2025.9.1                                    | None      | 2025.9.1 |
| lz4         | 4.3.2                                       | None      | 4.3.2    |
| msgpack     | 1.1.1                                       | None      | 1.1.1    |
| toolz       | 1.0.0                                       | None      | 1.0.0    |
| tornado     | 6.5.1                                       | None      | 6.5.1    |
+-------------+---------------------------------------------+-----------+----------+
2026-04-08 22:43:08,848 - distributed.worker - WARNING - Mismatched versions found

+-------------+---------------------------------------------+-----------+----------+
| Package     | Worker-557f1f70-9904-4a5a-97bc-1bc9a5d3a9f6 | Scheduler | Workers  |
+-------------+---------------------------------------------+-----------+----------+
| cloudpickle | 3.1.1                                       | None      | 3.1.1    |
| dask        | 2025.9.1                                    | None      | 2025.9.1 |
| distributed | 2025.9.1                                    | None      | 2025.9.1 |
| lz4         | 4.3.2                                       | None      | 4.3.2    |
| msgpack     | 1.1.1                                       | None      | 1.1.1    |
| toolz       | 1.0.0                                       | None      | 1.0.0    |
| tornado     | 6.5.1                                       | None      | 6.5.1    |
+-------------+---------------------------------------------+-----------+----------+
2026-04-08 22:43:08,848 - distributed.worker - WARNING - Mismatched versions found

+-------------+---------------------------------------------+-----------+----------+
| Package     | Worker-899164e5-6270-4a56-ab1b-db2805422c4a | Scheduler | Workers  |
+-------------+---------------------------------------------+-----------+----------+
| cloudpickle | 3.1.1                                       | None      | 3.1.1    |
| dask        | 2025.9.1                                    | None      | 2025.9.1 |
| distributed | 2025.9.1                                    | None      | 2025.9.1 |
| lz4         | 4.3.2                                       | None      | 4.3.2    |
| msgpack     | 1.1.1                                       | None      | 1.1.1    |
| toolz       | 1.0.0                                       | None      | 1.0.0    |
| tornado     | 6.5.1                                       | None      | 6.5.1    |
+-------------+---------------------------------------------+-----------+----------+
2026-04-08 22:43:08,850 - distributed.worker - WARNING - Mismatched versions found

+-------------+---------------------------------------------+-----------+----------+
| Package     | Worker-40dc879d-d182-4661-9f3b-ac4206dcfece | Scheduler | Workers  |
+-------------+---------------------------------------------+-----------+----------+
| cloudpickle | 3.1.1                                       | None      | 3.1.1    |
| dask        | 2025.9.1                                    | None      | 2025.9.1 |
| distributed | 2025.9.1                                    | None      | 2025.9.1 |
| lz4         | 4.3.2                                       | None      | 4.3.2    |
| msgpack     | 1.1.1                                       | None      | 1.1.1    |
| toolz       | 1.0.0                                       | None      | 1.0.0    |
| tornado     | 6.5.1                                       | None      | 6.5.1    |
+-------------+---------------------------------------------+-----------+----------+
2026-04-08 22:43:08,867 - distributed.worker - WARNING - Mismatched versions found

+-------------+---------------------------------------------+-----------+----------+
| Package     | Worker-8a22c3db-5d2f-422c-b0f2-5dd299b92577 | Scheduler | Workers  |
+-------------+---------------------------------------------+-----------+----------+
| cloudpickle | 3.1.1                                       | None      | 3.1.1    |
| dask        | 2025.9.1                                    | None      | 2025.9.1 |
| distributed | 2025.9.1                                    | None      | 2025.9.1 |
| lz4         | 4.3.2                                       | None      | 4.3.2    |
| msgpack     | 1.1.1                                       | None      | 1.1.1    |
| toolz       | 1.0.0                                       | None      | 1.0.0    |
| tornado     | 6.5.1                                       | None      | 6.5.1    |
+-------------+---------------------------------------------+-----------+----------+
2026-04-08 22:43:08,874 - distributed.worker - WARNING - Mismatched versions found

+-------------+---------------------------------------------+-----------+----------+
| Package     | Worker-e391d13b-f5be-4530-901f-3ed7c82fce71 | Scheduler | Workers  |
+-------------+---------------------------------------------+-----------+----------+
| cloudpickle | 3.1.1                                       | None      | 3.1.1    |
| dask        | 2025.9.1                                    | None      | 2025.9.1 |
| distributed | 2025.9.1                                    | None      | 2025.9.1 |
| lz4         | 4.3.2                                       | None      | 4.3.2    |
| msgpack     | 1.1.1                                       | None      | 1.1.1    |
| toolz       | 1.0.0                                       | None      | 1.0.0    |
| tornado     | 6.5.1                                       | None      | 6.5.1    |
+-------------+---------------------------------------------+-----------+----------+
2026-04-08 22:43:08,882 - distributed.worker - WARNING - Mismatched versions found

+-------------+---------------------------------------------+-----------+----------+
| Package     | Worker-1232b9e3-d450-42c9-880a-92b98d0b9ffe | Scheduler | Workers  |
+-------------+---------------------------------------------+-----------+----------+
| cloudpickle | 3.1.1                                       | None      | 3.1.1    |
| dask        | 2025.9.1                                    | None      | 2025.9.1 |
| distributed | 2025.9.1                                    | None      | 2025.9.1 |
| lz4         | 4.3.2                                       | None      | 4.3.2    |
| msgpack     | 1.1.1                                       | None      | 1.1.1    |
| toolz       | 1.0.0                                       | None      | 1.0.0    |
| tornado     | 6.5.1                                       | None      | 6.5.1    |
+-------------+---------------------------------------------+-----------+----------+
2026-04-08 22:43:08,883 - distributed.worker - WARNING - Mismatched versions found

+-------------+---------------------------------------------+-----------+----------+
| Package     | Worker-97d3b31b-2848-4419-9630-ade9702b63c8 | Scheduler | Workers  |
+-------------+---------------------------------------------+-----------+----------+
| cloudpickle | 3.1.1                                       | None      | 3.1.1    |
| dask        | 2025.9.1                                    | None      | 2025.9.1 |
| distributed | 2025.9.1                                    | None      | 2025.9.1 |
| lz4         | 4.3.2                                       | None      | 4.3.2    |
| msgpack     | 1.1.1                                       | None      | 1.1.1    |
| toolz       | 1.0.0                                       | None      | 1.0.0    |
| tornado     | 6.5.1                                       | None      | 6.5.1    |
+-------------+---------------------------------------------+-----------+----------+
2026-04-08 22:43:08,890 - distributed.worker - WARNING - Mismatched versions found

+-------------+---------------------------------------------+-----------+----------+
| Package     | Worker-70bfcdd0-d9a8-46fc-b6c9-1f187d4e2ce6 | Scheduler | Workers  |
+-------------+---------------------------------------------+-----------+----------+
| cloudpickle | 3.1.1                                       | None      | 3.1.1    |
| dask        | 2025.9.1                                    | None      | 2025.9.1 |
| distributed | 2025.9.1                                    | None      | 2025.9.1 |
| lz4         | 4.3.2                                       | None      | 4.3.2    |
| msgpack     | 1.1.1                                       | None      | 1.1.1    |
| toolz       | 1.0.0                                       | None      | 1.0.0    |
| tornado     | 6.5.1                                       | None      | 6.5.1    |
+-------------+---------------------------------------------+-----------+----------+
2026-04-08 22:43:08,891 - distributed.worker - WARNING - Mismatched versions found

+-------------+---------------------------------------------+-----------+----------+
| Package     | Worker-43ec1176-03eb-4633-ae05-a2778c15853a | Scheduler | Workers  |
+-------------+---------------------------------------------+-----------+----------+
| cloudpickle | 3.1.1                                       | None      | 3.1.1    |
| dask        | 2025.9.1                                    | None      | 2025.9.1 |
| distributed | 2025.9.1                                    | None      | 2025.9.1 |
| lz4         | 4.3.2                                       | None      | 4.3.2    |
| msgpack     | 1.1.1                                       | None      | 1.1.1    |
| toolz       | 1.0.0                                       | None      | 1.0.0    |
| tornado     | 6.5.1                                       | None      | 6.5.1    |
+-------------+---------------------------------------------+-----------+----------+
2026-04-08 22:43:08,896 - distributed.worker - WARNING - Mismatched versions found

+-------------+---------------------------------------------+-----------+----------+
| Package     | Worker-44ce4a83-456e-4cc7-942a-0aa460ced85a | Scheduler | Workers  |
+-------------+---------------------------------------------+-----------+----------+
| cloudpickle | 3.1.1                                       | None      | 3.1.1    |
| dask        | 2025.9.1                                    | None      | 2025.9.1 |
| distributed | 2025.9.1                                    | None      | 2025.9.1 |
| lz4         | 4.3.2                                       | None      | 4.3.2    |
| msgpack     | 1.1.1                                       | None      | 1.1.1    |
| toolz       | 1.0.0                                       | None      | 1.0.0    |
| tornado     | 6.5.1                                       | None      | 6.5.1    |
+-------------+---------------------------------------------+-----------+----------+
2026-04-08 22:43:08,901 - distributed.worker - WARNING - Mismatched versions found

+-------------+---------------------------------------------+-----------+----------+
| Package     | Worker-2b262acc-61ec-42f0-a845-7924ff0600ea | Scheduler | Workers  |
+-------------+---------------------------------------------+-----------+----------+
| cloudpickle | 3.1.1                                       | None      | 3.1.1    |
| dask        | 2025.9.1                                    | None      | 2025.9.1 |
| distributed | 2025.9.1                                    | None      | 2025.9.1 |
| lz4         | 4.3.2                                       | None      | 4.3.2    |
| msgpack     | 1.1.1                                       | None      | 1.1.1    |
| toolz       | 1.0.0                                       | None      | 1.0.0    |
| tornado     | 6.5.1                                       | None      | 6.5.1    |
+-------------+---------------------------------------------+-----------+----------+
2026-04-08 22:43:08,909 - distributed.worker - WARNING - Mismatched versions found

+-------------+---------------------------------------------+-----------+----------+
| Package     | Worker-400b0723-dafa-43f8-8520-1ccbc943dcf0 | Scheduler | Workers  |
+-------------+---------------------------------------------+-----------+----------+
| cloudpickle | 3.1.1                                       | None      | 3.1.1    |
| dask        | 2025.9.1                                    | None      | 2025.9.1 |
| distributed | 2025.9.1                                    | None      | 2025.9.1 |
| lz4         | 4.3.2                                       | None      | 4.3.2    |
| msgpack     | 1.1.1                                       | None      | 1.1.1    |
| toolz       | 1.0.0                                       | None      | 1.0.0    |
| tornado     | 6.5.1                                       | None      | 6.5.1    |
+-------------+---------------------------------------------+-----------+----------+
2026-04-08 22:43:08,909 - distributed.worker - WARNING - Mismatched versions found

+-------------+---------------------------------------------+-----------+----------+
| Package     | Worker-d92c2884-f592-45a2-a9ec-0ab26cdbd50f | Scheduler | Workers  |
+-------------+---------------------------------------------+-----------+----------+
| cloudpickle | 3.1.1                                       | None      | 3.1.1    |
| dask        | 2025.9.1                                    | None      | 2025.9.1 |
| distributed | 2025.9.1                                    | None      | 2025.9.1 |
| lz4         | 4.3.2                                       | None      | 4.3.2    |
| msgpack     | 1.1.1                                       | None      | 1.1.1    |
| toolz       | 1.0.0                                       | None      | 1.0.0    |
| tornado     | 6.5.1                                       | None      | 6.5.1    |
+-------------+---------------------------------------------+-----------+----------+
2026-04-08 22:43:08,911 - distributed.worker - WARNING - Mismatched versions found

+-------------+---------------------------------------------+-----------+----------+
| Package     | Worker-2bc69d61-3d52-49a0-ae62-6c085328e564 | Scheduler | Workers  |
+-------------+---------------------------------------------+-----------+----------+
| cloudpickle | 3.1.1                                       | None      | 3.1.1    |
| dask        | 2025.9.1                                    | None      | 2025.9.1 |
| distributed | 2025.9.1                                    | None      | 2025.9.1 |
| lz4         | 4.3.2                                       | None      | 4.3.2    |
| msgpack     | 1.1.1                                       | None      | 1.1.1    |
| toolz       | 1.0.0                                       | None      | 1.0.0    |
| tornado     | 6.5.1                                       | None      | 6.5.1    |
+-------------+---------------------------------------------+-----------+----------+
2026-04-08 22:43:08,919 - distributed.worker - WARNING - Mismatched versions found

+-------------+---------------------------------------------+-----------+----------+
| Package     | Worker-94f40fc2-6eae-40fd-860e-740dee5929b1 | Scheduler | Workers  |
+-------------+---------------------------------------------+-----------+----------+
| cloudpickle | 3.1.1                                       | None      | 3.1.1    |
| dask        | 2025.9.1                                    | None      | 2025.9.1 |
| distributed | 2025.9.1                                    | None      | 2025.9.1 |
| lz4         | 4.3.2                                       | None      | 4.3.2    |
| msgpack     | 1.1.1                                       | None      | 1.1.1    |
| toolz       | 1.0.0                                       | None      | 1.0.0    |
| tornado     | 6.5.1                                       | None      | 6.5.1    |
+-------------+---------------------------------------------+-----------+----------+
2026-04-08 22:43:08,922 - distributed.worker - WARNING - Mismatched versions found

+-------------+---------------------------------------------+-----------+----------+
| Package     | Worker-f279b496-05cc-41cb-89f4-b1dcf51ed82e | Scheduler | Workers  |
+-------------+---------------------------------------------+-----------+----------+
| cloudpickle | 3.1.1                                       | None      | 3.1.1    |
| dask        | 2025.9.1                                    | None      | 2025.9.1 |
| distributed | 2025.9.1                                    | None      | 2025.9.1 |
| lz4         | 4.3.2                                       | None      | 4.3.2    |
| msgpack     | 1.1.1                                       | None      | 1.1.1    |
| toolz       | 1.0.0                                       | None      | 1.0.0    |
| tornado     | 6.5.1                                       | None      | 6.5.1    |
+-------------+---------------------------------------------+-----------+----------+
2026-04-08 22:43:08,943 - distributed.worker - WARNING - Mismatched versions found

+-------------+---------------------------------------------+-----------+----------+
| Package     | Worker-cc38010c-b538-4b73-afde-e614513d9917 | Scheduler | Workers  |
+-------------+---------------------------------------------+-----------+----------+
| cloudpickle | 3.1.1                                       | None      | 3.1.1    |
| dask        | 2025.9.1                                    | None      | 2025.9.1 |
| distributed | 2025.9.1                                    | None      | 2025.9.1 |
| lz4         | 4.3.2                                       | None      | 4.3.2    |
| msgpack     | 1.1.1                                       | None      | 1.1.1    |
| toolz       | 1.0.0                                       | None      | 1.0.0    |
| tornado     | 6.5.1                                       | None      | 6.5.1    |
+-------------+---------------------------------------------+-----------+----------+
2026-04-08 22:43:08,950 - distributed.worker - WARNING - Mismatched versions found

+-------------+---------------------------------------------+-----------+----------+
| Package     | Worker-de053b89-749a-4cbc-91fb-8b18bcdf5543 | Scheduler | Workers  |
+-------------+---------------------------------------------+-----------+----------+
| cloudpickle | 3.1.1                                       | None      | 3.1.1    |
| dask        | 2025.9.1                                    | None      | 2025.9.1 |
| distributed | 2025.9.1                                    | None      | 2025.9.1 |
| lz4         | 4.3.2                                       | None      | 4.3.2    |
| msgpack     | 1.1.1                                       | None      | 1.1.1    |
| toolz       | 1.0.0                                       | None      | 1.0.0    |
| tornado     | 6.5.1                                       | None      | 6.5.1    |
+-------------+---------------------------------------------+-----------+----------+
2026-04-08 22:43:08,953 - distributed.worker - WARNING - Mismatched versions found

+-------------+---------------------------------------------+-----------+----------+
| Package     | Worker-f64b13eb-30a1-4dcb-b45d-651f1ae5795d | Scheduler | Workers  |
+-------------+---------------------------------------------+-----------+----------+
| cloudpickle | 3.1.1                                       | None      | 3.1.1    |
| dask        | 2025.9.1                                    | None      | 2025.9.1 |
| distributed | 2025.9.1                                    | None      | 2025.9.1 |
| lz4         | 4.3.2                                       | None      | 4.3.2    |
| msgpack     | 1.1.1                                       | None      | 1.1.1    |
| toolz       | 1.0.0                                       | None      | 1.0.0    |
| tornado     | 6.5.1                                       | None      | 6.5.1    |
+-------------+---------------------------------------------+-----------+----------+
2026-04-08 22:43:08,957 - distributed.worker - WARNING - Mismatched versions found

+-------------+---------------------------------------------+-----------+----------+
| Package     | Worker-e5587463-1982-4a8f-aa26-bbdb8b44712b | Scheduler | Workers  |
+-------------+---------------------------------------------+-----------+----------+
| cloudpickle | 3.1.1                                       | None      | 3.1.1    |
| dask        | 2025.9.1                                    | None      | 2025.9.1 |
| distributed | 2025.9.1                                    | None      | 2025.9.1 |
| lz4         | 4.3.2                                       | None      | 4.3.2    |
| msgpack     | 1.1.1                                       | None      | 1.1.1    |
| toolz       | 1.0.0                                       | None      | 1.0.0    |
| tornado     | 6.5.1                                       | None      | 6.5.1    |
+-------------+---------------------------------------------+-----------+----------+
2026-04-08 22:43:08,961 - distributed.worker - WARNING - Mismatched versions found

+-------------+---------------------------------------------+-----------+----------+
| Package     | Worker-f61a77d8-a72d-4a29-86bf-85da7265b43b | Scheduler | Workers  |
+-------------+---------------------------------------------+-----------+----------+
| cloudpickle | 3.1.1                                       | None      | 3.1.1    |
| dask        | 2025.9.1                                    | None      | 2025.9.1 |
| distributed | 2025.9.1                                    | None      | 2025.9.1 |
| lz4         | 4.3.2                                       | None      | 4.3.2    |
| msgpack     | 1.1.1                                       | None      | 1.1.1    |
| toolz       | 1.0.0                                       | None      | 1.0.0    |
| tornado     | 6.5.1                                       | None      | 6.5.1    |
+-------------+---------------------------------------------+-----------+----------+
2026-04-08 22:43:08,962 - distributed.worker - WARNING - Mismatched versions found

+-------------+---------------------------------------------+-----------+----------+
| Package     | Worker-ca646132-d087-491c-a8b2-e97eb3818452 | Scheduler | Workers  |
+-------------+---------------------------------------------+-----------+----------+
| cloudpickle | 3.1.1                                       | None      | 3.1.1    |
| dask        | 2025.9.1                                    | None      | 2025.9.1 |
| distributed | 2025.9.1                                    | None      | 2025.9.1 |
| lz4         | 4.3.2                                       | None      | 4.3.2    |
| msgpack     | 1.1.1                                       | None      | 1.1.1    |
| toolz       | 1.0.0                                       | None      | 1.0.0    |
| tornado     | 6.5.1                                       | None      | 6.5.1    |
+-------------+---------------------------------------------+-----------+----------+
2026-04-08 22:43:08,969 - distributed.worker - WARNING - Mismatched versions found

+-------------+---------------------------------------------+-----------+----------+
| Package     | Worker-ebf54d98-ebd6-493f-b05e-12ac7022df14 | Scheduler | Workers  |
+-------------+---------------------------------------------+-----------+----------+
| cloudpickle | 3.1.1                                       | None      | 3.1.1    |
| dask        | 2025.9.1                                    | None      | 2025.9.1 |
| distributed | 2025.9.1                                    | None      | 2025.9.1 |
| lz4         | 4.3.2                                       | None      | 4.3.2    |
| msgpack     | 1.1.1                                       | None      | 1.1.1    |
| toolz       | 1.0.0                                       | None      | 1.0.0    |
| tornado     | 6.5.1                                       | None      | 6.5.1    |
+-------------+---------------------------------------------+-----------+----------+
2026-04-08 22:43:08,981 - distributed.worker - WARNING - Mismatched versions found

+-------------+---------------------------------------------+-----------+----------+
| Package     | Worker-7bf78033-66e4-42c6-8109-7b6b85f10f98 | Scheduler | Workers  |
+-------------+---------------------------------------------+-----------+----------+
| cloudpickle | 3.1.1                                       | None      | 3.1.1    |
| dask        | 2025.9.1                                    | None      | 2025.9.1 |
| distributed | 2025.9.1                                    | None      | 2025.9.1 |
| lz4         | 4.3.2                                       | None      | 4.3.2    |
| msgpack     | 1.1.1                                       | None      | 1.1.1    |
| toolz       | 1.0.0                                       | None      | 1.0.0    |
| tornado     | 6.5.1                                       | None      | 6.5.1    |
+-------------+---------------------------------------------+-----------+----------+
2026-04-08 22:43:08,983 - distributed.worker - WARNING - Mismatched versions found

+-------------+---------------------------------------------+-----------+----------+
| Package     | Worker-943d96bd-fe0d-4c04-93c8-b53e6cbc46b0 | Scheduler | Workers  |
+-------------+---------------------------------------------+-----------+----------+
| cloudpickle | 3.1.1                                       | None      | 3.1.1    |
| dask        | 2025.9.1                                    | None      | 2025.9.1 |
| distributed | 2025.9.1                                    | None      | 2025.9.1 |
| lz4         | 4.3.2                                       | None      | 4.3.2    |
| msgpack     | 1.1.1                                       | None      | 1.1.1    |
| toolz       | 1.0.0                                       | None      | 1.0.0    |
| tornado     | 6.5.1                                       | None      | 6.5.1    |
+-------------+---------------------------------------------+-----------+----------+
2026-04-08 22:43:08,983 - distributed.worker - WARNING - Mismatched versions found

+-------------+---------------------------------------------+-----------+----------+
| Package     | Worker-cae44c53-c721-426a-b90c-9bdf45248691 | Scheduler | Workers  |
+-------------+---------------------------------------------+-----------+----------+
| cloudpickle | 3.1.1                                       | None      | 3.1.1    |
| dask        | 2025.9.1                                    | None      | 2025.9.1 |
| distributed | 2025.9.1                                    | None      | 2025.9.1 |
| lz4         | 4.3.2                                       | None      | 4.3.2    |
| msgpack     | 1.1.1                                       | None      | 1.1.1    |
| toolz       | 1.0.0                                       | None      | 1.0.0    |
| tornado     | 6.5.1                                       | None      | 6.5.1    |
+-------------+---------------------------------------------+-----------+----------+
2026-04-08 22:43:08,984 - distributed.worker - WARNING - Mismatched versions found

+-------------+---------------------------------------------+-----------+----------+
| Package     | Worker-a7e674e9-b3bc-4426-9b15-c1ffe5128933 | Scheduler | Workers  |
+-------------+---------------------------------------------+-----------+----------+
| cloudpickle | 3.1.1                                       | None      | 3.1.1    |
| dask        | 2025.9.1                                    | None      | 2025.9.1 |
| distributed | 2025.9.1                                    | None      | 2025.9.1 |
| lz4         | 4.3.2                                       | None      | 4.3.2    |
| msgpack     | 1.1.1                                       | None      | 1.1.1    |
| toolz       | 1.0.0                                       | None      | 1.0.0    |
| tornado     | 6.5.1                                       | None      | 6.5.1    |
+-------------+---------------------------------------------+-----------+----------+
2026-04-08 22:43:08,994 - distributed.worker - WARNING - Mismatched versions found

+-------------+---------------------------------------------+-----------+----------+
| Package     | Worker-545030f3-1375-4537-82a8-e2127b6577c6 | Scheduler | Workers  |
+-------------+---------------------------------------------+-----------+----------+
| cloudpickle | 3.1.1                                       | None      | 3.1.1    |
| dask        | 2025.9.1                                    | None      | 2025.9.1 |
| distributed | 2025.9.1                                    | None      | 2025.9.1 |
| lz4         | 4.3.2                                       | None      | 4.3.2    |
| msgpack     | 1.1.1                                       | None      | 1.1.1    |
| toolz       | 1.0.0                                       | None      | 1.0.0    |
| tornado     | 6.5.1                                       | None      | 6.5.1    |
+-------------+---------------------------------------------+-----------+----------+
2026-04-08 22:43:08,995 - distributed.worker - WARNING - Mismatched versions found

+-------------+---------------------------------------------+-----------+----------+
| Package     | Worker-46378ca3-7435-4373-bdc0-ae20b40d4a10 | Scheduler | Workers  |
+-------------+---------------------------------------------+-----------+----------+
| cloudpickle | 3.1.1                                       | None      | 3.1.1    |
| dask        | 2025.9.1                                    | None      | 2025.9.1 |
| distributed | 2025.9.1                                    | None      | 2025.9.1 |
| lz4         | 4.3.2                                       | None      | 4.3.2    |
| msgpack     | 1.1.1                                       | None      | 1.1.1    |
| toolz       | 1.0.0                                       | None      | 1.0.0    |
| tornado     | 6.5.1                                       | None      | 6.5.1    |
+-------------+---------------------------------------------+-----------+----------+
2026-04-08 22:43:08,995 - distributed.worker - WARNING - Mismatched versions found

+-------------+---------------------------------------------+-----------+----------+
| Package     | Worker-3f91902e-c66a-44d9-b5af-a86712f42d31 | Scheduler | Workers  |
+-------------+---------------------------------------------+-----------+----------+
| cloudpickle | 3.1.1                                       | None      | 3.1.1    |
| dask        | 2025.9.1                                    | None      | 2025.9.1 |
| distributed | 2025.9.1                                    | None      | 2025.9.1 |
| lz4         | 4.3.2                                       | None      | 4.3.2    |
| msgpack     | 1.1.1                                       | None      | 1.1.1    |
| toolz       | 1.0.0                                       | None      | 1.0.0    |
| tornado     | 6.5.1                                       | None      | 6.5.1    |
+-------------+---------------------------------------------+-----------+----------+
2026-04-08 22:43:08,998 - distributed.worker - WARNING - Mismatched versions found

+-------------+---------------------------------------------+-----------+----------+
| Package     | Worker-2849ef9a-747c-463c-8c11-b17c6360d21a | Scheduler | Workers  |
+-------------+---------------------------------------------+-----------+----------+
| cloudpickle | 3.1.1                                       | None      | 3.1.1    |
| dask        | 2025.9.1                                    | None      | 2025.9.1 |
| distributed | 2025.9.1                                    | None      | 2025.9.1 |
| lz4         | 4.3.2                                       | None      | 4.3.2    |
| msgpack     | 1.1.1                                       | None      | 1.1.1    |
| toolz       | 1.0.0                                       | None      | 1.0.0    |
| tornado     | 6.5.1                                       | None      | 6.5.1    |
+-------------+---------------------------------------------+-----------+----------+
2026-04-08 22:43:09,007 - distributed.worker - WARNING - Mismatched versions found

+-------------+---------------------------------------------+-----------+----------+
| Package     | Worker-3b1b488a-0039-464a-9123-903d22da598e | Scheduler | Workers  |
+-------------+---------------------------------------------+-----------+----------+
| cloudpickle | 3.1.1                                       | None      | 3.1.1    |
| dask        | 2025.9.1                                    | None      | 2025.9.1 |
| distributed | 2025.9.1                                    | None      | 2025.9.1 |
| lz4         | 4.3.2                                       | None      | 4.3.2    |
| msgpack     | 1.1.1                                       | None      | 1.1.1    |
| toolz       | 1.0.0                                       | None      | 1.0.0    |
| tornado     | 6.5.1                                       | None      | 6.5.1    |
+-------------+---------------------------------------------+-----------+----------+
2026-04-08 22:43:09,036 - distributed.worker - WARNING - Mismatched versions found

+-------------+---------------------------------------------+-----------+----------+
| Package     | Worker-88a6b5fe-f4e8-4009-918e-91ee6723ef96 | Scheduler | Workers  |
+-------------+---------------------------------------------+-----------+----------+
| cloudpickle | 3.1.1                                       | None      | 3.1.1    |
| dask        | 2025.9.1                                    | None      | 2025.9.1 |
| distributed | 2025.9.1                                    | None      | 2025.9.1 |
| lz4         | 4.3.2                                       | None      | 4.3.2    |
| msgpack     | 1.1.1                                       | None      | 1.1.1    |
| toolz       | 1.0.0                                       | None      | 1.0.0    |
| tornado     | 6.5.1                                       | None      | 6.5.1    |
+-------------+---------------------------------------------+-----------+----------+
2026-04-08 22:43:09,039 - distributed.worker - WARNING - Mismatched versions found

+-------------+---------------------------------------------+-----------+----------+
| Package     | Worker-8b1cd6d6-1ec0-4c04-842e-1dd36e37bbb2 | Scheduler | Workers  |
+-------------+---------------------------------------------+-----------+----------+
| cloudpickle | 3.1.1                                       | None      | 3.1.1    |
| dask        | 2025.9.1                                    | None      | 2025.9.1 |
| distributed | 2025.9.1                                    | None      | 2025.9.1 |
| lz4         | 4.3.2                                       | None      | 4.3.2    |
| msgpack     | 1.1.1                                       | None      | 1.1.1    |
| toolz       | 1.0.0                                       | None      | 1.0.0    |
| tornado     | 6.5.1                                       | None      | 6.5.1    |
+-------------+---------------------------------------------+-----------+----------+
2026-04-08 22:43:09,135 - distributed.worker - WARNING - Mismatched versions found

+-------------+---------------------------------------------+-----------+----------+
| Package     | Worker-982eb6f9-ff9d-406b-a69a-6c66291da21a | Scheduler | Workers  |
+-------------+---------------------------------------------+-----------+----------+
| cloudpickle | 3.1.1                                       | None      | 3.1.1    |
| dask        | 2025.9.1                                    | None      | 2025.9.1 |
| distributed | 2025.9.1                                    | None      | 2025.9.1 |
| lz4         | 4.3.2                                       | None      | 4.3.2    |
| msgpack     | 1.1.1                                       | None      | 1.1.1    |
| toolz       | 1.0.0                                       | None      | 1.0.0    |
| tornado     | 6.5.1                                       | None      | 6.5.1    |
+-------------+---------------------------------------------+-----------+----------+
