real-time non-blocking time  (microseconds, -R) unlimited
core file size              (blocks, -c) 0
data seg size               (kbytes, -d) unlimited
scheduling priority                 (-e) 0
file size                   (blocks, -f) unlimited
pending signals                     (-i) 16512639
max locked memory           (kbytes, -l) 528414700
max memory size             (kbytes, -m) unlimited
open files                          (-n) 8192
pipe size                (512 bytes, -p) 8
POSIX message queues         (bytes, -q) 819200
real-time priority                  (-r) 0
stack size                  (kbytes, -s) 8192
cpu time                   (seconds, -t) unlimited
max user processes                  (-u) 16512639
virtual memory              (kbytes, -v) unlimited
file locks                          (-x) unlimited
Virtual environment activated
Python executable: /home/Shared/UniBe-swiss-ndvi/GitHub/swiss-ndvi-processing/.venv/bin/python
Python version: Python 3.12.3

2017-04-01
2025-11-30
Current commit:
8f8839b4d3a38aceae318fc8e68c5f5dd66f5354

Commit details:
* 8f8839b (HEAD -> setup-tunder-FB) Update creation of COGTIFF
* 41f9c96 (origin/setup-tunder-FB) refactor: make function variants in historical benchmark comparable
* c422b75 Add benchmark between different historical codes
* 05d66be Fix ETA calculation
* 642e0ff Add comments on potential performance gains
* 16dd7cb perf: Increase limit of simultaneously open files 1024=>8192
* 73cd2a0 Revert "perf: 120 => 60 cores"
* c9abea9 perf: 120 => 60 cores
* d62e4ff perf: Move persist() of daily interpolated dataset into batch loop
| *   88bb8c2 (refs/stash) On setup-tunder-FB: compiled numba
|/|\  

Working tree status:
On branch setup-tunder-FB
Your branch is ahead of 'origin/setup-tunder-FB' by 1 commit.
  (use "git push" to publish your local commits)

Changes not staged for commit:
  (use "git add <file>..." to update what will be committed)
  (use "git restore <file>..." to discard changes in working directory)
	modified:   4_plot_historic_tiff.py

no changes added to commit (use "git add" and/or "git commit -a")

============================================================
Historic processing started at: 2026-04-18 13:55:13
Log file: /home/Shared/UniBe-swiss-ndvi/GitHub/swiss-ndvi-processing/logs/historic_analysis_2026-04-18_13h55m13.log
============================================================

Running: with arguments: 2017-04-01 2025-11-30
------------------------------------------------------------
------------------------------------------------------------
Running: /home/Shared/UniBe-swiss-ndvi/GitHub/swiss-ndvi-processing/workflow_implementation/MS1_script_for_historical_NDVI/new_historical_processing/1_download_satellite_images.py
Start time: 2026-04-18 13:55:13
Finished: /home/Shared/UniBe-swiss-ndvi/GitHub/swiss-ndvi-processing/workflow_implementation/MS1_script_for_historical_NDVI/new_historical_processing/1_download_satellite_images.py
Duration: 00:00:00 (hh:mm:ss)
Download script returned value: /mnt/data2/UniBe-swiss-ndvi/historic_data/tmp_2026-04-04_18h16_ndvi_01_downloaded_2017-01-01_2025-12-31.zarr

------------------------------------------------------------
------------------------------------------------------------
Running: /home/Shared/UniBe-swiss-ndvi/GitHub/swiss-ndvi-processing/workflow_implementation/MS1_script_for_historical_NDVI/new_historical_processing/4_plot_historic_tiff.py
Start time: 2026-04-18 13:55:13
<Client: 'tcp://127.0.0.1:44709' processes=60 threads=60, memory=670.55 GiB>
http://127.0.0.1:8346/status
/home/Shared/UniBe-swiss-ndvi/GitHub/swiss-ndvi-processing/.venv/lib/python3.12/site-packages/numcodecs/zarr3.py:94: UserWarning: Numcodecs codecs are not in the Zarr version 3 specification and may not be supported by other zarr implementations.
  warn(
/home/Shared/UniBe-swiss-ndvi/GitHub/swiss-ndvi-processing/.venv/lib/python3.12/site-packages/numcodecs/zarr3.py:94: UserWarning: Numcodecs codecs are not in the Zarr version 3 specification and may not be supported by other zarr implementations.
  warn(
/home/Shared/UniBe-swiss-ndvi/GitHub/swiss-ndvi-processing/.venv/lib/python3.12/site-packages/pyproj/crs/_cf1x8.py:514: UserWarning: angle from rectified to skew grid parameter lost in conversion to CF
  warnings.warn(
/home/Shared/UniBe-swiss-ndvi/GitHub/swiss-ndvi-processing/.venv/lib/python3.12/site-packages/rioxarray/raster_writer.py:301: RuntimeWarning: invalid value encountered in cast
  data = encode_cf_variable(out_data.variable).values.astype(
[2026-04-18 13:57:55]
Created /mnt/data1/UniBe-swiss-ndvi/data/tiffs_historic_v7final/20170403_historic.tiff
Created /mnt/data1/UniBe-swiss-ndvi/data/tiffs_historic_v7final/20170403_historic_mask.tiff
[2026-04-18 14:00:08]
Created /mnt/data1/UniBe-swiss-ndvi/data/tiffs_historic_v7final/20170404_historic.tiff
Created /mnt/data1/UniBe-swiss-ndvi/data/tiffs_historic_v7final/20170404_historic_mask.tiff
[2026-04-18 14:02:22]
Created /mnt/data1/UniBe-swiss-ndvi/data/tiffs_historic_v7final/20170405_historic.tiff
Created /mnt/data1/UniBe-swiss-ndvi/data/tiffs_historic_v7final/20170405_historic_mask.tiff
[2026-04-18 14:04:38]
Created /mnt/data1/UniBe-swiss-ndvi/data/tiffs_historic_v7final/20170406_historic.tiff
Created /mnt/data1/UniBe-swiss-ndvi/data/tiffs_historic_v7final/20170406_historic_mask.tiff
[2026-04-18 14:06:48]
Created /mnt/data1/UniBe-swiss-ndvi/data/tiffs_historic_v7final/20170407_historic.tiff
Created /mnt/data1/UniBe-swiss-ndvi/data/tiffs_historic_v7final/20170407_historic_mask.tiff
[2026-04-18 14:09:01]
Created /mnt/data1/UniBe-swiss-ndvi/data/tiffs_historic_v7final/20170408_historic.tiff
Created /mnt/data1/UniBe-swiss-ndvi/data/tiffs_historic_v7final/20170408_historic_mask.tiff
[2026-04-18 14:11:13]
Created /mnt/data1/UniBe-swiss-ndvi/data/tiffs_historic_v7final/20170409_historic.tiff
Created /mnt/data1/UniBe-swiss-ndvi/data/tiffs_historic_v7final/20170409_historic_mask.tiff
[2026-04-18 14:13:24]
Created /mnt/data1/UniBe-swiss-ndvi/data/tiffs_historic_v7final/20170410_historic.tiff
Created /mnt/data1/UniBe-swiss-ndvi/data/tiffs_historic_v7final/20170410_historic_mask.tiff
[2026-04-18 14:15:32]
Created /mnt/data1/UniBe-swiss-ndvi/data/tiffs_historic_v7final/20170411_historic.tiff
Created /mnt/data1/UniBe-swiss-ndvi/data/tiffs_historic_v7final/20170411_historic_mask.tiff
[2026-04-18 14:17:45]
Created /mnt/data1/UniBe-swiss-ndvi/data/tiffs_historic_v7final/20170412_historic.tiff
Created /mnt/data1/UniBe-swiss-ndvi/data/tiffs_historic_v7final/20170412_historic_mask.tiff
[2026-04-18 14:20:00]
Created /mnt/data1/UniBe-swiss-ndvi/data/tiffs_historic_v7final/20170413_historic.tiff
Created /mnt/data1/UniBe-swiss-ndvi/data/tiffs_historic_v7final/20170413_historic_mask.tiff
[2026-04-18 14:22:16]
Created /mnt/data1/UniBe-swiss-ndvi/data/tiffs_historic_v7final/20170414_historic.tiff
Created /mnt/data1/UniBe-swiss-ndvi/data/tiffs_historic_v7final/20170414_historic_mask.tiff
[2026-04-18 14:24:32]
Created /mnt/data1/UniBe-swiss-ndvi/data/tiffs_historic_v7final/20170415_historic.tiff
Created /mnt/data1/UniBe-swiss-ndvi/data/tiffs_historic_v7final/20170415_historic_mask.tiff
[2026-04-18 14:26:48]
Created /mnt/data1/UniBe-swiss-ndvi/data/tiffs_historic_v7final/20170416_historic.tiff
Created /mnt/data1/UniBe-swiss-ndvi/data/tiffs_historic_v7final/20170416_historic_mask.tiff
[2026-04-18 14:29:03]
Created /mnt/data1/UniBe-swiss-ndvi/data/tiffs_historic_v7final/20170417_historic.tiff
Created /mnt/data1/UniBe-swiss-ndvi/data/tiffs_historic_v7final/20170417_historic_mask.tiff
[2026-04-18 14:31:18]
Created /mnt/data1/UniBe-swiss-ndvi/data/tiffs_historic_v7final/20170418_historic.tiff
Created /mnt/data1/UniBe-swiss-ndvi/data/tiffs_historic_v7final/20170418_historic_mask.tiff
[2026-04-18 14:33:35]
Created /mnt/data1/UniBe-swiss-ndvi/data/tiffs_historic_v7final/20170419_historic.tiff
Created /mnt/data1/UniBe-swiss-ndvi/data/tiffs_historic_v7final/20170419_historic_mask.tiff
[2026-04-18 14:35:58]
Created /mnt/data1/UniBe-swiss-ndvi/data/tiffs_historic_v7final/20170420_historic.tiff
Created /mnt/data1/UniBe-swiss-ndvi/data/tiffs_historic_v7final/20170420_historic_mask.tiff
[2026-04-18 14:38:19]
Created /mnt/data1/UniBe-swiss-ndvi/data/tiffs_historic_v7final/20170421_historic.tiff
Created /mnt/data1/UniBe-swiss-ndvi/data/tiffs_historic_v7final/20170421_historic_mask.tiff
[2026-04-18 14:40:38]
Created /mnt/data1/UniBe-swiss-ndvi/data/tiffs_historic_v7final/20170422_historic.tiff
Created /mnt/data1/UniBe-swiss-ndvi/data/tiffs_historic_v7final/20170422_historic_mask.tiff
[2026-04-18 14:42:59]
Created /mnt/data1/UniBe-swiss-ndvi/data/tiffs_historic_v7final/20170423_historic.tiff
Created /mnt/data1/UniBe-swiss-ndvi/data/tiffs_historic_v7final/20170423_historic_mask.tiff
[2026-04-18 14:45:21]
Created /mnt/data1/UniBe-swiss-ndvi/data/tiffs_historic_v7final/20170424_historic.tiff
Created /mnt/data1/UniBe-swiss-ndvi/data/tiffs_historic_v7final/20170424_historic_mask.tiff
[2026-04-18 14:47:38]
Created /mnt/data1/UniBe-swiss-ndvi/data/tiffs_historic_v7final/20170425_historic.tiff
Created /mnt/data1/UniBe-swiss-ndvi/data/tiffs_historic_v7final/20170425_historic_mask.tiff
[2026-04-18 14:50:00]
Created /mnt/data1/UniBe-swiss-ndvi/data/tiffs_historic_v7final/20170426_historic.tiff
Created /mnt/data1/UniBe-swiss-ndvi/data/tiffs_historic_v7final/20170426_historic_mask.tiff
[2026-04-18 14:52:19]
Created /mnt/data1/UniBe-swiss-ndvi/data/tiffs_historic_v7final/20170427_historic.tiff
Created /mnt/data1/UniBe-swiss-ndvi/data/tiffs_historic_v7final/20170427_historic_mask.tiff
[2026-04-18 14:54:35]
Created /mnt/data1/UniBe-swiss-ndvi/data/tiffs_historic_v7final/20170428_historic.tiff
Created /mnt/data1/UniBe-swiss-ndvi/data/tiffs_historic_v7final/20170428_historic_mask.tiff
[2026-04-18 14:56:56]
Created /mnt/data1/UniBe-swiss-ndvi/data/tiffs_historic_v7final/20170429_historic.tiff
Created /mnt/data1/UniBe-swiss-ndvi/data/tiffs_historic_v7final/20170429_historic_mask.tiff
[2026-04-18 14:59:18]
Created /mnt/data1/UniBe-swiss-ndvi/data/tiffs_historic_v7final/20170430_historic.tiff
Created /mnt/data1/UniBe-swiss-ndvi/data/tiffs_historic_v7final/20170430_historic_mask.tiff
[2026-04-18 15:01:37]
Created /mnt/data1/UniBe-swiss-ndvi/data/tiffs_historic_v7final/20170501_historic.tiff
Created /mnt/data1/UniBe-swiss-ndvi/data/tiffs_historic_v7final/20170501_historic_mask.tiff
[2026-04-18 15:03:57]
Created /mnt/data1/UniBe-swiss-ndvi/data/tiffs_historic_v7final/20170502_historic.tiff
Created /mnt/data1/UniBe-swiss-ndvi/data/tiffs_historic_v7final/20170502_historic_mask.tiff
[2026-04-18 15:06:13]
Created /mnt/data1/UniBe-swiss-ndvi/data/tiffs_historic_v7final/20170503_historic.tiff
Created /mnt/data1/UniBe-swiss-ndvi/data/tiffs_historic_v7final/20170503_historic_mask.tiff
[2026-04-18 15:08:29]
Created /mnt/data1/UniBe-swiss-ndvi/data/tiffs_historic_v7final/20170504_historic.tiff
Created /mnt/data1/UniBe-swiss-ndvi/data/tiffs_historic_v7final/20170504_historic_mask.tiff
[2026-04-18 15:10:46]
Created /mnt/data1/UniBe-swiss-ndvi/data/tiffs_historic_v7final/20170505_historic.tiff
Created /mnt/data1/UniBe-swiss-ndvi/data/tiffs_historic_v7final/20170505_historic_mask.tiff
[2026-04-18 15:13:07]
Created /mnt/data1/UniBe-swiss-ndvi/data/tiffs_historic_v7final/20170506_historic.tiff
Created /mnt/data1/UniBe-swiss-ndvi/data/tiffs_historic_v7final/20170506_historic_mask.tiff
[2026-04-18 15:15:29]
Created /mnt/data1/UniBe-swiss-ndvi/data/tiffs_historic_v7final/20170507_historic.tiff
Created /mnt/data1/UniBe-swiss-ndvi/data/tiffs_historic_v7final/20170507_historic_mask.tiff
[2026-04-18 15:17:43]
Created /mnt/data1/UniBe-swiss-ndvi/data/tiffs_historic_v7final/20170508_historic.tiff
Created /mnt/data1/UniBe-swiss-ndvi/data/tiffs_historic_v7final/20170508_historic_mask.tiff
[2026-04-18 15:19:59]
Created /mnt/data1/UniBe-swiss-ndvi/data/tiffs_historic_v7final/20170509_historic.tiff
Created /mnt/data1/UniBe-swiss-ndvi/data/tiffs_historic_v7final/20170509_historic_mask.tiff
[2026-04-18 15:22:21]
Created /mnt/data1/UniBe-swiss-ndvi/data/tiffs_historic_v7final/20170510_historic.tiff
Created /mnt/data1/UniBe-swiss-ndvi/data/tiffs_historic_v7final/20170510_historic_mask.tiff
[2026-04-18 15:24:35]
Created /mnt/data1/UniBe-swiss-ndvi/data/tiffs_historic_v7final/20170511_historic.tiff
Created /mnt/data1/UniBe-swiss-ndvi/data/tiffs_historic_v7final/20170511_historic_mask.tiff
[2026-04-18 15:26:48]
Created /mnt/data1/UniBe-swiss-ndvi/data/tiffs_historic_v7final/20170512_historic.tiff
Created /mnt/data1/UniBe-swiss-ndvi/data/tiffs_historic_v7final/20170512_historic_mask.tiff
[2026-04-18 15:29:00]
Created /mnt/data1/UniBe-swiss-ndvi/data/tiffs_historic_v7final/20170513_historic.tiff
Created /mnt/data1/UniBe-swiss-ndvi/data/tiffs_historic_v7final/20170513_historic_mask.tiff
[2026-04-18 15:31:11]
Created /mnt/data1/UniBe-swiss-ndvi/data/tiffs_historic_v7final/20170514_historic.tiff
Created /mnt/data1/UniBe-swiss-ndvi/data/tiffs_historic_v7final/20170514_historic_mask.tiff
[2026-04-18 15:33:26]
Created /mnt/data1/UniBe-swiss-ndvi/data/tiffs_historic_v7final/20170515_historic.tiff
Created /mnt/data1/UniBe-swiss-ndvi/data/tiffs_historic_v7final/20170515_historic_mask.tiff
[2026-04-18 15:35:42]
Created /mnt/data1/UniBe-swiss-ndvi/data/tiffs_historic_v7final/20170516_historic.tiff
Created /mnt/data1/UniBe-swiss-ndvi/data/tiffs_historic_v7final/20170516_historic_mask.tiff
[2026-04-18 15:37:56]
Created /mnt/data1/UniBe-swiss-ndvi/data/tiffs_historic_v7final/20170517_historic.tiff
Created /mnt/data1/UniBe-swiss-ndvi/data/tiffs_historic_v7final/20170517_historic_mask.tiff
[2026-04-18 15:40:10]
Created /mnt/data1/UniBe-swiss-ndvi/data/tiffs_historic_v7final/20170518_historic.tiff
Created /mnt/data1/UniBe-swiss-ndvi/data/tiffs_historic_v7final/20170518_historic_mask.tiff
[2026-04-18 15:42:27]
Created /mnt/data1/UniBe-swiss-ndvi/data/tiffs_historic_v7final/20170519_historic.tiff
Created /mnt/data1/UniBe-swiss-ndvi/data/tiffs_historic_v7final/20170519_historic_mask.tiff
[2026-04-18 15:44:42]
Created /mnt/data1/UniBe-swiss-ndvi/data/tiffs_historic_v7final/20170520_historic.tiff
Created /mnt/data1/UniBe-swiss-ndvi/data/tiffs_historic_v7final/20170520_historic_mask.tiff
[2026-04-18 15:46:58]
Created /mnt/data1/UniBe-swiss-ndvi/data/tiffs_historic_v7final/20170521_historic.tiff
Created /mnt/data1/UniBe-swiss-ndvi/data/tiffs_historic_v7final/20170521_historic_mask.tiff
[2026-04-18 15:49:17]
Created /mnt/data1/UniBe-swiss-ndvi/data/tiffs_historic_v7final/20170522_historic.tiff
Created /mnt/data1/UniBe-swiss-ndvi/data/tiffs_historic_v7final/20170522_historic_mask.tiff
[2026-04-18 15:51:39]
Created /mnt/data1/UniBe-swiss-ndvi/data/tiffs_historic_v7final/20170523_historic.tiff
Created /mnt/data1/UniBe-swiss-ndvi/data/tiffs_historic_v7final/20170523_historic_mask.tiff
[2026-04-18 15:54:02]
Created /mnt/data1/UniBe-swiss-ndvi/data/tiffs_historic_v7final/20170524_historic.tiff
Created /mnt/data1/UniBe-swiss-ndvi/data/tiffs_historic_v7final/20170524_historic_mask.tiff
[2026-04-18 15:56:21]
Created /mnt/data1/UniBe-swiss-ndvi/data/tiffs_historic_v7final/20170525_historic.tiff
Created /mnt/data1/UniBe-swiss-ndvi/data/tiffs_historic_v7final/20170525_historic_mask.tiff
[2026-04-18 15:58:35]
Created /mnt/data1/UniBe-swiss-ndvi/data/tiffs_historic_v7final/20170526_historic.tiff
Created /mnt/data1/UniBe-swiss-ndvi/data/tiffs_historic_v7final/20170526_historic_mask.tiff
[2026-04-18 16:00:59]
Created /mnt/data1/UniBe-swiss-ndvi/data/tiffs_historic_v7final/20170527_historic.tiff
Created /mnt/data1/UniBe-swiss-ndvi/data/tiffs_historic_v7final/20170527_historic_mask.tiff
[2026-04-18 16:03:36]
Created /mnt/data1/UniBe-swiss-ndvi/data/tiffs_historic_v7final/20170528_historic.tiff
Created /mnt/data1/UniBe-swiss-ndvi/data/tiffs_historic_v7final/20170528_historic_mask.tiff
[2026-04-18 16:05:58]
Created /mnt/data1/UniBe-swiss-ndvi/data/tiffs_historic_v7final/20170529_historic.tiff
Created /mnt/data1/UniBe-swiss-ndvi/data/tiffs_historic_v7final/20170529_historic_mask.tiff
[2026-04-18 16:08:25]
Created /mnt/data1/UniBe-swiss-ndvi/data/tiffs_historic_v7final/20170530_historic.tiff
Created /mnt/data1/UniBe-swiss-ndvi/data/tiffs_historic_v7final/20170530_historic_mask.tiff
[2026-04-18 16:10:45]
Created /mnt/data1/UniBe-swiss-ndvi/data/tiffs_historic_v7final/20170531_historic.tiff
Created /mnt/data1/UniBe-swiss-ndvi/data/tiffs_historic_v7final/20170531_historic_mask.tiff
[2026-04-18 16:13:10]
Created /mnt/data1/UniBe-swiss-ndvi/data/tiffs_historic_v7final/20170601_historic.tiff
Created /mnt/data1/UniBe-swiss-ndvi/data/tiffs_historic_v7final/20170601_historic_mask.tiff
[2026-04-18 16:15:30]
Created /mnt/data1/UniBe-swiss-ndvi/data/tiffs_historic_v7final/20170602_historic.tiff
Created /mnt/data1/UniBe-swiss-ndvi/data/tiffs_historic_v7final/20170602_historic_mask.tiff
[2026-04-18 16:17:50]
Created /mnt/data1/UniBe-swiss-ndvi/data/tiffs_historic_v7final/20170603_historic.tiff
Created /mnt/data1/UniBe-swiss-ndvi/data/tiffs_historic_v7final/20170603_historic_mask.tiff
[2026-04-18 16:20:08]
Created /mnt/data1/UniBe-swiss-ndvi/data/tiffs_historic_v7final/20170604_historic.tiff
Created /mnt/data1/UniBe-swiss-ndvi/data/tiffs_historic_v7final/20170604_historic_mask.tiff
[2026-04-18 16:22:34]
Created /mnt/data1/UniBe-swiss-ndvi/data/tiffs_historic_v7final/20170605_historic.tiff
Created /mnt/data1/UniBe-swiss-ndvi/data/tiffs_historic_v7final/20170605_historic_mask.tiff
[2026-04-18 16:25:05]
Created /mnt/data1/UniBe-swiss-ndvi/data/tiffs_historic_v7final/20170606_historic.tiff
Created /mnt/data1/UniBe-swiss-ndvi/data/tiffs_historic_v7final/20170606_historic_mask.tiff
[2026-04-18 16:27:26]
Created /mnt/data1/UniBe-swiss-ndvi/data/tiffs_historic_v7final/20170607_historic.tiff
Created /mnt/data1/UniBe-swiss-ndvi/data/tiffs_historic_v7final/20170607_historic_mask.tiff
[2026-04-18 16:29:50]
Created /mnt/data1/UniBe-swiss-ndvi/data/tiffs_historic_v7final/20170608_historic.tiff
Created /mnt/data1/UniBe-swiss-ndvi/data/tiffs_historic_v7final/20170608_historic_mask.tiff
[2026-04-18 16:32:13]
Created /mnt/data1/UniBe-swiss-ndvi/data/tiffs_historic_v7final/20170609_historic.tiff
Created /mnt/data1/UniBe-swiss-ndvi/data/tiffs_historic_v7final/20170609_historic_mask.tiff
[2026-04-18 16:34:31]
Created /mnt/data1/UniBe-swiss-ndvi/data/tiffs_historic_v7final/20170610_historic.tiff
Created /mnt/data1/UniBe-swiss-ndvi/data/tiffs_historic_v7final/20170610_historic_mask.tiff
[2026-04-18 16:36:50]
Created /mnt/data1/UniBe-swiss-ndvi/data/tiffs_historic_v7final/20170611_historic.tiff
Created /mnt/data1/UniBe-swiss-ndvi/data/tiffs_historic_v7final/20170611_historic_mask.tiff
[2026-04-18 16:39:12]
Created /mnt/data1/UniBe-swiss-ndvi/data/tiffs_historic_v7final/20170612_historic.tiff
Created /mnt/data1/UniBe-swiss-ndvi/data/tiffs_historic_v7final/20170612_historic_mask.tiff
[2026-04-18 16:41:38]
Created /mnt/data1/UniBe-swiss-ndvi/data/tiffs_historic_v7final/20170613_historic.tiff
Created /mnt/data1/UniBe-swiss-ndvi/data/tiffs_historic_v7final/20170613_historic_mask.tiff
[2026-04-18 16:44:04]
Created /mnt/data1/UniBe-swiss-ndvi/data/tiffs_historic_v7final/20170614_historic.tiff
Created /mnt/data1/UniBe-swiss-ndvi/data/tiffs_historic_v7final/20170614_historic_mask.tiff
[2026-04-18 16:46:36]
Created /mnt/data1/UniBe-swiss-ndvi/data/tiffs_historic_v7final/20170615_historic.tiff
Created /mnt/data1/UniBe-swiss-ndvi/data/tiffs_historic_v7final/20170615_historic_mask.tiff
[2026-04-18 16:49:08]
Created /mnt/data1/UniBe-swiss-ndvi/data/tiffs_historic_v7final/20170616_historic.tiff
Created /mnt/data1/UniBe-swiss-ndvi/data/tiffs_historic_v7final/20170616_historic_mask.tiff
[2026-04-18 16:51:43]
Created /mnt/data1/UniBe-swiss-ndvi/data/tiffs_historic_v7final/20170617_historic.tiff
Created /mnt/data1/UniBe-swiss-ndvi/data/tiffs_historic_v7final/20170617_historic_mask.tiff
[2026-04-18 16:54:17]
Created /mnt/data1/UniBe-swiss-ndvi/data/tiffs_historic_v7final/20170618_historic.tiff
Created /mnt/data1/UniBe-swiss-ndvi/data/tiffs_historic_v7final/20170618_historic_mask.tiff
[2026-04-18 16:57:01]
Created /mnt/data1/UniBe-swiss-ndvi/data/tiffs_historic_v7final/20170619_historic.tiff
Created /mnt/data1/UniBe-swiss-ndvi/data/tiffs_historic_v7final/20170619_historic_mask.tiff
[2026-04-18 16:59:33]
Created /mnt/data1/UniBe-swiss-ndvi/data/tiffs_historic_v7final/20170620_historic.tiff
Created /mnt/data1/UniBe-swiss-ndvi/data/tiffs_historic_v7final/20170620_historic_mask.tiff
[2026-04-18 17:02:01]
Created /mnt/data1/UniBe-swiss-ndvi/data/tiffs_historic_v7final/20170621_historic.tiff
Created /mnt/data1/UniBe-swiss-ndvi/data/tiffs_historic_v7final/20170621_historic_mask.tiff
[2026-04-18 17:04:22]
Created /mnt/data1/UniBe-swiss-ndvi/data/tiffs_historic_v7final/20170622_historic.tiff
Created /mnt/data1/UniBe-swiss-ndvi/data/tiffs_historic_v7final/20170622_historic_mask.tiff
[2026-04-18 17:06:43]
Created /mnt/data1/UniBe-swiss-ndvi/data/tiffs_historic_v7final/20170623_historic.tiff
Created /mnt/data1/UniBe-swiss-ndvi/data/tiffs_historic_v7final/20170623_historic_mask.tiff
[2026-04-18 17:09:02]
Created /mnt/data1/UniBe-swiss-ndvi/data/tiffs_historic_v7final/20170624_historic.tiff
Created /mnt/data1/UniBe-swiss-ndvi/data/tiffs_historic_v7final/20170624_historic_mask.tiff
[2026-04-18 17:11:27]
Created /mnt/data1/UniBe-swiss-ndvi/data/tiffs_historic_v7final/20170625_historic.tiff
Created /mnt/data1/UniBe-swiss-ndvi/data/tiffs_historic_v7final/20170625_historic_mask.tiff
[2026-04-18 17:13:57]
Created /mnt/data1/UniBe-swiss-ndvi/data/tiffs_historic_v7final/20170626_historic.tiff
Created /mnt/data1/UniBe-swiss-ndvi/data/tiffs_historic_v7final/20170626_historic_mask.tiff
[2026-04-18 17:16:22]
Created /mnt/data1/UniBe-swiss-ndvi/data/tiffs_historic_v7final/20170627_historic.tiff
Created /mnt/data1/UniBe-swiss-ndvi/data/tiffs_historic_v7final/20170627_historic_mask.tiff
[2026-04-18 17:18:38]
Created /mnt/data1/UniBe-swiss-ndvi/data/tiffs_historic_v7final/20170628_historic.tiff
Created /mnt/data1/UniBe-swiss-ndvi/data/tiffs_historic_v7final/20170628_historic_mask.tiff
[2026-04-18 17:20:59]
Created /mnt/data1/UniBe-swiss-ndvi/data/tiffs_historic_v7final/20170629_historic.tiff
Created /mnt/data1/UniBe-swiss-ndvi/data/tiffs_historic_v7final/20170629_historic_mask.tiff
[2026-04-18 17:23:25]
Created /mnt/data1/UniBe-swiss-ndvi/data/tiffs_historic_v7final/20170630_historic.tiff
Created /mnt/data1/UniBe-swiss-ndvi/data/tiffs_historic_v7final/20170630_historic_mask.tiff
[2026-04-18 17:25:42]
Created /mnt/data1/UniBe-swiss-ndvi/data/tiffs_historic_v7final/20170701_historic.tiff
Created /mnt/data1/UniBe-swiss-ndvi/data/tiffs_historic_v7final/20170701_historic_mask.tiff
[2026-04-18 17:28:00]
Created /mnt/data1/UniBe-swiss-ndvi/data/tiffs_historic_v7final/20170702_historic.tiff
Created /mnt/data1/UniBe-swiss-ndvi/data/tiffs_historic_v7final/20170702_historic_mask.tiff
[2026-04-18 17:30:25]
Created /mnt/data1/UniBe-swiss-ndvi/data/tiffs_historic_v7final/20170703_historic.tiff
Created /mnt/data1/UniBe-swiss-ndvi/data/tiffs_historic_v7final/20170703_historic_mask.tiff
[2026-04-18 17:32:42]
Created /mnt/data1/UniBe-swiss-ndvi/data/tiffs_historic_v7final/20170704_historic.tiff
Created /mnt/data1/UniBe-swiss-ndvi/data/tiffs_historic_v7final/20170704_historic_mask.tiff
[2026-04-18 17:35:12]
Created /mnt/data1/UniBe-swiss-ndvi/data/tiffs_historic_v7final/20170705_historic.tiff
Created /mnt/data1/UniBe-swiss-ndvi/data/tiffs_historic_v7final/20170705_historic_mask.tiff
[2026-04-18 17:37:34]
Created /mnt/data1/UniBe-swiss-ndvi/data/tiffs_historic_v7final/20170706_historic.tiff
Created /mnt/data1/UniBe-swiss-ndvi/data/tiffs_historic_v7final/20170706_historic_mask.tiff
[2026-04-18 17:39:59]
Created /mnt/data1/UniBe-swiss-ndvi/data/tiffs_historic_v7final/20170707_historic.tiff
Created /mnt/data1/UniBe-swiss-ndvi/data/tiffs_historic_v7final/20170707_historic_mask.tiff
[2026-04-18 17:42:21]
Created /mnt/data1/UniBe-swiss-ndvi/data/tiffs_historic_v7final/20170708_historic.tiff
Created /mnt/data1/UniBe-swiss-ndvi/data/tiffs_historic_v7final/20170708_historic_mask.tiff
[2026-04-18 17:44:39]
Created /mnt/data1/UniBe-swiss-ndvi/data/tiffs_historic_v7final/20170709_historic.tiff
Created /mnt/data1/UniBe-swiss-ndvi/data/tiffs_historic_v7final/20170709_historic_mask.tiff
[2026-04-18 17:47:06]
Created /mnt/data1/UniBe-swiss-ndvi/data/tiffs_historic_v7final/20170710_historic.tiff
Created /mnt/data1/UniBe-swiss-ndvi/data/tiffs_historic_v7final/20170710_historic_mask.tiff
[2026-04-18 17:49:23]
Created /mnt/data1/UniBe-swiss-ndvi/data/tiffs_historic_v7final/20170711_historic.tiff
Created /mnt/data1/UniBe-swiss-ndvi/data/tiffs_historic_v7final/20170711_historic_mask.tiff
[2026-04-18 17:51:40]
Created /mnt/data1/UniBe-swiss-ndvi/data/tiffs_historic_v7final/20170712_historic.tiff
Created /mnt/data1/UniBe-swiss-ndvi/data/tiffs_historic_v7final/20170712_historic_mask.tiff
[2026-04-18 17:54:02]
Created /mnt/data1/UniBe-swiss-ndvi/data/tiffs_historic_v7final/20170713_historic.tiff
Created /mnt/data1/UniBe-swiss-ndvi/data/tiffs_historic_v7final/20170713_historic_mask.tiff
[2026-04-18 17:56:23]
Created /mnt/data1/UniBe-swiss-ndvi/data/tiffs_historic_v7final/20170714_historic.tiff
Created /mnt/data1/UniBe-swiss-ndvi/data/tiffs_historic_v7final/20170714_historic_mask.tiff
[2026-04-18 17:58:53]
Created /mnt/data1/UniBe-swiss-ndvi/data/tiffs_historic_v7final/20170715_historic.tiff
Created /mnt/data1/UniBe-swiss-ndvi/data/tiffs_historic_v7final/20170715_historic_mask.tiff
[2026-04-18 18:01:12]
Created /mnt/data1/UniBe-swiss-ndvi/data/tiffs_historic_v7final/20170716_historic.tiff
Created /mnt/data1/UniBe-swiss-ndvi/data/tiffs_historic_v7final/20170716_historic_mask.tiff
[2026-04-18 18:03:43]
Created /mnt/data1/UniBe-swiss-ndvi/data/tiffs_historic_v7final/20170717_historic.tiff
Created /mnt/data1/UniBe-swiss-ndvi/data/tiffs_historic_v7final/20170717_historic_mask.tiff
[2026-04-18 18:06:14]
Created /mnt/data1/UniBe-swiss-ndvi/data/tiffs_historic_v7final/20170718_historic.tiff
Created /mnt/data1/UniBe-swiss-ndvi/data/tiffs_historic_v7final/20170718_historic_mask.tiff
[2026-04-18 18:08:38]
Created /mnt/data1/UniBe-swiss-ndvi/data/tiffs_historic_v7final/20170719_historic.tiff
Created /mnt/data1/UniBe-swiss-ndvi/data/tiffs_historic_v7final/20170719_historic_mask.tiff
[2026-04-18 18:11:06]
Created /mnt/data1/UniBe-swiss-ndvi/data/tiffs_historic_v7final/20170720_historic.tiff
Created /mnt/data1/UniBe-swiss-ndvi/data/tiffs_historic_v7final/20170720_historic_mask.tiff
[2026-04-18 18:13:32]
Created /mnt/data1/UniBe-swiss-ndvi/data/tiffs_historic_v7final/20170721_historic.tiff
Created /mnt/data1/UniBe-swiss-ndvi/data/tiffs_historic_v7final/20170721_historic_mask.tiff
[2026-04-18 18:16:03]
Created /mnt/data1/UniBe-swiss-ndvi/data/tiffs_historic_v7final/20170722_historic.tiff
Created /mnt/data1/UniBe-swiss-ndvi/data/tiffs_historic_v7final/20170722_historic_mask.tiff
[2026-04-18 18:18:26]
Created /mnt/data1/UniBe-swiss-ndvi/data/tiffs_historic_v7final/20170723_historic.tiff
Created /mnt/data1/UniBe-swiss-ndvi/data/tiffs_historic_v7final/20170723_historic_mask.tiff
[2026-04-18 18:20:53]
Created /mnt/data1/UniBe-swiss-ndvi/data/tiffs_historic_v7final/20170724_historic.tiff
Created /mnt/data1/UniBe-swiss-ndvi/data/tiffs_historic_v7final/20170724_historic_mask.tiff
[2026-04-18 18:23:21]
Created /mnt/data1/UniBe-swiss-ndvi/data/tiffs_historic_v7final/20170725_historic.tiff
Created /mnt/data1/UniBe-swiss-ndvi/data/tiffs_historic_v7final/20170725_historic_mask.tiff
[2026-04-18 18:25:42]
Created /mnt/data1/UniBe-swiss-ndvi/data/tiffs_historic_v7final/20170726_historic.tiff
Created /mnt/data1/UniBe-swiss-ndvi/data/tiffs_historic_v7final/20170726_historic_mask.tiff
[2026-04-18 18:28:05]
Created /mnt/data1/UniBe-swiss-ndvi/data/tiffs_historic_v7final/20170727_historic.tiff
Created /mnt/data1/UniBe-swiss-ndvi/data/tiffs_historic_v7final/20170727_historic_mask.tiff
[2026-04-18 18:30:24]
Created /mnt/data1/UniBe-swiss-ndvi/data/tiffs_historic_v7final/20170728_historic.tiff
Created /mnt/data1/UniBe-swiss-ndvi/data/tiffs_historic_v7final/20170728_historic_mask.tiff
[2026-04-18 18:32:45]
Created /mnt/data1/UniBe-swiss-ndvi/data/tiffs_historic_v7final/20170729_historic.tiff
Created /mnt/data1/UniBe-swiss-ndvi/data/tiffs_historic_v7final/20170729_historic_mask.tiff
[2026-04-18 18:35:02]
Created /mnt/data1/UniBe-swiss-ndvi/data/tiffs_historic_v7final/20170730_historic.tiff
Created /mnt/data1/UniBe-swiss-ndvi/data/tiffs_historic_v7final/20170730_historic_mask.tiff
[2026-04-18 18:37:17]
Created /mnt/data1/UniBe-swiss-ndvi/data/tiffs_historic_v7final/20170731_historic.tiff
Created /mnt/data1/UniBe-swiss-ndvi/data/tiffs_historic_v7final/20170731_historic_mask.tiff
[2026-04-18 18:39:37]
Created /mnt/data1/UniBe-swiss-ndvi/data/tiffs_historic_v7final/20170801_historic.tiff
Created /mnt/data1/UniBe-swiss-ndvi/data/tiffs_historic_v7final/20170801_historic_mask.tiff
[2026-04-18 18:41:59]
Created /mnt/data1/UniBe-swiss-ndvi/data/tiffs_historic_v7final/20170802_historic.tiff
Created /mnt/data1/UniBe-swiss-ndvi/data/tiffs_historic_v7final/20170802_historic_mask.tiff
[2026-04-18 18:44:30]
Created /mnt/data1/UniBe-swiss-ndvi/data/tiffs_historic_v7final/20170803_historic.tiff
Created /mnt/data1/UniBe-swiss-ndvi/data/tiffs_historic_v7final/20170803_historic_mask.tiff
[2026-04-18 18:46:57]
Created /mnt/data1/UniBe-swiss-ndvi/data/tiffs_historic_v7final/20170804_historic.tiff
Created /mnt/data1/UniBe-swiss-ndvi/data/tiffs_historic_v7final/20170804_historic_mask.tiff
[2026-04-18 18:49:38]
Created /mnt/data1/UniBe-swiss-ndvi/data/tiffs_historic_v7final/20170805_historic.tiff
Created /mnt/data1/UniBe-swiss-ndvi/data/tiffs_historic_v7final/20170805_historic_mask.tiff
[2026-04-18 18:52:09]
Created /mnt/data1/UniBe-swiss-ndvi/data/tiffs_historic_v7final/20170806_historic.tiff
Created /mnt/data1/UniBe-swiss-ndvi/data/tiffs_historic_v7final/20170806_historic_mask.tiff
[2026-04-18 18:54:48]
Created /mnt/data1/UniBe-swiss-ndvi/data/tiffs_historic_v7final/20170807_historic.tiff
Created /mnt/data1/UniBe-swiss-ndvi/data/tiffs_historic_v7final/20170807_historic_mask.tiff
[2026-04-18 18:57:30]
Created /mnt/data1/UniBe-swiss-ndvi/data/tiffs_historic_v7final/20170808_historic.tiff
Created /mnt/data1/UniBe-swiss-ndvi/data/tiffs_historic_v7final/20170808_historic_mask.tiff
[2026-04-18 18:59:53]
Created /mnt/data1/UniBe-swiss-ndvi/data/tiffs_historic_v7final/20170809_historic.tiff
Created /mnt/data1/UniBe-swiss-ndvi/data/tiffs_historic_v7final/20170809_historic_mask.tiff
[2026-04-18 19:02:14]
Created /mnt/data1/UniBe-swiss-ndvi/data/tiffs_historic_v7final/20170810_historic.tiff
Created /mnt/data1/UniBe-swiss-ndvi/data/tiffs_historic_v7final/20170810_historic_mask.tiff
[2026-04-18 19:04:34]
Created /mnt/data1/UniBe-swiss-ndvi/data/tiffs_historic_v7final/20170811_historic.tiff
Created /mnt/data1/UniBe-swiss-ndvi/data/tiffs_historic_v7final/20170811_historic_mask.tiff
[2026-04-18 19:06:54]
Created /mnt/data1/UniBe-swiss-ndvi/data/tiffs_historic_v7final/20170812_historic.tiff
Created /mnt/data1/UniBe-swiss-ndvi/data/tiffs_historic_v7final/20170812_historic_mask.tiff
[2026-04-18 19:09:18]
Created /mnt/data1/UniBe-swiss-ndvi/data/tiffs_historic_v7final/20170813_historic.tiff
Created /mnt/data1/UniBe-swiss-ndvi/data/tiffs_historic_v7final/20170813_historic_mask.tiff
[2026-04-18 19:11:45]
Created /mnt/data1/UniBe-swiss-ndvi/data/tiffs_historic_v7final/20170814_historic.tiff
Created /mnt/data1/UniBe-swiss-ndvi/data/tiffs_historic_v7final/20170814_historic_mask.tiff
[2026-04-18 19:14:16]
Created /mnt/data1/UniBe-swiss-ndvi/data/tiffs_historic_v7final/20170815_historic.tiff
Created /mnt/data1/UniBe-swiss-ndvi/data/tiffs_historic_v7final/20170815_historic_mask.tiff
[2026-04-18 19:16:36]
Created /mnt/data1/UniBe-swiss-ndvi/data/tiffs_historic_v7final/20170816_historic.tiff
Created /mnt/data1/UniBe-swiss-ndvi/data/tiffs_historic_v7final/20170816_historic_mask.tiff
[2026-04-18 19:19:06]
Created /mnt/data1/UniBe-swiss-ndvi/data/tiffs_historic_v7final/20170817_historic.tiff
Created /mnt/data1/UniBe-swiss-ndvi/data/tiffs_historic_v7final/20170817_historic_mask.tiff
[2026-04-18 19:21:33]
Created /mnt/data1/UniBe-swiss-ndvi/data/tiffs_historic_v7final/20170818_historic.tiff
Created /mnt/data1/UniBe-swiss-ndvi/data/tiffs_historic_v7final/20170818_historic_mask.tiff
[2026-04-18 19:23:59]
Created /mnt/data1/UniBe-swiss-ndvi/data/tiffs_historic_v7final/20170819_historic.tiff
Created /mnt/data1/UniBe-swiss-ndvi/data/tiffs_historic_v7final/20170819_historic_mask.tiff
[2026-04-18 19:26:20]
Created /mnt/data1/UniBe-swiss-ndvi/data/tiffs_historic_v7final/20170820_historic.tiff
Created /mnt/data1/UniBe-swiss-ndvi/data/tiffs_historic_v7final/20170820_historic_mask.tiff
[2026-04-18 19:28:44]
Created /mnt/data1/UniBe-swiss-ndvi/data/tiffs_historic_v7final/20170821_historic.tiff
Created /mnt/data1/UniBe-swiss-ndvi/data/tiffs_historic_v7final/20170821_historic_mask.tiff
[2026-04-18 19:31:21]
Created /mnt/data1/UniBe-swiss-ndvi/data/tiffs_historic_v7final/20170822_historic.tiff
Created /mnt/data1/UniBe-swiss-ndvi/data/tiffs_historic_v7final/20170822_historic_mask.tiff
[2026-04-18 19:33:46]
Created /mnt/data1/UniBe-swiss-ndvi/data/tiffs_historic_v7final/20170823_historic.tiff
Created /mnt/data1/UniBe-swiss-ndvi/data/tiffs_historic_v7final/20170823_historic_mask.tiff
[2026-04-18 19:36:04]
Created /mnt/data1/UniBe-swiss-ndvi/data/tiffs_historic_v7final/20170824_historic.tiff
Created /mnt/data1/UniBe-swiss-ndvi/data/tiffs_historic_v7final/20170824_historic_mask.tiff
[2026-04-18 19:38:33]
Created /mnt/data1/UniBe-swiss-ndvi/data/tiffs_historic_v7final/20170825_historic.tiff
Created /mnt/data1/UniBe-swiss-ndvi/data/tiffs_historic_v7final/20170825_historic_mask.tiff
[2026-04-18 19:40:54]
Created /mnt/data1/UniBe-swiss-ndvi/data/tiffs_historic_v7final/20170826_historic.tiff
Created /mnt/data1/UniBe-swiss-ndvi/data/tiffs_historic_v7final/20170826_historic_mask.tiff
[2026-04-18 19:43:25]
Created /mnt/data1/UniBe-swiss-ndvi/data/tiffs_historic_v7final/20170827_historic.tiff
Created /mnt/data1/UniBe-swiss-ndvi/data/tiffs_historic_v7final/20170827_historic_mask.tiff
[2026-04-18 19:45:47]
Created /mnt/data1/UniBe-swiss-ndvi/data/tiffs_historic_v7final/20170828_historic.tiff
Created /mnt/data1/UniBe-swiss-ndvi/data/tiffs_historic_v7final/20170828_historic_mask.tiff
[2026-04-18 19:48:03]
Created /mnt/data1/UniBe-swiss-ndvi/data/tiffs_historic_v7final/20170829_historic.tiff
Created /mnt/data1/UniBe-swiss-ndvi/data/tiffs_historic_v7final/20170829_historic_mask.tiff
[2026-04-18 19:50:22]
Created /mnt/data1/UniBe-swiss-ndvi/data/tiffs_historic_v7final/20170830_historic.tiff
Created /mnt/data1/UniBe-swiss-ndvi/data/tiffs_historic_v7final/20170830_historic_mask.tiff
[2026-04-18 19:52:45]
Created /mnt/data1/UniBe-swiss-ndvi/data/tiffs_historic_v7final/20170831_historic.tiff
Created /mnt/data1/UniBe-swiss-ndvi/data/tiffs_historic_v7final/20170831_historic_mask.tiff
[2026-04-18 19:55:05]
Created /mnt/data1/UniBe-swiss-ndvi/data/tiffs_historic_v7final/20170901_historic.tiff
Created /mnt/data1/UniBe-swiss-ndvi/data/tiffs_historic_v7final/20170901_historic_mask.tiff
[2026-04-18 19:57:22]
Created /mnt/data1/UniBe-swiss-ndvi/data/tiffs_historic_v7final/20170902_historic.tiff
Created /mnt/data1/UniBe-swiss-ndvi/data/tiffs_historic_v7final/20170902_historic_mask.tiff
[2026-04-18 19:59:53]
Created /mnt/data1/UniBe-swiss-ndvi/data/tiffs_historic_v7final/20170903_historic.tiff
Created /mnt/data1/UniBe-swiss-ndvi/data/tiffs_historic_v7final/20170903_historic_mask.tiff
[2026-04-18 20:02:25]
Created /mnt/data1/UniBe-swiss-ndvi/data/tiffs_historic_v7final/20170904_historic.tiff
Created /mnt/data1/UniBe-swiss-ndvi/data/tiffs_historic_v7final/20170904_historic_mask.tiff
[2026-04-18 20:04:57]
Created /mnt/data1/UniBe-swiss-ndvi/data/tiffs_historic_v7final/20170905_historic.tiff
Created /mnt/data1/UniBe-swiss-ndvi/data/tiffs_historic_v7final/20170905_historic_mask.tiff
[2026-04-18 20:07:20]
Created /mnt/data1/UniBe-swiss-ndvi/data/tiffs_historic_v7final/20170906_historic.tiff
Created /mnt/data1/UniBe-swiss-ndvi/data/tiffs_historic_v7final/20170906_historic_mask.tiff
[2026-04-18 20:09:44]
Created /mnt/data1/UniBe-swiss-ndvi/data/tiffs_historic_v7final/20170907_historic.tiff
Created /mnt/data1/UniBe-swiss-ndvi/data/tiffs_historic_v7final/20170907_historic_mask.tiff
[2026-04-18 20:12:05]
Created /mnt/data1/UniBe-swiss-ndvi/data/tiffs_historic_v7final/20170908_historic.tiff
Created /mnt/data1/UniBe-swiss-ndvi/data/tiffs_historic_v7final/20170908_historic_mask.tiff
[2026-04-18 20:14:23]
Created /mnt/data1/UniBe-swiss-ndvi/data/tiffs_historic_v7final/20170909_historic.tiff
Created /mnt/data1/UniBe-swiss-ndvi/data/tiffs_historic_v7final/20170909_historic_mask.tiff
[2026-04-18 20:16:41]
Created /mnt/data1/UniBe-swiss-ndvi/data/tiffs_historic_v7final/20170910_historic.tiff
Created /mnt/data1/UniBe-swiss-ndvi/data/tiffs_historic_v7final/20170910_historic_mask.tiff
[2026-04-18 20:19:05]
Created /mnt/data1/UniBe-swiss-ndvi/data/tiffs_historic_v7final/20170911_historic.tiff
Created /mnt/data1/UniBe-swiss-ndvi/data/tiffs_historic_v7final/20170911_historic_mask.tiff
[2026-04-18 20:21:30]
Created /mnt/data1/UniBe-swiss-ndvi/data/tiffs_historic_v7final/20170912_historic.tiff
Created /mnt/data1/UniBe-swiss-ndvi/data/tiffs_historic_v7final/20170912_historic_mask.tiff
[2026-04-18 20:24:00]
Created /mnt/data1/UniBe-swiss-ndvi/data/tiffs_historic_v7final/20170913_historic.tiff
Created /mnt/data1/UniBe-swiss-ndvi/data/tiffs_historic_v7final/20170913_historic_mask.tiff
[2026-04-18 20:26:30]
Created /mnt/data1/UniBe-swiss-ndvi/data/tiffs_historic_v7final/20170914_historic.tiff
Created /mnt/data1/UniBe-swiss-ndvi/data/tiffs_historic_v7final/20170914_historic_mask.tiff
[2026-04-18 20:28:54]
Created /mnt/data1/UniBe-swiss-ndvi/data/tiffs_historic_v7final/20170915_historic.tiff
Created /mnt/data1/UniBe-swiss-ndvi/data/tiffs_historic_v7final/20170915_historic_mask.tiff
[2026-04-18 20:31:25]
Created /mnt/data1/UniBe-swiss-ndvi/data/tiffs_historic_v7final/20170916_historic.tiff
Created /mnt/data1/UniBe-swiss-ndvi/data/tiffs_historic_v7final/20170916_historic_mask.tiff
[2026-04-18 20:33:52]
Created /mnt/data1/UniBe-swiss-ndvi/data/tiffs_historic_v7final/20170917_historic.tiff
Created /mnt/data1/UniBe-swiss-ndvi/data/tiffs_historic_v7final/20170917_historic_mask.tiff
[2026-04-18 20:36:28]
Created /mnt/data1/UniBe-swiss-ndvi/data/tiffs_historic_v7final/20170918_historic.tiff
Created /mnt/data1/UniBe-swiss-ndvi/data/tiffs_historic_v7final/20170918_historic_mask.tiff
[2026-04-18 20:39:09]
Created /mnt/data1/UniBe-swiss-ndvi/data/tiffs_historic_v7final/20170919_historic.tiff
Created /mnt/data1/UniBe-swiss-ndvi/data/tiffs_historic_v7final/20170919_historic_mask.tiff
[2026-04-18 20:41:52]
Created /mnt/data1/UniBe-swiss-ndvi/data/tiffs_historic_v7final/20170920_historic.tiff
Created /mnt/data1/UniBe-swiss-ndvi/data/tiffs_historic_v7final/20170920_historic_mask.tiff
[2026-04-18 20:44:23]
Created /mnt/data1/UniBe-swiss-ndvi/data/tiffs_historic_v7final/20170921_historic.tiff
Created /mnt/data1/UniBe-swiss-ndvi/data/tiffs_historic_v7final/20170921_historic_mask.tiff
[2026-04-18 20:46:50]
Created /mnt/data1/UniBe-swiss-ndvi/data/tiffs_historic_v7final/20170922_historic.tiff
Created /mnt/data1/UniBe-swiss-ndvi/data/tiffs_historic_v7final/20170922_historic_mask.tiff
[2026-04-18 20:49:20]
Created /mnt/data1/UniBe-swiss-ndvi/data/tiffs_historic_v7final/20170923_historic.tiff
Created /mnt/data1/UniBe-swiss-ndvi/data/tiffs_historic_v7final/20170923_historic_mask.tiff
[2026-04-18 20:51:55]
Created /mnt/data1/UniBe-swiss-ndvi/data/tiffs_historic_v7final/20170924_historic.tiff
Created /mnt/data1/UniBe-swiss-ndvi/data/tiffs_historic_v7final/20170924_historic_mask.tiff
[2026-04-18 20:54:26]
Created /mnt/data1/UniBe-swiss-ndvi/data/tiffs_historic_v7final/20170925_historic.tiff
Created /mnt/data1/UniBe-swiss-ndvi/data/tiffs_historic_v7final/20170925_historic_mask.tiff
[2026-04-18 20:57:03]
Created /mnt/data1/UniBe-swiss-ndvi/data/tiffs_historic_v7final/20170926_historic.tiff
Created /mnt/data1/UniBe-swiss-ndvi/data/tiffs_historic_v7final/20170926_historic_mask.tiff
[2026-04-18 20:59:34]
Created /mnt/data1/UniBe-swiss-ndvi/data/tiffs_historic_v7final/20170927_historic.tiff
Created /mnt/data1/UniBe-swiss-ndvi/data/tiffs_historic_v7final/20170927_historic_mask.tiff
[2026-04-18 21:01:58]
Created /mnt/data1/UniBe-swiss-ndvi/data/tiffs_historic_v7final/20170928_historic.tiff
Created /mnt/data1/UniBe-swiss-ndvi/data/tiffs_historic_v7final/20170928_historic_mask.tiff
[2026-04-18 21:04:24]
Created /mnt/data1/UniBe-swiss-ndvi/data/tiffs_historic_v7final/20170929_historic.tiff
Created /mnt/data1/UniBe-swiss-ndvi/data/tiffs_historic_v7final/20170929_historic_mask.tiff
[2026-04-18 21:06:47]
Created /mnt/data1/UniBe-swiss-ndvi/data/tiffs_historic_v7final/20170930_historic.tiff
Created /mnt/data1/UniBe-swiss-ndvi/data/tiffs_historic_v7final/20170930_historic_mask.tiff
[2026-04-18 21:09:11]
Created /mnt/data1/UniBe-swiss-ndvi/data/tiffs_historic_v7final/20171001_historic.tiff
Created /mnt/data1/UniBe-swiss-ndvi/data/tiffs_historic_v7final/20171001_historic_mask.tiff
[2026-04-18 21:11:43]
Created /mnt/data1/UniBe-swiss-ndvi/data/tiffs_historic_v7final/20171002_historic.tiff
Created /mnt/data1/UniBe-swiss-ndvi/data/tiffs_historic_v7final/20171002_historic_mask.tiff
[2026-04-18 21:14:12]
Created /mnt/data1/UniBe-swiss-ndvi/data/tiffs_historic_v7final/20171003_historic.tiff
Created /mnt/data1/UniBe-swiss-ndvi/data/tiffs_historic_v7final/20171003_historic_mask.tiff
[2026-04-18 21:16:48]
Created /mnt/data1/UniBe-swiss-ndvi/data/tiffs_historic_v7final/20171004_historic.tiff
Created /mnt/data1/UniBe-swiss-ndvi/data/tiffs_historic_v7final/20171004_historic_mask.tiff
[2026-04-18 21:19:19]
Created /mnt/data1/UniBe-swiss-ndvi/data/tiffs_historic_v7final/20171005_historic.tiff
Created /mnt/data1/UniBe-swiss-ndvi/data/tiffs_historic_v7final/20171005_historic_mask.tiff
[2026-04-18 21:22:39]
Created /mnt/data1/UniBe-swiss-ndvi/data/tiffs_historic_v7final/20171006_historic.tiff
Created /mnt/data1/UniBe-swiss-ndvi/data/tiffs_historic_v7final/20171006_historic_mask.tiff
[2026-04-18 21:25:12]
Created /mnt/data1/UniBe-swiss-ndvi/data/tiffs_historic_v7final/20171007_historic.tiff
Created /mnt/data1/UniBe-swiss-ndvi/data/tiffs_historic_v7final/20171007_historic_mask.tiff
[2026-04-18 21:27:55]
Created /mnt/data1/UniBe-swiss-ndvi/data/tiffs_historic_v7final/20171008_historic.tiff
Created /mnt/data1/UniBe-swiss-ndvi/data/tiffs_historic_v7final/20171008_historic_mask.tiff
[2026-04-18 21:30:29]
Created /mnt/data1/UniBe-swiss-ndvi/data/tiffs_historic_v7final/20171009_historic.tiff
Created /mnt/data1/UniBe-swiss-ndvi/data/tiffs_historic_v7final/20171009_historic_mask.tiff
[2026-04-18 21:32:59]
Created /mnt/data1/UniBe-swiss-ndvi/data/tiffs_historic_v7final/20171010_historic.tiff
Created /mnt/data1/UniBe-swiss-ndvi/data/tiffs_historic_v7final/20171010_historic_mask.tiff
[2026-04-18 21:35:45]
Created /mnt/data1/UniBe-swiss-ndvi/data/tiffs_historic_v7final/20171011_historic.tiff
Created /mnt/data1/UniBe-swiss-ndvi/data/tiffs_historic_v7final/20171011_historic_mask.tiff
[2026-04-18 21:38:13]
Created /mnt/data1/UniBe-swiss-ndvi/data/tiffs_historic_v7final/20171012_historic.tiff
Created /mnt/data1/UniBe-swiss-ndvi/data/tiffs_historic_v7final/20171012_historic_mask.tiff
[2026-04-18 21:40:42]
Created /mnt/data1/UniBe-swiss-ndvi/data/tiffs_historic_v7final/20171013_historic.tiff
Created /mnt/data1/UniBe-swiss-ndvi/data/tiffs_historic_v7final/20171013_historic_mask.tiff
[2026-04-18 21:43:31]
Created /mnt/data1/UniBe-swiss-ndvi/data/tiffs_historic_v7final/20171014_historic.tiff
Created /mnt/data1/UniBe-swiss-ndvi/data/tiffs_historic_v7final/20171014_historic_mask.tiff
[2026-04-18 21:45:57]
Created /mnt/data1/UniBe-swiss-ndvi/data/tiffs_historic_v7final/20171015_historic.tiff
Created /mnt/data1/UniBe-swiss-ndvi/data/tiffs_historic_v7final/20171015_historic_mask.tiff
[2026-04-18 21:48:25]
Created /mnt/data1/UniBe-swiss-ndvi/data/tiffs_historic_v7final/20171016_historic.tiff
Created /mnt/data1/UniBe-swiss-ndvi/data/tiffs_historic_v7final/20171016_historic_mask.tiff
[2026-04-18 21:50:53]
Created /mnt/data1/UniBe-swiss-ndvi/data/tiffs_historic_v7final/20171017_historic.tiff
Created /mnt/data1/UniBe-swiss-ndvi/data/tiffs_historic_v7final/20171017_historic_mask.tiff
[2026-04-18 21:53:30]
Created /mnt/data1/UniBe-swiss-ndvi/data/tiffs_historic_v7final/20171018_historic.tiff
Created /mnt/data1/UniBe-swiss-ndvi/data/tiffs_historic_v7final/20171018_historic_mask.tiff
[2026-04-18 21:55:59]
Created /mnt/data1/UniBe-swiss-ndvi/data/tiffs_historic_v7final/20171019_historic.tiff
Created /mnt/data1/UniBe-swiss-ndvi/data/tiffs_historic_v7final/20171019_historic_mask.tiff
[2026-04-18 21:58:34]
Created /mnt/data1/UniBe-swiss-ndvi/data/tiffs_historic_v7final/20171020_historic.tiff
Created /mnt/data1/UniBe-swiss-ndvi/data/tiffs_historic_v7final/20171020_historic_mask.tiff
[2026-04-18 22:01:07]
Created /mnt/data1/UniBe-swiss-ndvi/data/tiffs_historic_v7final/20171021_historic.tiff
Created /mnt/data1/UniBe-swiss-ndvi/data/tiffs_historic_v7final/20171021_historic_mask.tiff
[2026-04-18 22:03:34]
Created /mnt/data1/UniBe-swiss-ndvi/data/tiffs_historic_v7final/20171022_historic.tiff
Created /mnt/data1/UniBe-swiss-ndvi/data/tiffs_historic_v7final/20171022_historic_mask.tiff
[2026-04-18 22:06:08]
Created /mnt/data1/UniBe-swiss-ndvi/data/tiffs_historic_v7final/20171023_historic.tiff
Created /mnt/data1/UniBe-swiss-ndvi/data/tiffs_historic_v7final/20171023_historic_mask.tiff
[2026-04-18 22:08:35]
Created /mnt/data1/UniBe-swiss-ndvi/data/tiffs_historic_v7final/20171024_historic.tiff
Created /mnt/data1/UniBe-swiss-ndvi/data/tiffs_historic_v7final/20171024_historic_mask.tiff
[2026-04-18 22:11:13]
Created /mnt/data1/UniBe-swiss-ndvi/data/tiffs_historic_v7final/20171025_historic.tiff
Created /mnt/data1/UniBe-swiss-ndvi/data/tiffs_historic_v7final/20171025_historic_mask.tiff
[2026-04-18 22:13:53]
Created /mnt/data1/UniBe-swiss-ndvi/data/tiffs_historic_v7final/20171026_historic.tiff
Created /mnt/data1/UniBe-swiss-ndvi/data/tiffs_historic_v7final/20171026_historic_mask.tiff
[2026-04-18 22:16:22]
Created /mnt/data1/UniBe-swiss-ndvi/data/tiffs_historic_v7final/20171027_historic.tiff
Created /mnt/data1/UniBe-swiss-ndvi/data/tiffs_historic_v7final/20171027_historic_mask.tiff
[2026-04-18 22:18:59]
Created /mnt/data1/UniBe-swiss-ndvi/data/tiffs_historic_v7final/20171028_historic.tiff
Created /mnt/data1/UniBe-swiss-ndvi/data/tiffs_historic_v7final/20171028_historic_mask.tiff
[2026-04-18 22:21:35]
Created /mnt/data1/UniBe-swiss-ndvi/data/tiffs_historic_v7final/20171029_historic.tiff
Created /mnt/data1/UniBe-swiss-ndvi/data/tiffs_historic_v7final/20171029_historic_mask.tiff
[2026-04-18 22:24:07]
Created /mnt/data1/UniBe-swiss-ndvi/data/tiffs_historic_v7final/20171030_historic.tiff
Created /mnt/data1/UniBe-swiss-ndvi/data/tiffs_historic_v7final/20171030_historic_mask.tiff
[2026-04-18 22:26:32]
Created /mnt/data1/UniBe-swiss-ndvi/data/tiffs_historic_v7final/20171031_historic.tiff
Created /mnt/data1/UniBe-swiss-ndvi/data/tiffs_historic_v7final/20171031_historic_mask.tiff
[2026-04-18 22:29:02]
Created /mnt/data1/UniBe-swiss-ndvi/data/tiffs_historic_v7final/20171101_historic.tiff
Created /mnt/data1/UniBe-swiss-ndvi/data/tiffs_historic_v7final/20171101_historic_mask.tiff
[2026-04-18 22:31:25]
Created /mnt/data1/UniBe-swiss-ndvi/data/tiffs_historic_v7final/20171102_historic.tiff
Created /mnt/data1/UniBe-swiss-ndvi/data/tiffs_historic_v7final/20171102_historic_mask.tiff
[2026-04-18 22:33:51]
Created /mnt/data1/UniBe-swiss-ndvi/data/tiffs_historic_v7final/20171103_historic.tiff
Created /mnt/data1/UniBe-swiss-ndvi/data/tiffs_historic_v7final/20171103_historic_mask.tiff
[2026-04-18 22:36:17]
Created /mnt/data1/UniBe-swiss-ndvi/data/tiffs_historic_v7final/20171104_historic.tiff
Created /mnt/data1/UniBe-swiss-ndvi/data/tiffs_historic_v7final/20171104_historic_mask.tiff
[2026-04-18 22:38:53]
Created /mnt/data1/UniBe-swiss-ndvi/data/tiffs_historic_v7final/20171105_historic.tiff
Created /mnt/data1/UniBe-swiss-ndvi/data/tiffs_historic_v7final/20171105_historic_mask.tiff
[2026-04-18 22:41:14]
Created /mnt/data1/UniBe-swiss-ndvi/data/tiffs_historic_v7final/20171106_historic.tiff
Created /mnt/data1/UniBe-swiss-ndvi/data/tiffs_historic_v7final/20171106_historic_mask.tiff
[2026-04-18 22:43:56]
Created /mnt/data1/UniBe-swiss-ndvi/data/tiffs_historic_v7final/20171107_historic.tiff
Created /mnt/data1/UniBe-swiss-ndvi/data/tiffs_historic_v7final/20171107_historic_mask.tiff
[2026-04-18 22:46:28]
Created /mnt/data1/UniBe-swiss-ndvi/data/tiffs_historic_v7final/20171108_historic.tiff
Created /mnt/data1/UniBe-swiss-ndvi/data/tiffs_historic_v7final/20171108_historic_mask.tiff
[2026-04-18 22:49:13]
Created /mnt/data1/UniBe-swiss-ndvi/data/tiffs_historic_v7final/20171109_historic.tiff
Created /mnt/data1/UniBe-swiss-ndvi/data/tiffs_historic_v7final/20171109_historic_mask.tiff
[2026-04-18 22:51:52]
Created /mnt/data1/UniBe-swiss-ndvi/data/tiffs_historic_v7final/20171110_historic.tiff
Created /mnt/data1/UniBe-swiss-ndvi/data/tiffs_historic_v7final/20171110_historic_mask.tiff
[2026-04-18 22:54:17]
Created /mnt/data1/UniBe-swiss-ndvi/data/tiffs_historic_v7final/20171111_historic.tiff
Created /mnt/data1/UniBe-swiss-ndvi/data/tiffs_historic_v7final/20171111_historic_mask.tiff
[2026-04-18 22:56:37]
Created /mnt/data1/UniBe-swiss-ndvi/data/tiffs_historic_v7final/20171112_historic.tiff
Created /mnt/data1/UniBe-swiss-ndvi/data/tiffs_historic_v7final/20171112_historic_mask.tiff
[2026-04-18 22:59:14]
Created /mnt/data1/UniBe-swiss-ndvi/data/tiffs_historic_v7final/20171113_historic.tiff
Created /mnt/data1/UniBe-swiss-ndvi/data/tiffs_historic_v7final/20171113_historic_mask.tiff
[2026-04-18 23:04:39]
Created /mnt/data1/UniBe-swiss-ndvi/data/tiffs_historic_v7final/20171114_historic.tiff
Created /mnt/data1/UniBe-swiss-ndvi/data/tiffs_historic_v7final/20171114_historic_mask.tiff
[2026-04-18 23:07:56]
Created /mnt/data1/UniBe-swiss-ndvi/data/tiffs_historic_v7final/20171115_historic.tiff
Created /mnt/data1/UniBe-swiss-ndvi/data/tiffs_historic_v7final/20171115_historic_mask.tiff
[2026-04-18 23:11:29]
Created /mnt/data1/UniBe-swiss-ndvi/data/tiffs_historic_v7final/20171116_historic.tiff
Created /mnt/data1/UniBe-swiss-ndvi/data/tiffs_historic_v7final/20171116_historic_mask.tiff
[2026-04-18 23:14:03]
Created /mnt/data1/UniBe-swiss-ndvi/data/tiffs_historic_v7final/20171117_historic.tiff
Created /mnt/data1/UniBe-swiss-ndvi/data/tiffs_historic_v7final/20171117_historic_mask.tiff
[2026-04-18 23:16:41]
Created /mnt/data1/UniBe-swiss-ndvi/data/tiffs_historic_v7final/20171118_historic.tiff
Created /mnt/data1/UniBe-swiss-ndvi/data/tiffs_historic_v7final/20171118_historic_mask.tiff
[2026-04-18 23:19:06]
Created /mnt/data1/UniBe-swiss-ndvi/data/tiffs_historic_v7final/20171119_historic.tiff
Created /mnt/data1/UniBe-swiss-ndvi/data/tiffs_historic_v7final/20171119_historic_mask.tiff
[2026-04-18 23:21:31]
Created /mnt/data1/UniBe-swiss-ndvi/data/tiffs_historic_v7final/20171120_historic.tiff
Created /mnt/data1/UniBe-swiss-ndvi/data/tiffs_historic_v7final/20171120_historic_mask.tiff
[2026-04-18 23:23:54]
Created /mnt/data1/UniBe-swiss-ndvi/data/tiffs_historic_v7final/20171121_historic.tiff
Created /mnt/data1/UniBe-swiss-ndvi/data/tiffs_historic_v7final/20171121_historic_mask.tiff
[2026-04-18 23:26:24]
Created /mnt/data1/UniBe-swiss-ndvi/data/tiffs_historic_v7final/20171122_historic.tiff
Created /mnt/data1/UniBe-swiss-ndvi/data/tiffs_historic_v7final/20171122_historic_mask.tiff
[2026-04-18 23:28:57]
Created /mnt/data1/UniBe-swiss-ndvi/data/tiffs_historic_v7final/20171123_historic.tiff
Created /mnt/data1/UniBe-swiss-ndvi/data/tiffs_historic_v7final/20171123_historic_mask.tiff
[2026-04-18 23:31:29]
Created /mnt/data1/UniBe-swiss-ndvi/data/tiffs_historic_v7final/20171124_historic.tiff
Created /mnt/data1/UniBe-swiss-ndvi/data/tiffs_historic_v7final/20171124_historic_mask.tiff
[2026-04-18 23:34:02]
Created /mnt/data1/UniBe-swiss-ndvi/data/tiffs_historic_v7final/20171125_historic.tiff
Created /mnt/data1/UniBe-swiss-ndvi/data/tiffs_historic_v7final/20171125_historic_mask.tiff
[2026-04-18 23:36:33]
Created /mnt/data1/UniBe-swiss-ndvi/data/tiffs_historic_v7final/20171126_historic.tiff
Created /mnt/data1/UniBe-swiss-ndvi/data/tiffs_historic_v7final/20171126_historic_mask.tiff
[2026-04-18 23:39:22]
Created /mnt/data1/UniBe-swiss-ndvi/data/tiffs_historic_v7final/20171127_historic.tiff
Created /mnt/data1/UniBe-swiss-ndvi/data/tiffs_historic_v7final/20171127_historic_mask.tiff
[2026-04-18 23:41:47]
Created /mnt/data1/UniBe-swiss-ndvi/data/tiffs_historic_v7final/20171128_historic.tiff
Created /mnt/data1/UniBe-swiss-ndvi/data/tiffs_historic_v7final/20171128_historic_mask.tiff
[2026-04-18 23:44:18]
Created /mnt/data1/UniBe-swiss-ndvi/data/tiffs_historic_v7final/20171129_historic.tiff
Created /mnt/data1/UniBe-swiss-ndvi/data/tiffs_historic_v7final/20171129_historic_mask.tiff
[2026-04-18 23:46:46]
Created /mnt/data1/UniBe-swiss-ndvi/data/tiffs_historic_v7final/20171130_historic.tiff
Created /mnt/data1/UniBe-swiss-ndvi/data/tiffs_historic_v7final/20171130_historic_mask.tiff
[2026-04-18 23:49:29]
Created /mnt/data1/UniBe-swiss-ndvi/data/tiffs_historic_v7final/20171201_historic.tiff
Created /mnt/data1/UniBe-swiss-ndvi/data/tiffs_historic_v7final/20171201_historic_mask.tiff
[2026-04-18 23:52:00]
Created /mnt/data1/UniBe-swiss-ndvi/data/tiffs_historic_v7final/20171202_historic.tiff
Created /mnt/data1/UniBe-swiss-ndvi/data/tiffs_historic_v7final/20171202_historic_mask.tiff
[2026-04-18 23:54:26]
Created /mnt/data1/UniBe-swiss-ndvi/data/tiffs_historic_v7final/20171203_historic.tiff
Created /mnt/data1/UniBe-swiss-ndvi/data/tiffs_historic_v7final/20171203_historic_mask.tiff
[2026-04-18 23:56:49]
Created /mnt/data1/UniBe-swiss-ndvi/data/tiffs_historic_v7final/20171204_historic.tiff
Created /mnt/data1/UniBe-swiss-ndvi/data/tiffs_historic_v7final/20171204_historic_mask.tiff
[2026-04-18 23:59:16]
Created /mnt/data1/UniBe-swiss-ndvi/data/tiffs_historic_v7final/20171205_historic.tiff
Created /mnt/data1/UniBe-swiss-ndvi/data/tiffs_historic_v7final/20171205_historic_mask.tiff
[2026-04-19 00:02:00]
Created /mnt/data1/UniBe-swiss-ndvi/data/tiffs_historic_v7final/20171206_historic.tiff
Created /mnt/data1/UniBe-swiss-ndvi/data/tiffs_historic_v7final/20171206_historic_mask.tiff
[2026-04-19 00:04:35]
Created /mnt/data1/UniBe-swiss-ndvi/data/tiffs_historic_v7final/20171207_historic.tiff
Created /mnt/data1/UniBe-swiss-ndvi/data/tiffs_historic_v7final/20171207_historic_mask.tiff
[2026-04-19 00:07:29]
Created /mnt/data1/UniBe-swiss-ndvi/data/tiffs_historic_v7final/20171208_historic.tiff
Created /mnt/data1/UniBe-swiss-ndvi/data/tiffs_historic_v7final/20171208_historic_mask.tiff
[2026-04-19 00:09:55]
Created /mnt/data1/UniBe-swiss-ndvi/data/tiffs_historic_v7final/20171209_historic.tiff
Created /mnt/data1/UniBe-swiss-ndvi/data/tiffs_historic_v7final/20171209_historic_mask.tiff
[2026-04-19 00:12:23]
Created /mnt/data1/UniBe-swiss-ndvi/data/tiffs_historic_v7final/20171210_historic.tiff
Created /mnt/data1/UniBe-swiss-ndvi/data/tiffs_historic_v7final/20171210_historic_mask.tiff
[2026-04-19 00:14:47]
Created /mnt/data1/UniBe-swiss-ndvi/data/tiffs_historic_v7final/20171211_historic.tiff
Created /mnt/data1/UniBe-swiss-ndvi/data/tiffs_historic_v7final/20171211_historic_mask.tiff
[2026-04-19 00:17:15]
Created /mnt/data1/UniBe-swiss-ndvi/data/tiffs_historic_v7final/20171212_historic.tiff
Created /mnt/data1/UniBe-swiss-ndvi/data/tiffs_historic_v7final/20171212_historic_mask.tiff
[2026-04-19 00:19:39]
Created /mnt/data1/UniBe-swiss-ndvi/data/tiffs_historic_v7final/20171213_historic.tiff
Created /mnt/data1/UniBe-swiss-ndvi/data/tiffs_historic_v7final/20171213_historic_mask.tiff
[2026-04-19 00:22:02]
Created /mnt/data1/UniBe-swiss-ndvi/data/tiffs_historic_v7final/20171214_historic.tiff
Created /mnt/data1/UniBe-swiss-ndvi/data/tiffs_historic_v7final/20171214_historic_mask.tiff
[2026-04-19 00:24:35]
Created /mnt/data1/UniBe-swiss-ndvi/data/tiffs_historic_v7final/20171215_historic.tiff
Created /mnt/data1/UniBe-swiss-ndvi/data/tiffs_historic_v7final/20171215_historic_mask.tiff
[2026-04-19 00:26:56]
Created /mnt/data1/UniBe-swiss-ndvi/data/tiffs_historic_v7final/20171216_historic.tiff
Created /mnt/data1/UniBe-swiss-ndvi/data/tiffs_historic_v7final/20171216_historic_mask.tiff
[2026-04-19 00:29:20]
Created /mnt/data1/UniBe-swiss-ndvi/data/tiffs_historic_v7final/20171217_historic.tiff
Created /mnt/data1/UniBe-swiss-ndvi/data/tiffs_historic_v7final/20171217_historic_mask.tiff
[2026-04-19 00:31:40]
Created /mnt/data1/UniBe-swiss-ndvi/data/tiffs_historic_v7final/20171218_historic.tiff
Created /mnt/data1/UniBe-swiss-ndvi/data/tiffs_historic_v7final/20171218_historic_mask.tiff
[2026-04-19 00:34:05]
Created /mnt/data1/UniBe-swiss-ndvi/data/tiffs_historic_v7final/20171219_historic.tiff
Created /mnt/data1/UniBe-swiss-ndvi/data/tiffs_historic_v7final/20171219_historic_mask.tiff
[2026-04-19 00:36:43]
Created /mnt/data1/UniBe-swiss-ndvi/data/tiffs_historic_v7final/20171220_historic.tiff
Created /mnt/data1/UniBe-swiss-ndvi/data/tiffs_historic_v7final/20171220_historic_mask.tiff
[2026-04-19 00:39:36]
Created /mnt/data1/UniBe-swiss-ndvi/data/tiffs_historic_v7final/20171221_historic.tiff
Created /mnt/data1/UniBe-swiss-ndvi/data/tiffs_historic_v7final/20171221_historic_mask.tiff
[2026-04-19 00:41:57]
Created /mnt/data1/UniBe-swiss-ndvi/data/tiffs_historic_v7final/20171222_historic.tiff
Created /mnt/data1/UniBe-swiss-ndvi/data/tiffs_historic_v7final/20171222_historic_mask.tiff
[2026-04-19 00:44:44]
Created /mnt/data1/UniBe-swiss-ndvi/data/tiffs_historic_v7final/20171223_historic.tiff
Created /mnt/data1/UniBe-swiss-ndvi/data/tiffs_historic_v7final/20171223_historic_mask.tiff
[2026-04-19 00:47:23]
Created /mnt/data1/UniBe-swiss-ndvi/data/tiffs_historic_v7final/20171224_historic.tiff
Created /mnt/data1/UniBe-swiss-ndvi/data/tiffs_historic_v7final/20171224_historic_mask.tiff
[2026-04-19 00:50:00]
Created /mnt/data1/UniBe-swiss-ndvi/data/tiffs_historic_v7final/20171225_historic.tiff
Created /mnt/data1/UniBe-swiss-ndvi/data/tiffs_historic_v7final/20171225_historic_mask.tiff
[2026-04-19 00:52:41]
Created /mnt/data1/UniBe-swiss-ndvi/data/tiffs_historic_v7final/20171226_historic.tiff
Created /mnt/data1/UniBe-swiss-ndvi/data/tiffs_historic_v7final/20171226_historic_mask.tiff
[2026-04-19 00:55:25]
Created /mnt/data1/UniBe-swiss-ndvi/data/tiffs_historic_v7final/20171227_historic.tiff
Created /mnt/data1/UniBe-swiss-ndvi/data/tiffs_historic_v7final/20171227_historic_mask.tiff
[2026-04-19 00:57:51]
Created /mnt/data1/UniBe-swiss-ndvi/data/tiffs_historic_v7final/20171228_historic.tiff
Created /mnt/data1/UniBe-swiss-ndvi/data/tiffs_historic_v7final/20171228_historic_mask.tiff
[2026-04-19 01:00:47]
Created /mnt/data1/UniBe-swiss-ndvi/data/tiffs_historic_v7final/20171229_historic.tiff
Created /mnt/data1/UniBe-swiss-ndvi/data/tiffs_historic_v7final/20171229_historic_mask.tiff
[2026-04-19 01:03:26]
Created /mnt/data1/UniBe-swiss-ndvi/data/tiffs_historic_v7final/20171230_historic.tiff
Created /mnt/data1/UniBe-swiss-ndvi/data/tiffs_historic_v7final/20171230_historic_mask.tiff
[2026-04-19 01:06:03]
Created /mnt/data1/UniBe-swiss-ndvi/data/tiffs_historic_v7final/20171231_historic.tiff
Created /mnt/data1/UniBe-swiss-ndvi/data/tiffs_historic_v7final/20171231_historic_mask.tiff
[2026-04-19 01:08:49]
Created /mnt/data1/UniBe-swiss-ndvi/data/tiffs_historic_v7final/20180101_historic.tiff
Created /mnt/data1/UniBe-swiss-ndvi/data/tiffs_historic_v7final/20180101_historic_mask.tiff
[2026-04-19 01:11:26]
Created /mnt/data1/UniBe-swiss-ndvi/data/tiffs_historic_v7final/20180102_historic.tiff
Created /mnt/data1/UniBe-swiss-ndvi/data/tiffs_historic_v7final/20180102_historic_mask.tiff
[2026-04-19 01:14:08]
Created /mnt/data1/UniBe-swiss-ndvi/data/tiffs_historic_v7final/20180103_historic.tiff
Created /mnt/data1/UniBe-swiss-ndvi/data/tiffs_historic_v7final/20180103_historic_mask.tiff
[2026-04-19 01:16:34]
Created /mnt/data1/UniBe-swiss-ndvi/data/tiffs_historic_v7final/20180104_historic.tiff
Created /mnt/data1/UniBe-swiss-ndvi/data/tiffs_historic_v7final/20180104_historic_mask.tiff
[2026-04-19 01:19:00]
Created /mnt/data1/UniBe-swiss-ndvi/data/tiffs_historic_v7final/20180105_historic.tiff
Created /mnt/data1/UniBe-swiss-ndvi/data/tiffs_historic_v7final/20180105_historic_mask.tiff
[2026-04-19 01:21:20]
Created /mnt/data1/UniBe-swiss-ndvi/data/tiffs_historic_v7final/20180106_historic.tiff
Created /mnt/data1/UniBe-swiss-ndvi/data/tiffs_historic_v7final/20180106_historic_mask.tiff
[2026-04-19 01:23:47]
Created /mnt/data1/UniBe-swiss-ndvi/data/tiffs_historic_v7final/20180107_historic.tiff
Created /mnt/data1/UniBe-swiss-ndvi/data/tiffs_historic_v7final/20180107_historic_mask.tiff
[2026-04-19 01:26:25]
Created /mnt/data1/UniBe-swiss-ndvi/data/tiffs_historic_v7final/20180108_historic.tiff
Created /mnt/data1/UniBe-swiss-ndvi/data/tiffs_historic_v7final/20180108_historic_mask.tiff
[2026-04-19 01:28:56]
Created /mnt/data1/UniBe-swiss-ndvi/data/tiffs_historic_v7final/20180109_historic.tiff
Created /mnt/data1/UniBe-swiss-ndvi/data/tiffs_historic_v7final/20180109_historic_mask.tiff
[2026-04-19 01:31:25]
Created /mnt/data1/UniBe-swiss-ndvi/data/tiffs_historic_v7final/20180110_historic.tiff
Created /mnt/data1/UniBe-swiss-ndvi/data/tiffs_historic_v7final/20180110_historic_mask.tiff
[2026-04-19 01:33:58]
Created /mnt/data1/UniBe-swiss-ndvi/data/tiffs_historic_v7final/20180111_historic.tiff
Created /mnt/data1/UniBe-swiss-ndvi/data/tiffs_historic_v7final/20180111_historic_mask.tiff
[2026-04-19 01:37:28]
Created /mnt/data1/UniBe-swiss-ndvi/data/tiffs_historic_v7final/20180112_historic.tiff
Created /mnt/data1/UniBe-swiss-ndvi/data/tiffs_historic_v7final/20180112_historic_mask.tiff
[2026-04-19 01:40:10]
Created /mnt/data1/UniBe-swiss-ndvi/data/tiffs_historic_v7final/20180113_historic.tiff
Created /mnt/data1/UniBe-swiss-ndvi/data/tiffs_historic_v7final/20180113_historic_mask.tiff
[2026-04-19 01:42:53]
Created /mnt/data1/UniBe-swiss-ndvi/data/tiffs_historic_v7final/20180114_historic.tiff
Created /mnt/data1/UniBe-swiss-ndvi/data/tiffs_historic_v7final/20180114_historic_mask.tiff
[2026-04-19 01:45:24]
Created /mnt/data1/UniBe-swiss-ndvi/data/tiffs_historic_v7final/20180115_historic.tiff
Created /mnt/data1/UniBe-swiss-ndvi/data/tiffs_historic_v7final/20180115_historic_mask.tiff
[2026-04-19 01:48:06]
Created /mnt/data1/UniBe-swiss-ndvi/data/tiffs_historic_v7final/20180116_historic.tiff
Created /mnt/data1/UniBe-swiss-ndvi/data/tiffs_historic_v7final/20180116_historic_mask.tiff
[2026-04-19 01:50:39]
Created /mnt/data1/UniBe-swiss-ndvi/data/tiffs_historic_v7final/20180117_historic.tiff
Created /mnt/data1/UniBe-swiss-ndvi/data/tiffs_historic_v7final/20180117_historic_mask.tiff
[2026-04-19 01:53:03]
Created /mnt/data1/UniBe-swiss-ndvi/data/tiffs_historic_v7final/20180118_historic.tiff
Created /mnt/data1/UniBe-swiss-ndvi/data/tiffs_historic_v7final/20180118_historic_mask.tiff
[2026-04-19 01:55:32]
Created /mnt/data1/UniBe-swiss-ndvi/data/tiffs_historic_v7final/20180119_historic.tiff
Created /mnt/data1/UniBe-swiss-ndvi/data/tiffs_historic_v7final/20180119_historic_mask.tiff
[2026-04-19 01:57:57]
Created /mnt/data1/UniBe-swiss-ndvi/data/tiffs_historic_v7final/20180120_historic.tiff
Created /mnt/data1/UniBe-swiss-ndvi/data/tiffs_historic_v7final/20180120_historic_mask.tiff
[2026-04-19 02:00:33]
Created /mnt/data1/UniBe-swiss-ndvi/data/tiffs_historic_v7final/20180121_historic.tiff
Created /mnt/data1/UniBe-swiss-ndvi/data/tiffs_historic_v7final/20180121_historic_mask.tiff
[2026-04-19 02:03:12]
Created /mnt/data1/UniBe-swiss-ndvi/data/tiffs_historic_v7final/20180122_historic.tiff
Created /mnt/data1/UniBe-swiss-ndvi/data/tiffs_historic_v7final/20180122_historic_mask.tiff
[2026-04-19 02:05:51]
Created /mnt/data1/UniBe-swiss-ndvi/data/tiffs_historic_v7final/20180123_historic.tiff
Created /mnt/data1/UniBe-swiss-ndvi/data/tiffs_historic_v7final/20180123_historic_mask.tiff
[2026-04-19 02:08:33]
Created /mnt/data1/UniBe-swiss-ndvi/data/tiffs_historic_v7final/20180124_historic.tiff
Created /mnt/data1/UniBe-swiss-ndvi/data/tiffs_historic_v7final/20180124_historic_mask.tiff
[2026-04-19 02:11:09]
Created /mnt/data1/UniBe-swiss-ndvi/data/tiffs_historic_v7final/20180125_historic.tiff
Created /mnt/data1/UniBe-swiss-ndvi/data/tiffs_historic_v7final/20180125_historic_mask.tiff
[2026-04-19 02:13:49]
Created /mnt/data1/UniBe-swiss-ndvi/data/tiffs_historic_v7final/20180126_historic.tiff
Created /mnt/data1/UniBe-swiss-ndvi/data/tiffs_historic_v7final/20180126_historic_mask.tiff
[2026-04-19 02:16:20]
Created /mnt/data1/UniBe-swiss-ndvi/data/tiffs_historic_v7final/20180127_historic.tiff
Created /mnt/data1/UniBe-swiss-ndvi/data/tiffs_historic_v7final/20180127_historic_mask.tiff
[2026-04-19 02:18:56]
Created /mnt/data1/UniBe-swiss-ndvi/data/tiffs_historic_v7final/20180128_historic.tiff
Created /mnt/data1/UniBe-swiss-ndvi/data/tiffs_historic_v7final/20180128_historic_mask.tiff
[2026-04-19 02:21:27]
Created /mnt/data1/UniBe-swiss-ndvi/data/tiffs_historic_v7final/20180129_historic.tiff
Created /mnt/data1/UniBe-swiss-ndvi/data/tiffs_historic_v7final/20180129_historic_mask.tiff
[2026-04-19 02:24:01]
Created /mnt/data1/UniBe-swiss-ndvi/data/tiffs_historic_v7final/20180130_historic.tiff
Created /mnt/data1/UniBe-swiss-ndvi/data/tiffs_historic_v7final/20180130_historic_mask.tiff
[2026-04-19 02:26:35]
Created /mnt/data1/UniBe-swiss-ndvi/data/tiffs_historic_v7final/20180131_historic.tiff
Created /mnt/data1/UniBe-swiss-ndvi/data/tiffs_historic_v7final/20180131_historic_mask.tiff
[2026-04-19 02:29:03]
Created /mnt/data1/UniBe-swiss-ndvi/data/tiffs_historic_v7final/20180201_historic.tiff
Created /mnt/data1/UniBe-swiss-ndvi/data/tiffs_historic_v7final/20180201_historic_mask.tiff
[2026-04-19 02:31:34]
Created /mnt/data1/UniBe-swiss-ndvi/data/tiffs_historic_v7final/20180202_historic.tiff
Created /mnt/data1/UniBe-swiss-ndvi/data/tiffs_historic_v7final/20180202_historic_mask.tiff
[2026-04-19 02:34:02]
Created /mnt/data1/UniBe-swiss-ndvi/data/tiffs_historic_v7final/20180203_historic.tiff
Created /mnt/data1/UniBe-swiss-ndvi/data/tiffs_historic_v7final/20180203_historic_mask.tiff
[2026-04-19 02:36:34]
Created /mnt/data1/UniBe-swiss-ndvi/data/tiffs_historic_v7final/20180204_historic.tiff
Created /mnt/data1/UniBe-swiss-ndvi/data/tiffs_historic_v7final/20180204_historic_mask.tiff
[2026-04-19 02:39:33]
Created /mnt/data1/UniBe-swiss-ndvi/data/tiffs_historic_v7final/20180205_historic.tiff
Created /mnt/data1/UniBe-swiss-ndvi/data/tiffs_historic_v7final/20180205_historic_mask.tiff
[2026-04-19 02:42:11]
Created /mnt/data1/UniBe-swiss-ndvi/data/tiffs_historic_v7final/20180206_historic.tiff
Created /mnt/data1/UniBe-swiss-ndvi/data/tiffs_historic_v7final/20180206_historic_mask.tiff
[2026-04-19 02:44:57]
Created /mnt/data1/UniBe-swiss-ndvi/data/tiffs_historic_v7final/20180207_historic.tiff
Created /mnt/data1/UniBe-swiss-ndvi/data/tiffs_historic_v7final/20180207_historic_mask.tiff
[2026-04-19 02:47:31]
Created /mnt/data1/UniBe-swiss-ndvi/data/tiffs_historic_v7final/20180208_historic.tiff
Created /mnt/data1/UniBe-swiss-ndvi/data/tiffs_historic_v7final/20180208_historic_mask.tiff
[2026-04-19 02:49:59]
Created /mnt/data1/UniBe-swiss-ndvi/data/tiffs_historic_v7final/20180209_historic.tiff
Created /mnt/data1/UniBe-swiss-ndvi/data/tiffs_historic_v7final/20180209_historic_mask.tiff
[2026-04-19 02:52:30]
Created /mnt/data1/UniBe-swiss-ndvi/data/tiffs_historic_v7final/20180210_historic.tiff
Created /mnt/data1/UniBe-swiss-ndvi/data/tiffs_historic_v7final/20180210_historic_mask.tiff
[2026-04-19 02:55:01]
Created /mnt/data1/UniBe-swiss-ndvi/data/tiffs_historic_v7final/20180211_historic.tiff
Created /mnt/data1/UniBe-swiss-ndvi/data/tiffs_historic_v7final/20180211_historic_mask.tiff
[2026-04-19 02:57:39]
Created /mnt/data1/UniBe-swiss-ndvi/data/tiffs_historic_v7final/20180212_historic.tiff
Created /mnt/data1/UniBe-swiss-ndvi/data/tiffs_historic_v7final/20180212_historic_mask.tiff
[2026-04-19 03:00:10]
Created /mnt/data1/UniBe-swiss-ndvi/data/tiffs_historic_v7final/20180213_historic.tiff
Created /mnt/data1/UniBe-swiss-ndvi/data/tiffs_historic_v7final/20180213_historic_mask.tiff
[2026-04-19 03:02:33]
Created /mnt/data1/UniBe-swiss-ndvi/data/tiffs_historic_v7final/20180214_historic.tiff
Created /mnt/data1/UniBe-swiss-ndvi/data/tiffs_historic_v7final/20180214_historic_mask.tiff
[2026-04-19 03:05:02]
Created /mnt/data1/UniBe-swiss-ndvi/data/tiffs_historic_v7final/20180215_historic.tiff
Created /mnt/data1/UniBe-swiss-ndvi/data/tiffs_historic_v7final/20180215_historic_mask.tiff
[2026-04-19 03:07:28]
Created /mnt/data1/UniBe-swiss-ndvi/data/tiffs_historic_v7final/20180216_historic.tiff
Created /mnt/data1/UniBe-swiss-ndvi/data/tiffs_historic_v7final/20180216_historic_mask.tiff
[2026-04-19 03:10:02]
Created /mnt/data1/UniBe-swiss-ndvi/data/tiffs_historic_v7final/20180217_historic.tiff
Created /mnt/data1/UniBe-swiss-ndvi/data/tiffs_historic_v7final/20180217_historic_mask.tiff
[2026-04-19 03:12:41]
Created /mnt/data1/UniBe-swiss-ndvi/data/tiffs_historic_v7final/20180218_historic.tiff
Created /mnt/data1/UniBe-swiss-ndvi/data/tiffs_historic_v7final/20180218_historic_mask.tiff
[2026-04-19 03:15:27]
Created /mnt/data1/UniBe-swiss-ndvi/data/tiffs_historic_v7final/20180219_historic.tiff
Created /mnt/data1/UniBe-swiss-ndvi/data/tiffs_historic_v7final/20180219_historic_mask.tiff
[2026-04-19 03:17:55]
Created /mnt/data1/UniBe-swiss-ndvi/data/tiffs_historic_v7final/20180220_historic.tiff
Created /mnt/data1/UniBe-swiss-ndvi/data/tiffs_historic_v7final/20180220_historic_mask.tiff
[2026-04-19 03:20:31]
Created /mnt/data1/UniBe-swiss-ndvi/data/tiffs_historic_v7final/20180221_historic.tiff
Created /mnt/data1/UniBe-swiss-ndvi/data/tiffs_historic_v7final/20180221_historic_mask.tiff
[2026-04-19 03:23:01]
Created /mnt/data1/UniBe-swiss-ndvi/data/tiffs_historic_v7final/20180222_historic.tiff
Created /mnt/data1/UniBe-swiss-ndvi/data/tiffs_historic_v7final/20180222_historic_mask.tiff
[2026-04-19 03:25:38]
Created /mnt/data1/UniBe-swiss-ndvi/data/tiffs_historic_v7final/20180223_historic.tiff
Created /mnt/data1/UniBe-swiss-ndvi/data/tiffs_historic_v7final/20180223_historic_mask.tiff
[2026-04-19 03:28:12]
Created /mnt/data1/UniBe-swiss-ndvi/data/tiffs_historic_v7final/20180224_historic.tiff
Created /mnt/data1/UniBe-swiss-ndvi/data/tiffs_historic_v7final/20180224_historic_mask.tiff
[2026-04-19 03:30:36]
Created /mnt/data1/UniBe-swiss-ndvi/data/tiffs_historic_v7final/20180225_historic.tiff
Created /mnt/data1/UniBe-swiss-ndvi/data/tiffs_historic_v7final/20180225_historic_mask.tiff
[2026-04-19 03:33:10]
Created /mnt/data1/UniBe-swiss-ndvi/data/tiffs_historic_v7final/20180226_historic.tiff
Created /mnt/data1/UniBe-swiss-ndvi/data/tiffs_historic_v7final/20180226_historic_mask.tiff
[2026-04-19 03:35:51]
Created /mnt/data1/UniBe-swiss-ndvi/data/tiffs_historic_v7final/20180227_historic.tiff
Created /mnt/data1/UniBe-swiss-ndvi/data/tiffs_historic_v7final/20180227_historic_mask.tiff
[2026-04-19 03:38:20]
Created /mnt/data1/UniBe-swiss-ndvi/data/tiffs_historic_v7final/20180228_historic.tiff
Created /mnt/data1/UniBe-swiss-ndvi/data/tiffs_historic_v7final/20180228_historic_mask.tiff
[2026-04-19 03:41:00]
Created /mnt/data1/UniBe-swiss-ndvi/data/tiffs_historic_v7final/20180301_historic.tiff
Created /mnt/data1/UniBe-swiss-ndvi/data/tiffs_historic_v7final/20180301_historic_mask.tiff
[2026-04-19 03:43:34]
Created /mnt/data1/UniBe-swiss-ndvi/data/tiffs_historic_v7final/20180302_historic.tiff
Created /mnt/data1/UniBe-swiss-ndvi/data/tiffs_historic_v7final/20180302_historic_mask.tiff
[2026-04-19 03:46:16]
Created /mnt/data1/UniBe-swiss-ndvi/data/tiffs_historic_v7final/20180303_historic.tiff
Created /mnt/data1/UniBe-swiss-ndvi/data/tiffs_historic_v7final/20180303_historic_mask.tiff
[2026-04-19 03:48:57]
Created /mnt/data1/UniBe-swiss-ndvi/data/tiffs_historic_v7final/20180304_historic.tiff
Created /mnt/data1/UniBe-swiss-ndvi/data/tiffs_historic_v7final/20180304_historic_mask.tiff
[2026-04-19 03:51:36]
Created /mnt/data1/UniBe-swiss-ndvi/data/tiffs_historic_v7final/20180305_historic.tiff
Created /mnt/data1/UniBe-swiss-ndvi/data/tiffs_historic_v7final/20180305_historic_mask.tiff
[2026-04-19 03:54:10]
Created /mnt/data1/UniBe-swiss-ndvi/data/tiffs_historic_v7final/20180306_historic.tiff
Created /mnt/data1/UniBe-swiss-ndvi/data/tiffs_historic_v7final/20180306_historic_mask.tiff
[2026-04-19 03:56:42]
Created /mnt/data1/UniBe-swiss-ndvi/data/tiffs_historic_v7final/20180307_historic.tiff
Created /mnt/data1/UniBe-swiss-ndvi/data/tiffs_historic_v7final/20180307_historic_mask.tiff
[2026-04-19 03:59:20]
Created /mnt/data1/UniBe-swiss-ndvi/data/tiffs_historic_v7final/20180308_historic.tiff
Created /mnt/data1/UniBe-swiss-ndvi/data/tiffs_historic_v7final/20180308_historic_mask.tiff
[2026-04-19 04:01:51]
Created /mnt/data1/UniBe-swiss-ndvi/data/tiffs_historic_v7final/20180309_historic.tiff
Created /mnt/data1/UniBe-swiss-ndvi/data/tiffs_historic_v7final/20180309_historic_mask.tiff
[2026-04-19 04:04:27]
Created /mnt/data1/UniBe-swiss-ndvi/data/tiffs_historic_v7final/20180310_historic.tiff
Created /mnt/data1/UniBe-swiss-ndvi/data/tiffs_historic_v7final/20180310_historic_mask.tiff
[2026-04-19 04:06:57]
Created /mnt/data1/UniBe-swiss-ndvi/data/tiffs_historic_v7final/20180311_historic.tiff
Created /mnt/data1/UniBe-swiss-ndvi/data/tiffs_historic_v7final/20180311_historic_mask.tiff
[2026-04-19 04:09:25]
Created /mnt/data1/UniBe-swiss-ndvi/data/tiffs_historic_v7final/20180312_historic.tiff
Created /mnt/data1/UniBe-swiss-ndvi/data/tiffs_historic_v7final/20180312_historic_mask.tiff
[2026-04-19 04:12:16]
Created /mnt/data1/UniBe-swiss-ndvi/data/tiffs_historic_v7final/20180313_historic.tiff
Created /mnt/data1/UniBe-swiss-ndvi/data/tiffs_historic_v7final/20180313_historic_mask.tiff
[2026-04-19 04:14:41]
Created /mnt/data1/UniBe-swiss-ndvi/data/tiffs_historic_v7final/20180314_historic.tiff
Created /mnt/data1/UniBe-swiss-ndvi/data/tiffs_historic_v7final/20180314_historic_mask.tiff
[2026-04-19 04:17:12]
Created /mnt/data1/UniBe-swiss-ndvi/data/tiffs_historic_v7final/20180315_historic.tiff
Created /mnt/data1/UniBe-swiss-ndvi/data/tiffs_historic_v7final/20180315_historic_mask.tiff
[2026-04-19 04:19:49]
Created /mnt/data1/UniBe-swiss-ndvi/data/tiffs_historic_v7final/20180316_historic.tiff
Created /mnt/data1/UniBe-swiss-ndvi/data/tiffs_historic_v7final/20180316_historic_mask.tiff
[2026-04-19 04:22:29]
Created /mnt/data1/UniBe-swiss-ndvi/data/tiffs_historic_v7final/20180317_historic.tiff
Created /mnt/data1/UniBe-swiss-ndvi/data/tiffs_historic_v7final/20180317_historic_mask.tiff
[2026-04-19 04:25:04]
Created /mnt/data1/UniBe-swiss-ndvi/data/tiffs_historic_v7final/20180318_historic.tiff
Created /mnt/data1/UniBe-swiss-ndvi/data/tiffs_historic_v7final/20180318_historic_mask.tiff
[2026-04-19 04:27:37]
Created /mnt/data1/UniBe-swiss-ndvi/data/tiffs_historic_v7final/20180319_historic.tiff
Created /mnt/data1/UniBe-swiss-ndvi/data/tiffs_historic_v7final/20180319_historic_mask.tiff
[2026-04-19 04:30:05]
Created /mnt/data1/UniBe-swiss-ndvi/data/tiffs_historic_v7final/20180320_historic.tiff
Created /mnt/data1/UniBe-swiss-ndvi/data/tiffs_historic_v7final/20180320_historic_mask.tiff
[2026-04-19 04:32:38]
Created /mnt/data1/UniBe-swiss-ndvi/data/tiffs_historic_v7final/20180321_historic.tiff
Created /mnt/data1/UniBe-swiss-ndvi/data/tiffs_historic_v7final/20180321_historic_mask.tiff
[2026-04-19 04:35:18]
Created /mnt/data1/UniBe-swiss-ndvi/data/tiffs_historic_v7final/20180322_historic.tiff
Created /mnt/data1/UniBe-swiss-ndvi/data/tiffs_historic_v7final/20180322_historic_mask.tiff
[2026-04-19 04:37:53]
Created /mnt/data1/UniBe-swiss-ndvi/data/tiffs_historic_v7final/20180323_historic.tiff
Created /mnt/data1/UniBe-swiss-ndvi/data/tiffs_historic_v7final/20180323_historic_mask.tiff
[2026-04-19 04:40:22]
Created /mnt/data1/UniBe-swiss-ndvi/data/tiffs_historic_v7final/20180324_historic.tiff
Created /mnt/data1/UniBe-swiss-ndvi/data/tiffs_historic_v7final/20180324_historic_mask.tiff
[2026-04-19 04:42:51]
Created /mnt/data1/UniBe-swiss-ndvi/data/tiffs_historic_v7final/20180325_historic.tiff
Created /mnt/data1/UniBe-swiss-ndvi/data/tiffs_historic_v7final/20180325_historic_mask.tiff
[2026-04-19 04:45:22]
Created /mnt/data1/UniBe-swiss-ndvi/data/tiffs_historic_v7final/20180326_historic.tiff
Created /mnt/data1/UniBe-swiss-ndvi/data/tiffs_historic_v7final/20180326_historic_mask.tiff
[2026-04-19 04:47:48]
Created /mnt/data1/UniBe-swiss-ndvi/data/tiffs_historic_v7final/20180327_historic.tiff
Created /mnt/data1/UniBe-swiss-ndvi/data/tiffs_historic_v7final/20180327_historic_mask.tiff
[2026-04-19 04:50:32]
Created /mnt/data1/UniBe-swiss-ndvi/data/tiffs_historic_v7final/20180328_historic.tiff
Created /mnt/data1/UniBe-swiss-ndvi/data/tiffs_historic_v7final/20180328_historic_mask.tiff
[2026-04-19 04:53:22]
Created /mnt/data1/UniBe-swiss-ndvi/data/tiffs_historic_v7final/20180329_historic.tiff
Created /mnt/data1/UniBe-swiss-ndvi/data/tiffs_historic_v7final/20180329_historic_mask.tiff
[2026-04-19 04:55:57]
Created /mnt/data1/UniBe-swiss-ndvi/data/tiffs_historic_v7final/20180330_historic.tiff
Created /mnt/data1/UniBe-swiss-ndvi/data/tiffs_historic_v7final/20180330_historic_mask.tiff
[2026-04-19 04:58:25]
Created /mnt/data1/UniBe-swiss-ndvi/data/tiffs_historic_v7final/20180331_historic.tiff
Created /mnt/data1/UniBe-swiss-ndvi/data/tiffs_historic_v7final/20180331_historic_mask.tiff
[2026-04-19 05:00:50]
Created /mnt/data1/UniBe-swiss-ndvi/data/tiffs_historic_v7final/20180401_historic.tiff
Created /mnt/data1/UniBe-swiss-ndvi/data/tiffs_historic_v7final/20180401_historic_mask.tiff
[2026-04-19 05:03:26]
Created /mnt/data1/UniBe-swiss-ndvi/data/tiffs_historic_v7final/20180402_historic.tiff
Created /mnt/data1/UniBe-swiss-ndvi/data/tiffs_historic_v7final/20180402_historic_mask.tiff
[2026-04-19 05:06:08]
Created /mnt/data1/UniBe-swiss-ndvi/data/tiffs_historic_v7final/20180403_historic.tiff
Created /mnt/data1/UniBe-swiss-ndvi/data/tiffs_historic_v7final/20180403_historic_mask.tiff
[2026-04-19 05:08:39]
Created /mnt/data1/UniBe-swiss-ndvi/data/tiffs_historic_v7final/20180404_historic.tiff
Created /mnt/data1/UniBe-swiss-ndvi/data/tiffs_historic_v7final/20180404_historic_mask.tiff
[2026-04-19 05:11:09]
Created /mnt/data1/UniBe-swiss-ndvi/data/tiffs_historic_v7final/20180405_historic.tiff
Created /mnt/data1/UniBe-swiss-ndvi/data/tiffs_historic_v7final/20180405_historic_mask.tiff
[2026-04-19 05:13:43]
Created /mnt/data1/UniBe-swiss-ndvi/data/tiffs_historic_v7final/20180406_historic.tiff
Created /mnt/data1/UniBe-swiss-ndvi/data/tiffs_historic_v7final/20180406_historic_mask.tiff
[2026-04-19 05:16:24]
Created /mnt/data1/UniBe-swiss-ndvi/data/tiffs_historic_v7final/20180407_historic.tiff
Created /mnt/data1/UniBe-swiss-ndvi/data/tiffs_historic_v7final/20180407_historic_mask.tiff
[2026-04-19 05:19:00]
Created /mnt/data1/UniBe-swiss-ndvi/data/tiffs_historic_v7final/20180408_historic.tiff
Created /mnt/data1/UniBe-swiss-ndvi/data/tiffs_historic_v7final/20180408_historic_mask.tiff
[2026-04-19 05:21:40]
Created /mnt/data1/UniBe-swiss-ndvi/data/tiffs_historic_v7final/20180409_historic.tiff
Created /mnt/data1/UniBe-swiss-ndvi/data/tiffs_historic_v7final/20180409_historic_mask.tiff
[2026-04-19 05:24:09]
Created /mnt/data1/UniBe-swiss-ndvi/data/tiffs_historic_v7final/20180410_historic.tiff
Created /mnt/data1/UniBe-swiss-ndvi/data/tiffs_historic_v7final/20180410_historic_mask.tiff
[2026-04-19 05:26:57]
Created /mnt/data1/UniBe-swiss-ndvi/data/tiffs_historic_v7final/20180411_historic.tiff
Created /mnt/data1/UniBe-swiss-ndvi/data/tiffs_historic_v7final/20180411_historic_mask.tiff
[2026-04-19 05:30:29]
Created /mnt/data1/UniBe-swiss-ndvi/data/tiffs_historic_v7final/20180412_historic.tiff
Created /mnt/data1/UniBe-swiss-ndvi/data/tiffs_historic_v7final/20180412_historic_mask.tiff
[2026-04-19 05:33:43]
Created /mnt/data1/UniBe-swiss-ndvi/data/tiffs_historic_v7final/20180413_historic.tiff
Created /mnt/data1/UniBe-swiss-ndvi/data/tiffs_historic_v7final/20180413_historic_mask.tiff
[2026-04-19 05:37:32]
Created /mnt/data1/UniBe-swiss-ndvi/data/tiffs_historic_v7final/20180414_historic.tiff
Created /mnt/data1/UniBe-swiss-ndvi/data/tiffs_historic_v7final/20180414_historic_mask.tiff
[2026-04-19 05:40:23]
Created /mnt/data1/UniBe-swiss-ndvi/data/tiffs_historic_v7final/20180415_historic.tiff
Created /mnt/data1/UniBe-swiss-ndvi/data/tiffs_historic_v7final/20180415_historic_mask.tiff
[2026-04-19 05:42:50]
Created /mnt/data1/UniBe-swiss-ndvi/data/tiffs_historic_v7final/20180416_historic.tiff
Created /mnt/data1/UniBe-swiss-ndvi/data/tiffs_historic_v7final/20180416_historic_mask.tiff
[2026-04-19 05:45:30]
Created /mnt/data1/UniBe-swiss-ndvi/data/tiffs_historic_v7final/20180417_historic.tiff
Created /mnt/data1/UniBe-swiss-ndvi/data/tiffs_historic_v7final/20180417_historic_mask.tiff
[2026-04-19 05:48:13]
Created /mnt/data1/UniBe-swiss-ndvi/data/tiffs_historic_v7final/20180418_historic.tiff
Created /mnt/data1/UniBe-swiss-ndvi/data/tiffs_historic_v7final/20180418_historic_mask.tiff
[2026-04-19 05:51:03]
Created /mnt/data1/UniBe-swiss-ndvi/data/tiffs_historic_v7final/20180419_historic.tiff
Created /mnt/data1/UniBe-swiss-ndvi/data/tiffs_historic_v7final/20180419_historic_mask.tiff
[2026-04-19 05:53:52]
Created /mnt/data1/UniBe-swiss-ndvi/data/tiffs_historic_v7final/20180420_historic.tiff
Created /mnt/data1/UniBe-swiss-ndvi/data/tiffs_historic_v7final/20180420_historic_mask.tiff
[2026-04-19 05:56:34]
Created /mnt/data1/UniBe-swiss-ndvi/data/tiffs_historic_v7final/20180421_historic.tiff
Created /mnt/data1/UniBe-swiss-ndvi/data/tiffs_historic_v7final/20180421_historic_mask.tiff
[2026-04-19 05:59:08]
Created /mnt/data1/UniBe-swiss-ndvi/data/tiffs_historic_v7final/20180422_historic.tiff
Created /mnt/data1/UniBe-swiss-ndvi/data/tiffs_historic_v7final/20180422_historic_mask.tiff
[2026-04-19 06:01:38]
Created /mnt/data1/UniBe-swiss-ndvi/data/tiffs_historic_v7final/20180423_historic.tiff
Created /mnt/data1/UniBe-swiss-ndvi/data/tiffs_historic_v7final/20180423_historic_mask.tiff
[2026-04-19 06:03:56]
Created /mnt/data1/UniBe-swiss-ndvi/data/tiffs_historic_v7final/20180424_historic.tiff
Created /mnt/data1/UniBe-swiss-ndvi/data/tiffs_historic_v7final/20180424_historic_mask.tiff
[2026-04-19 06:06:41]
Created /mnt/data1/UniBe-swiss-ndvi/data/tiffs_historic_v7final/20180425_historic.tiff
Created /mnt/data1/UniBe-swiss-ndvi/data/tiffs_historic_v7final/20180425_historic_mask.tiff
[2026-04-19 06:09:13]
Created /mnt/data1/UniBe-swiss-ndvi/data/tiffs_historic_v7final/20180426_historic.tiff
Created /mnt/data1/UniBe-swiss-ndvi/data/tiffs_historic_v7final/20180426_historic_mask.tiff
[2026-04-19 06:12:04]
Created /mnt/data1/UniBe-swiss-ndvi/data/tiffs_historic_v7final/20180427_historic.tiff
Created /mnt/data1/UniBe-swiss-ndvi/data/tiffs_historic_v7final/20180427_historic_mask.tiff
[2026-04-19 06:14:29]
Created /mnt/data1/UniBe-swiss-ndvi/data/tiffs_historic_v7final/20180428_historic.tiff
Created /mnt/data1/UniBe-swiss-ndvi/data/tiffs_historic_v7final/20180428_historic_mask.tiff
[2026-04-19 06:16:55]
Created /mnt/data1/UniBe-swiss-ndvi/data/tiffs_historic_v7final/20180429_historic.tiff
Created /mnt/data1/UniBe-swiss-ndvi/data/tiffs_historic_v7final/20180429_historic_mask.tiff
[2026-04-19 06:19:25]
Created /mnt/data1/UniBe-swiss-ndvi/data/tiffs_historic_v7final/20180430_historic.tiff
Created /mnt/data1/UniBe-swiss-ndvi/data/tiffs_historic_v7final/20180430_historic_mask.tiff
[2026-04-19 06:22:07]
Created /mnt/data1/UniBe-swiss-ndvi/data/tiffs_historic_v7final/20180501_historic.tiff
Created /mnt/data1/UniBe-swiss-ndvi/data/tiffs_historic_v7final/20180501_historic_mask.tiff
[2026-04-19 06:24:39]
Created /mnt/data1/UniBe-swiss-ndvi/data/tiffs_historic_v7final/20180502_historic.tiff
Created /mnt/data1/UniBe-swiss-ndvi/data/tiffs_historic_v7final/20180502_historic_mask.tiff
[2026-04-19 06:27:05]
Created /mnt/data1/UniBe-swiss-ndvi/data/tiffs_historic_v7final/20180503_historic.tiff
Created /mnt/data1/UniBe-swiss-ndvi/data/tiffs_historic_v7final/20180503_historic_mask.tiff
[2026-04-19 06:30:46]
Created /mnt/data1/UniBe-swiss-ndvi/data/tiffs_historic_v7final/20180504_historic.tiff
Created /mnt/data1/UniBe-swiss-ndvi/data/tiffs_historic_v7final/20180504_historic_mask.tiff
[2026-04-19 06:33:42]
Created /mnt/data1/UniBe-swiss-ndvi/data/tiffs_historic_v7final/20180505_historic.tiff
Created /mnt/data1/UniBe-swiss-ndvi/data/tiffs_historic_v7final/20180505_historic_mask.tiff
[2026-04-19 06:36:20]
Created /mnt/data1/UniBe-swiss-ndvi/data/tiffs_historic_v7final/20180506_historic.tiff
Created /mnt/data1/UniBe-swiss-ndvi/data/tiffs_historic_v7final/20180506_historic_mask.tiff
[2026-04-19 06:39:00]
Created /mnt/data1/UniBe-swiss-ndvi/data/tiffs_historic_v7final/20180507_historic.tiff
Created /mnt/data1/UniBe-swiss-ndvi/data/tiffs_historic_v7final/20180507_historic_mask.tiff
[2026-04-19 06:41:29]
Created /mnt/data1/UniBe-swiss-ndvi/data/tiffs_historic_v7final/20180508_historic.tiff
Created /mnt/data1/UniBe-swiss-ndvi/data/tiffs_historic_v7final/20180508_historic_mask.tiff
[2026-04-19 06:44:03]
Created /mnt/data1/UniBe-swiss-ndvi/data/tiffs_historic_v7final/20180509_historic.tiff
Created /mnt/data1/UniBe-swiss-ndvi/data/tiffs_historic_v7final/20180509_historic_mask.tiff
[2026-04-19 06:46:31]
Created /mnt/data1/UniBe-swiss-ndvi/data/tiffs_historic_v7final/20180510_historic.tiff
Created /mnt/data1/UniBe-swiss-ndvi/data/tiffs_historic_v7final/20180510_historic_mask.tiff
[2026-04-19 06:49:10]
Created /mnt/data1/UniBe-swiss-ndvi/data/tiffs_historic_v7final/20180511_historic.tiff
Created /mnt/data1/UniBe-swiss-ndvi/data/tiffs_historic_v7final/20180511_historic_mask.tiff
[2026-04-19 06:51:49]
Created /mnt/data1/UniBe-swiss-ndvi/data/tiffs_historic_v7final/20180512_historic.tiff
Created /mnt/data1/UniBe-swiss-ndvi/data/tiffs_historic_v7final/20180512_historic_mask.tiff
[2026-04-19 06:54:27]
Created /mnt/data1/UniBe-swiss-ndvi/data/tiffs_historic_v7final/20180513_historic.tiff
Created /mnt/data1/UniBe-swiss-ndvi/data/tiffs_historic_v7final/20180513_historic_mask.tiff
[2026-04-19 06:57:21]
Created /mnt/data1/UniBe-swiss-ndvi/data/tiffs_historic_v7final/20180514_historic.tiff
Created /mnt/data1/UniBe-swiss-ndvi/data/tiffs_historic_v7final/20180514_historic_mask.tiff
[2026-04-19 06:59:49]
Created /mnt/data1/UniBe-swiss-ndvi/data/tiffs_historic_v7final/20180515_historic.tiff
Created /mnt/data1/UniBe-swiss-ndvi/data/tiffs_historic_v7final/20180515_historic_mask.tiff
[2026-04-19 07:02:25]
Created /mnt/data1/UniBe-swiss-ndvi/data/tiffs_historic_v7final/20180516_historic.tiff
Created /mnt/data1/UniBe-swiss-ndvi/data/tiffs_historic_v7final/20180516_historic_mask.tiff
[2026-04-19 07:05:05]
Created /mnt/data1/UniBe-swiss-ndvi/data/tiffs_historic_v7final/20180517_historic.tiff
Created /mnt/data1/UniBe-swiss-ndvi/data/tiffs_historic_v7final/20180517_historic_mask.tiff
[2026-04-19 07:08:05]
Created /mnt/data1/UniBe-swiss-ndvi/data/tiffs_historic_v7final/20180518_historic.tiff
Created /mnt/data1/UniBe-swiss-ndvi/data/tiffs_historic_v7final/20180518_historic_mask.tiff
[2026-04-19 07:10:45]
Created /mnt/data1/UniBe-swiss-ndvi/data/tiffs_historic_v7final/20180519_historic.tiff
Created /mnt/data1/UniBe-swiss-ndvi/data/tiffs_historic_v7final/20180519_historic_mask.tiff
[2026-04-19 07:13:25]
Created /mnt/data1/UniBe-swiss-ndvi/data/tiffs_historic_v7final/20180520_historic.tiff
Created /mnt/data1/UniBe-swiss-ndvi/data/tiffs_historic_v7final/20180520_historic_mask.tiff
[2026-04-19 07:15:54]
Created /mnt/data1/UniBe-swiss-ndvi/data/tiffs_historic_v7final/20180521_historic.tiff
Created /mnt/data1/UniBe-swiss-ndvi/data/tiffs_historic_v7final/20180521_historic_mask.tiff
[2026-04-19 07:18:30]
Created /mnt/data1/UniBe-swiss-ndvi/data/tiffs_historic_v7final/20180522_historic.tiff
Created /mnt/data1/UniBe-swiss-ndvi/data/tiffs_historic_v7final/20180522_historic_mask.tiff
[2026-04-19 07:20:58]
Created /mnt/data1/UniBe-swiss-ndvi/data/tiffs_historic_v7final/20180523_historic.tiff
Created /mnt/data1/UniBe-swiss-ndvi/data/tiffs_historic_v7final/20180523_historic_mask.tiff
[2026-04-19 07:23:26]
Created /mnt/data1/UniBe-swiss-ndvi/data/tiffs_historic_v7final/20180524_historic.tiff
Created /mnt/data1/UniBe-swiss-ndvi/data/tiffs_historic_v7final/20180524_historic_mask.tiff
[2026-04-19 07:26:02]
Created /mnt/data1/UniBe-swiss-ndvi/data/tiffs_historic_v7final/20180525_historic.tiff
Created /mnt/data1/UniBe-swiss-ndvi/data/tiffs_historic_v7final/20180525_historic_mask.tiff
[2026-04-19 07:28:30]
Created /mnt/data1/UniBe-swiss-ndvi/data/tiffs_historic_v7final/20180526_historic.tiff
Created /mnt/data1/UniBe-swiss-ndvi/data/tiffs_historic_v7final/20180526_historic_mask.tiff
[2026-04-19 07:31:06]
Created /mnt/data1/UniBe-swiss-ndvi/data/tiffs_historic_v7final/20180527_historic.tiff
Created /mnt/data1/UniBe-swiss-ndvi/data/tiffs_historic_v7final/20180527_historic_mask.tiff
[2026-04-19 07:33:48]
Created /mnt/data1/UniBe-swiss-ndvi/data/tiffs_historic_v7final/20180528_historic.tiff
Created /mnt/data1/UniBe-swiss-ndvi/data/tiffs_historic_v7final/20180528_historic_mask.tiff
[2026-04-19 07:36:22]
Created /mnt/data1/UniBe-swiss-ndvi/data/tiffs_historic_v7final/20180529_historic.tiff
Created /mnt/data1/UniBe-swiss-ndvi/data/tiffs_historic_v7final/20180529_historic_mask.tiff
[2026-04-19 07:39:12]
Created /mnt/data1/UniBe-swiss-ndvi/data/tiffs_historic_v7final/20180530_historic.tiff
Created /mnt/data1/UniBe-swiss-ndvi/data/tiffs_historic_v7final/20180530_historic_mask.tiff
[2026-04-19 07:41:55]
Created /mnt/data1/UniBe-swiss-ndvi/data/tiffs_historic_v7final/20180531_historic.tiff
Created /mnt/data1/UniBe-swiss-ndvi/data/tiffs_historic_v7final/20180531_historic_mask.tiff
[2026-04-19 07:44:32]
Created /mnt/data1/UniBe-swiss-ndvi/data/tiffs_historic_v7final/20180601_historic.tiff
Created /mnt/data1/UniBe-swiss-ndvi/data/tiffs_historic_v7final/20180601_historic_mask.tiff
[2026-04-19 07:47:22]
Created /mnt/data1/UniBe-swiss-ndvi/data/tiffs_historic_v7final/20180602_historic.tiff
Created /mnt/data1/UniBe-swiss-ndvi/data/tiffs_historic_v7final/20180602_historic_mask.tiff
[2026-04-19 07:49:55]
Created /mnt/data1/UniBe-swiss-ndvi/data/tiffs_historic_v7final/20180603_historic.tiff
Created /mnt/data1/UniBe-swiss-ndvi/data/tiffs_historic_v7final/20180603_historic_mask.tiff
[2026-04-19 07:52:38]
Created /mnt/data1/UniBe-swiss-ndvi/data/tiffs_historic_v7final/20180604_historic.tiff
Created /mnt/data1/UniBe-swiss-ndvi/data/tiffs_historic_v7final/20180604_historic_mask.tiff
[2026-04-19 07:55:12]
Created /mnt/data1/UniBe-swiss-ndvi/data/tiffs_historic_v7final/20180605_historic.tiff
Created /mnt/data1/UniBe-swiss-ndvi/data/tiffs_historic_v7final/20180605_historic_mask.tiff
[2026-04-19 07:57:50]
Created /mnt/data1/UniBe-swiss-ndvi/data/tiffs_historic_v7final/20180606_historic.tiff
Created /mnt/data1/UniBe-swiss-ndvi/data/tiffs_historic_v7final/20180606_historic_mask.tiff
[2026-04-19 08:00:36]
Created /mnt/data1/UniBe-swiss-ndvi/data/tiffs_historic_v7final/20180607_historic.tiff
Created /mnt/data1/UniBe-swiss-ndvi/data/tiffs_historic_v7final/20180607_historic_mask.tiff
[2026-04-19 08:03:16]
Created /mnt/data1/UniBe-swiss-ndvi/data/tiffs_historic_v7final/20180608_historic.tiff
Created /mnt/data1/UniBe-swiss-ndvi/data/tiffs_historic_v7final/20180608_historic_mask.tiff
[2026-04-19 08:05:50]
Created /mnt/data1/UniBe-swiss-ndvi/data/tiffs_historic_v7final/20180609_historic.tiff
Created /mnt/data1/UniBe-swiss-ndvi/data/tiffs_historic_v7final/20180609_historic_mask.tiff
[2026-04-19 08:08:30]
Created /mnt/data1/UniBe-swiss-ndvi/data/tiffs_historic_v7final/20180610_historic.tiff
Created /mnt/data1/UniBe-swiss-ndvi/data/tiffs_historic_v7final/20180610_historic_mask.tiff
[2026-04-19 08:11:05]
Created /mnt/data1/UniBe-swiss-ndvi/data/tiffs_historic_v7final/20180611_historic.tiff
Created /mnt/data1/UniBe-swiss-ndvi/data/tiffs_historic_v7final/20180611_historic_mask.tiff
[2026-04-19 08:13:47]
Created /mnt/data1/UniBe-swiss-ndvi/data/tiffs_historic_v7final/20180612_historic.tiff
Created /mnt/data1/UniBe-swiss-ndvi/data/tiffs_historic_v7final/20180612_historic_mask.tiff
[2026-04-19 08:16:18]
Created /mnt/data1/UniBe-swiss-ndvi/data/tiffs_historic_v7final/20180613_historic.tiff
Created /mnt/data1/UniBe-swiss-ndvi/data/tiffs_historic_v7final/20180613_historic_mask.tiff
[2026-04-19 08:19:00]
Created /mnt/data1/UniBe-swiss-ndvi/data/tiffs_historic_v7final/20180614_historic.tiff
Created /mnt/data1/UniBe-swiss-ndvi/data/tiffs_historic_v7final/20180614_historic_mask.tiff
[2026-04-19 08:21:39]
Created /mnt/data1/UniBe-swiss-ndvi/data/tiffs_historic_v7final/20180615_historic.tiff
Created /mnt/data1/UniBe-swiss-ndvi/data/tiffs_historic_v7final/20180615_historic_mask.tiff
[2026-04-19 08:24:18]
Created /mnt/data1/UniBe-swiss-ndvi/data/tiffs_historic_v7final/20180616_historic.tiff
Created /mnt/data1/UniBe-swiss-ndvi/data/tiffs_historic_v7final/20180616_historic_mask.tiff
[2026-04-19 08:26:58]
Created /mnt/data1/UniBe-swiss-ndvi/data/tiffs_historic_v7final/20180617_historic.tiff
Created /mnt/data1/UniBe-swiss-ndvi/data/tiffs_historic_v7final/20180617_historic_mask.tiff
[2026-04-19 08:29:33]
Created /mnt/data1/UniBe-swiss-ndvi/data/tiffs_historic_v7final/20180618_historic.tiff
Created /mnt/data1/UniBe-swiss-ndvi/data/tiffs_historic_v7final/20180618_historic_mask.tiff
[2026-04-19 08:32:04]
Created /mnt/data1/UniBe-swiss-ndvi/data/tiffs_historic_v7final/20180619_historic.tiff
Created /mnt/data1/UniBe-swiss-ndvi/data/tiffs_historic_v7final/20180619_historic_mask.tiff
[2026-04-19 08:34:39]
Created /mnt/data1/UniBe-swiss-ndvi/data/tiffs_historic_v7final/20180620_historic.tiff
Created /mnt/data1/UniBe-swiss-ndvi/data/tiffs_historic_v7final/20180620_historic_mask.tiff
[2026-04-19 08:37:14]
Created /mnt/data1/UniBe-swiss-ndvi/data/tiffs_historic_v7final/20180621_historic.tiff
Created /mnt/data1/UniBe-swiss-ndvi/data/tiffs_historic_v7final/20180621_historic_mask.tiff
[2026-04-19 08:39:50]
Created /mnt/data1/UniBe-swiss-ndvi/data/tiffs_historic_v7final/20180622_historic.tiff
Created /mnt/data1/UniBe-swiss-ndvi/data/tiffs_historic_v7final/20180622_historic_mask.tiff
[2026-04-19 08:42:30]
Created /mnt/data1/UniBe-swiss-ndvi/data/tiffs_historic_v7final/20180623_historic.tiff
Created /mnt/data1/UniBe-swiss-ndvi/data/tiffs_historic_v7final/20180623_historic_mask.tiff
[2026-04-19 08:45:08]
Created /mnt/data1/UniBe-swiss-ndvi/data/tiffs_historic_v7final/20180624_historic.tiff
Created /mnt/data1/UniBe-swiss-ndvi/data/tiffs_historic_v7final/20180624_historic_mask.tiff
[2026-04-19 08:47:39]
Created /mnt/data1/UniBe-swiss-ndvi/data/tiffs_historic_v7final/20180625_historic.tiff
Created /mnt/data1/UniBe-swiss-ndvi/data/tiffs_historic_v7final/20180625_historic_mask.tiff
[2026-04-19 08:50:07]
Created /mnt/data1/UniBe-swiss-ndvi/data/tiffs_historic_v7final/20180626_historic.tiff
Created /mnt/data1/UniBe-swiss-ndvi/data/tiffs_historic_v7final/20180626_historic_mask.tiff
[2026-04-19 08:52:41]
Created /mnt/data1/UniBe-swiss-ndvi/data/tiffs_historic_v7final/20180627_historic.tiff
Created /mnt/data1/UniBe-swiss-ndvi/data/tiffs_historic_v7final/20180627_historic_mask.tiff
[2026-04-19 08:55:22]
Created /mnt/data1/UniBe-swiss-ndvi/data/tiffs_historic_v7final/20180628_historic.tiff
Created /mnt/data1/UniBe-swiss-ndvi/data/tiffs_historic_v7final/20180628_historic_mask.tiff
[2026-04-19 08:58:03]
Created /mnt/data1/UniBe-swiss-ndvi/data/tiffs_historic_v7final/20180629_historic.tiff
Created /mnt/data1/UniBe-swiss-ndvi/data/tiffs_historic_v7final/20180629_historic_mask.tiff
[2026-04-19 09:00:44]
Created /mnt/data1/UniBe-swiss-ndvi/data/tiffs_historic_v7final/20180630_historic.tiff
Created /mnt/data1/UniBe-swiss-ndvi/data/tiffs_historic_v7final/20180630_historic_mask.tiff
[2026-04-19 09:03:28]
Created /mnt/data1/UniBe-swiss-ndvi/data/tiffs_historic_v7final/20180701_historic.tiff
Created /mnt/data1/UniBe-swiss-ndvi/data/tiffs_historic_v7final/20180701_historic_mask.tiff
[2026-04-19 09:06:05]
Created /mnt/data1/UniBe-swiss-ndvi/data/tiffs_historic_v7final/20180702_historic.tiff
Created /mnt/data1/UniBe-swiss-ndvi/data/tiffs_historic_v7final/20180702_historic_mask.tiff
[2026-04-19 09:08:30]
Created /mnt/data1/UniBe-swiss-ndvi/data/tiffs_historic_v7final/20180703_historic.tiff
Created /mnt/data1/UniBe-swiss-ndvi/data/tiffs_historic_v7final/20180703_historic_mask.tiff
[2026-04-19 09:11:02]
Created /mnt/data1/UniBe-swiss-ndvi/data/tiffs_historic_v7final/20180704_historic.tiff
Created /mnt/data1/UniBe-swiss-ndvi/data/tiffs_historic_v7final/20180704_historic_mask.tiff
[2026-04-19 09:13:30]
Created /mnt/data1/UniBe-swiss-ndvi/data/tiffs_historic_v7final/20180705_historic.tiff
Created /mnt/data1/UniBe-swiss-ndvi/data/tiffs_historic_v7final/20180705_historic_mask.tiff
[2026-04-19 09:16:09]
Created /mnt/data1/UniBe-swiss-ndvi/data/tiffs_historic_v7final/20180706_historic.tiff
Created /mnt/data1/UniBe-swiss-ndvi/data/tiffs_historic_v7final/20180706_historic_mask.tiff
[2026-04-19 09:18:34]
Created /mnt/data1/UniBe-swiss-ndvi/data/tiffs_historic_v7final/20180707_historic.tiff
Created /mnt/data1/UniBe-swiss-ndvi/data/tiffs_historic_v7final/20180707_historic_mask.tiff
[2026-04-19 09:21:00]
Created /mnt/data1/UniBe-swiss-ndvi/data/tiffs_historic_v7final/20180708_historic.tiff
Created /mnt/data1/UniBe-swiss-ndvi/data/tiffs_historic_v7final/20180708_historic_mask.tiff
[2026-04-19 09:23:23]
Created /mnt/data1/UniBe-swiss-ndvi/data/tiffs_historic_v7final/20180709_historic.tiff
Created /mnt/data1/UniBe-swiss-ndvi/data/tiffs_historic_v7final/20180709_historic_mask.tiff
[2026-04-19 09:25:45]
Created /mnt/data1/UniBe-swiss-ndvi/data/tiffs_historic_v7final/20180710_historic.tiff
Created /mnt/data1/UniBe-swiss-ndvi/data/tiffs_historic_v7final/20180710_historic_mask.tiff
[2026-04-19 09:28:03]
Created /mnt/data1/UniBe-swiss-ndvi/data/tiffs_historic_v7final/20180711_historic.tiff
Created /mnt/data1/UniBe-swiss-ndvi/data/tiffs_historic_v7final/20180711_historic_mask.tiff
[2026-04-19 09:30:17]
Created /mnt/data1/UniBe-swiss-ndvi/data/tiffs_historic_v7final/20180712_historic.tiff
Created /mnt/data1/UniBe-swiss-ndvi/data/tiffs_historic_v7final/20180712_historic_mask.tiff
[2026-04-19 09:32:36]
Created /mnt/data1/UniBe-swiss-ndvi/data/tiffs_historic_v7final/20180713_historic.tiff
Created /mnt/data1/UniBe-swiss-ndvi/data/tiffs_historic_v7final/20180713_historic_mask.tiff
[2026-04-19 09:34:54]
Created /mnt/data1/UniBe-swiss-ndvi/data/tiffs_historic_v7final/20180714_historic.tiff
Created /mnt/data1/UniBe-swiss-ndvi/data/tiffs_historic_v7final/20180714_historic_mask.tiff
[2026-04-19 09:37:11]
Created /mnt/data1/UniBe-swiss-ndvi/data/tiffs_historic_v7final/20180715_historic.tiff
Created /mnt/data1/UniBe-swiss-ndvi/data/tiffs_historic_v7final/20180715_historic_mask.tiff
[2026-04-19 09:39:31]
Created /mnt/data1/UniBe-swiss-ndvi/data/tiffs_historic_v7final/20180716_historic.tiff
Created /mnt/data1/UniBe-swiss-ndvi/data/tiffs_historic_v7final/20180716_historic_mask.tiff
[2026-04-19 09:41:50]
Created /mnt/data1/UniBe-swiss-ndvi/data/tiffs_historic_v7final/20180717_historic.tiff
Created /mnt/data1/UniBe-swiss-ndvi/data/tiffs_historic_v7final/20180717_historic_mask.tiff
[2026-04-19 09:44:07]
Created /mnt/data1/UniBe-swiss-ndvi/data/tiffs_historic_v7final/20180718_historic.tiff
Created /mnt/data1/UniBe-swiss-ndvi/data/tiffs_historic_v7final/20180718_historic_mask.tiff
[2026-04-19 09:46:30]
Created /mnt/data1/UniBe-swiss-ndvi/data/tiffs_historic_v7final/20180719_historic.tiff
Created /mnt/data1/UniBe-swiss-ndvi/data/tiffs_historic_v7final/20180719_historic_mask.tiff
[2026-04-19 09:49:02]
Created /mnt/data1/UniBe-swiss-ndvi/data/tiffs_historic_v7final/20180720_historic.tiff
Created /mnt/data1/UniBe-swiss-ndvi/data/tiffs_historic_v7final/20180720_historic_mask.tiff
[2026-04-19 09:52:15]
Created /mnt/data1/UniBe-swiss-ndvi/data/tiffs_historic_v7final/20180721_historic.tiff
Created /mnt/data1/UniBe-swiss-ndvi/data/tiffs_historic_v7final/20180721_historic_mask.tiff
[2026-04-19 09:54:38]
Created /mnt/data1/UniBe-swiss-ndvi/data/tiffs_historic_v7final/20180722_historic.tiff
Created /mnt/data1/UniBe-swiss-ndvi/data/tiffs_historic_v7final/20180722_historic_mask.tiff
[2026-04-19 09:57:16]
Created /mnt/data1/UniBe-swiss-ndvi/data/tiffs_historic_v7final/20180723_historic.tiff
Created /mnt/data1/UniBe-swiss-ndvi/data/tiffs_historic_v7final/20180723_historic_mask.tiff
[2026-04-19 09:59:42]
Created /mnt/data1/UniBe-swiss-ndvi/data/tiffs_historic_v7final/20180724_historic.tiff
Created /mnt/data1/UniBe-swiss-ndvi/data/tiffs_historic_v7final/20180724_historic_mask.tiff
[2026-04-19 10:02:03]
Created /mnt/data1/UniBe-swiss-ndvi/data/tiffs_historic_v7final/20180725_historic.tiff
Created /mnt/data1/UniBe-swiss-ndvi/data/tiffs_historic_v7final/20180725_historic_mask.tiff
[2026-04-19 10:04:26]
Created /mnt/data1/UniBe-swiss-ndvi/data/tiffs_historic_v7final/20180726_historic.tiff
Created /mnt/data1/UniBe-swiss-ndvi/data/tiffs_historic_v7final/20180726_historic_mask.tiff
[2026-04-19 10:06:45]
Created /mnt/data1/UniBe-swiss-ndvi/data/tiffs_historic_v7final/20180727_historic.tiff
Created /mnt/data1/UniBe-swiss-ndvi/data/tiffs_historic_v7final/20180727_historic_mask.tiff
[2026-04-19 10:09:02]
Created /mnt/data1/UniBe-swiss-ndvi/data/tiffs_historic_v7final/20180728_historic.tiff
Created /mnt/data1/UniBe-swiss-ndvi/data/tiffs_historic_v7final/20180728_historic_mask.tiff
[2026-04-19 10:11:27]
Created /mnt/data1/UniBe-swiss-ndvi/data/tiffs_historic_v7final/20180729_historic.tiff
Created /mnt/data1/UniBe-swiss-ndvi/data/tiffs_historic_v7final/20180729_historic_mask.tiff
[2026-04-19 10:14:08]
Created /mnt/data1/UniBe-swiss-ndvi/data/tiffs_historic_v7final/20180730_historic.tiff
Created /mnt/data1/UniBe-swiss-ndvi/data/tiffs_historic_v7final/20180730_historic_mask.tiff
[2026-04-19 10:16:26]
Created /mnt/data1/UniBe-swiss-ndvi/data/tiffs_historic_v7final/20180731_historic.tiff
Created /mnt/data1/UniBe-swiss-ndvi/data/tiffs_historic_v7final/20180731_historic_mask.tiff
[2026-04-19 10:18:42]
Created /mnt/data1/UniBe-swiss-ndvi/data/tiffs_historic_v7final/20180801_historic.tiff
Created /mnt/data1/UniBe-swiss-ndvi/data/tiffs_historic_v7final/20180801_historic_mask.tiff
[2026-04-19 10:21:04]
Created /mnt/data1/UniBe-swiss-ndvi/data/tiffs_historic_v7final/20180802_historic.tiff
Created /mnt/data1/UniBe-swiss-ndvi/data/tiffs_historic_v7final/20180802_historic_mask.tiff
[2026-04-19 10:23:23]
Created /mnt/data1/UniBe-swiss-ndvi/data/tiffs_historic_v7final/20180803_historic.tiff
Created /mnt/data1/UniBe-swiss-ndvi/data/tiffs_historic_v7final/20180803_historic_mask.tiff
[2026-04-19 10:25:40]
Created /mnt/data1/UniBe-swiss-ndvi/data/tiffs_historic_v7final/20180804_historic.tiff
Created /mnt/data1/UniBe-swiss-ndvi/data/tiffs_historic_v7final/20180804_historic_mask.tiff
[2026-04-19 10:28:02]
Created /mnt/data1/UniBe-swiss-ndvi/data/tiffs_historic_v7final/20180805_historic.tiff
Created /mnt/data1/UniBe-swiss-ndvi/data/tiffs_historic_v7final/20180805_historic_mask.tiff
[2026-04-19 10:30:20]
Created /mnt/data1/UniBe-swiss-ndvi/data/tiffs_historic_v7final/20180806_historic.tiff
Created /mnt/data1/UniBe-swiss-ndvi/data/tiffs_historic_v7final/20180806_historic_mask.tiff
[2026-04-19 10:32:47]
Created /mnt/data1/UniBe-swiss-ndvi/data/tiffs_historic_v7final/20180807_historic.tiff
Created /mnt/data1/UniBe-swiss-ndvi/data/tiffs_historic_v7final/20180807_historic_mask.tiff
[2026-04-19 10:35:23]
Created /mnt/data1/UniBe-swiss-ndvi/data/tiffs_historic_v7final/20180808_historic.tiff
Created /mnt/data1/UniBe-swiss-ndvi/data/tiffs_historic_v7final/20180808_historic_mask.tiff
[2026-04-19 10:37:42]
Created /mnt/data1/UniBe-swiss-ndvi/data/tiffs_historic_v7final/20180809_historic.tiff
Created /mnt/data1/UniBe-swiss-ndvi/data/tiffs_historic_v7final/20180809_historic_mask.tiff
[2026-04-19 10:40:01]
Created /mnt/data1/UniBe-swiss-ndvi/data/tiffs_historic_v7final/20180810_historic.tiff
Created /mnt/data1/UniBe-swiss-ndvi/data/tiffs_historic_v7final/20180810_historic_mask.tiff
[2026-04-19 10:42:14]
Created /mnt/data1/UniBe-swiss-ndvi/data/tiffs_historic_v7final/20180811_historic.tiff
Created /mnt/data1/UniBe-swiss-ndvi/data/tiffs_historic_v7final/20180811_historic_mask.tiff
[2026-04-19 10:44:29]
Created /mnt/data1/UniBe-swiss-ndvi/data/tiffs_historic_v7final/20180812_historic.tiff
Created /mnt/data1/UniBe-swiss-ndvi/data/tiffs_historic_v7final/20180812_historic_mask.tiff
[2026-04-19 10:46:44]
Created /mnt/data1/UniBe-swiss-ndvi/data/tiffs_historic_v7final/20180813_historic.tiff
Created /mnt/data1/UniBe-swiss-ndvi/data/tiffs_historic_v7final/20180813_historic_mask.tiff
[2026-04-19 10:49:02]
Created /mnt/data1/UniBe-swiss-ndvi/data/tiffs_historic_v7final/20180814_historic.tiff
Created /mnt/data1/UniBe-swiss-ndvi/data/tiffs_historic_v7final/20180814_historic_mask.tiff
[2026-04-19 10:51:41]
Created /mnt/data1/UniBe-swiss-ndvi/data/tiffs_historic_v7final/20180815_historic.tiff
Created /mnt/data1/UniBe-swiss-ndvi/data/tiffs_historic_v7final/20180815_historic_mask.tiff
[2026-04-19 10:53:56]
Created /mnt/data1/UniBe-swiss-ndvi/data/tiffs_historic_v7final/20180816_historic.tiff
Created /mnt/data1/UniBe-swiss-ndvi/data/tiffs_historic_v7final/20180816_historic_mask.tiff
[2026-04-19 10:56:12]
Created /mnt/data1/UniBe-swiss-ndvi/data/tiffs_historic_v7final/20180817_historic.tiff
Created /mnt/data1/UniBe-swiss-ndvi/data/tiffs_historic_v7final/20180817_historic_mask.tiff
[2026-04-19 10:58:27]
Created /mnt/data1/UniBe-swiss-ndvi/data/tiffs_historic_v7final/20180818_historic.tiff
Created /mnt/data1/UniBe-swiss-ndvi/data/tiffs_historic_v7final/20180818_historic_mask.tiff
[2026-04-19 11:00:44]
Created /mnt/data1/UniBe-swiss-ndvi/data/tiffs_historic_v7final/20180819_historic.tiff
Created /mnt/data1/UniBe-swiss-ndvi/data/tiffs_historic_v7final/20180819_historic_mask.tiff
[2026-04-19 11:03:02]
Created /mnt/data1/UniBe-swiss-ndvi/data/tiffs_historic_v7final/20180820_historic.tiff
Created /mnt/data1/UniBe-swiss-ndvi/data/tiffs_historic_v7final/20180820_historic_mask.tiff
[2026-04-19 11:05:17]
Created /mnt/data1/UniBe-swiss-ndvi/data/tiffs_historic_v7final/20180821_historic.tiff
Created /mnt/data1/UniBe-swiss-ndvi/data/tiffs_historic_v7final/20180821_historic_mask.tiff
[2026-04-19 11:08:12]
Created /mnt/data1/UniBe-swiss-ndvi/data/tiffs_historic_v7final/20180822_historic.tiff
Created /mnt/data1/UniBe-swiss-ndvi/data/tiffs_historic_v7final/20180822_historic_mask.tiff
[2026-04-19 11:10:31]
Created /mnt/data1/UniBe-swiss-ndvi/data/tiffs_historic_v7final/20180823_historic.tiff
Created /mnt/data1/UniBe-swiss-ndvi/data/tiffs_historic_v7final/20180823_historic_mask.tiff
[2026-04-19 11:12:46]
Created /mnt/data1/UniBe-swiss-ndvi/data/tiffs_historic_v7final/20180824_historic.tiff
Created /mnt/data1/UniBe-swiss-ndvi/data/tiffs_historic_v7final/20180824_historic_mask.tiff
[2026-04-19 11:15:00]
Created /mnt/data1/UniBe-swiss-ndvi/data/tiffs_historic_v7final/20180825_historic.tiff
Created /mnt/data1/UniBe-swiss-ndvi/data/tiffs_historic_v7final/20180825_historic_mask.tiff
[2026-04-19 11:17:18]
Created /mnt/data1/UniBe-swiss-ndvi/data/tiffs_historic_v7final/20180826_historic.tiff
Created /mnt/data1/UniBe-swiss-ndvi/data/tiffs_historic_v7final/20180826_historic_mask.tiff
[2026-04-19 11:19:33]
Created /mnt/data1/UniBe-swiss-ndvi/data/tiffs_historic_v7final/20180827_historic.tiff
Created /mnt/data1/UniBe-swiss-ndvi/data/tiffs_historic_v7final/20180827_historic_mask.tiff
[2026-04-19 11:21:50]
Created /mnt/data1/UniBe-swiss-ndvi/data/tiffs_historic_v7final/20180828_historic.tiff
Created /mnt/data1/UniBe-swiss-ndvi/data/tiffs_historic_v7final/20180828_historic_mask.tiff
[2026-04-19 11:24:06]
Created /mnt/data1/UniBe-swiss-ndvi/data/tiffs_historic_v7final/20180829_historic.tiff
Created /mnt/data1/UniBe-swiss-ndvi/data/tiffs_historic_v7final/20180829_historic_mask.tiff
[2026-04-19 11:26:21]
Created /mnt/data1/UniBe-swiss-ndvi/data/tiffs_historic_v7final/20180830_historic.tiff
Created /mnt/data1/UniBe-swiss-ndvi/data/tiffs_historic_v7final/20180830_historic_mask.tiff
[2026-04-19 11:28:34]
Created /mnt/data1/UniBe-swiss-ndvi/data/tiffs_historic_v7final/20180831_historic.tiff
Created /mnt/data1/UniBe-swiss-ndvi/data/tiffs_historic_v7final/20180831_historic_mask.tiff
[2026-04-19 11:30:48]
Created /mnt/data1/UniBe-swiss-ndvi/data/tiffs_historic_v7final/20180901_historic.tiff
Created /mnt/data1/UniBe-swiss-ndvi/data/tiffs_historic_v7final/20180901_historic_mask.tiff
[2026-04-19 11:33:00]
Created /mnt/data1/UniBe-swiss-ndvi/data/tiffs_historic_v7final/20180902_historic.tiff
Created /mnt/data1/UniBe-swiss-ndvi/data/tiffs_historic_v7final/20180902_historic_mask.tiff
[2026-04-19 11:35:14]
Created /mnt/data1/UniBe-swiss-ndvi/data/tiffs_historic_v7final/20180903_historic.tiff
Created /mnt/data1/UniBe-swiss-ndvi/data/tiffs_historic_v7final/20180903_historic_mask.tiff
[2026-04-19 11:37:30]
Created /mnt/data1/UniBe-swiss-ndvi/data/tiffs_historic_v7final/20180904_historic.tiff
Created /mnt/data1/UniBe-swiss-ndvi/data/tiffs_historic_v7final/20180904_historic_mask.tiff
[2026-04-19 11:39:44]
Created /mnt/data1/UniBe-swiss-ndvi/data/tiffs_historic_v7final/20180905_historic.tiff
Created /mnt/data1/UniBe-swiss-ndvi/data/tiffs_historic_v7final/20180905_historic_mask.tiff
[2026-04-19 11:41:57]
Created /mnt/data1/UniBe-swiss-ndvi/data/tiffs_historic_v7final/20180906_historic.tiff
Created /mnt/data1/UniBe-swiss-ndvi/data/tiffs_historic_v7final/20180906_historic_mask.tiff
[2026-04-19 11:44:10]
Created /mnt/data1/UniBe-swiss-ndvi/data/tiffs_historic_v7final/20180907_historic.tiff
Created /mnt/data1/UniBe-swiss-ndvi/data/tiffs_historic_v7final/20180907_historic_mask.tiff
[2026-04-19 11:46:22]
Created /mnt/data1/UniBe-swiss-ndvi/data/tiffs_historic_v7final/20180908_historic.tiff
Created /mnt/data1/UniBe-swiss-ndvi/data/tiffs_historic_v7final/20180908_historic_mask.tiff
[2026-04-19 11:48:37]
Created /mnt/data1/UniBe-swiss-ndvi/data/tiffs_historic_v7final/20180909_historic.tiff
Created /mnt/data1/UniBe-swiss-ndvi/data/tiffs_historic_v7final/20180909_historic_mask.tiff
[2026-04-19 11:50:53]
Created /mnt/data1/UniBe-swiss-ndvi/data/tiffs_historic_v7final/20180910_historic.tiff
Created /mnt/data1/UniBe-swiss-ndvi/data/tiffs_historic_v7final/20180910_historic_mask.tiff
[2026-04-19 11:53:05]
Created /mnt/data1/UniBe-swiss-ndvi/data/tiffs_historic_v7final/20180911_historic.tiff
Created /mnt/data1/UniBe-swiss-ndvi/data/tiffs_historic_v7final/20180911_historic_mask.tiff
[2026-04-19 11:55:21]
Created /mnt/data1/UniBe-swiss-ndvi/data/tiffs_historic_v7final/20180912_historic.tiff
Created /mnt/data1/UniBe-swiss-ndvi/data/tiffs_historic_v7final/20180912_historic_mask.tiff
[2026-04-19 11:57:36]
Created /mnt/data1/UniBe-swiss-ndvi/data/tiffs_historic_v7final/20180913_historic.tiff
Created /mnt/data1/UniBe-swiss-ndvi/data/tiffs_historic_v7final/20180913_historic_mask.tiff
[2026-04-19 11:59:52]
Created /mnt/data1/UniBe-swiss-ndvi/data/tiffs_historic_v7final/20180914_historic.tiff
Created /mnt/data1/UniBe-swiss-ndvi/data/tiffs_historic_v7final/20180914_historic_mask.tiff
[2026-04-19 12:02:05]
Created /mnt/data1/UniBe-swiss-ndvi/data/tiffs_historic_v7final/20180915_historic.tiff
Created /mnt/data1/UniBe-swiss-ndvi/data/tiffs_historic_v7final/20180915_historic_mask.tiff
[2026-04-19 12:04:17]
Created /mnt/data1/UniBe-swiss-ndvi/data/tiffs_historic_v7final/20180916_historic.tiff
Created /mnt/data1/UniBe-swiss-ndvi/data/tiffs_historic_v7final/20180916_historic_mask.tiff
[2026-04-19 12:06:34]
Created /mnt/data1/UniBe-swiss-ndvi/data/tiffs_historic_v7final/20180917_historic.tiff
Created /mnt/data1/UniBe-swiss-ndvi/data/tiffs_historic_v7final/20180917_historic_mask.tiff
[2026-04-19 12:08:51]
Created /mnt/data1/UniBe-swiss-ndvi/data/tiffs_historic_v7final/20180918_historic.tiff
Created /mnt/data1/UniBe-swiss-ndvi/data/tiffs_historic_v7final/20180918_historic_mask.tiff
[2026-04-19 12:11:07]
Created /mnt/data1/UniBe-swiss-ndvi/data/tiffs_historic_v7final/20180919_historic.tiff
Created /mnt/data1/UniBe-swiss-ndvi/data/tiffs_historic_v7final/20180919_historic_mask.tiff
[2026-04-19 12:13:19]
Created /mnt/data1/UniBe-swiss-ndvi/data/tiffs_historic_v7final/20180920_historic.tiff
Created /mnt/data1/UniBe-swiss-ndvi/data/tiffs_historic_v7final/20180920_historic_mask.tiff
[2026-04-19 12:15:33]
Created /mnt/data1/UniBe-swiss-ndvi/data/tiffs_historic_v7final/20180921_historic.tiff
Created /mnt/data1/UniBe-swiss-ndvi/data/tiffs_historic_v7final/20180921_historic_mask.tiff
[2026-04-19 12:17:47]
Created /mnt/data1/UniBe-swiss-ndvi/data/tiffs_historic_v7final/20180922_historic.tiff
Created /mnt/data1/UniBe-swiss-ndvi/data/tiffs_historic_v7final/20180922_historic_mask.tiff
[2026-04-19 12:20:01]
Created /mnt/data1/UniBe-swiss-ndvi/data/tiffs_historic_v7final/20180923_historic.tiff
Created /mnt/data1/UniBe-swiss-ndvi/data/tiffs_historic_v7final/20180923_historic_mask.tiff
[2026-04-19 12:22:15]
Created /mnt/data1/UniBe-swiss-ndvi/data/tiffs_historic_v7final/20180924_historic.tiff
Created /mnt/data1/UniBe-swiss-ndvi/data/tiffs_historic_v7final/20180924_historic_mask.tiff
[2026-04-19 12:24:34]
Created /mnt/data1/UniBe-swiss-ndvi/data/tiffs_historic_v7final/20180925_historic.tiff
Created /mnt/data1/UniBe-swiss-ndvi/data/tiffs_historic_v7final/20180925_historic_mask.tiff
[2026-04-19 12:26:58]
Created /mnt/data1/UniBe-swiss-ndvi/data/tiffs_historic_v7final/20180926_historic.tiff
Created /mnt/data1/UniBe-swiss-ndvi/data/tiffs_historic_v7final/20180926_historic_mask.tiff
[2026-04-19 12:29:19]
Created /mnt/data1/UniBe-swiss-ndvi/data/tiffs_historic_v7final/20180927_historic.tiff
Created /mnt/data1/UniBe-swiss-ndvi/data/tiffs_historic_v7final/20180927_historic_mask.tiff
[2026-04-19 12:31:32]
Created /mnt/data1/UniBe-swiss-ndvi/data/tiffs_historic_v7final/20180928_historic.tiff
Created /mnt/data1/UniBe-swiss-ndvi/data/tiffs_historic_v7final/20180928_historic_mask.tiff
[2026-04-19 12:33:45]
Created /mnt/data1/UniBe-swiss-ndvi/data/tiffs_historic_v7final/20180929_historic.tiff
Created /mnt/data1/UniBe-swiss-ndvi/data/tiffs_historic_v7final/20180929_historic_mask.tiff
[2026-04-19 12:36:04]
Created /mnt/data1/UniBe-swiss-ndvi/data/tiffs_historic_v7final/20180930_historic.tiff
Created /mnt/data1/UniBe-swiss-ndvi/data/tiffs_historic_v7final/20180930_historic_mask.tiff
[2026-04-19 12:38:15]
Created /mnt/data1/UniBe-swiss-ndvi/data/tiffs_historic_v7final/20181001_historic.tiff
Created /mnt/data1/UniBe-swiss-ndvi/data/tiffs_historic_v7final/20181001_historic_mask.tiff
[2026-04-19 12:40:28]
Created /mnt/data1/UniBe-swiss-ndvi/data/tiffs_historic_v7final/20181002_historic.tiff
Created /mnt/data1/UniBe-swiss-ndvi/data/tiffs_historic_v7final/20181002_historic_mask.tiff
[2026-04-19 12:42:41]
Created /mnt/data1/UniBe-swiss-ndvi/data/tiffs_historic_v7final/20181003_historic.tiff
Created /mnt/data1/UniBe-swiss-ndvi/data/tiffs_historic_v7final/20181003_historic_mask.tiff
[2026-04-19 12:44:55]
Created /mnt/data1/UniBe-swiss-ndvi/data/tiffs_historic_v7final/20181004_historic.tiff
Created /mnt/data1/UniBe-swiss-ndvi/data/tiffs_historic_v7final/20181004_historic_mask.tiff
[2026-04-19 12:47:08]
Created /mnt/data1/UniBe-swiss-ndvi/data/tiffs_historic_v7final/20181005_historic.tiff
Created /mnt/data1/UniBe-swiss-ndvi/data/tiffs_historic_v7final/20181005_historic_mask.tiff
[2026-04-19 12:49:19]
Created /mnt/data1/UniBe-swiss-ndvi/data/tiffs_historic_v7final/20181006_historic.tiff
Created /mnt/data1/UniBe-swiss-ndvi/data/tiffs_historic_v7final/20181006_historic_mask.tiff
[2026-04-19 12:51:33]
Created /mnt/data1/UniBe-swiss-ndvi/data/tiffs_historic_v7final/20181007_historic.tiff
Created /mnt/data1/UniBe-swiss-ndvi/data/tiffs_historic_v7final/20181007_historic_mask.tiff
[2026-04-19 12:53:52]
Created /mnt/data1/UniBe-swiss-ndvi/data/tiffs_historic_v7final/20181008_historic.tiff
Created /mnt/data1/UniBe-swiss-ndvi/data/tiffs_historic_v7final/20181008_historic_mask.tiff
[2026-04-19 12:56:06]
Created /mnt/data1/UniBe-swiss-ndvi/data/tiffs_historic_v7final/20181009_historic.tiff
Created /mnt/data1/UniBe-swiss-ndvi/data/tiffs_historic_v7final/20181009_historic_mask.tiff
[2026-04-19 12:58:20]
Created /mnt/data1/UniBe-swiss-ndvi/data/tiffs_historic_v7final/20181010_historic.tiff
Created /mnt/data1/UniBe-swiss-ndvi/data/tiffs_historic_v7final/20181010_historic_mask.tiff
[2026-04-19 13:00:34]
Created /mnt/data1/UniBe-swiss-ndvi/data/tiffs_historic_v7final/20181011_historic.tiff
Created /mnt/data1/UniBe-swiss-ndvi/data/tiffs_historic_v7final/20181011_historic_mask.tiff
[2026-04-19 13:02:51]
Created /mnt/data1/UniBe-swiss-ndvi/data/tiffs_historic_v7final/20181012_historic.tiff
Created /mnt/data1/UniBe-swiss-ndvi/data/tiffs_historic_v7final/20181012_historic_mask.tiff
[2026-04-19 13:05:03]
Created /mnt/data1/UniBe-swiss-ndvi/data/tiffs_historic_v7final/20181013_historic.tiff
Created /mnt/data1/UniBe-swiss-ndvi/data/tiffs_historic_v7final/20181013_historic_mask.tiff
[2026-04-19 13:07:15]
Created /mnt/data1/UniBe-swiss-ndvi/data/tiffs_historic_v7final/20181014_historic.tiff
Created /mnt/data1/UniBe-swiss-ndvi/data/tiffs_historic_v7final/20181014_historic_mask.tiff
[2026-04-19 13:09:29]
Created /mnt/data1/UniBe-swiss-ndvi/data/tiffs_historic_v7final/20181015_historic.tiff
Created /mnt/data1/UniBe-swiss-ndvi/data/tiffs_historic_v7final/20181015_historic_mask.tiff
[2026-04-19 13:11:42]
Created /mnt/data1/UniBe-swiss-ndvi/data/tiffs_historic_v7final/20181016_historic.tiff
Created /mnt/data1/UniBe-swiss-ndvi/data/tiffs_historic_v7final/20181016_historic_mask.tiff
[2026-04-19 13:13:57]
Created /mnt/data1/UniBe-swiss-ndvi/data/tiffs_historic_v7final/20181017_historic.tiff
Created /mnt/data1/UniBe-swiss-ndvi/data/tiffs_historic_v7final/20181017_historic_mask.tiff
[2026-04-19 13:16:08]
Created /mnt/data1/UniBe-swiss-ndvi/data/tiffs_historic_v7final/20181018_historic.tiff
Created /mnt/data1/UniBe-swiss-ndvi/data/tiffs_historic_v7final/20181018_historic_mask.tiff
[2026-04-19 13:18:25]
Created /mnt/data1/UniBe-swiss-ndvi/data/tiffs_historic_v7final/20181019_historic.tiff
Created /mnt/data1/UniBe-swiss-ndvi/data/tiffs_historic_v7final/20181019_historic_mask.tiff
[2026-04-19 13:20:37]
Created /mnt/data1/UniBe-swiss-ndvi/data/tiffs_historic_v7final/20181020_historic.tiff
Created /mnt/data1/UniBe-swiss-ndvi/data/tiffs_historic_v7final/20181020_historic_mask.tiff
[2026-04-19 13:22:49]
Created /mnt/data1/UniBe-swiss-ndvi/data/tiffs_historic_v7final/20181021_historic.tiff
Created /mnt/data1/UniBe-swiss-ndvi/data/tiffs_historic_v7final/20181021_historic_mask.tiff
[2026-04-19 13:25:05]
Created /mnt/data1/UniBe-swiss-ndvi/data/tiffs_historic_v7final/20181022_historic.tiff
Created /mnt/data1/UniBe-swiss-ndvi/data/tiffs_historic_v7final/20181022_historic_mask.tiff
[2026-04-19 13:27:17]
Created /mnt/data1/UniBe-swiss-ndvi/data/tiffs_historic_v7final/20181023_historic.tiff
Created /mnt/data1/UniBe-swiss-ndvi/data/tiffs_historic_v7final/20181023_historic_mask.tiff
[2026-04-19 13:29:31]
Created /mnt/data1/UniBe-swiss-ndvi/data/tiffs_historic_v7final/20181024_historic.tiff
Created /mnt/data1/UniBe-swiss-ndvi/data/tiffs_historic_v7final/20181024_historic_mask.tiff
[2026-04-19 13:31:54]
Created /mnt/data1/UniBe-swiss-ndvi/data/tiffs_historic_v7final/20181025_historic.tiff
Created /mnt/data1/UniBe-swiss-ndvi/data/tiffs_historic_v7final/20181025_historic_mask.tiff
[2026-04-19 13:34:18]
Created /mnt/data1/UniBe-swiss-ndvi/data/tiffs_historic_v7final/20181026_historic.tiff
Created /mnt/data1/UniBe-swiss-ndvi/data/tiffs_historic_v7final/20181026_historic_mask.tiff
[2026-04-19 13:36:32]
Created /mnt/data1/UniBe-swiss-ndvi/data/tiffs_historic_v7final/20181027_historic.tiff
Created /mnt/data1/UniBe-swiss-ndvi/data/tiffs_historic_v7final/20181027_historic_mask.tiff
[2026-04-19 13:38:47]
Created /mnt/data1/UniBe-swiss-ndvi/data/tiffs_historic_v7final/20181028_historic.tiff
Created /mnt/data1/UniBe-swiss-ndvi/data/tiffs_historic_v7final/20181028_historic_mask.tiff
[2026-04-19 13:40:58]
Created /mnt/data1/UniBe-swiss-ndvi/data/tiffs_historic_v7final/20181029_historic.tiff
Created /mnt/data1/UniBe-swiss-ndvi/data/tiffs_historic_v7final/20181029_historic_mask.tiff
[2026-04-19 13:43:09]
Created /mnt/data1/UniBe-swiss-ndvi/data/tiffs_historic_v7final/20181030_historic.tiff
Created /mnt/data1/UniBe-swiss-ndvi/data/tiffs_historic_v7final/20181030_historic_mask.tiff
[2026-04-19 13:45:19]
Created /mnt/data1/UniBe-swiss-ndvi/data/tiffs_historic_v7final/20181031_historic.tiff
Created /mnt/data1/UniBe-swiss-ndvi/data/tiffs_historic_v7final/20181031_historic_mask.tiff
[2026-04-19 13:47:33]
Created /mnt/data1/UniBe-swiss-ndvi/data/tiffs_historic_v7final/20181101_historic.tiff
Created /mnt/data1/UniBe-swiss-ndvi/data/tiffs_historic_v7final/20181101_historic_mask.tiff
[2026-04-19 13:49:51]
Created /mnt/data1/UniBe-swiss-ndvi/data/tiffs_historic_v7final/20181102_historic.tiff
Created /mnt/data1/UniBe-swiss-ndvi/data/tiffs_historic_v7final/20181102_historic_mask.tiff
[2026-04-19 13:52:15]
Created /mnt/data1/UniBe-swiss-ndvi/data/tiffs_historic_v7final/20181103_historic.tiff
Created /mnt/data1/UniBe-swiss-ndvi/data/tiffs_historic_v7final/20181103_historic_mask.tiff
[2026-04-19 13:54:31]
Created /mnt/data1/UniBe-swiss-ndvi/data/tiffs_historic_v7final/20181104_historic.tiff
Created /mnt/data1/UniBe-swiss-ndvi/data/tiffs_historic_v7final/20181104_historic_mask.tiff
[2026-04-19 13:56:45]
Created /mnt/data1/UniBe-swiss-ndvi/data/tiffs_historic_v7final/20181105_historic.tiff
Created /mnt/data1/UniBe-swiss-ndvi/data/tiffs_historic_v7final/20181105_historic_mask.tiff
[2026-04-19 13:58:59]
Created /mnt/data1/UniBe-swiss-ndvi/data/tiffs_historic_v7final/20181106_historic.tiff
Created /mnt/data1/UniBe-swiss-ndvi/data/tiffs_historic_v7final/20181106_historic_mask.tiff
[2026-04-19 14:01:10]
Created /mnt/data1/UniBe-swiss-ndvi/data/tiffs_historic_v7final/20181107_historic.tiff
Created /mnt/data1/UniBe-swiss-ndvi/data/tiffs_historic_v7final/20181107_historic_mask.tiff
[2026-04-19 14:03:25]
Created /mnt/data1/UniBe-swiss-ndvi/data/tiffs_historic_v7final/20181108_historic.tiff
Created /mnt/data1/UniBe-swiss-ndvi/data/tiffs_historic_v7final/20181108_historic_mask.tiff
[2026-04-19 14:05:37]
Created /mnt/data1/UniBe-swiss-ndvi/data/tiffs_historic_v7final/20181109_historic.tiff
Created /mnt/data1/UniBe-swiss-ndvi/data/tiffs_historic_v7final/20181109_historic_mask.tiff
[2026-04-19 14:07:51]
Created /mnt/data1/UniBe-swiss-ndvi/data/tiffs_historic_v7final/20181110_historic.tiff
Created /mnt/data1/UniBe-swiss-ndvi/data/tiffs_historic_v7final/20181110_historic_mask.tiff
[2026-04-19 14:10:04]
Created /mnt/data1/UniBe-swiss-ndvi/data/tiffs_historic_v7final/20181111_historic.tiff
Created /mnt/data1/UniBe-swiss-ndvi/data/tiffs_historic_v7final/20181111_historic_mask.tiff
[2026-04-19 14:12:15]
Created /mnt/data1/UniBe-swiss-ndvi/data/tiffs_historic_v7final/20181112_historic.tiff
Created /mnt/data1/UniBe-swiss-ndvi/data/tiffs_historic_v7final/20181112_historic_mask.tiff
[2026-04-19 14:14:28]
Created /mnt/data1/UniBe-swiss-ndvi/data/tiffs_historic_v7final/20181113_historic.tiff
Created /mnt/data1/UniBe-swiss-ndvi/data/tiffs_historic_v7final/20181113_historic_mask.tiff
[2026-04-19 14:16:40]
Created /mnt/data1/UniBe-swiss-ndvi/data/tiffs_historic_v7final/20181114_historic.tiff
Created /mnt/data1/UniBe-swiss-ndvi/data/tiffs_historic_v7final/20181114_historic_mask.tiff
[2026-04-19 14:18:56]
Created /mnt/data1/UniBe-swiss-ndvi/data/tiffs_historic_v7final/20181115_historic.tiff
Created /mnt/data1/UniBe-swiss-ndvi/data/tiffs_historic_v7final/20181115_historic_mask.tiff
[2026-04-19 14:21:10]
Created /mnt/data1/UniBe-swiss-ndvi/data/tiffs_historic_v7final/20181116_historic.tiff
Created /mnt/data1/UniBe-swiss-ndvi/data/tiffs_historic_v7final/20181116_historic_mask.tiff
[2026-04-19 14:23:23]
Created /mnt/data1/UniBe-swiss-ndvi/data/tiffs_historic_v7final/20181117_historic.tiff
Created /mnt/data1/UniBe-swiss-ndvi/data/tiffs_historic_v7final/20181117_historic_mask.tiff
[2026-04-19 14:25:38]
Created /mnt/data1/UniBe-swiss-ndvi/data/tiffs_historic_v7final/20181118_historic.tiff
Created /mnt/data1/UniBe-swiss-ndvi/data/tiffs_historic_v7final/20181118_historic_mask.tiff
[2026-04-19 14:27:50]
Created /mnt/data1/UniBe-swiss-ndvi/data/tiffs_historic_v7final/20181119_historic.tiff
Created /mnt/data1/UniBe-swiss-ndvi/data/tiffs_historic_v7final/20181119_historic_mask.tiff
[2026-04-19 14:30:02]
Created /mnt/data1/UniBe-swiss-ndvi/data/tiffs_historic_v7final/20181120_historic.tiff
Created /mnt/data1/UniBe-swiss-ndvi/data/tiffs_historic_v7final/20181120_historic_mask.tiff
[2026-04-19 14:32:19]
Created /mnt/data1/UniBe-swiss-ndvi/data/tiffs_historic_v7final/20181121_historic.tiff
Created /mnt/data1/UniBe-swiss-ndvi/data/tiffs_historic_v7final/20181121_historic_mask.tiff
[2026-04-19 14:34:28]
Created /mnt/data1/UniBe-swiss-ndvi/data/tiffs_historic_v7final/20181122_historic.tiff
Created /mnt/data1/UniBe-swiss-ndvi/data/tiffs_historic_v7final/20181122_historic_mask.tiff
[2026-04-19 14:36:39]
Created /mnt/data1/UniBe-swiss-ndvi/data/tiffs_historic_v7final/20181123_historic.tiff
Created /mnt/data1/UniBe-swiss-ndvi/data/tiffs_historic_v7final/20181123_historic_mask.tiff
[2026-04-19 14:38:50]
Created /mnt/data1/UniBe-swiss-ndvi/data/tiffs_historic_v7final/20181124_historic.tiff
Created /mnt/data1/UniBe-swiss-ndvi/data/tiffs_historic_v7final/20181124_historic_mask.tiff
[2026-04-19 14:41:01]
Created /mnt/data1/UniBe-swiss-ndvi/data/tiffs_historic_v7final/20181125_historic.tiff
Created /mnt/data1/UniBe-swiss-ndvi/data/tiffs_historic_v7final/20181125_historic_mask.tiff
[2026-04-19 14:43:11]
Created /mnt/data1/UniBe-swiss-ndvi/data/tiffs_historic_v7final/20181126_historic.tiff
Created /mnt/data1/UniBe-swiss-ndvi/data/tiffs_historic_v7final/20181126_historic_mask.tiff
[2026-04-19 14:45:21]
Created /mnt/data1/UniBe-swiss-ndvi/data/tiffs_historic_v7final/20181127_historic.tiff
Created /mnt/data1/UniBe-swiss-ndvi/data/tiffs_historic_v7final/20181127_historic_mask.tiff
[2026-04-19 14:47:34]
Created /mnt/data1/UniBe-swiss-ndvi/data/tiffs_historic_v7final/20181128_historic.tiff
Created /mnt/data1/UniBe-swiss-ndvi/data/tiffs_historic_v7final/20181128_historic_mask.tiff
[2026-04-19 14:49:42]
Created /mnt/data1/UniBe-swiss-ndvi/data/tiffs_historic_v7final/20181129_historic.tiff
Created /mnt/data1/UniBe-swiss-ndvi/data/tiffs_historic_v7final/20181129_historic_mask.tiff
[2026-04-19 14:51:51]
Created /mnt/data1/UniBe-swiss-ndvi/data/tiffs_historic_v7final/20181130_historic.tiff
Created /mnt/data1/UniBe-swiss-ndvi/data/tiffs_historic_v7final/20181130_historic_mask.tiff
[2026-04-19 14:54:02]
Created /mnt/data1/UniBe-swiss-ndvi/data/tiffs_historic_v7final/20181201_historic.tiff
Created /mnt/data1/UniBe-swiss-ndvi/data/tiffs_historic_v7final/20181201_historic_mask.tiff
[2026-04-19 14:56:14]
Created /mnt/data1/UniBe-swiss-ndvi/data/tiffs_historic_v7final/20181202_historic.tiff
Created /mnt/data1/UniBe-swiss-ndvi/data/tiffs_historic_v7final/20181202_historic_mask.tiff
[2026-04-19 14:58:24]
Created /mnt/data1/UniBe-swiss-ndvi/data/tiffs_historic_v7final/20181203_historic.tiff
Created /mnt/data1/UniBe-swiss-ndvi/data/tiffs_historic_v7final/20181203_historic_mask.tiff
[2026-04-19 15:00:35]
Created /mnt/data1/UniBe-swiss-ndvi/data/tiffs_historic_v7final/20181204_historic.tiff
Created /mnt/data1/UniBe-swiss-ndvi/data/tiffs_historic_v7final/20181204_historic_mask.tiff
[2026-04-19 15:02:44]
Created /mnt/data1/UniBe-swiss-ndvi/data/tiffs_historic_v7final/20181205_historic.tiff
Created /mnt/data1/UniBe-swiss-ndvi/data/tiffs_historic_v7final/20181205_historic_mask.tiff
[2026-04-19 15:04:57]
Created /mnt/data1/UniBe-swiss-ndvi/data/tiffs_historic_v7final/20181206_historic.tiff
Created /mnt/data1/UniBe-swiss-ndvi/data/tiffs_historic_v7final/20181206_historic_mask.tiff
[2026-04-19 15:07:11]
Created /mnt/data1/UniBe-swiss-ndvi/data/tiffs_historic_v7final/20181207_historic.tiff
Created /mnt/data1/UniBe-swiss-ndvi/data/tiffs_historic_v7final/20181207_historic_mask.tiff
[2026-04-19 15:09:23]
Created /mnt/data1/UniBe-swiss-ndvi/data/tiffs_historic_v7final/20181208_historic.tiff
Created /mnt/data1/UniBe-swiss-ndvi/data/tiffs_historic_v7final/20181208_historic_mask.tiff
[2026-04-19 15:11:33]
Created /mnt/data1/UniBe-swiss-ndvi/data/tiffs_historic_v7final/20181209_historic.tiff
Created /mnt/data1/UniBe-swiss-ndvi/data/tiffs_historic_v7final/20181209_historic_mask.tiff
[2026-04-19 15:13:43]
Created /mnt/data1/UniBe-swiss-ndvi/data/tiffs_historic_v7final/20181210_historic.tiff
Created /mnt/data1/UniBe-swiss-ndvi/data/tiffs_historic_v7final/20181210_historic_mask.tiff
[2026-04-19 15:15:57]
Created /mnt/data1/UniBe-swiss-ndvi/data/tiffs_historic_v7final/20181211_historic.tiff
Created /mnt/data1/UniBe-swiss-ndvi/data/tiffs_historic_v7final/20181211_historic_mask.tiff
[2026-04-19 15:18:12]
Created /mnt/data1/UniBe-swiss-ndvi/data/tiffs_historic_v7final/20181212_historic.tiff
Created /mnt/data1/UniBe-swiss-ndvi/data/tiffs_historic_v7final/20181212_historic_mask.tiff
[2026-04-19 15:20:26]
Created /mnt/data1/UniBe-swiss-ndvi/data/tiffs_historic_v7final/20181213_historic.tiff
Created /mnt/data1/UniBe-swiss-ndvi/data/tiffs_historic_v7final/20181213_historic_mask.tiff
[2026-04-19 15:22:38]
Created /mnt/data1/UniBe-swiss-ndvi/data/tiffs_historic_v7final/20181214_historic.tiff
Created /mnt/data1/UniBe-swiss-ndvi/data/tiffs_historic_v7final/20181214_historic_mask.tiff
[2026-04-19 15:24:51]
Created /mnt/data1/UniBe-swiss-ndvi/data/tiffs_historic_v7final/20181215_historic.tiff
Created /mnt/data1/UniBe-swiss-ndvi/data/tiffs_historic_v7final/20181215_historic_mask.tiff
[2026-04-19 15:27:01]
Created /mnt/data1/UniBe-swiss-ndvi/data/tiffs_historic_v7final/20181216_historic.tiff
Created /mnt/data1/UniBe-swiss-ndvi/data/tiffs_historic_v7final/20181216_historic_mask.tiff
[2026-04-19 15:29:13]
Created /mnt/data1/UniBe-swiss-ndvi/data/tiffs_historic_v7final/20181217_historic.tiff
Created /mnt/data1/UniBe-swiss-ndvi/data/tiffs_historic_v7final/20181217_historic_mask.tiff
[2026-04-19 15:31:33]
Created /mnt/data1/UniBe-swiss-ndvi/data/tiffs_historic_v7final/20181218_historic.tiff
Created /mnt/data1/UniBe-swiss-ndvi/data/tiffs_historic_v7final/20181218_historic_mask.tiff
[2026-04-19 15:33:44]
Created /mnt/data1/UniBe-swiss-ndvi/data/tiffs_historic_v7final/20181219_historic.tiff
Created /mnt/data1/UniBe-swiss-ndvi/data/tiffs_historic_v7final/20181219_historic_mask.tiff
[2026-04-19 15:35:56]
Created /mnt/data1/UniBe-swiss-ndvi/data/tiffs_historic_v7final/20181220_historic.tiff
Created /mnt/data1/UniBe-swiss-ndvi/data/tiffs_historic_v7final/20181220_historic_mask.tiff
[2026-04-19 15:38:05]
Created /mnt/data1/UniBe-swiss-ndvi/data/tiffs_historic_v7final/20181221_historic.tiff
Created /mnt/data1/UniBe-swiss-ndvi/data/tiffs_historic_v7final/20181221_historic_mask.tiff
[2026-04-19 15:40:22]
Created /mnt/data1/UniBe-swiss-ndvi/data/tiffs_historic_v7final/20181222_historic.tiff
Created /mnt/data1/UniBe-swiss-ndvi/data/tiffs_historic_v7final/20181222_historic_mask.tiff
[2026-04-19 15:42:34]
Created /mnt/data1/UniBe-swiss-ndvi/data/tiffs_historic_v7final/20181223_historic.tiff
Created /mnt/data1/UniBe-swiss-ndvi/data/tiffs_historic_v7final/20181223_historic_mask.tiff
[2026-04-19 15:44:47]
Created /mnt/data1/UniBe-swiss-ndvi/data/tiffs_historic_v7final/20181224_historic.tiff
Created /mnt/data1/UniBe-swiss-ndvi/data/tiffs_historic_v7final/20181224_historic_mask.tiff
[2026-04-19 15:47:00]
Created /mnt/data1/UniBe-swiss-ndvi/data/tiffs_historic_v7final/20181225_historic.tiff
Created /mnt/data1/UniBe-swiss-ndvi/data/tiffs_historic_v7final/20181225_historic_mask.tiff
[2026-04-19 15:49:19]
Created /mnt/data1/UniBe-swiss-ndvi/data/tiffs_historic_v7final/20181226_historic.tiff
Created /mnt/data1/UniBe-swiss-ndvi/data/tiffs_historic_v7final/20181226_historic_mask.tiff
[2026-04-19 15:51:30]
Created /mnt/data1/UniBe-swiss-ndvi/data/tiffs_historic_v7final/20181227_historic.tiff
Created /mnt/data1/UniBe-swiss-ndvi/data/tiffs_historic_v7final/20181227_historic_mask.tiff
[2026-04-19 15:53:44]
Created /mnt/data1/UniBe-swiss-ndvi/data/tiffs_historic_v7final/20181228_historic.tiff
Created /mnt/data1/UniBe-swiss-ndvi/data/tiffs_historic_v7final/20181228_historic_mask.tiff
[2026-04-19 15:55:54]
Created /mnt/data1/UniBe-swiss-ndvi/data/tiffs_historic_v7final/20181229_historic.tiff
Created /mnt/data1/UniBe-swiss-ndvi/data/tiffs_historic_v7final/20181229_historic_mask.tiff
[2026-04-19 15:58:10]
Created /mnt/data1/UniBe-swiss-ndvi/data/tiffs_historic_v7final/20181230_historic.tiff
Created /mnt/data1/UniBe-swiss-ndvi/data/tiffs_historic_v7final/20181230_historic_mask.tiff
[2026-04-19 16:00:57]
Created /mnt/data1/UniBe-swiss-ndvi/data/tiffs_historic_v7final/20181231_historic.tiff
Created /mnt/data1/UniBe-swiss-ndvi/data/tiffs_historic_v7final/20181231_historic_mask.tiff
[2026-04-19 16:03:11]
Created /mnt/data1/UniBe-swiss-ndvi/data/tiffs_historic_v7final/20190101_historic.tiff
Created /mnt/data1/UniBe-swiss-ndvi/data/tiffs_historic_v7final/20190101_historic_mask.tiff
[2026-04-19 16:05:22]
Created /mnt/data1/UniBe-swiss-ndvi/data/tiffs_historic_v7final/20190102_historic.tiff
Created /mnt/data1/UniBe-swiss-ndvi/data/tiffs_historic_v7final/20190102_historic_mask.tiff
[2026-04-19 16:07:39]
Created /mnt/data1/UniBe-swiss-ndvi/data/tiffs_historic_v7final/20190103_historic.tiff
Created /mnt/data1/UniBe-swiss-ndvi/data/tiffs_historic_v7final/20190103_historic_mask.tiff
[2026-04-19 16:09:54]
Created /mnt/data1/UniBe-swiss-ndvi/data/tiffs_historic_v7final/20190104_historic.tiff
Created /mnt/data1/UniBe-swiss-ndvi/data/tiffs_historic_v7final/20190104_historic_mask.tiff
[2026-04-19 16:12:09]
Created /mnt/data1/UniBe-swiss-ndvi/data/tiffs_historic_v7final/20190105_historic.tiff
Created /mnt/data1/UniBe-swiss-ndvi/data/tiffs_historic_v7final/20190105_historic_mask.tiff
[2026-04-19 16:14:22]
Created /mnt/data1/UniBe-swiss-ndvi/data/tiffs_historic_v7final/20190106_historic.tiff
Created /mnt/data1/UniBe-swiss-ndvi/data/tiffs_historic_v7final/20190106_historic_mask.tiff
[2026-04-19 16:16:44]
Created /mnt/data1/UniBe-swiss-ndvi/data/tiffs_historic_v7final/20190107_historic.tiff
Created /mnt/data1/UniBe-swiss-ndvi/data/tiffs_historic_v7final/20190107_historic_mask.tiff
[2026-04-19 16:19:15]
Created /mnt/data1/UniBe-swiss-ndvi/data/tiffs_historic_v7final/20190108_historic.tiff
Created /mnt/data1/UniBe-swiss-ndvi/data/tiffs_historic_v7final/20190108_historic_mask.tiff
[2026-04-19 16:21:31]
Created /mnt/data1/UniBe-swiss-ndvi/data/tiffs_historic_v7final/20190109_historic.tiff
Created /mnt/data1/UniBe-swiss-ndvi/data/tiffs_historic_v7final/20190109_historic_mask.tiff
[2026-04-19 16:23:49]
Created /mnt/data1/UniBe-swiss-ndvi/data/tiffs_historic_v7final/20190110_historic.tiff
Created /mnt/data1/UniBe-swiss-ndvi/data/tiffs_historic_v7final/20190110_historic_mask.tiff
[2026-04-19 16:26:05]
Created /mnt/data1/UniBe-swiss-ndvi/data/tiffs_historic_v7final/20190111_historic.tiff
Created /mnt/data1/UniBe-swiss-ndvi/data/tiffs_historic_v7final/20190111_historic_mask.tiff
[2026-04-19 16:28:15]
Created /mnt/data1/UniBe-swiss-ndvi/data/tiffs_historic_v7final/20190112_historic.tiff
Created /mnt/data1/UniBe-swiss-ndvi/data/tiffs_historic_v7final/20190112_historic_mask.tiff
[2026-04-19 16:30:26]
Created /mnt/data1/UniBe-swiss-ndvi/data/tiffs_historic_v7final/20190113_historic.tiff
Created /mnt/data1/UniBe-swiss-ndvi/data/tiffs_historic_v7final/20190113_historic_mask.tiff
[2026-04-19 16:32:40]
Created /mnt/data1/UniBe-swiss-ndvi/data/tiffs_historic_v7final/20190114_historic.tiff
Created /mnt/data1/UniBe-swiss-ndvi/data/tiffs_historic_v7final/20190114_historic_mask.tiff
[2026-04-19 16:34:56]
Created /mnt/data1/UniBe-swiss-ndvi/data/tiffs_historic_v7final/20190115_historic.tiff
Created /mnt/data1/UniBe-swiss-ndvi/data/tiffs_historic_v7final/20190115_historic_mask.tiff
[2026-04-19 16:37:12]
Created /mnt/data1/UniBe-swiss-ndvi/data/tiffs_historic_v7final/20190116_historic.tiff
Created /mnt/data1/UniBe-swiss-ndvi/data/tiffs_historic_v7final/20190116_historic_mask.tiff
[2026-04-19 16:39:28]
Created /mnt/data1/UniBe-swiss-ndvi/data/tiffs_historic_v7final/20190117_historic.tiff
Created /mnt/data1/UniBe-swiss-ndvi/data/tiffs_historic_v7final/20190117_historic_mask.tiff
[2026-04-19 16:41:47]
Created /mnt/data1/UniBe-swiss-ndvi/data/tiffs_historic_v7final/20190118_historic.tiff
Created /mnt/data1/UniBe-swiss-ndvi/data/tiffs_historic_v7final/20190118_historic_mask.tiff
[2026-04-19 16:44:01]
Created /mnt/data1/UniBe-swiss-ndvi/data/tiffs_historic_v7final/20190119_historic.tiff
Created /mnt/data1/UniBe-swiss-ndvi/data/tiffs_historic_v7final/20190119_historic_mask.tiff
[2026-04-19 16:46:13]
Created /mnt/data1/UniBe-swiss-ndvi/data/tiffs_historic_v7final/20190120_historic.tiff
Created /mnt/data1/UniBe-swiss-ndvi/data/tiffs_historic_v7final/20190120_historic_mask.tiff
[2026-04-19 16:48:24]
Created /mnt/data1/UniBe-swiss-ndvi/data/tiffs_historic_v7final/20190121_historic.tiff
Created /mnt/data1/UniBe-swiss-ndvi/data/tiffs_historic_v7final/20190121_historic_mask.tiff
[2026-04-19 16:50:41]
Created /mnt/data1/UniBe-swiss-ndvi/data/tiffs_historic_v7final/20190122_historic.tiff
Created /mnt/data1/UniBe-swiss-ndvi/data/tiffs_historic_v7final/20190122_historic_mask.tiff
[2026-04-19 16:52:56]
Created /mnt/data1/UniBe-swiss-ndvi/data/tiffs_historic_v7final/20190123_historic.tiff
Created /mnt/data1/UniBe-swiss-ndvi/data/tiffs_historic_v7final/20190123_historic_mask.tiff
[2026-04-19 16:55:08]
Created /mnt/data1/UniBe-swiss-ndvi/data/tiffs_historic_v7final/20190124_historic.tiff
Created /mnt/data1/UniBe-swiss-ndvi/data/tiffs_historic_v7final/20190124_historic_mask.tiff
[2026-04-19 16:57:24]
Created /mnt/data1/UniBe-swiss-ndvi/data/tiffs_historic_v7final/20190125_historic.tiff
Created /mnt/data1/UniBe-swiss-ndvi/data/tiffs_historic_v7final/20190125_historic_mask.tiff
[2026-04-19 16:59:35]
Created /mnt/data1/UniBe-swiss-ndvi/data/tiffs_historic_v7final/20190126_historic.tiff
Created /mnt/data1/UniBe-swiss-ndvi/data/tiffs_historic_v7final/20190126_historic_mask.tiff
[2026-04-19 17:01:48]
Created /mnt/data1/UniBe-swiss-ndvi/data/tiffs_historic_v7final/20190127_historic.tiff
Created /mnt/data1/UniBe-swiss-ndvi/data/tiffs_historic_v7final/20190127_historic_mask.tiff
[2026-04-19 17:04:00]
Created /mnt/data1/UniBe-swiss-ndvi/data/tiffs_historic_v7final/20190128_historic.tiff
Created /mnt/data1/UniBe-swiss-ndvi/data/tiffs_historic_v7final/20190128_historic_mask.tiff
[2026-04-19 17:06:12]
Created /mnt/data1/UniBe-swiss-ndvi/data/tiffs_historic_v7final/20190129_historic.tiff
Created /mnt/data1/UniBe-swiss-ndvi/data/tiffs_historic_v7final/20190129_historic_mask.tiff
[2026-04-19 17:08:26]
Created /mnt/data1/UniBe-swiss-ndvi/data/tiffs_historic_v7final/20190130_historic.tiff
Created /mnt/data1/UniBe-swiss-ndvi/data/tiffs_historic_v7final/20190130_historic_mask.tiff
[2026-04-19 17:11:00]
Created /mnt/data1/UniBe-swiss-ndvi/data/tiffs_historic_v7final/20190131_historic.tiff
Created /mnt/data1/UniBe-swiss-ndvi/data/tiffs_historic_v7final/20190131_historic_mask.tiff
[2026-04-19 17:13:15]
Created /mnt/data1/UniBe-swiss-ndvi/data/tiffs_historic_v7final/20190201_historic.tiff
Created /mnt/data1/UniBe-swiss-ndvi/data/tiffs_historic_v7final/20190201_historic_mask.tiff
[2026-04-19 17:15:25]
Created /mnt/data1/UniBe-swiss-ndvi/data/tiffs_historic_v7final/20190202_historic.tiff
Created /mnt/data1/UniBe-swiss-ndvi/data/tiffs_historic_v7final/20190202_historic_mask.tiff
[2026-04-19 17:17:36]
Created /mnt/data1/UniBe-swiss-ndvi/data/tiffs_historic_v7final/20190203_historic.tiff
Created /mnt/data1/UniBe-swiss-ndvi/data/tiffs_historic_v7final/20190203_historic_mask.tiff
[2026-04-19 17:19:53]
Created /mnt/data1/UniBe-swiss-ndvi/data/tiffs_historic_v7final/20190204_historic.tiff
Created /mnt/data1/UniBe-swiss-ndvi/data/tiffs_historic_v7final/20190204_historic_mask.tiff
[2026-04-19 17:22:05]
Created /mnt/data1/UniBe-swiss-ndvi/data/tiffs_historic_v7final/20190205_historic.tiff
Created /mnt/data1/UniBe-swiss-ndvi/data/tiffs_historic_v7final/20190205_historic_mask.tiff
[2026-04-19 17:24:23]
Created /mnt/data1/UniBe-swiss-ndvi/data/tiffs_historic_v7final/20190206_historic.tiff
Created /mnt/data1/UniBe-swiss-ndvi/data/tiffs_historic_v7final/20190206_historic_mask.tiff
[2026-04-19 17:26:35]
Created /mnt/data1/UniBe-swiss-ndvi/data/tiffs_historic_v7final/20190207_historic.tiff
Created /mnt/data1/UniBe-swiss-ndvi/data/tiffs_historic_v7final/20190207_historic_mask.tiff
[2026-04-19 17:28:48]
Created /mnt/data1/UniBe-swiss-ndvi/data/tiffs_historic_v7final/20190208_historic.tiff
Created /mnt/data1/UniBe-swiss-ndvi/data/tiffs_historic_v7final/20190208_historic_mask.tiff
[2026-04-19 17:31:08]
Created /mnt/data1/UniBe-swiss-ndvi/data/tiffs_historic_v7final/20190209_historic.tiff
Created /mnt/data1/UniBe-swiss-ndvi/data/tiffs_historic_v7final/20190209_historic_mask.tiff
[2026-04-19 17:33:21]
Created /mnt/data1/UniBe-swiss-ndvi/data/tiffs_historic_v7final/20190210_historic.tiff
Created /mnt/data1/UniBe-swiss-ndvi/data/tiffs_historic_v7final/20190210_historic_mask.tiff
[2026-04-19 17:35:32]
Created /mnt/data1/UniBe-swiss-ndvi/data/tiffs_historic_v7final/20190211_historic.tiff
Created /mnt/data1/UniBe-swiss-ndvi/data/tiffs_historic_v7final/20190211_historic_mask.tiff
[2026-04-19 17:37:48]
Created /mnt/data1/UniBe-swiss-ndvi/data/tiffs_historic_v7final/20190212_historic.tiff
Created /mnt/data1/UniBe-swiss-ndvi/data/tiffs_historic_v7final/20190212_historic_mask.tiff
[2026-04-19 17:40:04]
Created /mnt/data1/UniBe-swiss-ndvi/data/tiffs_historic_v7final/20190213_historic.tiff
Created /mnt/data1/UniBe-swiss-ndvi/data/tiffs_historic_v7final/20190213_historic_mask.tiff
[2026-04-19 17:42:27]
Created /mnt/data1/UniBe-swiss-ndvi/data/tiffs_historic_v7final/20190214_historic.tiff
Created /mnt/data1/UniBe-swiss-ndvi/data/tiffs_historic_v7final/20190214_historic_mask.tiff
[2026-04-19 17:44:40]
Created /mnt/data1/UniBe-swiss-ndvi/data/tiffs_historic_v7final/20190215_historic.tiff
Created /mnt/data1/UniBe-swiss-ndvi/data/tiffs_historic_v7final/20190215_historic_mask.tiff
[2026-04-19 17:47:00]
Created /mnt/data1/UniBe-swiss-ndvi/data/tiffs_historic_v7final/20190216_historic.tiff
Created /mnt/data1/UniBe-swiss-ndvi/data/tiffs_historic_v7final/20190216_historic_mask.tiff
[2026-04-19 17:49:11]
Created /mnt/data1/UniBe-swiss-ndvi/data/tiffs_historic_v7final/20190217_historic.tiff
Created /mnt/data1/UniBe-swiss-ndvi/data/tiffs_historic_v7final/20190217_historic_mask.tiff
[2026-04-19 17:51:22]
Created /mnt/data1/UniBe-swiss-ndvi/data/tiffs_historic_v7final/20190218_historic.tiff
Created /mnt/data1/UniBe-swiss-ndvi/data/tiffs_historic_v7final/20190218_historic_mask.tiff
[2026-04-19 17:53:42]
Created /mnt/data1/UniBe-swiss-ndvi/data/tiffs_historic_v7final/20190219_historic.tiff
Created /mnt/data1/UniBe-swiss-ndvi/data/tiffs_historic_v7final/20190219_historic_mask.tiff
[2026-04-19 17:56:00]
Created /mnt/data1/UniBe-swiss-ndvi/data/tiffs_historic_v7final/20190220_historic.tiff
Created /mnt/data1/UniBe-swiss-ndvi/data/tiffs_historic_v7final/20190220_historic_mask.tiff
[2026-04-19 17:58:23]
Created /mnt/data1/UniBe-swiss-ndvi/data/tiffs_historic_v7final/20190221_historic.tiff
Created /mnt/data1/UniBe-swiss-ndvi/data/tiffs_historic_v7final/20190221_historic_mask.tiff
[2026-04-19 18:02:16]
Created /mnt/data1/UniBe-swiss-ndvi/data/tiffs_historic_v7final/20190222_historic.tiff
Created /mnt/data1/UniBe-swiss-ndvi/data/tiffs_historic_v7final/20190222_historic_mask.tiff
[2026-04-19 18:04:39]
Created /mnt/data1/UniBe-swiss-ndvi/data/tiffs_historic_v7final/20190223_historic.tiff
Created /mnt/data1/UniBe-swiss-ndvi/data/tiffs_historic_v7final/20190223_historic_mask.tiff
[2026-04-19 18:07:00]
Created /mnt/data1/UniBe-swiss-ndvi/data/tiffs_historic_v7final/20190224_historic.tiff
Created /mnt/data1/UniBe-swiss-ndvi/data/tiffs_historic_v7final/20190224_historic_mask.tiff
[2026-04-19 18:09:13]
Created /mnt/data1/UniBe-swiss-ndvi/data/tiffs_historic_v7final/20190225_historic.tiff
Created /mnt/data1/UniBe-swiss-ndvi/data/tiffs_historic_v7final/20190225_historic_mask.tiff
[2026-04-19 18:11:35]
Created /mnt/data1/UniBe-swiss-ndvi/data/tiffs_historic_v7final/20190226_historic.tiff
Created /mnt/data1/UniBe-swiss-ndvi/data/tiffs_historic_v7final/20190226_historic_mask.tiff
[2026-04-19 18:13:48]
Created /mnt/data1/UniBe-swiss-ndvi/data/tiffs_historic_v7final/20190227_historic.tiff
Created /mnt/data1/UniBe-swiss-ndvi/data/tiffs_historic_v7final/20190227_historic_mask.tiff
[2026-04-19 18:16:11]
Created /mnt/data1/UniBe-swiss-ndvi/data/tiffs_historic_v7final/20190228_historic.tiff
Created /mnt/data1/UniBe-swiss-ndvi/data/tiffs_historic_v7final/20190228_historic_mask.tiff
[2026-04-19 18:18:22]
Created /mnt/data1/UniBe-swiss-ndvi/data/tiffs_historic_v7final/20190301_historic.tiff
Created /mnt/data1/UniBe-swiss-ndvi/data/tiffs_historic_v7final/20190301_historic_mask.tiff
[2026-04-19 18:20:32]
Created /mnt/data1/UniBe-swiss-ndvi/data/tiffs_historic_v7final/20190302_historic.tiff
Created /mnt/data1/UniBe-swiss-ndvi/data/tiffs_historic_v7final/20190302_historic_mask.tiff
[2026-04-19 18:22:49]
Created /mnt/data1/UniBe-swiss-ndvi/data/tiffs_historic_v7final/20190303_historic.tiff
Created /mnt/data1/UniBe-swiss-ndvi/data/tiffs_historic_v7final/20190303_historic_mask.tiff
[2026-04-19 18:24:59]
Created /mnt/data1/UniBe-swiss-ndvi/data/tiffs_historic_v7final/20190304_historic.tiff
Created /mnt/data1/UniBe-swiss-ndvi/data/tiffs_historic_v7final/20190304_historic_mask.tiff
[2026-04-19 18:27:10]
Created /mnt/data1/UniBe-swiss-ndvi/data/tiffs_historic_v7final/20190305_historic.tiff
Created /mnt/data1/UniBe-swiss-ndvi/data/tiffs_historic_v7final/20190305_historic_mask.tiff
[2026-04-19 18:29:23]
Created /mnt/data1/UniBe-swiss-ndvi/data/tiffs_historic_v7final/20190306_historic.tiff
Created /mnt/data1/UniBe-swiss-ndvi/data/tiffs_historic_v7final/20190306_historic_mask.tiff
[2026-04-19 18:31:38]
Created /mnt/data1/UniBe-swiss-ndvi/data/tiffs_historic_v7final/20190307_historic.tiff
Created /mnt/data1/UniBe-swiss-ndvi/data/tiffs_historic_v7final/20190307_historic_mask.tiff
[2026-04-19 18:33:54]
Created /mnt/data1/UniBe-swiss-ndvi/data/tiffs_historic_v7final/20190308_historic.tiff
Created /mnt/data1/UniBe-swiss-ndvi/data/tiffs_historic_v7final/20190308_historic_mask.tiff
[2026-04-19 18:36:18]
Created /mnt/data1/UniBe-swiss-ndvi/data/tiffs_historic_v7final/20190309_historic.tiff
Created /mnt/data1/UniBe-swiss-ndvi/data/tiffs_historic_v7final/20190309_historic_mask.tiff
[2026-04-19 18:38:30]
Created /mnt/data1/UniBe-swiss-ndvi/data/tiffs_historic_v7final/20190310_historic.tiff
Created /mnt/data1/UniBe-swiss-ndvi/data/tiffs_historic_v7final/20190310_historic_mask.tiff
[2026-04-19 18:40:41]
Created /mnt/data1/UniBe-swiss-ndvi/data/tiffs_historic_v7final/20190311_historic.tiff
Created /mnt/data1/UniBe-swiss-ndvi/data/tiffs_historic_v7final/20190311_historic_mask.tiff
[2026-04-19 18:42:53]
Created /mnt/data1/UniBe-swiss-ndvi/data/tiffs_historic_v7final/20190312_historic.tiff
Created /mnt/data1/UniBe-swiss-ndvi/data/tiffs_historic_v7final/20190312_historic_mask.tiff
[2026-04-19 18:45:04]
Created /mnt/data1/UniBe-swiss-ndvi/data/tiffs_historic_v7final/20190313_historic.tiff
Created /mnt/data1/UniBe-swiss-ndvi/data/tiffs_historic_v7final/20190313_historic_mask.tiff
[2026-04-19 18:47:16]
Created /mnt/data1/UniBe-swiss-ndvi/data/tiffs_historic_v7final/20190314_historic.tiff
Created /mnt/data1/UniBe-swiss-ndvi/data/tiffs_historic_v7final/20190314_historic_mask.tiff
[2026-04-19 18:49:28]
Created /mnt/data1/UniBe-swiss-ndvi/data/tiffs_historic_v7final/20190315_historic.tiff
Created /mnt/data1/UniBe-swiss-ndvi/data/tiffs_historic_v7final/20190315_historic_mask.tiff
[2026-04-19 18:51:50]
Created /mnt/data1/UniBe-swiss-ndvi/data/tiffs_historic_v7final/20190316_historic.tiff
Created /mnt/data1/UniBe-swiss-ndvi/data/tiffs_historic_v7final/20190316_historic_mask.tiff
[2026-04-19 18:54:04]
Created /mnt/data1/UniBe-swiss-ndvi/data/tiffs_historic_v7final/20190317_historic.tiff
Created /mnt/data1/UniBe-swiss-ndvi/data/tiffs_historic_v7final/20190317_historic_mask.tiff
[2026-04-19 18:56:38]
Created /mnt/data1/UniBe-swiss-ndvi/data/tiffs_historic_v7final/20190318_historic.tiff
Created /mnt/data1/UniBe-swiss-ndvi/data/tiffs_historic_v7final/20190318_historic_mask.tiff
[2026-04-19 18:58:51]
Created /mnt/data1/UniBe-swiss-ndvi/data/tiffs_historic_v7final/20190319_historic.tiff
Created /mnt/data1/UniBe-swiss-ndvi/data/tiffs_historic_v7final/20190319_historic_mask.tiff
[2026-04-19 19:01:20]
Created /mnt/data1/UniBe-swiss-ndvi/data/tiffs_historic_v7final/20190320_historic.tiff
Created /mnt/data1/UniBe-swiss-ndvi/data/tiffs_historic_v7final/20190320_historic_mask.tiff
[2026-04-19 19:03:41]
Created /mnt/data1/UniBe-swiss-ndvi/data/tiffs_historic_v7final/20190321_historic.tiff
Created /mnt/data1/UniBe-swiss-ndvi/data/tiffs_historic_v7final/20190321_historic_mask.tiff
[2026-04-19 19:05:54]
Created /mnt/data1/UniBe-swiss-ndvi/data/tiffs_historic_v7final/20190322_historic.tiff
Created /mnt/data1/UniBe-swiss-ndvi/data/tiffs_historic_v7final/20190322_historic_mask.tiff
[2026-04-19 19:08:14]
Created /mnt/data1/UniBe-swiss-ndvi/data/tiffs_historic_v7final/20190323_historic.tiff
Created /mnt/data1/UniBe-swiss-ndvi/data/tiffs_historic_v7final/20190323_historic_mask.tiff
[2026-04-19 19:10:24]
Created /mnt/data1/UniBe-swiss-ndvi/data/tiffs_historic_v7final/20190324_historic.tiff
Created /mnt/data1/UniBe-swiss-ndvi/data/tiffs_historic_v7final/20190324_historic_mask.tiff
[2026-04-19 19:12:39]
Created /mnt/data1/UniBe-swiss-ndvi/data/tiffs_historic_v7final/20190325_historic.tiff
Created /mnt/data1/UniBe-swiss-ndvi/data/tiffs_historic_v7final/20190325_historic_mask.tiff
[2026-04-19 19:15:00]
Created /mnt/data1/UniBe-swiss-ndvi/data/tiffs_historic_v7final/20190326_historic.tiff
Created /mnt/data1/UniBe-swiss-ndvi/data/tiffs_historic_v7final/20190326_historic_mask.tiff
[2026-04-19 19:17:54]
Created /mnt/data1/UniBe-swiss-ndvi/data/tiffs_historic_v7final/20190327_historic.tiff
Created /mnt/data1/UniBe-swiss-ndvi/data/tiffs_historic_v7final/20190327_historic_mask.tiff
[2026-04-19 19:20:50]
Created /mnt/data1/UniBe-swiss-ndvi/data/tiffs_historic_v7final/20190328_historic.tiff
Created /mnt/data1/UniBe-swiss-ndvi/data/tiffs_historic_v7final/20190328_historic_mask.tiff
[2026-04-19 19:24:23]
Created /mnt/data1/UniBe-swiss-ndvi/data/tiffs_historic_v7final/20190329_historic.tiff
Created /mnt/data1/UniBe-swiss-ndvi/data/tiffs_historic_v7final/20190329_historic_mask.tiff
[2026-04-19 19:27:11]
Created /mnt/data1/UniBe-swiss-ndvi/data/tiffs_historic_v7final/20190330_historic.tiff
Created /mnt/data1/UniBe-swiss-ndvi/data/tiffs_historic_v7final/20190330_historic_mask.tiff
[2026-04-19 19:29:29]
Created /mnt/data1/UniBe-swiss-ndvi/data/tiffs_historic_v7final/20190331_historic.tiff
Created /mnt/data1/UniBe-swiss-ndvi/data/tiffs_historic_v7final/20190331_historic_mask.tiff
[2026-04-19 19:31:40]
Created /mnt/data1/UniBe-swiss-ndvi/data/tiffs_historic_v7final/20190401_historic.tiff
Created /mnt/data1/UniBe-swiss-ndvi/data/tiffs_historic_v7final/20190401_historic_mask.tiff
[2026-04-19 19:33:56]
Created /mnt/data1/UniBe-swiss-ndvi/data/tiffs_historic_v7final/20190402_historic.tiff
Created /mnt/data1/UniBe-swiss-ndvi/data/tiffs_historic_v7final/20190402_historic_mask.tiff
[2026-04-19 19:36:08]
Created /mnt/data1/UniBe-swiss-ndvi/data/tiffs_historic_v7final/20190403_historic.tiff
Created /mnt/data1/UniBe-swiss-ndvi/data/tiffs_historic_v7final/20190403_historic_mask.tiff
[2026-04-19 19:38:20]
Created /mnt/data1/UniBe-swiss-ndvi/data/tiffs_historic_v7final/20190404_historic.tiff
Created /mnt/data1/UniBe-swiss-ndvi/data/tiffs_historic_v7final/20190404_historic_mask.tiff
[2026-04-19 19:40:36]
Created /mnt/data1/UniBe-swiss-ndvi/data/tiffs_historic_v7final/20190405_historic.tiff
Created /mnt/data1/UniBe-swiss-ndvi/data/tiffs_historic_v7final/20190405_historic_mask.tiff
[2026-04-19 19:42:52]
Created /mnt/data1/UniBe-swiss-ndvi/data/tiffs_historic_v7final/20190406_historic.tiff
Created /mnt/data1/UniBe-swiss-ndvi/data/tiffs_historic_v7final/20190406_historic_mask.tiff
[2026-04-19 19:45:05]
Created /mnt/data1/UniBe-swiss-ndvi/data/tiffs_historic_v7final/20190407_historic.tiff
Created /mnt/data1/UniBe-swiss-ndvi/data/tiffs_historic_v7final/20190407_historic_mask.tiff
[2026-04-19 19:47:19]
Created /mnt/data1/UniBe-swiss-ndvi/data/tiffs_historic_v7final/20190408_historic.tiff
Created /mnt/data1/UniBe-swiss-ndvi/data/tiffs_historic_v7final/20190408_historic_mask.tiff
[2026-04-19 19:49:29]
Created /mnt/data1/UniBe-swiss-ndvi/data/tiffs_historic_v7final/20190409_historic.tiff
Created /mnt/data1/UniBe-swiss-ndvi/data/tiffs_historic_v7final/20190409_historic_mask.tiff
[2026-04-19 19:51:43]
Created /mnt/data1/UniBe-swiss-ndvi/data/tiffs_historic_v7final/20190410_historic.tiff
Created /mnt/data1/UniBe-swiss-ndvi/data/tiffs_historic_v7final/20190410_historic_mask.tiff
[2026-04-19 19:53:57]
Created /mnt/data1/UniBe-swiss-ndvi/data/tiffs_historic_v7final/20190411_historic.tiff
Created /mnt/data1/UniBe-swiss-ndvi/data/tiffs_historic_v7final/20190411_historic_mask.tiff
[2026-04-19 19:56:09]
Created /mnt/data1/UniBe-swiss-ndvi/data/tiffs_historic_v7final/20190412_historic.tiff
Created /mnt/data1/UniBe-swiss-ndvi/data/tiffs_historic_v7final/20190412_historic_mask.tiff
[2026-04-19 19:58:20]
Created /mnt/data1/UniBe-swiss-ndvi/data/tiffs_historic_v7final/20190413_historic.tiff
Created /mnt/data1/UniBe-swiss-ndvi/data/tiffs_historic_v7final/20190413_historic_mask.tiff
[2026-04-19 20:00:32]
Created /mnt/data1/UniBe-swiss-ndvi/data/tiffs_historic_v7final/20190414_historic.tiff
Created /mnt/data1/UniBe-swiss-ndvi/data/tiffs_historic_v7final/20190414_historic_mask.tiff
[2026-04-19 20:02:51]
Created /mnt/data1/UniBe-swiss-ndvi/data/tiffs_historic_v7final/20190415_historic.tiff
Created /mnt/data1/UniBe-swiss-ndvi/data/tiffs_historic_v7final/20190415_historic_mask.tiff
[2026-04-19 20:05:12]
Created /mnt/data1/UniBe-swiss-ndvi/data/tiffs_historic_v7final/20190416_historic.tiff
Created /mnt/data1/UniBe-swiss-ndvi/data/tiffs_historic_v7final/20190416_historic_mask.tiff
[2026-04-19 20:07:27]
Created /mnt/data1/UniBe-swiss-ndvi/data/tiffs_historic_v7final/20190417_historic.tiff
Created /mnt/data1/UniBe-swiss-ndvi/data/tiffs_historic_v7final/20190417_historic_mask.tiff
[2026-04-19 20:09:39]
Created /mnt/data1/UniBe-swiss-ndvi/data/tiffs_historic_v7final/20190418_historic.tiff
Created /mnt/data1/UniBe-swiss-ndvi/data/tiffs_historic_v7final/20190418_historic_mask.tiff
[2026-04-19 20:11:51]
Created /mnt/data1/UniBe-swiss-ndvi/data/tiffs_historic_v7final/20190419_historic.tiff
Created /mnt/data1/UniBe-swiss-ndvi/data/tiffs_historic_v7final/20190419_historic_mask.tiff
[2026-04-19 20:14:24]
Created /mnt/data1/UniBe-swiss-ndvi/data/tiffs_historic_v7final/20190420_historic.tiff
Created /mnt/data1/UniBe-swiss-ndvi/data/tiffs_historic_v7final/20190420_historic_mask.tiff
[2026-04-19 20:16:42]
Created /mnt/data1/UniBe-swiss-ndvi/data/tiffs_historic_v7final/20190421_historic.tiff
Created /mnt/data1/UniBe-swiss-ndvi/data/tiffs_historic_v7final/20190421_historic_mask.tiff
[2026-04-19 20:19:02]
Created /mnt/data1/UniBe-swiss-ndvi/data/tiffs_historic_v7final/20190422_historic.tiff
Created /mnt/data1/UniBe-swiss-ndvi/data/tiffs_historic_v7final/20190422_historic_mask.tiff
[2026-04-19 20:21:24]
Created /mnt/data1/UniBe-swiss-ndvi/data/tiffs_historic_v7final/20190423_historic.tiff
Created /mnt/data1/UniBe-swiss-ndvi/data/tiffs_historic_v7final/20190423_historic_mask.tiff
[2026-04-19 20:23:41]
Created /mnt/data1/UniBe-swiss-ndvi/data/tiffs_historic_v7final/20190424_historic.tiff
Created /mnt/data1/UniBe-swiss-ndvi/data/tiffs_historic_v7final/20190424_historic_mask.tiff
[2026-04-19 20:26:00]
Created /mnt/data1/UniBe-swiss-ndvi/data/tiffs_historic_v7final/20190425_historic.tiff
Created /mnt/data1/UniBe-swiss-ndvi/data/tiffs_historic_v7final/20190425_historic_mask.tiff
[2026-04-19 20:28:13]
Created /mnt/data1/UniBe-swiss-ndvi/data/tiffs_historic_v7final/20190426_historic.tiff
Created /mnt/data1/UniBe-swiss-ndvi/data/tiffs_historic_v7final/20190426_historic_mask.tiff
[2026-04-19 20:30:25]
Created /mnt/data1/UniBe-swiss-ndvi/data/tiffs_historic_v7final/20190427_historic.tiff
Created /mnt/data1/UniBe-swiss-ndvi/data/tiffs_historic_v7final/20190427_historic_mask.tiff
[2026-04-19 20:33:04]
Created /mnt/data1/UniBe-swiss-ndvi/data/tiffs_historic_v7final/20190428_historic.tiff
Created /mnt/data1/UniBe-swiss-ndvi/data/tiffs_historic_v7final/20190428_historic_mask.tiff
[2026-04-19 20:35:17]
Created /mnt/data1/UniBe-swiss-ndvi/data/tiffs_historic_v7final/20190429_historic.tiff
Created /mnt/data1/UniBe-swiss-ndvi/data/tiffs_historic_v7final/20190429_historic_mask.tiff
[2026-04-19 20:37:35]
Created /mnt/data1/UniBe-swiss-ndvi/data/tiffs_historic_v7final/20190430_historic.tiff
Created /mnt/data1/UniBe-swiss-ndvi/data/tiffs_historic_v7final/20190430_historic_mask.tiff
[2026-04-19 20:39:52]
Created /mnt/data1/UniBe-swiss-ndvi/data/tiffs_historic_v7final/20190501_historic.tiff
Created /mnt/data1/UniBe-swiss-ndvi/data/tiffs_historic_v7final/20190501_historic_mask.tiff
[2026-04-19 20:42:11]
Created /mnt/data1/UniBe-swiss-ndvi/data/tiffs_historic_v7final/20190502_historic.tiff
Created /mnt/data1/UniBe-swiss-ndvi/data/tiffs_historic_v7final/20190502_historic_mask.tiff
[2026-04-19 20:44:28]
Created /mnt/data1/UniBe-swiss-ndvi/data/tiffs_historic_v7final/20190503_historic.tiff
Created /mnt/data1/UniBe-swiss-ndvi/data/tiffs_historic_v7final/20190503_historic_mask.tiff
[2026-04-19 20:46:40]
Created /mnt/data1/UniBe-swiss-ndvi/data/tiffs_historic_v7final/20190504_historic.tiff
Created /mnt/data1/UniBe-swiss-ndvi/data/tiffs_historic_v7final/20190504_historic_mask.tiff
[2026-04-19 20:48:57]
Created /mnt/data1/UniBe-swiss-ndvi/data/tiffs_historic_v7final/20190505_historic.tiff
Created /mnt/data1/UniBe-swiss-ndvi/data/tiffs_historic_v7final/20190505_historic_mask.tiff
[2026-04-19 20:51:11]
Created /mnt/data1/UniBe-swiss-ndvi/data/tiffs_historic_v7final/20190506_historic.tiff
Created /mnt/data1/UniBe-swiss-ndvi/data/tiffs_historic_v7final/20190506_historic_mask.tiff
[2026-04-19 20:53:28]
Created /mnt/data1/UniBe-swiss-ndvi/data/tiffs_historic_v7final/20190507_historic.tiff
Created /mnt/data1/UniBe-swiss-ndvi/data/tiffs_historic_v7final/20190507_historic_mask.tiff
[2026-04-19 20:55:42]
Created /mnt/data1/UniBe-swiss-ndvi/data/tiffs_historic_v7final/20190508_historic.tiff
Created /mnt/data1/UniBe-swiss-ndvi/data/tiffs_historic_v7final/20190508_historic_mask.tiff
[2026-04-19 20:58:26]
Created /mnt/data1/UniBe-swiss-ndvi/data/tiffs_historic_v7final/20190509_historic.tiff
Created /mnt/data1/UniBe-swiss-ndvi/data/tiffs_historic_v7final/20190509_historic_mask.tiff
[2026-04-19 21:00:57]
Created /mnt/data1/UniBe-swiss-ndvi/data/tiffs_historic_v7final/20190510_historic.tiff
Created /mnt/data1/UniBe-swiss-ndvi/data/tiffs_historic_v7final/20190510_historic_mask.tiff
[2026-04-19 21:03:20]
Created /mnt/data1/UniBe-swiss-ndvi/data/tiffs_historic_v7final/20190511_historic.tiff
Created /mnt/data1/UniBe-swiss-ndvi/data/tiffs_historic_v7final/20190511_historic_mask.tiff
[2026-04-19 21:05:39]
Created /mnt/data1/UniBe-swiss-ndvi/data/tiffs_historic_v7final/20190512_historic.tiff
Created /mnt/data1/UniBe-swiss-ndvi/data/tiffs_historic_v7final/20190512_historic_mask.tiff
[2026-04-19 21:07:56]
Created /mnt/data1/UniBe-swiss-ndvi/data/tiffs_historic_v7final/20190513_historic.tiff
Created /mnt/data1/UniBe-swiss-ndvi/data/tiffs_historic_v7final/20190513_historic_mask.tiff
[2026-04-19 21:10:12]
Created /mnt/data1/UniBe-swiss-ndvi/data/tiffs_historic_v7final/20190514_historic.tiff
Created /mnt/data1/UniBe-swiss-ndvi/data/tiffs_historic_v7final/20190514_historic_mask.tiff
[2026-04-19 21:12:25]
Created /mnt/data1/UniBe-swiss-ndvi/data/tiffs_historic_v7final/20190515_historic.tiff
Created /mnt/data1/UniBe-swiss-ndvi/data/tiffs_historic_v7final/20190515_historic_mask.tiff
[2026-04-19 21:14:37]
Created /mnt/data1/UniBe-swiss-ndvi/data/tiffs_historic_v7final/20190516_historic.tiff
Created /mnt/data1/UniBe-swiss-ndvi/data/tiffs_historic_v7final/20190516_historic_mask.tiff
[2026-04-19 21:17:15]
Created /mnt/data1/UniBe-swiss-ndvi/data/tiffs_historic_v7final/20190517_historic.tiff
Created /mnt/data1/UniBe-swiss-ndvi/data/tiffs_historic_v7final/20190517_historic_mask.tiff
[2026-04-19 21:19:33]
Created /mnt/data1/UniBe-swiss-ndvi/data/tiffs_historic_v7final/20190518_historic.tiff
Created /mnt/data1/UniBe-swiss-ndvi/data/tiffs_historic_v7final/20190518_historic_mask.tiff
[2026-04-19 21:22:47]
Created /mnt/data1/UniBe-swiss-ndvi/data/tiffs_historic_v7final/20190519_historic.tiff
Created /mnt/data1/UniBe-swiss-ndvi/data/tiffs_historic_v7final/20190519_historic_mask.tiff
[2026-04-19 21:25:16]
Created /mnt/data1/UniBe-swiss-ndvi/data/tiffs_historic_v7final/20190520_historic.tiff
Created /mnt/data1/UniBe-swiss-ndvi/data/tiffs_historic_v7final/20190520_historic_mask.tiff
[2026-04-19 21:27:39]
Created /mnt/data1/UniBe-swiss-ndvi/data/tiffs_historic_v7final/20190521_historic.tiff
Created /mnt/data1/UniBe-swiss-ndvi/data/tiffs_historic_v7final/20190521_historic_mask.tiff
[2026-04-19 21:31:44]
Created /mnt/data1/UniBe-swiss-ndvi/data/tiffs_historic_v7final/20190522_historic.tiff
Created /mnt/data1/UniBe-swiss-ndvi/data/tiffs_historic_v7final/20190522_historic_mask.tiff
[2026-04-19 21:34:07]
Created /mnt/data1/UniBe-swiss-ndvi/data/tiffs_historic_v7final/20190523_historic.tiff
Created /mnt/data1/UniBe-swiss-ndvi/data/tiffs_historic_v7final/20190523_historic_mask.tiff
[2026-04-19 21:36:19]
Created /mnt/data1/UniBe-swiss-ndvi/data/tiffs_historic_v7final/20190524_historic.tiff
Created /mnt/data1/UniBe-swiss-ndvi/data/tiffs_historic_v7final/20190524_historic_mask.tiff
[2026-04-19 21:38:32]
Created /mnt/data1/UniBe-swiss-ndvi/data/tiffs_historic_v7final/20190525_historic.tiff
Created /mnt/data1/UniBe-swiss-ndvi/data/tiffs_historic_v7final/20190525_historic_mask.tiff
[2026-04-19 21:40:46]
Created /mnt/data1/UniBe-swiss-ndvi/data/tiffs_historic_v7final/20190526_historic.tiff
Created /mnt/data1/UniBe-swiss-ndvi/data/tiffs_historic_v7final/20190526_historic_mask.tiff
[2026-04-19 21:43:00]
Created /mnt/data1/UniBe-swiss-ndvi/data/tiffs_historic_v7final/20190527_historic.tiff
Created /mnt/data1/UniBe-swiss-ndvi/data/tiffs_historic_v7final/20190527_historic_mask.tiff
[2026-04-19 21:45:16]
Created /mnt/data1/UniBe-swiss-ndvi/data/tiffs_historic_v7final/20190528_historic.tiff
Created /mnt/data1/UniBe-swiss-ndvi/data/tiffs_historic_v7final/20190528_historic_mask.tiff
[2026-04-19 21:47:31]
Created /mnt/data1/UniBe-swiss-ndvi/data/tiffs_historic_v7final/20190529_historic.tiff
Created /mnt/data1/UniBe-swiss-ndvi/data/tiffs_historic_v7final/20190529_historic_mask.tiff
[2026-04-19 21:49:50]
Created /mnt/data1/UniBe-swiss-ndvi/data/tiffs_historic_v7final/20190530_historic.tiff
Created /mnt/data1/UniBe-swiss-ndvi/data/tiffs_historic_v7final/20190530_historic_mask.tiff
[2026-04-19 21:52:03]
Created /mnt/data1/UniBe-swiss-ndvi/data/tiffs_historic_v7final/20190531_historic.tiff
Created /mnt/data1/UniBe-swiss-ndvi/data/tiffs_historic_v7final/20190531_historic_mask.tiff
[2026-04-19 21:54:18]
Created /mnt/data1/UniBe-swiss-ndvi/data/tiffs_historic_v7final/20190601_historic.tiff
Created /mnt/data1/UniBe-swiss-ndvi/data/tiffs_historic_v7final/20190601_historic_mask.tiff
[2026-04-19 21:56:30]
Created /mnt/data1/UniBe-swiss-ndvi/data/tiffs_historic_v7final/20190602_historic.tiff
Created /mnt/data1/UniBe-swiss-ndvi/data/tiffs_historic_v7final/20190602_historic_mask.tiff
[2026-04-19 21:58:43]
Created /mnt/data1/UniBe-swiss-ndvi/data/tiffs_historic_v7final/20190603_historic.tiff
Created /mnt/data1/UniBe-swiss-ndvi/data/tiffs_historic_v7final/20190603_historic_mask.tiff
[2026-04-19 22:00:59]
Created /mnt/data1/UniBe-swiss-ndvi/data/tiffs_historic_v7final/20190604_historic.tiff
Created /mnt/data1/UniBe-swiss-ndvi/data/tiffs_historic_v7final/20190604_historic_mask.tiff
[2026-04-19 22:03:12]
Created /mnt/data1/UniBe-swiss-ndvi/data/tiffs_historic_v7final/20190605_historic.tiff
Created /mnt/data1/UniBe-swiss-ndvi/data/tiffs_historic_v7final/20190605_historic_mask.tiff
[2026-04-19 22:05:26]
Created /mnt/data1/UniBe-swiss-ndvi/data/tiffs_historic_v7final/20190606_historic.tiff
Created /mnt/data1/UniBe-swiss-ndvi/data/tiffs_historic_v7final/20190606_historic_mask.tiff
[2026-04-19 22:07:40]
Created /mnt/data1/UniBe-swiss-ndvi/data/tiffs_historic_v7final/20190607_historic.tiff
Created /mnt/data1/UniBe-swiss-ndvi/data/tiffs_historic_v7final/20190607_historic_mask.tiff
[2026-04-19 22:09:59]
Created /mnt/data1/UniBe-swiss-ndvi/data/tiffs_historic_v7final/20190608_historic.tiff
Created /mnt/data1/UniBe-swiss-ndvi/data/tiffs_historic_v7final/20190608_historic_mask.tiff
[2026-04-19 22:12:16]
Created /mnt/data1/UniBe-swiss-ndvi/data/tiffs_historic_v7final/20190609_historic.tiff
Created /mnt/data1/UniBe-swiss-ndvi/data/tiffs_historic_v7final/20190609_historic_mask.tiff
[2026-04-19 22:14:35]
Created /mnt/data1/UniBe-swiss-ndvi/data/tiffs_historic_v7final/20190610_historic.tiff
Created /mnt/data1/UniBe-swiss-ndvi/data/tiffs_historic_v7final/20190610_historic_mask.tiff
[2026-04-19 22:16:53]
Created /mnt/data1/UniBe-swiss-ndvi/data/tiffs_historic_v7final/20190611_historic.tiff
Created /mnt/data1/UniBe-swiss-ndvi/data/tiffs_historic_v7final/20190611_historic_mask.tiff
[2026-04-19 22:19:08]
Created /mnt/data1/UniBe-swiss-ndvi/data/tiffs_historic_v7final/20190612_historic.tiff
Created /mnt/data1/UniBe-swiss-ndvi/data/tiffs_historic_v7final/20190612_historic_mask.tiff
[2026-04-19 22:21:24]
Created /mnt/data1/UniBe-swiss-ndvi/data/tiffs_historic_v7final/20190613_historic.tiff
Created /mnt/data1/UniBe-swiss-ndvi/data/tiffs_historic_v7final/20190613_historic_mask.tiff
[2026-04-19 22:23:42]
Created /mnt/data1/UniBe-swiss-ndvi/data/tiffs_historic_v7final/20190614_historic.tiff
Created /mnt/data1/UniBe-swiss-ndvi/data/tiffs_historic_v7final/20190614_historic_mask.tiff
[2026-04-19 22:25:58]
Created /mnt/data1/UniBe-swiss-ndvi/data/tiffs_historic_v7final/20190615_historic.tiff
Created /mnt/data1/UniBe-swiss-ndvi/data/tiffs_historic_v7final/20190615_historic_mask.tiff
[2026-04-19 22:28:30]
Created /mnt/data1/UniBe-swiss-ndvi/data/tiffs_historic_v7final/20190616_historic.tiff
Created /mnt/data1/UniBe-swiss-ndvi/data/tiffs_historic_v7final/20190616_historic_mask.tiff
[2026-04-19 22:31:18]
Created /mnt/data1/UniBe-swiss-ndvi/data/tiffs_historic_v7final/20190617_historic.tiff
Created /mnt/data1/UniBe-swiss-ndvi/data/tiffs_historic_v7final/20190617_historic_mask.tiff
[2026-04-19 22:33:35]
Created /mnt/data1/UniBe-swiss-ndvi/data/tiffs_historic_v7final/20190618_historic.tiff
Created /mnt/data1/UniBe-swiss-ndvi/data/tiffs_historic_v7final/20190618_historic_mask.tiff
[2026-04-19 22:36:05]
Created /mnt/data1/UniBe-swiss-ndvi/data/tiffs_historic_v7final/20190619_historic.tiff
Created /mnt/data1/UniBe-swiss-ndvi/data/tiffs_historic_v7final/20190619_historic_mask.tiff
[2026-04-19 22:38:27]
Created /mnt/data1/UniBe-swiss-ndvi/data/tiffs_historic_v7final/20190620_historic.tiff
Created /mnt/data1/UniBe-swiss-ndvi/data/tiffs_historic_v7final/20190620_historic_mask.tiff
[2026-04-19 22:40:44]
Created /mnt/data1/UniBe-swiss-ndvi/data/tiffs_historic_v7final/20190621_historic.tiff
Created /mnt/data1/UniBe-swiss-ndvi/data/tiffs_historic_v7final/20190621_historic_mask.tiff
[2026-04-19 22:43:00]
Created /mnt/data1/UniBe-swiss-ndvi/data/tiffs_historic_v7final/20190622_historic.tiff
Created /mnt/data1/UniBe-swiss-ndvi/data/tiffs_historic_v7final/20190622_historic_mask.tiff
[2026-04-19 22:45:15]
Created /mnt/data1/UniBe-swiss-ndvi/data/tiffs_historic_v7final/20190623_historic.tiff
Created /mnt/data1/UniBe-swiss-ndvi/data/tiffs_historic_v7final/20190623_historic_mask.tiff
[2026-04-19 22:47:34]
Created /mnt/data1/UniBe-swiss-ndvi/data/tiffs_historic_v7final/20190624_historic.tiff
Created /mnt/data1/UniBe-swiss-ndvi/data/tiffs_historic_v7final/20190624_historic_mask.tiff
[2026-04-19 22:49:53]
Created /mnt/data1/UniBe-swiss-ndvi/data/tiffs_historic_v7final/20190625_historic.tiff
Created /mnt/data1/UniBe-swiss-ndvi/data/tiffs_historic_v7final/20190625_historic_mask.tiff
[2026-04-19 22:52:13]
Created /mnt/data1/UniBe-swiss-ndvi/data/tiffs_historic_v7final/20190626_historic.tiff
Created /mnt/data1/UniBe-swiss-ndvi/data/tiffs_historic_v7final/20190626_historic_mask.tiff
[2026-04-19 22:54:29]
Created /mnt/data1/UniBe-swiss-ndvi/data/tiffs_historic_v7final/20190627_historic.tiff
Created /mnt/data1/UniBe-swiss-ndvi/data/tiffs_historic_v7final/20190627_historic_mask.tiff
[2026-04-19 22:56:47]
Created /mnt/data1/UniBe-swiss-ndvi/data/tiffs_historic_v7final/20190628_historic.tiff
Created /mnt/data1/UniBe-swiss-ndvi/data/tiffs_historic_v7final/20190628_historic_mask.tiff
[2026-04-19 22:59:05]
Created /mnt/data1/UniBe-swiss-ndvi/data/tiffs_historic_v7final/20190629_historic.tiff
Created /mnt/data1/UniBe-swiss-ndvi/data/tiffs_historic_v7final/20190629_historic_mask.tiff
[2026-04-19 23:01:20]
Created /mnt/data1/UniBe-swiss-ndvi/data/tiffs_historic_v7final/20190630_historic.tiff
Created /mnt/data1/UniBe-swiss-ndvi/data/tiffs_historic_v7final/20190630_historic_mask.tiff
[2026-04-19 23:03:35]
Created /mnt/data1/UniBe-swiss-ndvi/data/tiffs_historic_v7final/20190701_historic.tiff
Created /mnt/data1/UniBe-swiss-ndvi/data/tiffs_historic_v7final/20190701_historic_mask.tiff
[2026-04-19 23:05:51]
Created /mnt/data1/UniBe-swiss-ndvi/data/tiffs_historic_v7final/20190702_historic.tiff
Created /mnt/data1/UniBe-swiss-ndvi/data/tiffs_historic_v7final/20190702_historic_mask.tiff
[2026-04-19 23:08:05]
Created /mnt/data1/UniBe-swiss-ndvi/data/tiffs_historic_v7final/20190703_historic.tiff
Created /mnt/data1/UniBe-swiss-ndvi/data/tiffs_historic_v7final/20190703_historic_mask.tiff
[2026-04-19 23:10:19]
Created /mnt/data1/UniBe-swiss-ndvi/data/tiffs_historic_v7final/20190704_historic.tiff
Created /mnt/data1/UniBe-swiss-ndvi/data/tiffs_historic_v7final/20190704_historic_mask.tiff
[2026-04-19 23:12:35]
Created /mnt/data1/UniBe-swiss-ndvi/data/tiffs_historic_v7final/20190705_historic.tiff
Created /mnt/data1/UniBe-swiss-ndvi/data/tiffs_historic_v7final/20190705_historic_mask.tiff
[2026-04-19 23:14:47]
Created /mnt/data1/UniBe-swiss-ndvi/data/tiffs_historic_v7final/20190706_historic.tiff
Created /mnt/data1/UniBe-swiss-ndvi/data/tiffs_historic_v7final/20190706_historic_mask.tiff
[2026-04-19 23:17:02]
Created /mnt/data1/UniBe-swiss-ndvi/data/tiffs_historic_v7final/20190707_historic.tiff
Created /mnt/data1/UniBe-swiss-ndvi/data/tiffs_historic_v7final/20190707_historic_mask.tiff
[2026-04-19 23:19:20]
Created /mnt/data1/UniBe-swiss-ndvi/data/tiffs_historic_v7final/20190708_historic.tiff
Created /mnt/data1/UniBe-swiss-ndvi/data/tiffs_historic_v7final/20190708_historic_mask.tiff
[2026-04-19 23:21:40]
Created /mnt/data1/UniBe-swiss-ndvi/data/tiffs_historic_v7final/20190709_historic.tiff
Created /mnt/data1/UniBe-swiss-ndvi/data/tiffs_historic_v7final/20190709_historic_mask.tiff
[2026-04-19 23:23:56]
Created /mnt/data1/UniBe-swiss-ndvi/data/tiffs_historic_v7final/20190710_historic.tiff
Created /mnt/data1/UniBe-swiss-ndvi/data/tiffs_historic_v7final/20190710_historic_mask.tiff
[2026-04-19 23:26:11]
Created /mnt/data1/UniBe-swiss-ndvi/data/tiffs_historic_v7final/20190711_historic.tiff
Created /mnt/data1/UniBe-swiss-ndvi/data/tiffs_historic_v7final/20190711_historic_mask.tiff
[2026-04-19 23:28:25]
Created /mnt/data1/UniBe-swiss-ndvi/data/tiffs_historic_v7final/20190712_historic.tiff
Created /mnt/data1/UniBe-swiss-ndvi/data/tiffs_historic_v7final/20190712_historic_mask.tiff
[2026-04-19 23:30:50]
Created /mnt/data1/UniBe-swiss-ndvi/data/tiffs_historic_v7final/20190713_historic.tiff
Created /mnt/data1/UniBe-swiss-ndvi/data/tiffs_historic_v7final/20190713_historic_mask.tiff
[2026-04-19 23:33:11]
Created /mnt/data1/UniBe-swiss-ndvi/data/tiffs_historic_v7final/20190714_historic.tiff
Created /mnt/data1/UniBe-swiss-ndvi/data/tiffs_historic_v7final/20190714_historic_mask.tiff
[2026-04-19 23:35:38]
Created /mnt/data1/UniBe-swiss-ndvi/data/tiffs_historic_v7final/20190715_historic.tiff
Created /mnt/data1/UniBe-swiss-ndvi/data/tiffs_historic_v7final/20190715_historic_mask.tiff
[2026-04-19 23:37:58]
Created /mnt/data1/UniBe-swiss-ndvi/data/tiffs_historic_v7final/20190716_historic.tiff
Created /mnt/data1/UniBe-swiss-ndvi/data/tiffs_historic_v7final/20190716_historic_mask.tiff
[2026-04-19 23:40:15]
Created /mnt/data1/UniBe-swiss-ndvi/data/tiffs_historic_v7final/20190717_historic.tiff
Created /mnt/data1/UniBe-swiss-ndvi/data/tiffs_historic_v7final/20190717_historic_mask.tiff
[2026-04-19 23:42:31]
Created /mnt/data1/UniBe-swiss-ndvi/data/tiffs_historic_v7final/20190718_historic.tiff
Created /mnt/data1/UniBe-swiss-ndvi/data/tiffs_historic_v7final/20190718_historic_mask.tiff
[2026-04-19 23:44:48]
Created /mnt/data1/UniBe-swiss-ndvi/data/tiffs_historic_v7final/20190719_historic.tiff
Created /mnt/data1/UniBe-swiss-ndvi/data/tiffs_historic_v7final/20190719_historic_mask.tiff
[2026-04-19 23:47:04]
Created /mnt/data1/UniBe-swiss-ndvi/data/tiffs_historic_v7final/20190720_historic.tiff
Created /mnt/data1/UniBe-swiss-ndvi/data/tiffs_historic_v7final/20190720_historic_mask.tiff
[2026-04-19 23:49:20]
Created /mnt/data1/UniBe-swiss-ndvi/data/tiffs_historic_v7final/20190721_historic.tiff
Created /mnt/data1/UniBe-swiss-ndvi/data/tiffs_historic_v7final/20190721_historic_mask.tiff
[2026-04-19 23:51:34]
Created /mnt/data1/UniBe-swiss-ndvi/data/tiffs_historic_v7final/20190722_historic.tiff
Created /mnt/data1/UniBe-swiss-ndvi/data/tiffs_historic_v7final/20190722_historic_mask.tiff
[2026-04-19 23:53:59]
Created /mnt/data1/UniBe-swiss-ndvi/data/tiffs_historic_v7final/20190723_historic.tiff
Created /mnt/data1/UniBe-swiss-ndvi/data/tiffs_historic_v7final/20190723_historic_mask.tiff
[2026-04-19 23:56:15]
Created /mnt/data1/UniBe-swiss-ndvi/data/tiffs_historic_v7final/20190724_historic.tiff
Created /mnt/data1/UniBe-swiss-ndvi/data/tiffs_historic_v7final/20190724_historic_mask.tiff
[2026-04-19 23:58:29]
Created /mnt/data1/UniBe-swiss-ndvi/data/tiffs_historic_v7final/20190725_historic.tiff
Created /mnt/data1/UniBe-swiss-ndvi/data/tiffs_historic_v7final/20190725_historic_mask.tiff
[2026-04-20 00:00:45]
Created /mnt/data1/UniBe-swiss-ndvi/data/tiffs_historic_v7final/20190726_historic.tiff
Created /mnt/data1/UniBe-swiss-ndvi/data/tiffs_historic_v7final/20190726_historic_mask.tiff
[2026-04-20 00:03:05]
Created /mnt/data1/UniBe-swiss-ndvi/data/tiffs_historic_v7final/20190727_historic.tiff
Created /mnt/data1/UniBe-swiss-ndvi/data/tiffs_historic_v7final/20190727_historic_mask.tiff
[2026-04-20 00:05:20]
Created /mnt/data1/UniBe-swiss-ndvi/data/tiffs_historic_v7final/20190728_historic.tiff
Created /mnt/data1/UniBe-swiss-ndvi/data/tiffs_historic_v7final/20190728_historic_mask.tiff
[2026-04-20 00:07:34]
Created /mnt/data1/UniBe-swiss-ndvi/data/tiffs_historic_v7final/20190729_historic.tiff
Created /mnt/data1/UniBe-swiss-ndvi/data/tiffs_historic_v7final/20190729_historic_mask.tiff
[2026-04-20 00:10:04]
Created /mnt/data1/UniBe-swiss-ndvi/data/tiffs_historic_v7final/20190730_historic.tiff
Created /mnt/data1/UniBe-swiss-ndvi/data/tiffs_historic_v7final/20190730_historic_mask.tiff
[2026-04-20 00:12:37]
Created /mnt/data1/UniBe-swiss-ndvi/data/tiffs_historic_v7final/20190731_historic.tiff
Created /mnt/data1/UniBe-swiss-ndvi/data/tiffs_historic_v7final/20190731_historic_mask.tiff
[2026-04-20 00:15:09]
Created /mnt/data1/UniBe-swiss-ndvi/data/tiffs_historic_v7final/20190801_historic.tiff
Created /mnt/data1/UniBe-swiss-ndvi/data/tiffs_historic_v7final/20190801_historic_mask.tiff
[2026-04-20 00:17:25]
Created /mnt/data1/UniBe-swiss-ndvi/data/tiffs_historic_v7final/20190802_historic.tiff
Created /mnt/data1/UniBe-swiss-ndvi/data/tiffs_historic_v7final/20190802_historic_mask.tiff
[2026-04-20 00:19:44]
Created /mnt/data1/UniBe-swiss-ndvi/data/tiffs_historic_v7final/20190803_historic.tiff
Created /mnt/data1/UniBe-swiss-ndvi/data/tiffs_historic_v7final/20190803_historic_mask.tiff
[2026-04-20 00:22:13]
Created /mnt/data1/UniBe-swiss-ndvi/data/tiffs_historic_v7final/20190804_historic.tiff
Created /mnt/data1/UniBe-swiss-ndvi/data/tiffs_historic_v7final/20190804_historic_mask.tiff
[2026-04-20 00:24:30]
Created /mnt/data1/UniBe-swiss-ndvi/data/tiffs_historic_v7final/20190805_historic.tiff
Created /mnt/data1/UniBe-swiss-ndvi/data/tiffs_historic_v7final/20190805_historic_mask.tiff
[2026-04-20 00:26:46]
Created /mnt/data1/UniBe-swiss-ndvi/data/tiffs_historic_v7final/20190806_historic.tiff
Created /mnt/data1/UniBe-swiss-ndvi/data/tiffs_historic_v7final/20190806_historic_mask.tiff
[2026-04-20 00:29:02]
Created /mnt/data1/UniBe-swiss-ndvi/data/tiffs_historic_v7final/20190807_historic.tiff
Created /mnt/data1/UniBe-swiss-ndvi/data/tiffs_historic_v7final/20190807_historic_mask.tiff
[2026-04-20 00:31:59]
Created /mnt/data1/UniBe-swiss-ndvi/data/tiffs_historic_v7final/20190808_historic.tiff
Created /mnt/data1/UniBe-swiss-ndvi/data/tiffs_historic_v7final/20190808_historic_mask.tiff
[2026-04-20 00:34:15]
Created /mnt/data1/UniBe-swiss-ndvi/data/tiffs_historic_v7final/20190809_historic.tiff
Created /mnt/data1/UniBe-swiss-ndvi/data/tiffs_historic_v7final/20190809_historic_mask.tiff
[2026-04-20 00:36:31]
Created /mnt/data1/UniBe-swiss-ndvi/data/tiffs_historic_v7final/20190810_historic.tiff
Created /mnt/data1/UniBe-swiss-ndvi/data/tiffs_historic_v7final/20190810_historic_mask.tiff
[2026-04-20 00:38:48]
Created /mnt/data1/UniBe-swiss-ndvi/data/tiffs_historic_v7final/20190811_historic.tiff
Created /mnt/data1/UniBe-swiss-ndvi/data/tiffs_historic_v7final/20190811_historic_mask.tiff
[2026-04-20 00:41:04]
Created /mnt/data1/UniBe-swiss-ndvi/data/tiffs_historic_v7final/20190812_historic.tiff
Created /mnt/data1/UniBe-swiss-ndvi/data/tiffs_historic_v7final/20190812_historic_mask.tiff
[2026-04-20 00:43:19]
Created /mnt/data1/UniBe-swiss-ndvi/data/tiffs_historic_v7final/20190813_historic.tiff
Created /mnt/data1/UniBe-swiss-ndvi/data/tiffs_historic_v7final/20190813_historic_mask.tiff
[2026-04-20 00:45:32]
Created /mnt/data1/UniBe-swiss-ndvi/data/tiffs_historic_v7final/20190814_historic.tiff
Created /mnt/data1/UniBe-swiss-ndvi/data/tiffs_historic_v7final/20190814_historic_mask.tiff
[2026-04-20 00:47:48]
Created /mnt/data1/UniBe-swiss-ndvi/data/tiffs_historic_v7final/20190815_historic.tiff
Created /mnt/data1/UniBe-swiss-ndvi/data/tiffs_historic_v7final/20190815_historic_mask.tiff
[2026-04-20 00:50:09]
Created /mnt/data1/UniBe-swiss-ndvi/data/tiffs_historic_v7final/20190816_historic.tiff
Created /mnt/data1/UniBe-swiss-ndvi/data/tiffs_historic_v7final/20190816_historic_mask.tiff
[2026-04-20 00:52:24]
Created /mnt/data1/UniBe-swiss-ndvi/data/tiffs_historic_v7final/20190817_historic.tiff
Created /mnt/data1/UniBe-swiss-ndvi/data/tiffs_historic_v7final/20190817_historic_mask.tiff
[2026-04-20 00:54:43]
Created /mnt/data1/UniBe-swiss-ndvi/data/tiffs_historic_v7final/20190818_historic.tiff
Created /mnt/data1/UniBe-swiss-ndvi/data/tiffs_historic_v7final/20190818_historic_mask.tiff
[2026-04-20 00:56:58]
Created /mnt/data1/UniBe-swiss-ndvi/data/tiffs_historic_v7final/20190819_historic.tiff
Created /mnt/data1/UniBe-swiss-ndvi/data/tiffs_historic_v7final/20190819_historic_mask.tiff
[2026-04-20 00:59:23]
Created /mnt/data1/UniBe-swiss-ndvi/data/tiffs_historic_v7final/20190820_historic.tiff
Created /mnt/data1/UniBe-swiss-ndvi/data/tiffs_historic_v7final/20190820_historic_mask.tiff
[2026-04-20 01:01:41]
Created /mnt/data1/UniBe-swiss-ndvi/data/tiffs_historic_v7final/20190821_historic.tiff
Created /mnt/data1/UniBe-swiss-ndvi/data/tiffs_historic_v7final/20190821_historic_mask.tiff
[2026-04-20 01:04:20]
Created /mnt/data1/UniBe-swiss-ndvi/data/tiffs_historic_v7final/20190822_historic.tiff
Created /mnt/data1/UniBe-swiss-ndvi/data/tiffs_historic_v7final/20190822_historic_mask.tiff
[2026-04-20 01:06:41]
Created /mnt/data1/UniBe-swiss-ndvi/data/tiffs_historic_v7final/20190823_historic.tiff
Created /mnt/data1/UniBe-swiss-ndvi/data/tiffs_historic_v7final/20190823_historic_mask.tiff
[2026-04-20 01:08:57]
Created /mnt/data1/UniBe-swiss-ndvi/data/tiffs_historic_v7final/20190824_historic.tiff
Created /mnt/data1/UniBe-swiss-ndvi/data/tiffs_historic_v7final/20190824_historic_mask.tiff
[2026-04-20 01:11:14]
Created /mnt/data1/UniBe-swiss-ndvi/data/tiffs_historic_v7final/20190825_historic.tiff
Created /mnt/data1/UniBe-swiss-ndvi/data/tiffs_historic_v7final/20190825_historic_mask.tiff
[2026-04-20 01:13:32]
Created /mnt/data1/UniBe-swiss-ndvi/data/tiffs_historic_v7final/20190826_historic.tiff
Created /mnt/data1/UniBe-swiss-ndvi/data/tiffs_historic_v7final/20190826_historic_mask.tiff
[2026-04-20 01:15:48]
Created /mnt/data1/UniBe-swiss-ndvi/data/tiffs_historic_v7final/20190827_historic.tiff
Created /mnt/data1/UniBe-swiss-ndvi/data/tiffs_historic_v7final/20190827_historic_mask.tiff
[2026-04-20 01:18:23]
Created /mnt/data1/UniBe-swiss-ndvi/data/tiffs_historic_v7final/20190828_historic.tiff
Created /mnt/data1/UniBe-swiss-ndvi/data/tiffs_historic_v7final/20190828_historic_mask.tiff
[2026-04-20 01:21:04]
Created /mnt/data1/UniBe-swiss-ndvi/data/tiffs_historic_v7final/20190829_historic.tiff
Created /mnt/data1/UniBe-swiss-ndvi/data/tiffs_historic_v7final/20190829_historic_mask.tiff
[2026-04-20 01:23:22]
Created /mnt/data1/UniBe-swiss-ndvi/data/tiffs_historic_v7final/20190830_historic.tiff
Created /mnt/data1/UniBe-swiss-ndvi/data/tiffs_historic_v7final/20190830_historic_mask.tiff
[2026-04-20 01:25:38]
Created /mnt/data1/UniBe-swiss-ndvi/data/tiffs_historic_v7final/20190831_historic.tiff
Created /mnt/data1/UniBe-swiss-ndvi/data/tiffs_historic_v7final/20190831_historic_mask.tiff
[2026-04-20 01:27:56]
Created /mnt/data1/UniBe-swiss-ndvi/data/tiffs_historic_v7final/20190901_historic.tiff
Created /mnt/data1/UniBe-swiss-ndvi/data/tiffs_historic_v7final/20190901_historic_mask.tiff
[2026-04-20 01:30:12]
Created /mnt/data1/UniBe-swiss-ndvi/data/tiffs_historic_v7final/20190902_historic.tiff
Created /mnt/data1/UniBe-swiss-ndvi/data/tiffs_historic_v7final/20190902_historic_mask.tiff
[2026-04-20 01:32:28]
Created /mnt/data1/UniBe-swiss-ndvi/data/tiffs_historic_v7final/20190903_historic.tiff
Created /mnt/data1/UniBe-swiss-ndvi/data/tiffs_historic_v7final/20190903_historic_mask.tiff
[2026-04-20 01:34:42]
Created /mnt/data1/UniBe-swiss-ndvi/data/tiffs_historic_v7final/20190904_historic.tiff
Created /mnt/data1/UniBe-swiss-ndvi/data/tiffs_historic_v7final/20190904_historic_mask.tiff
[2026-04-20 01:36:54]
Created /mnt/data1/UniBe-swiss-ndvi/data/tiffs_historic_v7final/20190905_historic.tiff
Created /mnt/data1/UniBe-swiss-ndvi/data/tiffs_historic_v7final/20190905_historic_mask.tiff
[2026-04-20 01:39:09]
Created /mnt/data1/UniBe-swiss-ndvi/data/tiffs_historic_v7final/20190906_historic.tiff
Created /mnt/data1/UniBe-swiss-ndvi/data/tiffs_historic_v7final/20190906_historic_mask.tiff
[2026-04-20 01:41:29]
Created /mnt/data1/UniBe-swiss-ndvi/data/tiffs_historic_v7final/20190907_historic.tiff
Created /mnt/data1/UniBe-swiss-ndvi/data/tiffs_historic_v7final/20190907_historic_mask.tiff
[2026-04-20 01:43:48]
Created /mnt/data1/UniBe-swiss-ndvi/data/tiffs_historic_v7final/20190908_historic.tiff
Created /mnt/data1/UniBe-swiss-ndvi/data/tiffs_historic_v7final/20190908_historic_mask.tiff
[2026-04-20 01:46:05]
Created /mnt/data1/UniBe-swiss-ndvi/data/tiffs_historic_v7final/20190909_historic.tiff
Created /mnt/data1/UniBe-swiss-ndvi/data/tiffs_historic_v7final/20190909_historic_mask.tiff
[2026-04-20 01:48:22]
Created /mnt/data1/UniBe-swiss-ndvi/data/tiffs_historic_v7final/20190910_historic.tiff
Created /mnt/data1/UniBe-swiss-ndvi/data/tiffs_historic_v7final/20190910_historic_mask.tiff
[2026-04-20 01:50:37]
Created /mnt/data1/UniBe-swiss-ndvi/data/tiffs_historic_v7final/20190911_historic.tiff
Created /mnt/data1/UniBe-swiss-ndvi/data/tiffs_historic_v7final/20190911_historic_mask.tiff
[2026-04-20 01:52:56]
Created /mnt/data1/UniBe-swiss-ndvi/data/tiffs_historic_v7final/20190912_historic.tiff
Created /mnt/data1/UniBe-swiss-ndvi/data/tiffs_historic_v7final/20190912_historic_mask.tiff
[2026-04-20 01:55:15]
Created /mnt/data1/UniBe-swiss-ndvi/data/tiffs_historic_v7final/20190913_historic.tiff
Created /mnt/data1/UniBe-swiss-ndvi/data/tiffs_historic_v7final/20190913_historic_mask.tiff
[2026-04-20 01:57:45]
Created /mnt/data1/UniBe-swiss-ndvi/data/tiffs_historic_v7final/20190914_historic.tiff
Created /mnt/data1/UniBe-swiss-ndvi/data/tiffs_historic_v7final/20190914_historic_mask.tiff
[2026-04-20 01:59:59]
Created /mnt/data1/UniBe-swiss-ndvi/data/tiffs_historic_v7final/20190915_historic.tiff
Created /mnt/data1/UniBe-swiss-ndvi/data/tiffs_historic_v7final/20190915_historic_mask.tiff
[2026-04-20 02:02:18]
Created /mnt/data1/UniBe-swiss-ndvi/data/tiffs_historic_v7final/20190916_historic.tiff
Created /mnt/data1/UniBe-swiss-ndvi/data/tiffs_historic_v7final/20190916_historic_mask.tiff
[2026-04-20 02:04:35]
Created /mnt/data1/UniBe-swiss-ndvi/data/tiffs_historic_v7final/20190917_historic.tiff
Created /mnt/data1/UniBe-swiss-ndvi/data/tiffs_historic_v7final/20190917_historic_mask.tiff
[2026-04-20 02:06:53]
Created /mnt/data1/UniBe-swiss-ndvi/data/tiffs_historic_v7final/20190918_historic.tiff
Created /mnt/data1/UniBe-swiss-ndvi/data/tiffs_historic_v7final/20190918_historic_mask.tiff
[2026-04-20 02:09:11]
Created /mnt/data1/UniBe-swiss-ndvi/data/tiffs_historic_v7final/20190919_historic.tiff
Created /mnt/data1/UniBe-swiss-ndvi/data/tiffs_historic_v7final/20190919_historic_mask.tiff
[2026-04-20 02:11:27]
Created /mnt/data1/UniBe-swiss-ndvi/data/tiffs_historic_v7final/20190920_historic.tiff
Created /mnt/data1/UniBe-swiss-ndvi/data/tiffs_historic_v7final/20190920_historic_mask.tiff
[2026-04-20 02:13:43]
Created /mnt/data1/UniBe-swiss-ndvi/data/tiffs_historic_v7final/20190921_historic.tiff
Created /mnt/data1/UniBe-swiss-ndvi/data/tiffs_historic_v7final/20190921_historic_mask.tiff
[2026-04-20 02:16:00]
Created /mnt/data1/UniBe-swiss-ndvi/data/tiffs_historic_v7final/20190922_historic.tiff
Created /mnt/data1/UniBe-swiss-ndvi/data/tiffs_historic_v7final/20190922_historic_mask.tiff
[2026-04-20 02:18:20]
Created /mnt/data1/UniBe-swiss-ndvi/data/tiffs_historic_v7final/20190923_historic.tiff
Created /mnt/data1/UniBe-swiss-ndvi/data/tiffs_historic_v7final/20190923_historic_mask.tiff
[2026-04-20 02:21:08]
Created /mnt/data1/UniBe-swiss-ndvi/data/tiffs_historic_v7final/20190924_historic.tiff
Created /mnt/data1/UniBe-swiss-ndvi/data/tiffs_historic_v7final/20190924_historic_mask.tiff
[2026-04-20 02:23:49]
Created /mnt/data1/UniBe-swiss-ndvi/data/tiffs_historic_v7final/20190925_historic.tiff
Created /mnt/data1/UniBe-swiss-ndvi/data/tiffs_historic_v7final/20190925_historic_mask.tiff
[2026-04-20 02:26:11]
Created /mnt/data1/UniBe-swiss-ndvi/data/tiffs_historic_v7final/20190926_historic.tiff
Created /mnt/data1/UniBe-swiss-ndvi/data/tiffs_historic_v7final/20190926_historic_mask.tiff
[2026-04-20 02:28:31]
Created /mnt/data1/UniBe-swiss-ndvi/data/tiffs_historic_v7final/20190927_historic.tiff
Created /mnt/data1/UniBe-swiss-ndvi/data/tiffs_historic_v7final/20190927_historic_mask.tiff
[2026-04-20 02:30:46]
Created /mnt/data1/UniBe-swiss-ndvi/data/tiffs_historic_v7final/20190928_historic.tiff
Created /mnt/data1/UniBe-swiss-ndvi/data/tiffs_historic_v7final/20190928_historic_mask.tiff
[2026-04-20 02:33:00]
Created /mnt/data1/UniBe-swiss-ndvi/data/tiffs_historic_v7final/20190929_historic.tiff
Created /mnt/data1/UniBe-swiss-ndvi/data/tiffs_historic_v7final/20190929_historic_mask.tiff
[2026-04-20 02:35:17]
Created /mnt/data1/UniBe-swiss-ndvi/data/tiffs_historic_v7final/20190930_historic.tiff
Created /mnt/data1/UniBe-swiss-ndvi/data/tiffs_historic_v7final/20190930_historic_mask.tiff
[2026-04-20 02:37:28]
Created /mnt/data1/UniBe-swiss-ndvi/data/tiffs_historic_v7final/20191001_historic.tiff
Created /mnt/data1/UniBe-swiss-ndvi/data/tiffs_historic_v7final/20191001_historic_mask.tiff
[2026-04-20 02:39:42]
Created /mnt/data1/UniBe-swiss-ndvi/data/tiffs_historic_v7final/20191002_historic.tiff
Created /mnt/data1/UniBe-swiss-ndvi/data/tiffs_historic_v7final/20191002_historic_mask.tiff
[2026-04-20 02:41:58]
Created /mnt/data1/UniBe-swiss-ndvi/data/tiffs_historic_v7final/20191003_historic.tiff
Created /mnt/data1/UniBe-swiss-ndvi/data/tiffs_historic_v7final/20191003_historic_mask.tiff
[2026-04-20 02:44:24]
Created /mnt/data1/UniBe-swiss-ndvi/data/tiffs_historic_v7final/20191004_historic.tiff
Created /mnt/data1/UniBe-swiss-ndvi/data/tiffs_historic_v7final/20191004_historic_mask.tiff
[2026-04-20 02:46:42]
Created /mnt/data1/UniBe-swiss-ndvi/data/tiffs_historic_v7final/20191005_historic.tiff
Created /mnt/data1/UniBe-swiss-ndvi/data/tiffs_historic_v7final/20191005_historic_mask.tiff
[2026-04-20 02:49:01]
Created /mnt/data1/UniBe-swiss-ndvi/data/tiffs_historic_v7final/20191006_historic.tiff
Created /mnt/data1/UniBe-swiss-ndvi/data/tiffs_historic_v7final/20191006_historic_mask.tiff
[2026-04-20 02:51:42]
Created /mnt/data1/UniBe-swiss-ndvi/data/tiffs_historic_v7final/20191007_historic.tiff
Created /mnt/data1/UniBe-swiss-ndvi/data/tiffs_historic_v7final/20191007_historic_mask.tiff
[2026-04-20 02:53:59]
Created /mnt/data1/UniBe-swiss-ndvi/data/tiffs_historic_v7final/20191008_historic.tiff
Created /mnt/data1/UniBe-swiss-ndvi/data/tiffs_historic_v7final/20191008_historic_mask.tiff
[2026-04-20 02:56:14]
Created /mnt/data1/UniBe-swiss-ndvi/data/tiffs_historic_v7final/20191009_historic.tiff
Created /mnt/data1/UniBe-swiss-ndvi/data/tiffs_historic_v7final/20191009_historic_mask.tiff
[2026-04-20 02:58:27]
Created /mnt/data1/UniBe-swiss-ndvi/data/tiffs_historic_v7final/20191010_historic.tiff
Created /mnt/data1/UniBe-swiss-ndvi/data/tiffs_historic_v7final/20191010_historic_mask.tiff
[2026-04-20 03:00:44]
Created /mnt/data1/UniBe-swiss-ndvi/data/tiffs_historic_v7final/20191011_historic.tiff
Created /mnt/data1/UniBe-swiss-ndvi/data/tiffs_historic_v7final/20191011_historic_mask.tiff
[2026-04-20 03:02:59]
Created /mnt/data1/UniBe-swiss-ndvi/data/tiffs_historic_v7final/20191012_historic.tiff
Created /mnt/data1/UniBe-swiss-ndvi/data/tiffs_historic_v7final/20191012_historic_mask.tiff
[2026-04-20 03:05:12]
Created /mnt/data1/UniBe-swiss-ndvi/data/tiffs_historic_v7final/20191013_historic.tiff
Created /mnt/data1/UniBe-swiss-ndvi/data/tiffs_historic_v7final/20191013_historic_mask.tiff
[2026-04-20 03:07:31]
Created /mnt/data1/UniBe-swiss-ndvi/data/tiffs_historic_v7final/20191014_historic.tiff
Created /mnt/data1/UniBe-swiss-ndvi/data/tiffs_historic_v7final/20191014_historic_mask.tiff
[2026-04-20 03:09:45]
Created /mnt/data1/UniBe-swiss-ndvi/data/tiffs_historic_v7final/20191015_historic.tiff
Created /mnt/data1/UniBe-swiss-ndvi/data/tiffs_historic_v7final/20191015_historic_mask.tiff
[2026-04-20 03:12:00]
Created /mnt/data1/UniBe-swiss-ndvi/data/tiffs_historic_v7final/20191016_historic.tiff
Created /mnt/data1/UniBe-swiss-ndvi/data/tiffs_historic_v7final/20191016_historic_mask.tiff
[2026-04-20 03:14:44]
Created /mnt/data1/UniBe-swiss-ndvi/data/tiffs_historic_v7final/20191017_historic.tiff
Created /mnt/data1/UniBe-swiss-ndvi/data/tiffs_historic_v7final/20191017_historic_mask.tiff
[2026-04-20 03:16:55]
Created /mnt/data1/UniBe-swiss-ndvi/data/tiffs_historic_v7final/20191018_historic.tiff
Created /mnt/data1/UniBe-swiss-ndvi/data/tiffs_historic_v7final/20191018_historic_mask.tiff
[2026-04-20 03:19:06]
Created /mnt/data1/UniBe-swiss-ndvi/data/tiffs_historic_v7final/20191019_historic.tiff
Created /mnt/data1/UniBe-swiss-ndvi/data/tiffs_historic_v7final/20191019_historic_mask.tiff
[2026-04-20 03:21:20]
Created /mnt/data1/UniBe-swiss-ndvi/data/tiffs_historic_v7final/20191020_historic.tiff
Created /mnt/data1/UniBe-swiss-ndvi/data/tiffs_historic_v7final/20191020_historic_mask.tiff
[2026-04-20 03:23:33]
Created /mnt/data1/UniBe-swiss-ndvi/data/tiffs_historic_v7final/20191021_historic.tiff
Created /mnt/data1/UniBe-swiss-ndvi/data/tiffs_historic_v7final/20191021_historic_mask.tiff
[2026-04-20 03:25:44]
Created /mnt/data1/UniBe-swiss-ndvi/data/tiffs_historic_v7final/20191022_historic.tiff
Created /mnt/data1/UniBe-swiss-ndvi/data/tiffs_historic_v7final/20191022_historic_mask.tiff
[2026-04-20 03:27:57]
Created /mnt/data1/UniBe-swiss-ndvi/data/tiffs_historic_v7final/20191023_historic.tiff
Created /mnt/data1/UniBe-swiss-ndvi/data/tiffs_historic_v7final/20191023_historic_mask.tiff
[2026-04-20 03:30:09]
Created /mnt/data1/UniBe-swiss-ndvi/data/tiffs_historic_v7final/20191024_historic.tiff
Created /mnt/data1/UniBe-swiss-ndvi/data/tiffs_historic_v7final/20191024_historic_mask.tiff
[2026-04-20 03:32:22]
Created /mnt/data1/UniBe-swiss-ndvi/data/tiffs_historic_v7final/20191025_historic.tiff
Created /mnt/data1/UniBe-swiss-ndvi/data/tiffs_historic_v7final/20191025_historic_mask.tiff
[2026-04-20 03:34:53]
Created /mnt/data1/UniBe-swiss-ndvi/data/tiffs_historic_v7final/20191026_historic.tiff
Created /mnt/data1/UniBe-swiss-ndvi/data/tiffs_historic_v7final/20191026_historic_mask.tiff
[2026-04-20 03:37:09]
Created /mnt/data1/UniBe-swiss-ndvi/data/tiffs_historic_v7final/20191027_historic.tiff
Created /mnt/data1/UniBe-swiss-ndvi/data/tiffs_historic_v7final/20191027_historic_mask.tiff
[2026-04-20 03:39:24]
Created /mnt/data1/UniBe-swiss-ndvi/data/tiffs_historic_v7final/20191028_historic.tiff
Created /mnt/data1/UniBe-swiss-ndvi/data/tiffs_historic_v7final/20191028_historic_mask.tiff
[2026-04-20 03:41:50]
Created /mnt/data1/UniBe-swiss-ndvi/data/tiffs_historic_v7final/20191029_historic.tiff
Created /mnt/data1/UniBe-swiss-ndvi/data/tiffs_historic_v7final/20191029_historic_mask.tiff
[2026-04-20 03:44:07]
Created /mnt/data1/UniBe-swiss-ndvi/data/tiffs_historic_v7final/20191030_historic.tiff
Created /mnt/data1/UniBe-swiss-ndvi/data/tiffs_historic_v7final/20191030_historic_mask.tiff
[2026-04-20 03:46:21]
Created /mnt/data1/UniBe-swiss-ndvi/data/tiffs_historic_v7final/20191031_historic.tiff
Created /mnt/data1/UniBe-swiss-ndvi/data/tiffs_historic_v7final/20191031_historic_mask.tiff
[2026-04-20 03:48:33]
Created /mnt/data1/UniBe-swiss-ndvi/data/tiffs_historic_v7final/20191101_historic.tiff
Created /mnt/data1/UniBe-swiss-ndvi/data/tiffs_historic_v7final/20191101_historic_mask.tiff
[2026-04-20 03:50:47]
Created /mnt/data1/UniBe-swiss-ndvi/data/tiffs_historic_v7final/20191102_historic.tiff
Created /mnt/data1/UniBe-swiss-ndvi/data/tiffs_historic_v7final/20191102_historic_mask.tiff
[2026-04-20 03:52:59]
Created /mnt/data1/UniBe-swiss-ndvi/data/tiffs_historic_v7final/20191103_historic.tiff
Created /mnt/data1/UniBe-swiss-ndvi/data/tiffs_historic_v7final/20191103_historic_mask.tiff
[2026-04-20 03:55:13]
Created /mnt/data1/UniBe-swiss-ndvi/data/tiffs_historic_v7final/20191104_historic.tiff
Created /mnt/data1/UniBe-swiss-ndvi/data/tiffs_historic_v7final/20191104_historic_mask.tiff
[2026-04-20 03:57:26]
Created /mnt/data1/UniBe-swiss-ndvi/data/tiffs_historic_v7final/20191105_historic.tiff
Created /mnt/data1/UniBe-swiss-ndvi/data/tiffs_historic_v7final/20191105_historic_mask.tiff
[2026-04-20 03:59:40]
Created /mnt/data1/UniBe-swiss-ndvi/data/tiffs_historic_v7final/20191106_historic.tiff
Created /mnt/data1/UniBe-swiss-ndvi/data/tiffs_historic_v7final/20191106_historic_mask.tiff
[2026-04-20 04:02:08]
Created /mnt/data1/UniBe-swiss-ndvi/data/tiffs_historic_v7final/20191107_historic.tiff
Created /mnt/data1/UniBe-swiss-ndvi/data/tiffs_historic_v7final/20191107_historic_mask.tiff
[2026-04-20 04:04:40]
Created /mnt/data1/UniBe-swiss-ndvi/data/tiffs_historic_v7final/20191108_historic.tiff
Created /mnt/data1/UniBe-swiss-ndvi/data/tiffs_historic_v7final/20191108_historic_mask.tiff
[2026-04-20 04:07:13]
Created /mnt/data1/UniBe-swiss-ndvi/data/tiffs_historic_v7final/20191109_historic.tiff
Created /mnt/data1/UniBe-swiss-ndvi/data/tiffs_historic_v7final/20191109_historic_mask.tiff
[2026-04-20 04:10:52]
Created /mnt/data1/UniBe-swiss-ndvi/data/tiffs_historic_v7final/20191110_historic.tiff
Created /mnt/data1/UniBe-swiss-ndvi/data/tiffs_historic_v7final/20191110_historic_mask.tiff
[2026-04-20 04:13:26]
Created /mnt/data1/UniBe-swiss-ndvi/data/tiffs_historic_v7final/20191111_historic.tiff
Created /mnt/data1/UniBe-swiss-ndvi/data/tiffs_historic_v7final/20191111_historic_mask.tiff
[2026-04-20 04:15:40]
Created /mnt/data1/UniBe-swiss-ndvi/data/tiffs_historic_v7final/20191112_historic.tiff
Created /mnt/data1/UniBe-swiss-ndvi/data/tiffs_historic_v7final/20191112_historic_mask.tiff
[2026-04-20 04:17:54]
Created /mnt/data1/UniBe-swiss-ndvi/data/tiffs_historic_v7final/20191113_historic.tiff
Created /mnt/data1/UniBe-swiss-ndvi/data/tiffs_historic_v7final/20191113_historic_mask.tiff
[2026-04-20 04:20:07]
Created /mnt/data1/UniBe-swiss-ndvi/data/tiffs_historic_v7final/20191114_historic.tiff
Created /mnt/data1/UniBe-swiss-ndvi/data/tiffs_historic_v7final/20191114_historic_mask.tiff
[2026-04-20 04:23:02]
Created /mnt/data1/UniBe-swiss-ndvi/data/tiffs_historic_v7final/20191115_historic.tiff
Created /mnt/data1/UniBe-swiss-ndvi/data/tiffs_historic_v7final/20191115_historic_mask.tiff
[2026-04-20 04:25:31]
Created /mnt/data1/UniBe-swiss-ndvi/data/tiffs_historic_v7final/20191116_historic.tiff
Created /mnt/data1/UniBe-swiss-ndvi/data/tiffs_historic_v7final/20191116_historic_mask.tiff
[2026-04-20 04:27:48]
Created /mnt/data1/UniBe-swiss-ndvi/data/tiffs_historic_v7final/20191117_historic.tiff
Created /mnt/data1/UniBe-swiss-ndvi/data/tiffs_historic_v7final/20191117_historic_mask.tiff
[2026-04-20 04:30:30]
Created /mnt/data1/UniBe-swiss-ndvi/data/tiffs_historic_v7final/20191118_historic.tiff
Created /mnt/data1/UniBe-swiss-ndvi/data/tiffs_historic_v7final/20191118_historic_mask.tiff
[2026-04-20 04:32:41]
Created /mnt/data1/UniBe-swiss-ndvi/data/tiffs_historic_v7final/20191119_historic.tiff
Created /mnt/data1/UniBe-swiss-ndvi/data/tiffs_historic_v7final/20191119_historic_mask.tiff
[2026-04-20 04:34:52]
Created /mnt/data1/UniBe-swiss-ndvi/data/tiffs_historic_v7final/20191120_historic.tiff
Created /mnt/data1/UniBe-swiss-ndvi/data/tiffs_historic_v7final/20191120_historic_mask.tiff
[2026-04-20 04:37:07]
Created /mnt/data1/UniBe-swiss-ndvi/data/tiffs_historic_v7final/20191121_historic.tiff
Created /mnt/data1/UniBe-swiss-ndvi/data/tiffs_historic_v7final/20191121_historic_mask.tiff
[2026-04-20 04:39:19]
Created /mnt/data1/UniBe-swiss-ndvi/data/tiffs_historic_v7final/20191122_historic.tiff
Created /mnt/data1/UniBe-swiss-ndvi/data/tiffs_historic_v7final/20191122_historic_mask.tiff
[2026-04-20 04:41:31]
Created /mnt/data1/UniBe-swiss-ndvi/data/tiffs_historic_v7final/20191123_historic.tiff
Created /mnt/data1/UniBe-swiss-ndvi/data/tiffs_historic_v7final/20191123_historic_mask.tiff
[2026-04-20 04:43:59]
Created /mnt/data1/UniBe-swiss-ndvi/data/tiffs_historic_v7final/20191124_historic.tiff
Created /mnt/data1/UniBe-swiss-ndvi/data/tiffs_historic_v7final/20191124_historic_mask.tiff
[2026-04-20 04:46:25]
Created /mnt/data1/UniBe-swiss-ndvi/data/tiffs_historic_v7final/20191125_historic.tiff
Created /mnt/data1/UniBe-swiss-ndvi/data/tiffs_historic_v7final/20191125_historic_mask.tiff
[2026-04-20 04:48:37]
Created /mnt/data1/UniBe-swiss-ndvi/data/tiffs_historic_v7final/20191126_historic.tiff
Created /mnt/data1/UniBe-swiss-ndvi/data/tiffs_historic_v7final/20191126_historic_mask.tiff
[2026-04-20 04:50:50]
Created /mnt/data1/UniBe-swiss-ndvi/data/tiffs_historic_v7final/20191127_historic.tiff
Created /mnt/data1/UniBe-swiss-ndvi/data/tiffs_historic_v7final/20191127_historic_mask.tiff
[2026-04-20 04:53:01]
Created /mnt/data1/UniBe-swiss-ndvi/data/tiffs_historic_v7final/20191128_historic.tiff
Created /mnt/data1/UniBe-swiss-ndvi/data/tiffs_historic_v7final/20191128_historic_mask.tiff
[2026-04-20 04:55:14]
Created /mnt/data1/UniBe-swiss-ndvi/data/tiffs_historic_v7final/20191129_historic.tiff
Created /mnt/data1/UniBe-swiss-ndvi/data/tiffs_historic_v7final/20191129_historic_mask.tiff
[2026-04-20 04:57:29]
Created /mnt/data1/UniBe-swiss-ndvi/data/tiffs_historic_v7final/20191130_historic.tiff
Created /mnt/data1/UniBe-swiss-ndvi/data/tiffs_historic_v7final/20191130_historic_mask.tiff
[2026-04-20 04:59:42]
Created /mnt/data1/UniBe-swiss-ndvi/data/tiffs_historic_v7final/20191201_historic.tiff
Created /mnt/data1/UniBe-swiss-ndvi/data/tiffs_historic_v7final/20191201_historic_mask.tiff
[2026-04-20 05:01:54]
Created /mnt/data1/UniBe-swiss-ndvi/data/tiffs_historic_v7final/20191202_historic.tiff
Created /mnt/data1/UniBe-swiss-ndvi/data/tiffs_historic_v7final/20191202_historic_mask.tiff
[2026-04-20 05:04:11]
Created /mnt/data1/UniBe-swiss-ndvi/data/tiffs_historic_v7final/20191203_historic.tiff
Created /mnt/data1/UniBe-swiss-ndvi/data/tiffs_historic_v7final/20191203_historic_mask.tiff
[2026-04-20 05:06:25]
Created /mnt/data1/UniBe-swiss-ndvi/data/tiffs_historic_v7final/20191204_historic.tiff
Created /mnt/data1/UniBe-swiss-ndvi/data/tiffs_historic_v7final/20191204_historic_mask.tiff
[2026-04-20 05:08:39]
Created /mnt/data1/UniBe-swiss-ndvi/data/tiffs_historic_v7final/20191205_historic.tiff
Created /mnt/data1/UniBe-swiss-ndvi/data/tiffs_historic_v7final/20191205_historic_mask.tiff
[2026-04-20 05:11:01]
Created /mnt/data1/UniBe-swiss-ndvi/data/tiffs_historic_v7final/20191206_historic.tiff
Created /mnt/data1/UniBe-swiss-ndvi/data/tiffs_historic_v7final/20191206_historic_mask.tiff
[2026-04-20 05:13:15]
Created /mnt/data1/UniBe-swiss-ndvi/data/tiffs_historic_v7final/20191207_historic.tiff
Created /mnt/data1/UniBe-swiss-ndvi/data/tiffs_historic_v7final/20191207_historic_mask.tiff
[2026-04-20 05:15:31]
Created /mnt/data1/UniBe-swiss-ndvi/data/tiffs_historic_v7final/20191208_historic.tiff
Created /mnt/data1/UniBe-swiss-ndvi/data/tiffs_historic_v7final/20191208_historic_mask.tiff
[2026-04-20 05:17:43]
Created /mnt/data1/UniBe-swiss-ndvi/data/tiffs_historic_v7final/20191209_historic.tiff
Created /mnt/data1/UniBe-swiss-ndvi/data/tiffs_historic_v7final/20191209_historic_mask.tiff
[2026-04-20 05:19:58]
Created /mnt/data1/UniBe-swiss-ndvi/data/tiffs_historic_v7final/20191210_historic.tiff
Created /mnt/data1/UniBe-swiss-ndvi/data/tiffs_historic_v7final/20191210_historic_mask.tiff
[2026-04-20 05:22:10]
Created /mnt/data1/UniBe-swiss-ndvi/data/tiffs_historic_v7final/20191211_historic.tiff
Created /mnt/data1/UniBe-swiss-ndvi/data/tiffs_historic_v7final/20191211_historic_mask.tiff
[2026-04-20 05:24:23]
Created /mnt/data1/UniBe-swiss-ndvi/data/tiffs_historic_v7final/20191212_historic.tiff
Created /mnt/data1/UniBe-swiss-ndvi/data/tiffs_historic_v7final/20191212_historic_mask.tiff
[2026-04-20 05:26:40]
Created /mnt/data1/UniBe-swiss-ndvi/data/tiffs_historic_v7final/20191213_historic.tiff
Created /mnt/data1/UniBe-swiss-ndvi/data/tiffs_historic_v7final/20191213_historic_mask.tiff
[2026-04-20 05:28:54]
Created /mnt/data1/UniBe-swiss-ndvi/data/tiffs_historic_v7final/20191214_historic.tiff
Created /mnt/data1/UniBe-swiss-ndvi/data/tiffs_historic_v7final/20191214_historic_mask.tiff
[2026-04-20 05:31:07]
Created /mnt/data1/UniBe-swiss-ndvi/data/tiffs_historic_v7final/20191215_historic.tiff
Created /mnt/data1/UniBe-swiss-ndvi/data/tiffs_historic_v7final/20191215_historic_mask.tiff
[2026-04-20 05:33:19]
Created /mnt/data1/UniBe-swiss-ndvi/data/tiffs_historic_v7final/20191216_historic.tiff
Created /mnt/data1/UniBe-swiss-ndvi/data/tiffs_historic_v7final/20191216_historic_mask.tiff
[2026-04-20 05:35:30]
Created /mnt/data1/UniBe-swiss-ndvi/data/tiffs_historic_v7final/20191217_historic.tiff
Created /mnt/data1/UniBe-swiss-ndvi/data/tiffs_historic_v7final/20191217_historic_mask.tiff
[2026-04-20 05:37:42]
Created /mnt/data1/UniBe-swiss-ndvi/data/tiffs_historic_v7final/20191218_historic.tiff
Created /mnt/data1/UniBe-swiss-ndvi/data/tiffs_historic_v7final/20191218_historic_mask.tiff
[2026-04-20 05:39:54]
Created /mnt/data1/UniBe-swiss-ndvi/data/tiffs_historic_v7final/20191219_historic.tiff
Created /mnt/data1/UniBe-swiss-ndvi/data/tiffs_historic_v7final/20191219_historic_mask.tiff
[2026-04-20 05:42:06]
Created /mnt/data1/UniBe-swiss-ndvi/data/tiffs_historic_v7final/20191220_historic.tiff
Created /mnt/data1/UniBe-swiss-ndvi/data/tiffs_historic_v7final/20191220_historic_mask.tiff
[2026-04-20 05:44:20]
Created /mnt/data1/UniBe-swiss-ndvi/data/tiffs_historic_v7final/20191221_historic.tiff
Created /mnt/data1/UniBe-swiss-ndvi/data/tiffs_historic_v7final/20191221_historic_mask.tiff
[2026-04-20 05:46:32]
Created /mnt/data1/UniBe-swiss-ndvi/data/tiffs_historic_v7final/20191222_historic.tiff
Created /mnt/data1/UniBe-swiss-ndvi/data/tiffs_historic_v7final/20191222_historic_mask.tiff
[2026-04-20 05:48:52]
Created /mnt/data1/UniBe-swiss-ndvi/data/tiffs_historic_v7final/20191223_historic.tiff
Created /mnt/data1/UniBe-swiss-ndvi/data/tiffs_historic_v7final/20191223_historic_mask.tiff
[2026-04-20 05:51:10]
Created /mnt/data1/UniBe-swiss-ndvi/data/tiffs_historic_v7final/20191224_historic.tiff
Created /mnt/data1/UniBe-swiss-ndvi/data/tiffs_historic_v7final/20191224_historic_mask.tiff
[2026-04-20 05:53:30]
Created /mnt/data1/UniBe-swiss-ndvi/data/tiffs_historic_v7final/20191225_historic.tiff
Created /mnt/data1/UniBe-swiss-ndvi/data/tiffs_historic_v7final/20191225_historic_mask.tiff
[2026-04-20 05:55:45]
Created /mnt/data1/UniBe-swiss-ndvi/data/tiffs_historic_v7final/20191226_historic.tiff
Created /mnt/data1/UniBe-swiss-ndvi/data/tiffs_historic_v7final/20191226_historic_mask.tiff
[2026-04-20 05:57:57]
Created /mnt/data1/UniBe-swiss-ndvi/data/tiffs_historic_v7final/20191227_historic.tiff
Created /mnt/data1/UniBe-swiss-ndvi/data/tiffs_historic_v7final/20191227_historic_mask.tiff
[2026-04-20 06:00:11]
Created /mnt/data1/UniBe-swiss-ndvi/data/tiffs_historic_v7final/20191228_historic.tiff
Created /mnt/data1/UniBe-swiss-ndvi/data/tiffs_historic_v7final/20191228_historic_mask.tiff
[2026-04-20 06:02:26]
Created /mnt/data1/UniBe-swiss-ndvi/data/tiffs_historic_v7final/20191229_historic.tiff
Created /mnt/data1/UniBe-swiss-ndvi/data/tiffs_historic_v7final/20191229_historic_mask.tiff
[2026-04-20 06:04:40]
Created /mnt/data1/UniBe-swiss-ndvi/data/tiffs_historic_v7final/20191230_historic.tiff
Created /mnt/data1/UniBe-swiss-ndvi/data/tiffs_historic_v7final/20191230_historic_mask.tiff
[2026-04-20 06:06:57]
Created /mnt/data1/UniBe-swiss-ndvi/data/tiffs_historic_v7final/20191231_historic.tiff
Created /mnt/data1/UniBe-swiss-ndvi/data/tiffs_historic_v7final/20191231_historic_mask.tiff
[2026-04-20 06:09:09]
Created /mnt/data1/UniBe-swiss-ndvi/data/tiffs_historic_v7final/20200101_historic.tiff
Created /mnt/data1/UniBe-swiss-ndvi/data/tiffs_historic_v7final/20200101_historic_mask.tiff
[2026-04-20 06:11:24]
Created /mnt/data1/UniBe-swiss-ndvi/data/tiffs_historic_v7final/20200102_historic.tiff
Created /mnt/data1/UniBe-swiss-ndvi/data/tiffs_historic_v7final/20200102_historic_mask.tiff
[2026-04-20 06:13:36]
Created /mnt/data1/UniBe-swiss-ndvi/data/tiffs_historic_v7final/20200103_historic.tiff
Created /mnt/data1/UniBe-swiss-ndvi/data/tiffs_historic_v7final/20200103_historic_mask.tiff
[2026-04-20 06:15:52]
Created /mnt/data1/UniBe-swiss-ndvi/data/tiffs_historic_v7final/20200104_historic.tiff
Created /mnt/data1/UniBe-swiss-ndvi/data/tiffs_historic_v7final/20200104_historic_mask.tiff
[2026-04-20 06:18:15]
Created /mnt/data1/UniBe-swiss-ndvi/data/tiffs_historic_v7final/20200105_historic.tiff
Created /mnt/data1/UniBe-swiss-ndvi/data/tiffs_historic_v7final/20200105_historic_mask.tiff
[2026-04-20 06:20:56]
Created /mnt/data1/UniBe-swiss-ndvi/data/tiffs_historic_v7final/20200106_historic.tiff
Created /mnt/data1/UniBe-swiss-ndvi/data/tiffs_historic_v7final/20200106_historic_mask.tiff
[2026-04-20 06:23:11]
Created /mnt/data1/UniBe-swiss-ndvi/data/tiffs_historic_v7final/20200107_historic.tiff
Created /mnt/data1/UniBe-swiss-ndvi/data/tiffs_historic_v7final/20200107_historic_mask.tiff
[2026-04-20 06:25:25]
Created /mnt/data1/UniBe-swiss-ndvi/data/tiffs_historic_v7final/20200108_historic.tiff
Created /mnt/data1/UniBe-swiss-ndvi/data/tiffs_historic_v7final/20200108_historic_mask.tiff
[2026-04-20 06:27:39]
Created /mnt/data1/UniBe-swiss-ndvi/data/tiffs_historic_v7final/20200109_historic.tiff
Created /mnt/data1/UniBe-swiss-ndvi/data/tiffs_historic_v7final/20200109_historic_mask.tiff
[2026-04-20 06:29:54]
Created /mnt/data1/UniBe-swiss-ndvi/data/tiffs_historic_v7final/20200110_historic.tiff
Created /mnt/data1/UniBe-swiss-ndvi/data/tiffs_historic_v7final/20200110_historic_mask.tiff
[2026-04-20 06:32:08]
Created /mnt/data1/UniBe-swiss-ndvi/data/tiffs_historic_v7final/20200111_historic.tiff
Created /mnt/data1/UniBe-swiss-ndvi/data/tiffs_historic_v7final/20200111_historic_mask.tiff
[2026-04-20 06:34:25]
Created /mnt/data1/UniBe-swiss-ndvi/data/tiffs_historic_v7final/20200112_historic.tiff
Created /mnt/data1/UniBe-swiss-ndvi/data/tiffs_historic_v7final/20200112_historic_mask.tiff
[2026-04-20 06:36:37]
Created /mnt/data1/UniBe-swiss-ndvi/data/tiffs_historic_v7final/20200113_historic.tiff
Created /mnt/data1/UniBe-swiss-ndvi/data/tiffs_historic_v7final/20200113_historic_mask.tiff
[2026-04-20 06:38:52]
Created /mnt/data1/UniBe-swiss-ndvi/data/tiffs_historic_v7final/20200114_historic.tiff
Created /mnt/data1/UniBe-swiss-ndvi/data/tiffs_historic_v7final/20200114_historic_mask.tiff
[2026-04-20 06:41:12]
Created /mnt/data1/UniBe-swiss-ndvi/data/tiffs_historic_v7final/20200115_historic.tiff
Created /mnt/data1/UniBe-swiss-ndvi/data/tiffs_historic_v7final/20200115_historic_mask.tiff
[2026-04-20 06:43:25]
Created /mnt/data1/UniBe-swiss-ndvi/data/tiffs_historic_v7final/20200116_historic.tiff
Created /mnt/data1/UniBe-swiss-ndvi/data/tiffs_historic_v7final/20200116_historic_mask.tiff
[2026-04-20 06:45:41]
Created /mnt/data1/UniBe-swiss-ndvi/data/tiffs_historic_v7final/20200117_historic.tiff
Created /mnt/data1/UniBe-swiss-ndvi/data/tiffs_historic_v7final/20200117_historic_mask.tiff
[2026-04-20 06:47:53]
Created /mnt/data1/UniBe-swiss-ndvi/data/tiffs_historic_v7final/20200118_historic.tiff
Created /mnt/data1/UniBe-swiss-ndvi/data/tiffs_historic_v7final/20200118_historic_mask.tiff
[2026-04-20 06:50:04]
Created /mnt/data1/UniBe-swiss-ndvi/data/tiffs_historic_v7final/20200119_historic.tiff
Created /mnt/data1/UniBe-swiss-ndvi/data/tiffs_historic_v7final/20200119_historic_mask.tiff
[2026-04-20 06:52:21]
Created /mnt/data1/UniBe-swiss-ndvi/data/tiffs_historic_v7final/20200120_historic.tiff
Created /mnt/data1/UniBe-swiss-ndvi/data/tiffs_historic_v7final/20200120_historic_mask.tiff
[2026-04-20 06:54:33]
Created /mnt/data1/UniBe-swiss-ndvi/data/tiffs_historic_v7final/20200121_historic.tiff
Created /mnt/data1/UniBe-swiss-ndvi/data/tiffs_historic_v7final/20200121_historic_mask.tiff
[2026-04-20 06:56:49]
Created /mnt/data1/UniBe-swiss-ndvi/data/tiffs_historic_v7final/20200122_historic.tiff
Created /mnt/data1/UniBe-swiss-ndvi/data/tiffs_historic_v7final/20200122_historic_mask.tiff
[2026-04-20 06:59:01]
Created /mnt/data1/UniBe-swiss-ndvi/data/tiffs_historic_v7final/20200123_historic.tiff
Created /mnt/data1/UniBe-swiss-ndvi/data/tiffs_historic_v7final/20200123_historic_mask.tiff
[2026-04-20 07:01:14]
Created /mnt/data1/UniBe-swiss-ndvi/data/tiffs_historic_v7final/20200124_historic.tiff
Created /mnt/data1/UniBe-swiss-ndvi/data/tiffs_historic_v7final/20200124_historic_mask.tiff
[2026-04-20 07:03:31]
Created /mnt/data1/UniBe-swiss-ndvi/data/tiffs_historic_v7final/20200125_historic.tiff
Created /mnt/data1/UniBe-swiss-ndvi/data/tiffs_historic_v7final/20200125_historic_mask.tiff
[2026-04-20 07:05:48]
Created /mnt/data1/UniBe-swiss-ndvi/data/tiffs_historic_v7final/20200126_historic.tiff
Created /mnt/data1/UniBe-swiss-ndvi/data/tiffs_historic_v7final/20200126_historic_mask.tiff
[2026-04-20 07:08:05]
Created /mnt/data1/UniBe-swiss-ndvi/data/tiffs_historic_v7final/20200127_historic.tiff
Created /mnt/data1/UniBe-swiss-ndvi/data/tiffs_historic_v7final/20200127_historic_mask.tiff
[2026-04-20 07:10:29]
Created /mnt/data1/UniBe-swiss-ndvi/data/tiffs_historic_v7final/20200128_historic.tiff
Created /mnt/data1/UniBe-swiss-ndvi/data/tiffs_historic_v7final/20200128_historic_mask.tiff
[2026-04-20 07:12:42]
Created /mnt/data1/UniBe-swiss-ndvi/data/tiffs_historic_v7final/20200129_historic.tiff
Created /mnt/data1/UniBe-swiss-ndvi/data/tiffs_historic_v7final/20200129_historic_mask.tiff
[2026-04-20 07:14:58]
Created /mnt/data1/UniBe-swiss-ndvi/data/tiffs_historic_v7final/20200130_historic.tiff
Created /mnt/data1/UniBe-swiss-ndvi/data/tiffs_historic_v7final/20200130_historic_mask.tiff
[2026-04-20 07:17:11]
Created /mnt/data1/UniBe-swiss-ndvi/data/tiffs_historic_v7final/20200131_historic.tiff
Created /mnt/data1/UniBe-swiss-ndvi/data/tiffs_historic_v7final/20200131_historic_mask.tiff
[2026-04-20 07:19:25]
Created /mnt/data1/UniBe-swiss-ndvi/data/tiffs_historic_v7final/20200201_historic.tiff
Created /mnt/data1/UniBe-swiss-ndvi/data/tiffs_historic_v7final/20200201_historic_mask.tiff
[2026-04-20 07:21:36]
Created /mnt/data1/UniBe-swiss-ndvi/data/tiffs_historic_v7final/20200202_historic.tiff
Created /mnt/data1/UniBe-swiss-ndvi/data/tiffs_historic_v7final/20200202_historic_mask.tiff
[2026-04-20 07:23:49]
Created /mnt/data1/UniBe-swiss-ndvi/data/tiffs_historic_v7final/20200203_historic.tiff
Created /mnt/data1/UniBe-swiss-ndvi/data/tiffs_historic_v7final/20200203_historic_mask.tiff
[2026-04-20 07:26:03]
Created /mnt/data1/UniBe-swiss-ndvi/data/tiffs_historic_v7final/20200204_historic.tiff
Created /mnt/data1/UniBe-swiss-ndvi/data/tiffs_historic_v7final/20200204_historic_mask.tiff
[2026-04-20 07:28:15]
Created /mnt/data1/UniBe-swiss-ndvi/data/tiffs_historic_v7final/20200205_historic.tiff
Created /mnt/data1/UniBe-swiss-ndvi/data/tiffs_historic_v7final/20200205_historic_mask.tiff
[2026-04-20 07:30:29]
Created /mnt/data1/UniBe-swiss-ndvi/data/tiffs_historic_v7final/20200206_historic.tiff
Created /mnt/data1/UniBe-swiss-ndvi/data/tiffs_historic_v7final/20200206_historic_mask.tiff
[2026-04-20 07:32:43]
Created /mnt/data1/UniBe-swiss-ndvi/data/tiffs_historic_v7final/20200207_historic.tiff
Created /mnt/data1/UniBe-swiss-ndvi/data/tiffs_historic_v7final/20200207_historic_mask.tiff
[2026-04-20 07:34:59]
Created /mnt/data1/UniBe-swiss-ndvi/data/tiffs_historic_v7final/20200208_historic.tiff
Created /mnt/data1/UniBe-swiss-ndvi/data/tiffs_historic_v7final/20200208_historic_mask.tiff
[2026-04-20 07:37:17]
Created /mnt/data1/UniBe-swiss-ndvi/data/tiffs_historic_v7final/20200209_historic.tiff
Created /mnt/data1/UniBe-swiss-ndvi/data/tiffs_historic_v7final/20200209_historic_mask.tiff
[2026-04-20 07:39:32]
Created /mnt/data1/UniBe-swiss-ndvi/data/tiffs_historic_v7final/20200210_historic.tiff
Created /mnt/data1/UniBe-swiss-ndvi/data/tiffs_historic_v7final/20200210_historic_mask.tiff
[2026-04-20 07:41:49]
Created /mnt/data1/UniBe-swiss-ndvi/data/tiffs_historic_v7final/20200211_historic.tiff
Created /mnt/data1/UniBe-swiss-ndvi/data/tiffs_historic_v7final/20200211_historic_mask.tiff
[2026-04-20 07:44:04]
Created /mnt/data1/UniBe-swiss-ndvi/data/tiffs_historic_v7final/20200212_historic.tiff
Created /mnt/data1/UniBe-swiss-ndvi/data/tiffs_historic_v7final/20200212_historic_mask.tiff
[2026-04-20 07:46:16]
Created /mnt/data1/UniBe-swiss-ndvi/data/tiffs_historic_v7final/20200213_historic.tiff
Created /mnt/data1/UniBe-swiss-ndvi/data/tiffs_historic_v7final/20200213_historic_mask.tiff
[2026-04-20 07:48:30]
Created /mnt/data1/UniBe-swiss-ndvi/data/tiffs_historic_v7final/20200214_historic.tiff
Created /mnt/data1/UniBe-swiss-ndvi/data/tiffs_historic_v7final/20200214_historic_mask.tiff
[2026-04-20 07:50:44]
Created /mnt/data1/UniBe-swiss-ndvi/data/tiffs_historic_v7final/20200215_historic.tiff
Created /mnt/data1/UniBe-swiss-ndvi/data/tiffs_historic_v7final/20200215_historic_mask.tiff
[2026-04-20 07:52:57]
Created /mnt/data1/UniBe-swiss-ndvi/data/tiffs_historic_v7final/20200216_historic.tiff
Created /mnt/data1/UniBe-swiss-ndvi/data/tiffs_historic_v7final/20200216_historic_mask.tiff
[2026-04-20 07:55:10]
Created /mnt/data1/UniBe-swiss-ndvi/data/tiffs_historic_v7final/20200217_historic.tiff
Created /mnt/data1/UniBe-swiss-ndvi/data/tiffs_historic_v7final/20200217_historic_mask.tiff
[2026-04-20 07:57:20]
Created /mnt/data1/UniBe-swiss-ndvi/data/tiffs_historic_v7final/20200218_historic.tiff
Created /mnt/data1/UniBe-swiss-ndvi/data/tiffs_historic_v7final/20200218_historic_mask.tiff
[2026-04-20 07:59:44]
Created /mnt/data1/UniBe-swiss-ndvi/data/tiffs_historic_v7final/20200219_historic.tiff
Created /mnt/data1/UniBe-swiss-ndvi/data/tiffs_historic_v7final/20200219_historic_mask.tiff
[2026-04-20 08:01:57]
Created /mnt/data1/UniBe-swiss-ndvi/data/tiffs_historic_v7final/20200220_historic.tiff
Created /mnt/data1/UniBe-swiss-ndvi/data/tiffs_historic_v7final/20200220_historic_mask.tiff
[2026-04-20 08:04:19]
Created /mnt/data1/UniBe-swiss-ndvi/data/tiffs_historic_v7final/20200221_historic.tiff
Created /mnt/data1/UniBe-swiss-ndvi/data/tiffs_historic_v7final/20200221_historic_mask.tiff
[2026-04-20 08:06:50]
Created /mnt/data1/UniBe-swiss-ndvi/data/tiffs_historic_v7final/20200222_historic.tiff
Created /mnt/data1/UniBe-swiss-ndvi/data/tiffs_historic_v7final/20200222_historic_mask.tiff
[2026-04-20 08:09:06]
Created /mnt/data1/UniBe-swiss-ndvi/data/tiffs_historic_v7final/20200223_historic.tiff
Created /mnt/data1/UniBe-swiss-ndvi/data/tiffs_historic_v7final/20200223_historic_mask.tiff
[2026-04-20 08:11:34]
Created /mnt/data1/UniBe-swiss-ndvi/data/tiffs_historic_v7final/20200224_historic.tiff
Created /mnt/data1/UniBe-swiss-ndvi/data/tiffs_historic_v7final/20200224_historic_mask.tiff
[2026-04-20 08:13:57]
Created /mnt/data1/UniBe-swiss-ndvi/data/tiffs_historic_v7final/20200225_historic.tiff
Created /mnt/data1/UniBe-swiss-ndvi/data/tiffs_historic_v7final/20200225_historic_mask.tiff
[2026-04-20 08:16:15]
Created /mnt/data1/UniBe-swiss-ndvi/data/tiffs_historic_v7final/20200226_historic.tiff
Created /mnt/data1/UniBe-swiss-ndvi/data/tiffs_historic_v7final/20200226_historic_mask.tiff
[2026-04-20 08:18:40]
Created /mnt/data1/UniBe-swiss-ndvi/data/tiffs_historic_v7final/20200227_historic.tiff
Created /mnt/data1/UniBe-swiss-ndvi/data/tiffs_historic_v7final/20200227_historic_mask.tiff
[2026-04-20 08:20:54]
Created /mnt/data1/UniBe-swiss-ndvi/data/tiffs_historic_v7final/20200228_historic.tiff
Created /mnt/data1/UniBe-swiss-ndvi/data/tiffs_historic_v7final/20200228_historic_mask.tiff
[2026-04-20 08:23:06]
Created /mnt/data1/UniBe-swiss-ndvi/data/tiffs_historic_v7final/20200229_historic.tiff
Created /mnt/data1/UniBe-swiss-ndvi/data/tiffs_historic_v7final/20200229_historic_mask.tiff
[2026-04-20 08:25:18]
Created /mnt/data1/UniBe-swiss-ndvi/data/tiffs_historic_v7final/20200301_historic.tiff
Created /mnt/data1/UniBe-swiss-ndvi/data/tiffs_historic_v7final/20200301_historic_mask.tiff
[2026-04-20 08:27:31]
Created /mnt/data1/UniBe-swiss-ndvi/data/tiffs_historic_v7final/20200302_historic.tiff
Created /mnt/data1/UniBe-swiss-ndvi/data/tiffs_historic_v7final/20200302_historic_mask.tiff
[2026-04-20 08:29:44]
Created /mnt/data1/UniBe-swiss-ndvi/data/tiffs_historic_v7final/20200303_historic.tiff
Created /mnt/data1/UniBe-swiss-ndvi/data/tiffs_historic_v7final/20200303_historic_mask.tiff
[2026-04-20 08:31:58]
Created /mnt/data1/UniBe-swiss-ndvi/data/tiffs_historic_v7final/20200304_historic.tiff
Created /mnt/data1/UniBe-swiss-ndvi/data/tiffs_historic_v7final/20200304_historic_mask.tiff
[2026-04-20 08:34:12]
Created /mnt/data1/UniBe-swiss-ndvi/data/tiffs_historic_v7final/20200305_historic.tiff
Created /mnt/data1/UniBe-swiss-ndvi/data/tiffs_historic_v7final/20200305_historic_mask.tiff
[2026-04-20 08:36:24]
Created /mnt/data1/UniBe-swiss-ndvi/data/tiffs_historic_v7final/20200306_historic.tiff
Created /mnt/data1/UniBe-swiss-ndvi/data/tiffs_historic_v7final/20200306_historic_mask.tiff
[2026-04-20 08:38:34]
Created /mnt/data1/UniBe-swiss-ndvi/data/tiffs_historic_v7final/20200307_historic.tiff
Created /mnt/data1/UniBe-swiss-ndvi/data/tiffs_historic_v7final/20200307_historic_mask.tiff
[2026-04-20 08:40:49]
Created /mnt/data1/UniBe-swiss-ndvi/data/tiffs_historic_v7final/20200308_historic.tiff
Created /mnt/data1/UniBe-swiss-ndvi/data/tiffs_historic_v7final/20200308_historic_mask.tiff
[2026-04-20 08:43:39]
Created /mnt/data1/UniBe-swiss-ndvi/data/tiffs_historic_v7final/20200309_historic.tiff
Created /mnt/data1/UniBe-swiss-ndvi/data/tiffs_historic_v7final/20200309_historic_mask.tiff
[2026-04-20 08:46:05]
Created /mnt/data1/UniBe-swiss-ndvi/data/tiffs_historic_v7final/20200310_historic.tiff
Created /mnt/data1/UniBe-swiss-ndvi/data/tiffs_historic_v7final/20200310_historic_mask.tiff
[2026-04-20 08:48:20]
Created /mnt/data1/UniBe-swiss-ndvi/data/tiffs_historic_v7final/20200311_historic.tiff
Created /mnt/data1/UniBe-swiss-ndvi/data/tiffs_historic_v7final/20200311_historic_mask.tiff
[2026-04-20 08:50:38]
Created /mnt/data1/UniBe-swiss-ndvi/data/tiffs_historic_v7final/20200312_historic.tiff
Created /mnt/data1/UniBe-swiss-ndvi/data/tiffs_historic_v7final/20200312_historic_mask.tiff
[2026-04-20 08:52:52]
Created /mnt/data1/UniBe-swiss-ndvi/data/tiffs_historic_v7final/20200313_historic.tiff
Created /mnt/data1/UniBe-swiss-ndvi/data/tiffs_historic_v7final/20200313_historic_mask.tiff
[2026-04-20 08:55:04]
Created /mnt/data1/UniBe-swiss-ndvi/data/tiffs_historic_v7final/20200314_historic.tiff
Created /mnt/data1/UniBe-swiss-ndvi/data/tiffs_historic_v7final/20200314_historic_mask.tiff
[2026-04-20 08:57:25]
Created /mnt/data1/UniBe-swiss-ndvi/data/tiffs_historic_v7final/20200315_historic.tiff
Created /mnt/data1/UniBe-swiss-ndvi/data/tiffs_historic_v7final/20200315_historic_mask.tiff
[2026-04-20 08:59:36]
Created /mnt/data1/UniBe-swiss-ndvi/data/tiffs_historic_v7final/20200316_historic.tiff
Created /mnt/data1/UniBe-swiss-ndvi/data/tiffs_historic_v7final/20200316_historic_mask.tiff
[2026-04-20 09:01:53]
Created /mnt/data1/UniBe-swiss-ndvi/data/tiffs_historic_v7final/20200317_historic.tiff
Created /mnt/data1/UniBe-swiss-ndvi/data/tiffs_historic_v7final/20200317_historic_mask.tiff
[2026-04-20 09:04:08]
Created /mnt/data1/UniBe-swiss-ndvi/data/tiffs_historic_v7final/20200318_historic.tiff
Created /mnt/data1/UniBe-swiss-ndvi/data/tiffs_historic_v7final/20200318_historic_mask.tiff
[2026-04-20 09:06:22]
Created /mnt/data1/UniBe-swiss-ndvi/data/tiffs_historic_v7final/20200319_historic.tiff
Created /mnt/data1/UniBe-swiss-ndvi/data/tiffs_historic_v7final/20200319_historic_mask.tiff
[2026-04-20 09:08:36]
Created /mnt/data1/UniBe-swiss-ndvi/data/tiffs_historic_v7final/20200320_historic.tiff
Created /mnt/data1/UniBe-swiss-ndvi/data/tiffs_historic_v7final/20200320_historic_mask.tiff
[2026-04-20 09:10:45]
Created /mnt/data1/UniBe-swiss-ndvi/data/tiffs_historic_v7final/20200321_historic.tiff
Created /mnt/data1/UniBe-swiss-ndvi/data/tiffs_historic_v7final/20200321_historic_mask.tiff
[2026-04-20 09:12:55]
Created /mnt/data1/UniBe-swiss-ndvi/data/tiffs_historic_v7final/20200322_historic.tiff
Created /mnt/data1/UniBe-swiss-ndvi/data/tiffs_historic_v7final/20200322_historic_mask.tiff
[2026-04-20 09:15:11]
Created /mnt/data1/UniBe-swiss-ndvi/data/tiffs_historic_v7final/20200323_historic.tiff
Created /mnt/data1/UniBe-swiss-ndvi/data/tiffs_historic_v7final/20200323_historic_mask.tiff
[2026-04-20 09:17:54]
Created /mnt/data1/UniBe-swiss-ndvi/data/tiffs_historic_v7final/20200324_historic.tiff
Created /mnt/data1/UniBe-swiss-ndvi/data/tiffs_historic_v7final/20200324_historic_mask.tiff
[2026-04-20 09:20:16]
Created /mnt/data1/UniBe-swiss-ndvi/data/tiffs_historic_v7final/20200325_historic.tiff
Created /mnt/data1/UniBe-swiss-ndvi/data/tiffs_historic_v7final/20200325_historic_mask.tiff
[2026-04-20 09:22:48]
Created /mnt/data1/UniBe-swiss-ndvi/data/tiffs_historic_v7final/20200326_historic.tiff
Created /mnt/data1/UniBe-swiss-ndvi/data/tiffs_historic_v7final/20200326_historic_mask.tiff
[2026-04-20 09:25:42]
Created /mnt/data1/UniBe-swiss-ndvi/data/tiffs_historic_v7final/20200327_historic.tiff
Created /mnt/data1/UniBe-swiss-ndvi/data/tiffs_historic_v7final/20200327_historic_mask.tiff
[2026-04-20 09:27:57]
Created /mnt/data1/UniBe-swiss-ndvi/data/tiffs_historic_v7final/20200328_historic.tiff
Created /mnt/data1/UniBe-swiss-ndvi/data/tiffs_historic_v7final/20200328_historic_mask.tiff
[2026-04-20 09:30:11]
Created /mnt/data1/UniBe-swiss-ndvi/data/tiffs_historic_v7final/20200329_historic.tiff
Created /mnt/data1/UniBe-swiss-ndvi/data/tiffs_historic_v7final/20200329_historic_mask.tiff
[2026-04-20 09:32:46]
Created /mnt/data1/UniBe-swiss-ndvi/data/tiffs_historic_v7final/20200330_historic.tiff
Created /mnt/data1/UniBe-swiss-ndvi/data/tiffs_historic_v7final/20200330_historic_mask.tiff
[2026-04-20 09:35:09]
Created /mnt/data1/UniBe-swiss-ndvi/data/tiffs_historic_v7final/20200331_historic.tiff
Created /mnt/data1/UniBe-swiss-ndvi/data/tiffs_historic_v7final/20200331_historic_mask.tiff
[2026-04-20 09:37:26]
Created /mnt/data1/UniBe-swiss-ndvi/data/tiffs_historic_v7final/20200401_historic.tiff
Created /mnt/data1/UniBe-swiss-ndvi/data/tiffs_historic_v7final/20200401_historic_mask.tiff
[2026-04-20 09:39:37]
Created /mnt/data1/UniBe-swiss-ndvi/data/tiffs_historic_v7final/20200402_historic.tiff
Created /mnt/data1/UniBe-swiss-ndvi/data/tiffs_historic_v7final/20200402_historic_mask.tiff
[2026-04-20 09:41:49]
Created /mnt/data1/UniBe-swiss-ndvi/data/tiffs_historic_v7final/20200403_historic.tiff
Created /mnt/data1/UniBe-swiss-ndvi/data/tiffs_historic_v7final/20200403_historic_mask.tiff
[2026-04-20 09:44:07]
Created /mnt/data1/UniBe-swiss-ndvi/data/tiffs_historic_v7final/20200404_historic.tiff
Created /mnt/data1/UniBe-swiss-ndvi/data/tiffs_historic_v7final/20200404_historic_mask.tiff
[2026-04-20 09:46:18]
Created /mnt/data1/UniBe-swiss-ndvi/data/tiffs_historic_v7final/20200405_historic.tiff
Created /mnt/data1/UniBe-swiss-ndvi/data/tiffs_historic_v7final/20200405_historic_mask.tiff
[2026-04-20 09:48:36]
Created /mnt/data1/UniBe-swiss-ndvi/data/tiffs_historic_v7final/20200406_historic.tiff
Created /mnt/data1/UniBe-swiss-ndvi/data/tiffs_historic_v7final/20200406_historic_mask.tiff
[2026-04-20 09:50:47]
Created /mnt/data1/UniBe-swiss-ndvi/data/tiffs_historic_v7final/20200407_historic.tiff
Created /mnt/data1/UniBe-swiss-ndvi/data/tiffs_historic_v7final/20200407_historic_mask.tiff
[2026-04-20 09:52:58]
Created /mnt/data1/UniBe-swiss-ndvi/data/tiffs_historic_v7final/20200408_historic.tiff
Created /mnt/data1/UniBe-swiss-ndvi/data/tiffs_historic_v7final/20200408_historic_mask.tiff
[2026-04-20 09:55:17]
Created /mnt/data1/UniBe-swiss-ndvi/data/tiffs_historic_v7final/20200409_historic.tiff
Created /mnt/data1/UniBe-swiss-ndvi/data/tiffs_historic_v7final/20200409_historic_mask.tiff
[2026-04-20 09:57:31]
Created /mnt/data1/UniBe-swiss-ndvi/data/tiffs_historic_v7final/20200410_historic.tiff
Created /mnt/data1/UniBe-swiss-ndvi/data/tiffs_historic_v7final/20200410_historic_mask.tiff
[2026-04-20 09:59:50]
Created /mnt/data1/UniBe-swiss-ndvi/data/tiffs_historic_v7final/20200411_historic.tiff
Created /mnt/data1/UniBe-swiss-ndvi/data/tiffs_historic_v7final/20200411_historic_mask.tiff
[2026-04-20 10:02:02]
Created /mnt/data1/UniBe-swiss-ndvi/data/tiffs_historic_v7final/20200412_historic.tiff
Created /mnt/data1/UniBe-swiss-ndvi/data/tiffs_historic_v7final/20200412_historic_mask.tiff
[2026-04-20 10:04:21]
Created /mnt/data1/UniBe-swiss-ndvi/data/tiffs_historic_v7final/20200413_historic.tiff
Created /mnt/data1/UniBe-swiss-ndvi/data/tiffs_historic_v7final/20200413_historic_mask.tiff
[2026-04-20 10:06:42]
Created /mnt/data1/UniBe-swiss-ndvi/data/tiffs_historic_v7final/20200414_historic.tiff
Created /mnt/data1/UniBe-swiss-ndvi/data/tiffs_historic_v7final/20200414_historic_mask.tiff
[2026-04-20 10:08:55]
Created /mnt/data1/UniBe-swiss-ndvi/data/tiffs_historic_v7final/20200415_historic.tiff
Created /mnt/data1/UniBe-swiss-ndvi/data/tiffs_historic_v7final/20200415_historic_mask.tiff
[2026-04-20 10:11:12]
Created /mnt/data1/UniBe-swiss-ndvi/data/tiffs_historic_v7final/20200416_historic.tiff
Created /mnt/data1/UniBe-swiss-ndvi/data/tiffs_historic_v7final/20200416_historic_mask.tiff
[2026-04-20 10:13:28]
Created /mnt/data1/UniBe-swiss-ndvi/data/tiffs_historic_v7final/20200417_historic.tiff
Created /mnt/data1/UniBe-swiss-ndvi/data/tiffs_historic_v7final/20200417_historic_mask.tiff
[2026-04-20 10:15:46]
Created /mnt/data1/UniBe-swiss-ndvi/data/tiffs_historic_v7final/20200418_historic.tiff
Created /mnt/data1/UniBe-swiss-ndvi/data/tiffs_historic_v7final/20200418_historic_mask.tiff
[2026-04-20 10:18:02]
Created /mnt/data1/UniBe-swiss-ndvi/data/tiffs_historic_v7final/20200419_historic.tiff
Created /mnt/data1/UniBe-swiss-ndvi/data/tiffs_historic_v7final/20200419_historic_mask.tiff
[2026-04-20 10:20:16]
Created /mnt/data1/UniBe-swiss-ndvi/data/tiffs_historic_v7final/20200420_historic.tiff
Created /mnt/data1/UniBe-swiss-ndvi/data/tiffs_historic_v7final/20200420_historic_mask.tiff
[2026-04-20 10:23:50]
Created /mnt/data1/UniBe-swiss-ndvi/data/tiffs_historic_v7final/20200421_historic.tiff
Created /mnt/data1/UniBe-swiss-ndvi/data/tiffs_historic_v7final/20200421_historic_mask.tiff
[2026-04-20 10:26:15]
Created /mnt/data1/UniBe-swiss-ndvi/data/tiffs_historic_v7final/20200422_historic.tiff
Created /mnt/data1/UniBe-swiss-ndvi/data/tiffs_historic_v7final/20200422_historic_mask.tiff
[2026-04-20 10:28:35]
Created /mnt/data1/UniBe-swiss-ndvi/data/tiffs_historic_v7final/20200423_historic.tiff
Created /mnt/data1/UniBe-swiss-ndvi/data/tiffs_historic_v7final/20200423_historic_mask.tiff
[2026-04-20 10:30:50]
Created /mnt/data1/UniBe-swiss-ndvi/data/tiffs_historic_v7final/20200424_historic.tiff
Created /mnt/data1/UniBe-swiss-ndvi/data/tiffs_historic_v7final/20200424_historic_mask.tiff
[2026-04-20 10:33:06]
Created /mnt/data1/UniBe-swiss-ndvi/data/tiffs_historic_v7final/20200425_historic.tiff
Created /mnt/data1/UniBe-swiss-ndvi/data/tiffs_historic_v7final/20200425_historic_mask.tiff
[2026-04-20 10:35:29]
Created /mnt/data1/UniBe-swiss-ndvi/data/tiffs_historic_v7final/20200426_historic.tiff
Created /mnt/data1/UniBe-swiss-ndvi/data/tiffs_historic_v7final/20200426_historic_mask.tiff
[2026-04-20 10:37:46]
Created /mnt/data1/UniBe-swiss-ndvi/data/tiffs_historic_v7final/20200427_historic.tiff
Created /mnt/data1/UniBe-swiss-ndvi/data/tiffs_historic_v7final/20200427_historic_mask.tiff
[2026-04-20 10:40:03]
Created /mnt/data1/UniBe-swiss-ndvi/data/tiffs_historic_v7final/20200428_historic.tiff
Created /mnt/data1/UniBe-swiss-ndvi/data/tiffs_historic_v7final/20200428_historic_mask.tiff
[2026-04-20 10:42:18]
Created /mnt/data1/UniBe-swiss-ndvi/data/tiffs_historic_v7final/20200429_historic.tiff
Created /mnt/data1/UniBe-swiss-ndvi/data/tiffs_historic_v7final/20200429_historic_mask.tiff
[2026-04-20 10:44:36]
Created /mnt/data1/UniBe-swiss-ndvi/data/tiffs_historic_v7final/20200430_historic.tiff
Created /mnt/data1/UniBe-swiss-ndvi/data/tiffs_historic_v7final/20200430_historic_mask.tiff
[2026-04-20 10:46:53]
Created /mnt/data1/UniBe-swiss-ndvi/data/tiffs_historic_v7final/20200501_historic.tiff
Created /mnt/data1/UniBe-swiss-ndvi/data/tiffs_historic_v7final/20200501_historic_mask.tiff
[2026-04-20 10:49:10]
Created /mnt/data1/UniBe-swiss-ndvi/data/tiffs_historic_v7final/20200502_historic.tiff
Created /mnt/data1/UniBe-swiss-ndvi/data/tiffs_historic_v7final/20200502_historic_mask.tiff
[2026-04-20 10:51:27]
Created /mnt/data1/UniBe-swiss-ndvi/data/tiffs_historic_v7final/20200503_historic.tiff
Created /mnt/data1/UniBe-swiss-ndvi/data/tiffs_historic_v7final/20200503_historic_mask.tiff
[2026-04-20 10:53:45]
Created /mnt/data1/UniBe-swiss-ndvi/data/tiffs_historic_v7final/20200504_historic.tiff
Created /mnt/data1/UniBe-swiss-ndvi/data/tiffs_historic_v7final/20200504_historic_mask.tiff
[2026-04-20 10:56:03]
Created /mnt/data1/UniBe-swiss-ndvi/data/tiffs_historic_v7final/20200505_historic.tiff
Created /mnt/data1/UniBe-swiss-ndvi/data/tiffs_historic_v7final/20200505_historic_mask.tiff
[2026-04-20 10:58:18]
Created /mnt/data1/UniBe-swiss-ndvi/data/tiffs_historic_v7final/20200506_historic.tiff
Created /mnt/data1/UniBe-swiss-ndvi/data/tiffs_historic_v7final/20200506_historic_mask.tiff
[2026-04-20 11:00:40]
Created /mnt/data1/UniBe-swiss-ndvi/data/tiffs_historic_v7final/20200507_historic.tiff
Created /mnt/data1/UniBe-swiss-ndvi/data/tiffs_historic_v7final/20200507_historic_mask.tiff
[2026-04-20 11:03:06]
Created /mnt/data1/UniBe-swiss-ndvi/data/tiffs_historic_v7final/20200508_historic.tiff
Created /mnt/data1/UniBe-swiss-ndvi/data/tiffs_historic_v7final/20200508_historic_mask.tiff
[2026-04-20 11:05:33]
Created /mnt/data1/UniBe-swiss-ndvi/data/tiffs_historic_v7final/20200509_historic.tiff
Created /mnt/data1/UniBe-swiss-ndvi/data/tiffs_historic_v7final/20200509_historic_mask.tiff
[2026-04-20 11:08:15]
Created /mnt/data1/UniBe-swiss-ndvi/data/tiffs_historic_v7final/20200510_historic.tiff
Created /mnt/data1/UniBe-swiss-ndvi/data/tiffs_historic_v7final/20200510_historic_mask.tiff
[2026-04-20 11:10:33]
Created /mnt/data1/UniBe-swiss-ndvi/data/tiffs_historic_v7final/20200511_historic.tiff
Created /mnt/data1/UniBe-swiss-ndvi/data/tiffs_historic_v7final/20200511_historic_mask.tiff
[2026-04-20 11:12:51]
Created /mnt/data1/UniBe-swiss-ndvi/data/tiffs_historic_v7final/20200512_historic.tiff
Created /mnt/data1/UniBe-swiss-ndvi/data/tiffs_historic_v7final/20200512_historic_mask.tiff
[2026-04-20 11:15:10]
Created /mnt/data1/UniBe-swiss-ndvi/data/tiffs_historic_v7final/20200513_historic.tiff
Created /mnt/data1/UniBe-swiss-ndvi/data/tiffs_historic_v7final/20200513_historic_mask.tiff
[2026-04-20 11:17:26]
Created /mnt/data1/UniBe-swiss-ndvi/data/tiffs_historic_v7final/20200514_historic.tiff
Created /mnt/data1/UniBe-swiss-ndvi/data/tiffs_historic_v7final/20200514_historic_mask.tiff
[2026-04-20 11:19:39]
Created /mnt/data1/UniBe-swiss-ndvi/data/tiffs_historic_v7final/20200515_historic.tiff
Created /mnt/data1/UniBe-swiss-ndvi/data/tiffs_historic_v7final/20200515_historic_mask.tiff
[2026-04-20 11:21:53]
Created /mnt/data1/UniBe-swiss-ndvi/data/tiffs_historic_v7final/20200516_historic.tiff
Created /mnt/data1/UniBe-swiss-ndvi/data/tiffs_historic_v7final/20200516_historic_mask.tiff
[2026-04-20 11:24:08]
Created /mnt/data1/UniBe-swiss-ndvi/data/tiffs_historic_v7final/20200517_historic.tiff
Created /mnt/data1/UniBe-swiss-ndvi/data/tiffs_historic_v7final/20200517_historic_mask.tiff
[2026-04-20 11:26:21]
Created /mnt/data1/UniBe-swiss-ndvi/data/tiffs_historic_v7final/20200518_historic.tiff
Created /mnt/data1/UniBe-swiss-ndvi/data/tiffs_historic_v7final/20200518_historic_mask.tiff
[2026-04-20 11:28:37]
Created /mnt/data1/UniBe-swiss-ndvi/data/tiffs_historic_v7final/20200519_historic.tiff
Created /mnt/data1/UniBe-swiss-ndvi/data/tiffs_historic_v7final/20200519_historic_mask.tiff
[2026-04-20 11:30:51]
Created /mnt/data1/UniBe-swiss-ndvi/data/tiffs_historic_v7final/20200520_historic.tiff
Created /mnt/data1/UniBe-swiss-ndvi/data/tiffs_historic_v7final/20200520_historic_mask.tiff
[2026-04-20 11:33:57]
Created /mnt/data1/UniBe-swiss-ndvi/data/tiffs_historic_v7final/20200521_historic.tiff
Created /mnt/data1/UniBe-swiss-ndvi/data/tiffs_historic_v7final/20200521_historic_mask.tiff
[2026-04-20 11:36:13]
Created /mnt/data1/UniBe-swiss-ndvi/data/tiffs_historic_v7final/20200522_historic.tiff
Created /mnt/data1/UniBe-swiss-ndvi/data/tiffs_historic_v7final/20200522_historic_mask.tiff
[2026-04-20 11:38:26]
Created /mnt/data1/UniBe-swiss-ndvi/data/tiffs_historic_v7final/20200523_historic.tiff
Created /mnt/data1/UniBe-swiss-ndvi/data/tiffs_historic_v7final/20200523_historic_mask.tiff
[2026-04-20 11:40:43]
Created /mnt/data1/UniBe-swiss-ndvi/data/tiffs_historic_v7final/20200524_historic.tiff
Created /mnt/data1/UniBe-swiss-ndvi/data/tiffs_historic_v7final/20200524_historic_mask.tiff
[2026-04-20 11:42:54]
Created /mnt/data1/UniBe-swiss-ndvi/data/tiffs_historic_v7final/20200525_historic.tiff
Created /mnt/data1/UniBe-swiss-ndvi/data/tiffs_historic_v7final/20200525_historic_mask.tiff
[2026-04-20 11:45:07]
Created /mnt/data1/UniBe-swiss-ndvi/data/tiffs_historic_v7final/20200526_historic.tiff
Created /mnt/data1/UniBe-swiss-ndvi/data/tiffs_historic_v7final/20200526_historic_mask.tiff
[2026-04-20 11:47:20]
Created /mnt/data1/UniBe-swiss-ndvi/data/tiffs_historic_v7final/20200527_historic.tiff
Created /mnt/data1/UniBe-swiss-ndvi/data/tiffs_historic_v7final/20200527_historic_mask.tiff
[2026-04-20 11:49:33]
Created /mnt/data1/UniBe-swiss-ndvi/data/tiffs_historic_v7final/20200528_historic.tiff
Created /mnt/data1/UniBe-swiss-ndvi/data/tiffs_historic_v7final/20200528_historic_mask.tiff
[2026-04-20 11:51:49]
Created /mnt/data1/UniBe-swiss-ndvi/data/tiffs_historic_v7final/20200529_historic.tiff
Created /mnt/data1/UniBe-swiss-ndvi/data/tiffs_historic_v7final/20200529_historic_mask.tiff
[2026-04-20 11:54:03]
Created /mnt/data1/UniBe-swiss-ndvi/data/tiffs_historic_v7final/20200530_historic.tiff
Created /mnt/data1/UniBe-swiss-ndvi/data/tiffs_historic_v7final/20200530_historic_mask.tiff
[2026-04-20 11:56:21]
Created /mnt/data1/UniBe-swiss-ndvi/data/tiffs_historic_v7final/20200531_historic.tiff
Created /mnt/data1/UniBe-swiss-ndvi/data/tiffs_historic_v7final/20200531_historic_mask.tiff
[2026-04-20 11:58:34]
Created /mnt/data1/UniBe-swiss-ndvi/data/tiffs_historic_v7final/20200601_historic.tiff
Created /mnt/data1/UniBe-swiss-ndvi/data/tiffs_historic_v7final/20200601_historic_mask.tiff
[2026-04-20 12:00:47]
Created /mnt/data1/UniBe-swiss-ndvi/data/tiffs_historic_v7final/20200602_historic.tiff
Created /mnt/data1/UniBe-swiss-ndvi/data/tiffs_historic_v7final/20200602_historic_mask.tiff
[2026-04-20 12:02:58]
Created /mnt/data1/UniBe-swiss-ndvi/data/tiffs_historic_v7final/20200603_historic.tiff
Created /mnt/data1/UniBe-swiss-ndvi/data/tiffs_historic_v7final/20200603_historic_mask.tiff
[2026-04-20 12:05:13]
Created /mnt/data1/UniBe-swiss-ndvi/data/tiffs_historic_v7final/20200604_historic.tiff
Created /mnt/data1/UniBe-swiss-ndvi/data/tiffs_historic_v7final/20200604_historic_mask.tiff
[2026-04-20 12:07:24]
Created /mnt/data1/UniBe-swiss-ndvi/data/tiffs_historic_v7final/20200605_historic.tiff
Created /mnt/data1/UniBe-swiss-ndvi/data/tiffs_historic_v7final/20200605_historic_mask.tiff
[2026-04-20 12:09:36]
Created /mnt/data1/UniBe-swiss-ndvi/data/tiffs_historic_v7final/20200606_historic.tiff
Created /mnt/data1/UniBe-swiss-ndvi/data/tiffs_historic_v7final/20200606_historic_mask.tiff
[2026-04-20 12:11:49]
Created /mnt/data1/UniBe-swiss-ndvi/data/tiffs_historic_v7final/20200607_historic.tiff
Created /mnt/data1/UniBe-swiss-ndvi/data/tiffs_historic_v7final/20200607_historic_mask.tiff
[2026-04-20 12:14:02]
Created /mnt/data1/UniBe-swiss-ndvi/data/tiffs_historic_v7final/20200608_historic.tiff
Created /mnt/data1/UniBe-swiss-ndvi/data/tiffs_historic_v7final/20200608_historic_mask.tiff
[2026-04-20 12:16:19]
Created /mnt/data1/UniBe-swiss-ndvi/data/tiffs_historic_v7final/20200609_historic.tiff
Created /mnt/data1/UniBe-swiss-ndvi/data/tiffs_historic_v7final/20200609_historic_mask.tiff
[2026-04-20 12:18:30]
Created /mnt/data1/UniBe-swiss-ndvi/data/tiffs_historic_v7final/20200610_historic.tiff
Created /mnt/data1/UniBe-swiss-ndvi/data/tiffs_historic_v7final/20200610_historic_mask.tiff
[2026-04-20 12:20:44]
Created /mnt/data1/UniBe-swiss-ndvi/data/tiffs_historic_v7final/20200611_historic.tiff
Created /mnt/data1/UniBe-swiss-ndvi/data/tiffs_historic_v7final/20200611_historic_mask.tiff
[2026-04-20 12:22:56]
Created /mnt/data1/UniBe-swiss-ndvi/data/tiffs_historic_v7final/20200612_historic.tiff
Created /mnt/data1/UniBe-swiss-ndvi/data/tiffs_historic_v7final/20200612_historic_mask.tiff
[2026-04-20 12:25:10]
Created /mnt/data1/UniBe-swiss-ndvi/data/tiffs_historic_v7final/20200613_historic.tiff
Created /mnt/data1/UniBe-swiss-ndvi/data/tiffs_historic_v7final/20200613_historic_mask.tiff
[2026-04-20 12:27:24]
Created /mnt/data1/UniBe-swiss-ndvi/data/tiffs_historic_v7final/20200614_historic.tiff
Created /mnt/data1/UniBe-swiss-ndvi/data/tiffs_historic_v7final/20200614_historic_mask.tiff
[2026-04-20 12:29:37]
Created /mnt/data1/UniBe-swiss-ndvi/data/tiffs_historic_v7final/20200615_historic.tiff
Created /mnt/data1/UniBe-swiss-ndvi/data/tiffs_historic_v7final/20200615_historic_mask.tiff
[2026-04-20 12:31:49]
Created /mnt/data1/UniBe-swiss-ndvi/data/tiffs_historic_v7final/20200616_historic.tiff
Created /mnt/data1/UniBe-swiss-ndvi/data/tiffs_historic_v7final/20200616_historic_mask.tiff
[2026-04-20 12:34:02]
Created /mnt/data1/UniBe-swiss-ndvi/data/tiffs_historic_v7final/20200617_historic.tiff
Created /mnt/data1/UniBe-swiss-ndvi/data/tiffs_historic_v7final/20200617_historic_mask.tiff
[2026-04-20 12:36:17]
Created /mnt/data1/UniBe-swiss-ndvi/data/tiffs_historic_v7final/20200618_historic.tiff
Created /mnt/data1/UniBe-swiss-ndvi/data/tiffs_historic_v7final/20200618_historic_mask.tiff
[2026-04-20 12:38:32]
Created /mnt/data1/UniBe-swiss-ndvi/data/tiffs_historic_v7final/20200619_historic.tiff
Created /mnt/data1/UniBe-swiss-ndvi/data/tiffs_historic_v7final/20200619_historic_mask.tiff
[2026-04-20 12:41:12]
Created /mnt/data1/UniBe-swiss-ndvi/data/tiffs_historic_v7final/20200620_historic.tiff
Created /mnt/data1/UniBe-swiss-ndvi/data/tiffs_historic_v7final/20200620_historic_mask.tiff
[2026-04-20 12:43:28]
Created /mnt/data1/UniBe-swiss-ndvi/data/tiffs_historic_v7final/20200621_historic.tiff
Created /mnt/data1/UniBe-swiss-ndvi/data/tiffs_historic_v7final/20200621_historic_mask.tiff
[2026-04-20 12:45:42]
Created /mnt/data1/UniBe-swiss-ndvi/data/tiffs_historic_v7final/20200622_historic.tiff
Created /mnt/data1/UniBe-swiss-ndvi/data/tiffs_historic_v7final/20200622_historic_mask.tiff
[2026-04-20 12:47:58]
Created /mnt/data1/UniBe-swiss-ndvi/data/tiffs_historic_v7final/20200623_historic.tiff
Created /mnt/data1/UniBe-swiss-ndvi/data/tiffs_historic_v7final/20200623_historic_mask.tiff
[2026-04-20 12:50:20]
Created /mnt/data1/UniBe-swiss-ndvi/data/tiffs_historic_v7final/20200624_historic.tiff
Created /mnt/data1/UniBe-swiss-ndvi/data/tiffs_historic_v7final/20200624_historic_mask.tiff
[2026-04-20 12:52:38]
Created /mnt/data1/UniBe-swiss-ndvi/data/tiffs_historic_v7final/20200625_historic.tiff
Created /mnt/data1/UniBe-swiss-ndvi/data/tiffs_historic_v7final/20200625_historic_mask.tiff
[2026-04-20 12:54:54]
Created /mnt/data1/UniBe-swiss-ndvi/data/tiffs_historic_v7final/20200626_historic.tiff
Created /mnt/data1/UniBe-swiss-ndvi/data/tiffs_historic_v7final/20200626_historic_mask.tiff
[2026-04-20 12:57:12]
Created /mnt/data1/UniBe-swiss-ndvi/data/tiffs_historic_v7final/20200627_historic.tiff
Created /mnt/data1/UniBe-swiss-ndvi/data/tiffs_historic_v7final/20200627_historic_mask.tiff
[2026-04-20 12:59:37]
Created /mnt/data1/UniBe-swiss-ndvi/data/tiffs_historic_v7final/20200628_historic.tiff
Created /mnt/data1/UniBe-swiss-ndvi/data/tiffs_historic_v7final/20200628_historic_mask.tiff
[2026-04-20 13:01:55]
Created /mnt/data1/UniBe-swiss-ndvi/data/tiffs_historic_v7final/20200629_historic.tiff
Created /mnt/data1/UniBe-swiss-ndvi/data/tiffs_historic_v7final/20200629_historic_mask.tiff
[2026-04-20 13:04:12]
Created /mnt/data1/UniBe-swiss-ndvi/data/tiffs_historic_v7final/20200630_historic.tiff
Created /mnt/data1/UniBe-swiss-ndvi/data/tiffs_historic_v7final/20200630_historic_mask.tiff
[2026-04-20 13:06:26]
Created /mnt/data1/UniBe-swiss-ndvi/data/tiffs_historic_v7final/20200701_historic.tiff
Created /mnt/data1/UniBe-swiss-ndvi/data/tiffs_historic_v7final/20200701_historic_mask.tiff
[2026-04-20 13:08:45]
Created /mnt/data1/UniBe-swiss-ndvi/data/tiffs_historic_v7final/20200702_historic.tiff
Created /mnt/data1/UniBe-swiss-ndvi/data/tiffs_historic_v7final/20200702_historic_mask.tiff
[2026-04-20 13:11:04]
Created /mnt/data1/UniBe-swiss-ndvi/data/tiffs_historic_v7final/20200703_historic.tiff
Created /mnt/data1/UniBe-swiss-ndvi/data/tiffs_historic_v7final/20200703_historic_mask.tiff
[2026-04-20 13:13:21]
Created /mnt/data1/UniBe-swiss-ndvi/data/tiffs_historic_v7final/20200704_historic.tiff
Created /mnt/data1/UniBe-swiss-ndvi/data/tiffs_historic_v7final/20200704_historic_mask.tiff
[2026-04-20 13:15:36]
Created /mnt/data1/UniBe-swiss-ndvi/data/tiffs_historic_v7final/20200705_historic.tiff
Created /mnt/data1/UniBe-swiss-ndvi/data/tiffs_historic_v7final/20200705_historic_mask.tiff
[2026-04-20 13:17:50]
Created /mnt/data1/UniBe-swiss-ndvi/data/tiffs_historic_v7final/20200706_historic.tiff
Created /mnt/data1/UniBe-swiss-ndvi/data/tiffs_historic_v7final/20200706_historic_mask.tiff
[2026-04-20 13:20:03]
Created /mnt/data1/UniBe-swiss-ndvi/data/tiffs_historic_v7final/20200707_historic.tiff
Created /mnt/data1/UniBe-swiss-ndvi/data/tiffs_historic_v7final/20200707_historic_mask.tiff
[2026-04-20 13:22:31]
Created /mnt/data1/UniBe-swiss-ndvi/data/tiffs_historic_v7final/20200708_historic.tiff
Created /mnt/data1/UniBe-swiss-ndvi/data/tiffs_historic_v7final/20200708_historic_mask.tiff
[2026-04-20 13:24:42]
Created /mnt/data1/UniBe-swiss-ndvi/data/tiffs_historic_v7final/20200709_historic.tiff
Created /mnt/data1/UniBe-swiss-ndvi/data/tiffs_historic_v7final/20200709_historic_mask.tiff
[2026-04-20 13:26:59]
Created /mnt/data1/UniBe-swiss-ndvi/data/tiffs_historic_v7final/20200710_historic.tiff
Created /mnt/data1/UniBe-swiss-ndvi/data/tiffs_historic_v7final/20200710_historic_mask.tiff
[2026-04-20 13:29:15]
Created /mnt/data1/UniBe-swiss-ndvi/data/tiffs_historic_v7final/20200711_historic.tiff
Created /mnt/data1/UniBe-swiss-ndvi/data/tiffs_historic_v7final/20200711_historic_mask.tiff
[2026-04-20 13:31:29]
Created /mnt/data1/UniBe-swiss-ndvi/data/tiffs_historic_v7final/20200712_historic.tiff
Created /mnt/data1/UniBe-swiss-ndvi/data/tiffs_historic_v7final/20200712_historic_mask.tiff
[2026-04-20 13:33:45]
Created /mnt/data1/UniBe-swiss-ndvi/data/tiffs_historic_v7final/20200713_historic.tiff
Created /mnt/data1/UniBe-swiss-ndvi/data/tiffs_historic_v7final/20200713_historic_mask.tiff
[2026-04-20 13:36:00]
Created /mnt/data1/UniBe-swiss-ndvi/data/tiffs_historic_v7final/20200714_historic.tiff
Created /mnt/data1/UniBe-swiss-ndvi/data/tiffs_historic_v7final/20200714_historic_mask.tiff
[2026-04-20 13:38:15]
Created /mnt/data1/UniBe-swiss-ndvi/data/tiffs_historic_v7final/20200715_historic.tiff
Created /mnt/data1/UniBe-swiss-ndvi/data/tiffs_historic_v7final/20200715_historic_mask.tiff
[2026-04-20 13:40:32]
Created /mnt/data1/UniBe-swiss-ndvi/data/tiffs_historic_v7final/20200716_historic.tiff
Created /mnt/data1/UniBe-swiss-ndvi/data/tiffs_historic_v7final/20200716_historic_mask.tiff
[2026-04-20 13:42:46]
Created /mnt/data1/UniBe-swiss-ndvi/data/tiffs_historic_v7final/20200717_historic.tiff
Created /mnt/data1/UniBe-swiss-ndvi/data/tiffs_historic_v7final/20200717_historic_mask.tiff
[2026-04-20 13:45:05]
Created /mnt/data1/UniBe-swiss-ndvi/data/tiffs_historic_v7final/20200718_historic.tiff
Created /mnt/data1/UniBe-swiss-ndvi/data/tiffs_historic_v7final/20200718_historic_mask.tiff
[2026-04-20 13:47:25]
Created /mnt/data1/UniBe-swiss-ndvi/data/tiffs_historic_v7final/20200719_historic.tiff
Created /mnt/data1/UniBe-swiss-ndvi/data/tiffs_historic_v7final/20200719_historic_mask.tiff
[2026-04-20 13:49:43]
Created /mnt/data1/UniBe-swiss-ndvi/data/tiffs_historic_v7final/20200720_historic.tiff
Created /mnt/data1/UniBe-swiss-ndvi/data/tiffs_historic_v7final/20200720_historic_mask.tiff
[2026-04-20 13:51:59]
Created /mnt/data1/UniBe-swiss-ndvi/data/tiffs_historic_v7final/20200721_historic.tiff
Created /mnt/data1/UniBe-swiss-ndvi/data/tiffs_historic_v7final/20200721_historic_mask.tiff
[2026-04-20 13:54:14]
Created /mnt/data1/UniBe-swiss-ndvi/data/tiffs_historic_v7final/20200722_historic.tiff
Created /mnt/data1/UniBe-swiss-ndvi/data/tiffs_historic_v7final/20200722_historic_mask.tiff
[2026-04-20 13:56:30]
Created /mnt/data1/UniBe-swiss-ndvi/data/tiffs_historic_v7final/20200723_historic.tiff
Created /mnt/data1/UniBe-swiss-ndvi/data/tiffs_historic_v7final/20200723_historic_mask.tiff
[2026-04-20 13:58:49]
Created /mnt/data1/UniBe-swiss-ndvi/data/tiffs_historic_v7final/20200724_historic.tiff
Created /mnt/data1/UniBe-swiss-ndvi/data/tiffs_historic_v7final/20200724_historic_mask.tiff
[2026-04-20 14:01:08]
Created /mnt/data1/UniBe-swiss-ndvi/data/tiffs_historic_v7final/20200725_historic.tiff
Created /mnt/data1/UniBe-swiss-ndvi/data/tiffs_historic_v7final/20200725_historic_mask.tiff
[2026-04-20 14:03:21]
Created /mnt/data1/UniBe-swiss-ndvi/data/tiffs_historic_v7final/20200726_historic.tiff
Created /mnt/data1/UniBe-swiss-ndvi/data/tiffs_historic_v7final/20200726_historic_mask.tiff
[2026-04-20 14:05:33]
Created /mnt/data1/UniBe-swiss-ndvi/data/tiffs_historic_v7final/20200727_historic.tiff
Created /mnt/data1/UniBe-swiss-ndvi/data/tiffs_historic_v7final/20200727_historic_mask.tiff
[2026-04-20 14:07:49]
Created /mnt/data1/UniBe-swiss-ndvi/data/tiffs_historic_v7final/20200728_historic.tiff
Created /mnt/data1/UniBe-swiss-ndvi/data/tiffs_historic_v7final/20200728_historic_mask.tiff
[2026-04-20 14:10:06]
Created /mnt/data1/UniBe-swiss-ndvi/data/tiffs_historic_v7final/20200729_historic.tiff
Created /mnt/data1/UniBe-swiss-ndvi/data/tiffs_historic_v7final/20200729_historic_mask.tiff
[2026-04-20 14:12:21]
Created /mnt/data1/UniBe-swiss-ndvi/data/tiffs_historic_v7final/20200730_historic.tiff
Created /mnt/data1/UniBe-swiss-ndvi/data/tiffs_historic_v7final/20200730_historic_mask.tiff
[2026-04-20 14:14:36]
Created /mnt/data1/UniBe-swiss-ndvi/data/tiffs_historic_v7final/20200731_historic.tiff
Created /mnt/data1/UniBe-swiss-ndvi/data/tiffs_historic_v7final/20200731_historic_mask.tiff
[2026-04-20 14:16:51]
Created /mnt/data1/UniBe-swiss-ndvi/data/tiffs_historic_v7final/20200801_historic.tiff
Created /mnt/data1/UniBe-swiss-ndvi/data/tiffs_historic_v7final/20200801_historic_mask.tiff
[2026-04-20 14:19:06]
Created /mnt/data1/UniBe-swiss-ndvi/data/tiffs_historic_v7final/20200802_historic.tiff
Created /mnt/data1/UniBe-swiss-ndvi/data/tiffs_historic_v7final/20200802_historic_mask.tiff
[2026-04-20 14:21:22]
Created /mnt/data1/UniBe-swiss-ndvi/data/tiffs_historic_v7final/20200803_historic.tiff
Created /mnt/data1/UniBe-swiss-ndvi/data/tiffs_historic_v7final/20200803_historic_mask.tiff
[2026-04-20 14:23:41]
Created /mnt/data1/UniBe-swiss-ndvi/data/tiffs_historic_v7final/20200804_historic.tiff
Created /mnt/data1/UniBe-swiss-ndvi/data/tiffs_historic_v7final/20200804_historic_mask.tiff
[2026-04-20 14:25:59]
Created /mnt/data1/UniBe-swiss-ndvi/data/tiffs_historic_v7final/20200805_historic.tiff
Created /mnt/data1/UniBe-swiss-ndvi/data/tiffs_historic_v7final/20200805_historic_mask.tiff
[2026-04-20 14:28:14]
Created /mnt/data1/UniBe-swiss-ndvi/data/tiffs_historic_v7final/20200806_historic.tiff
Created /mnt/data1/UniBe-swiss-ndvi/data/tiffs_historic_v7final/20200806_historic_mask.tiff
[2026-04-20 14:30:38]
Created /mnt/data1/UniBe-swiss-ndvi/data/tiffs_historic_v7final/20200807_historic.tiff
Created /mnt/data1/UniBe-swiss-ndvi/data/tiffs_historic_v7final/20200807_historic_mask.tiff
[2026-04-20 14:33:00]
Created /mnt/data1/UniBe-swiss-ndvi/data/tiffs_historic_v7final/20200808_historic.tiff
Created /mnt/data1/UniBe-swiss-ndvi/data/tiffs_historic_v7final/20200808_historic_mask.tiff
[2026-04-20 14:35:31]
Created /mnt/data1/UniBe-swiss-ndvi/data/tiffs_historic_v7final/20200809_historic.tiff
Created /mnt/data1/UniBe-swiss-ndvi/data/tiffs_historic_v7final/20200809_historic_mask.tiff
[2026-04-20 14:37:47]
Created /mnt/data1/UniBe-swiss-ndvi/data/tiffs_historic_v7final/20200810_historic.tiff
Created /mnt/data1/UniBe-swiss-ndvi/data/tiffs_historic_v7final/20200810_historic_mask.tiff
[2026-04-20 14:40:04]
Created /mnt/data1/UniBe-swiss-ndvi/data/tiffs_historic_v7final/20200811_historic.tiff
Created /mnt/data1/UniBe-swiss-ndvi/data/tiffs_historic_v7final/20200811_historic_mask.tiff
[2026-04-20 14:42:24]
Created /mnt/data1/UniBe-swiss-ndvi/data/tiffs_historic_v7final/20200812_historic.tiff
Created /mnt/data1/UniBe-swiss-ndvi/data/tiffs_historic_v7final/20200812_historic_mask.tiff
[2026-04-20 14:44:39]
Created /mnt/data1/UniBe-swiss-ndvi/data/tiffs_historic_v7final/20200813_historic.tiff
Created /mnt/data1/UniBe-swiss-ndvi/data/tiffs_historic_v7final/20200813_historic_mask.tiff
[2026-04-20 14:46:58]
Created /mnt/data1/UniBe-swiss-ndvi/data/tiffs_historic_v7final/20200814_historic.tiff
Created /mnt/data1/UniBe-swiss-ndvi/data/tiffs_historic_v7final/20200814_historic_mask.tiff
[2026-04-20 14:49:15]
Created /mnt/data1/UniBe-swiss-ndvi/data/tiffs_historic_v7final/20200815_historic.tiff
Created /mnt/data1/UniBe-swiss-ndvi/data/tiffs_historic_v7final/20200815_historic_mask.tiff
[2026-04-20 14:51:34]
Created /mnt/data1/UniBe-swiss-ndvi/data/tiffs_historic_v7final/20200816_historic.tiff
Created /mnt/data1/UniBe-swiss-ndvi/data/tiffs_historic_v7final/20200816_historic_mask.tiff
[2026-04-20 14:53:48]
Created /mnt/data1/UniBe-swiss-ndvi/data/tiffs_historic_v7final/20200817_historic.tiff
Created /mnt/data1/UniBe-swiss-ndvi/data/tiffs_historic_v7final/20200817_historic_mask.tiff
[2026-04-20 14:56:05]
Created /mnt/data1/UniBe-swiss-ndvi/data/tiffs_historic_v7final/20200818_historic.tiff
Created /mnt/data1/UniBe-swiss-ndvi/data/tiffs_historic_v7final/20200818_historic_mask.tiff
[2026-04-20 14:58:20]
Created /mnt/data1/UniBe-swiss-ndvi/data/tiffs_historic_v7final/20200819_historic.tiff
Created /mnt/data1/UniBe-swiss-ndvi/data/tiffs_historic_v7final/20200819_historic_mask.tiff
[2026-04-20 15:00:35]
Created /mnt/data1/UniBe-swiss-ndvi/data/tiffs_historic_v7final/20200820_historic.tiff
Created /mnt/data1/UniBe-swiss-ndvi/data/tiffs_historic_v7final/20200820_historic_mask.tiff
[2026-04-20 15:03:09]
Created /mnt/data1/UniBe-swiss-ndvi/data/tiffs_historic_v7final/20200821_historic.tiff
Created /mnt/data1/UniBe-swiss-ndvi/data/tiffs_historic_v7final/20200821_historic_mask.tiff
[2026-04-20 15:05:23]
Created /mnt/data1/UniBe-swiss-ndvi/data/tiffs_historic_v7final/20200822_historic.tiff
Created /mnt/data1/UniBe-swiss-ndvi/data/tiffs_historic_v7final/20200822_historic_mask.tiff
[2026-04-20 15:07:38]
Created /mnt/data1/UniBe-swiss-ndvi/data/tiffs_historic_v7final/20200823_historic.tiff
Created /mnt/data1/UniBe-swiss-ndvi/data/tiffs_historic_v7final/20200823_historic_mask.tiff
[2026-04-20 15:09:51]
Created /mnt/data1/UniBe-swiss-ndvi/data/tiffs_historic_v7final/20200824_historic.tiff
Created /mnt/data1/UniBe-swiss-ndvi/data/tiffs_historic_v7final/20200824_historic_mask.tiff
[2026-04-20 15:12:05]
Created /mnt/data1/UniBe-swiss-ndvi/data/tiffs_historic_v7final/20200825_historic.tiff
Created /mnt/data1/UniBe-swiss-ndvi/data/tiffs_historic_v7final/20200825_historic_mask.tiff
[2026-04-20 15:14:17]
Created /mnt/data1/UniBe-swiss-ndvi/data/tiffs_historic_v7final/20200826_historic.tiff
Created /mnt/data1/UniBe-swiss-ndvi/data/tiffs_historic_v7final/20200826_historic_mask.tiff
[2026-04-20 15:16:29]
Created /mnt/data1/UniBe-swiss-ndvi/data/tiffs_historic_v7final/20200827_historic.tiff
Created /mnt/data1/UniBe-swiss-ndvi/data/tiffs_historic_v7final/20200827_historic_mask.tiff
[2026-04-20 15:18:42]
Created /mnt/data1/UniBe-swiss-ndvi/data/tiffs_historic_v7final/20200828_historic.tiff
Created /mnt/data1/UniBe-swiss-ndvi/data/tiffs_historic_v7final/20200828_historic_mask.tiff
[2026-04-20 15:20:51]
Created /mnt/data1/UniBe-swiss-ndvi/data/tiffs_historic_v7final/20200829_historic.tiff
Created /mnt/data1/UniBe-swiss-ndvi/data/tiffs_historic_v7final/20200829_historic_mask.tiff
[2026-04-20 15:23:05]
Created /mnt/data1/UniBe-swiss-ndvi/data/tiffs_historic_v7final/20200830_historic.tiff
Created /mnt/data1/UniBe-swiss-ndvi/data/tiffs_historic_v7final/20200830_historic_mask.tiff
[2026-04-20 15:25:22]
Created /mnt/data1/UniBe-swiss-ndvi/data/tiffs_historic_v7final/20200831_historic.tiff
Created /mnt/data1/UniBe-swiss-ndvi/data/tiffs_historic_v7final/20200831_historic_mask.tiff
[2026-04-20 15:27:37]
Created /mnt/data1/UniBe-swiss-ndvi/data/tiffs_historic_v7final/20200901_historic.tiff
Created /mnt/data1/UniBe-swiss-ndvi/data/tiffs_historic_v7final/20200901_historic_mask.tiff
[2026-04-20 15:29:52]
Created /mnt/data1/UniBe-swiss-ndvi/data/tiffs_historic_v7final/20200902_historic.tiff
Created /mnt/data1/UniBe-swiss-ndvi/data/tiffs_historic_v7final/20200902_historic_mask.tiff
[2026-04-20 15:32:09]
Created /mnt/data1/UniBe-swiss-ndvi/data/tiffs_historic_v7final/20200903_historic.tiff
Created /mnt/data1/UniBe-swiss-ndvi/data/tiffs_historic_v7final/20200903_historic_mask.tiff
[2026-04-20 15:34:25]
Created /mnt/data1/UniBe-swiss-ndvi/data/tiffs_historic_v7final/20200904_historic.tiff
Created /mnt/data1/UniBe-swiss-ndvi/data/tiffs_historic_v7final/20200904_historic_mask.tiff
[2026-04-20 15:36:37]
Created /mnt/data1/UniBe-swiss-ndvi/data/tiffs_historic_v7final/20200905_historic.tiff
Created /mnt/data1/UniBe-swiss-ndvi/data/tiffs_historic_v7final/20200905_historic_mask.tiff
[2026-04-20 15:38:51]
Created /mnt/data1/UniBe-swiss-ndvi/data/tiffs_historic_v7final/20200906_historic.tiff
Created /mnt/data1/UniBe-swiss-ndvi/data/tiffs_historic_v7final/20200906_historic_mask.tiff
[2026-04-20 15:41:04]
Created /mnt/data1/UniBe-swiss-ndvi/data/tiffs_historic_v7final/20200907_historic.tiff
Created /mnt/data1/UniBe-swiss-ndvi/data/tiffs_historic_v7final/20200907_historic_mask.tiff
[2026-04-20 15:43:31]
Created /mnt/data1/UniBe-swiss-ndvi/data/tiffs_historic_v7final/20200908_historic.tiff
Created /mnt/data1/UniBe-swiss-ndvi/data/tiffs_historic_v7final/20200908_historic_mask.tiff
[2026-04-20 15:45:45]
Created /mnt/data1/UniBe-swiss-ndvi/data/tiffs_historic_v7final/20200909_historic.tiff
Created /mnt/data1/UniBe-swiss-ndvi/data/tiffs_historic_v7final/20200909_historic_mask.tiff
[2026-04-20 15:47:56]
Created /mnt/data1/UniBe-swiss-ndvi/data/tiffs_historic_v7final/20200910_historic.tiff
Created /mnt/data1/UniBe-swiss-ndvi/data/tiffs_historic_v7final/20200910_historic_mask.tiff
[2026-04-20 15:50:11]
Created /mnt/data1/UniBe-swiss-ndvi/data/tiffs_historic_v7final/20200911_historic.tiff
Created /mnt/data1/UniBe-swiss-ndvi/data/tiffs_historic_v7final/20200911_historic_mask.tiff
[2026-04-20 15:52:24]
Created /mnt/data1/UniBe-swiss-ndvi/data/tiffs_historic_v7final/20200912_historic.tiff
Created /mnt/data1/UniBe-swiss-ndvi/data/tiffs_historic_v7final/20200912_historic_mask.tiff
[2026-04-20 15:54:40]
Created /mnt/data1/UniBe-swiss-ndvi/data/tiffs_historic_v7final/20200913_historic.tiff
Created /mnt/data1/UniBe-swiss-ndvi/data/tiffs_historic_v7final/20200913_historic_mask.tiff
[2026-04-20 15:56:54]
Created /mnt/data1/UniBe-swiss-ndvi/data/tiffs_historic_v7final/20200914_historic.tiff
Created /mnt/data1/UniBe-swiss-ndvi/data/tiffs_historic_v7final/20200914_historic_mask.tiff
[2026-04-20 15:59:10]
Created /mnt/data1/UniBe-swiss-ndvi/data/tiffs_historic_v7final/20200915_historic.tiff
Created /mnt/data1/UniBe-swiss-ndvi/data/tiffs_historic_v7final/20200915_historic_mask.tiff
[2026-04-20 16:01:25]
Created /mnt/data1/UniBe-swiss-ndvi/data/tiffs_historic_v7final/20200916_historic.tiff
Created /mnt/data1/UniBe-swiss-ndvi/data/tiffs_historic_v7final/20200916_historic_mask.tiff
[2026-04-20 16:03:37]
Created /mnt/data1/UniBe-swiss-ndvi/data/tiffs_historic_v7final/20200917_historic.tiff
Created /mnt/data1/UniBe-swiss-ndvi/data/tiffs_historic_v7final/20200917_historic_mask.tiff
[2026-04-20 16:05:51]
Created /mnt/data1/UniBe-swiss-ndvi/data/tiffs_historic_v7final/20200918_historic.tiff
Created /mnt/data1/UniBe-swiss-ndvi/data/tiffs_historic_v7final/20200918_historic_mask.tiff
[2026-04-20 16:08:05]
Created /mnt/data1/UniBe-swiss-ndvi/data/tiffs_historic_v7final/20200919_historic.tiff
Created /mnt/data1/UniBe-swiss-ndvi/data/tiffs_historic_v7final/20200919_historic_mask.tiff
[2026-04-20 16:10:30]
Created /mnt/data1/UniBe-swiss-ndvi/data/tiffs_historic_v7final/20200920_historic.tiff
Created /mnt/data1/UniBe-swiss-ndvi/data/tiffs_historic_v7final/20200920_historic_mask.tiff
[2026-04-20 16:13:20]
Created /mnt/data1/UniBe-swiss-ndvi/data/tiffs_historic_v7final/20200921_historic.tiff
Created /mnt/data1/UniBe-swiss-ndvi/data/tiffs_historic_v7final/20200921_historic_mask.tiff
[2026-04-20 16:15:32]
Created /mnt/data1/UniBe-swiss-ndvi/data/tiffs_historic_v7final/20200922_historic.tiff
Created /mnt/data1/UniBe-swiss-ndvi/data/tiffs_historic_v7final/20200922_historic_mask.tiff
[2026-04-20 16:17:42]
Created /mnt/data1/UniBe-swiss-ndvi/data/tiffs_historic_v7final/20200923_historic.tiff
Created /mnt/data1/UniBe-swiss-ndvi/data/tiffs_historic_v7final/20200923_historic_mask.tiff
[2026-04-20 16:19:52]
Created /mnt/data1/UniBe-swiss-ndvi/data/tiffs_historic_v7final/20200924_historic.tiff
Created /mnt/data1/UniBe-swiss-ndvi/data/tiffs_historic_v7final/20200924_historic_mask.tiff
[2026-04-20 16:22:03]
Created /mnt/data1/UniBe-swiss-ndvi/data/tiffs_historic_v7final/20200925_historic.tiff
Created /mnt/data1/UniBe-swiss-ndvi/data/tiffs_historic_v7final/20200925_historic_mask.tiff
[2026-04-20 16:24:17]
Created /mnt/data1/UniBe-swiss-ndvi/data/tiffs_historic_v7final/20200926_historic.tiff
Created /mnt/data1/UniBe-swiss-ndvi/data/tiffs_historic_v7final/20200926_historic_mask.tiff
[2026-04-20 16:26:29]
Created /mnt/data1/UniBe-swiss-ndvi/data/tiffs_historic_v7final/20200927_historic.tiff
Created /mnt/data1/UniBe-swiss-ndvi/data/tiffs_historic_v7final/20200927_historic_mask.tiff
[2026-04-20 16:28:42]
Created /mnt/data1/UniBe-swiss-ndvi/data/tiffs_historic_v7final/20200928_historic.tiff
Created /mnt/data1/UniBe-swiss-ndvi/data/tiffs_historic_v7final/20200928_historic_mask.tiff
[2026-04-20 16:30:52]
Created /mnt/data1/UniBe-swiss-ndvi/data/tiffs_historic_v7final/20200929_historic.tiff
Created /mnt/data1/UniBe-swiss-ndvi/data/tiffs_historic_v7final/20200929_historic_mask.tiff
[2026-04-20 16:33:01]
Created /mnt/data1/UniBe-swiss-ndvi/data/tiffs_historic_v7final/20200930_historic.tiff
Created /mnt/data1/UniBe-swiss-ndvi/data/tiffs_historic_v7final/20200930_historic_mask.tiff
[2026-04-20 16:35:14]
Created /mnt/data1/UniBe-swiss-ndvi/data/tiffs_historic_v7final/20201001_historic.tiff
Created /mnt/data1/UniBe-swiss-ndvi/data/tiffs_historic_v7final/20201001_historic_mask.tiff
[2026-04-20 16:37:26]
Created /mnt/data1/UniBe-swiss-ndvi/data/tiffs_historic_v7final/20201002_historic.tiff
Created /mnt/data1/UniBe-swiss-ndvi/data/tiffs_historic_v7final/20201002_historic_mask.tiff
[2026-04-20 16:39:38]
Created /mnt/data1/UniBe-swiss-ndvi/data/tiffs_historic_v7final/20201003_historic.tiff
Created /mnt/data1/UniBe-swiss-ndvi/data/tiffs_historic_v7final/20201003_historic_mask.tiff
[2026-04-20 16:41:51]
Created /mnt/data1/UniBe-swiss-ndvi/data/tiffs_historic_v7final/20201004_historic.tiff
Created /mnt/data1/UniBe-swiss-ndvi/data/tiffs_historic_v7final/20201004_historic_mask.tiff
[2026-04-20 16:44:07]
Created /mnt/data1/UniBe-swiss-ndvi/data/tiffs_historic_v7final/20201005_historic.tiff
Created /mnt/data1/UniBe-swiss-ndvi/data/tiffs_historic_v7final/20201005_historic_mask.tiff
[2026-04-20 16:46:24]
Created /mnt/data1/UniBe-swiss-ndvi/data/tiffs_historic_v7final/20201006_historic.tiff
Created /mnt/data1/UniBe-swiss-ndvi/data/tiffs_historic_v7final/20201006_historic_mask.tiff
[2026-04-20 16:48:40]
Created /mnt/data1/UniBe-swiss-ndvi/data/tiffs_historic_v7final/20201007_historic.tiff
Created /mnt/data1/UniBe-swiss-ndvi/data/tiffs_historic_v7final/20201007_historic_mask.tiff
[2026-04-20 16:50:55]
Created /mnt/data1/UniBe-swiss-ndvi/data/tiffs_historic_v7final/20201008_historic.tiff
Created /mnt/data1/UniBe-swiss-ndvi/data/tiffs_historic_v7final/20201008_historic_mask.tiff
[2026-04-20 16:53:09]
Created /mnt/data1/UniBe-swiss-ndvi/data/tiffs_historic_v7final/20201009_historic.tiff
Created /mnt/data1/UniBe-swiss-ndvi/data/tiffs_historic_v7final/20201009_historic_mask.tiff
[2026-04-20 16:55:26]
Created /mnt/data1/UniBe-swiss-ndvi/data/tiffs_historic_v7final/20201010_historic.tiff
Created /mnt/data1/UniBe-swiss-ndvi/data/tiffs_historic_v7final/20201010_historic_mask.tiff
[2026-04-20 16:57:42]
Created /mnt/data1/UniBe-swiss-ndvi/data/tiffs_historic_v7final/20201011_historic.tiff
Created /mnt/data1/UniBe-swiss-ndvi/data/tiffs_historic_v7final/20201011_historic_mask.tiff
[2026-04-20 16:59:56]
Created /mnt/data1/UniBe-swiss-ndvi/data/tiffs_historic_v7final/20201012_historic.tiff
Created /mnt/data1/UniBe-swiss-ndvi/data/tiffs_historic_v7final/20201012_historic_mask.tiff
[2026-04-20 17:02:11]
Created /mnt/data1/UniBe-swiss-ndvi/data/tiffs_historic_v7final/20201013_historic.tiff
Created /mnt/data1/UniBe-swiss-ndvi/data/tiffs_historic_v7final/20201013_historic_mask.tiff
[2026-04-20 17:04:27]
Created /mnt/data1/UniBe-swiss-ndvi/data/tiffs_historic_v7final/20201014_historic.tiff
Created /mnt/data1/UniBe-swiss-ndvi/data/tiffs_historic_v7final/20201014_historic_mask.tiff
[2026-04-20 17:06:43]
Created /mnt/data1/UniBe-swiss-ndvi/data/tiffs_historic_v7final/20201015_historic.tiff
Created /mnt/data1/UniBe-swiss-ndvi/data/tiffs_historic_v7final/20201015_historic_mask.tiff
[2026-04-20 17:08:58]
Created /mnt/data1/UniBe-swiss-ndvi/data/tiffs_historic_v7final/20201016_historic.tiff
Created /mnt/data1/UniBe-swiss-ndvi/data/tiffs_historic_v7final/20201016_historic_mask.tiff
[2026-04-20 17:11:15]
Created /mnt/data1/UniBe-swiss-ndvi/data/tiffs_historic_v7final/20201017_historic.tiff
Created /mnt/data1/UniBe-swiss-ndvi/data/tiffs_historic_v7final/20201017_historic_mask.tiff
[2026-04-20 17:13:31]
Created /mnt/data1/UniBe-swiss-ndvi/data/tiffs_historic_v7final/20201018_historic.tiff
Created /mnt/data1/UniBe-swiss-ndvi/data/tiffs_historic_v7final/20201018_historic_mask.tiff
[2026-04-20 17:15:47]
Created /mnt/data1/UniBe-swiss-ndvi/data/tiffs_historic_v7final/20201019_historic.tiff
Created /mnt/data1/UniBe-swiss-ndvi/data/tiffs_historic_v7final/20201019_historic_mask.tiff
[2026-04-20 17:18:05]
Created /mnt/data1/UniBe-swiss-ndvi/data/tiffs_historic_v7final/20201020_historic.tiff
Created /mnt/data1/UniBe-swiss-ndvi/data/tiffs_historic_v7final/20201020_historic_mask.tiff
[2026-04-20 17:20:20]
Created /mnt/data1/UniBe-swiss-ndvi/data/tiffs_historic_v7final/20201021_historic.tiff
Created /mnt/data1/UniBe-swiss-ndvi/data/tiffs_historic_v7final/20201021_historic_mask.tiff
[2026-04-20 17:22:46]
Created /mnt/data1/UniBe-swiss-ndvi/data/tiffs_historic_v7final/20201022_historic.tiff
Created /mnt/data1/UniBe-swiss-ndvi/data/tiffs_historic_v7final/20201022_historic_mask.tiff
[2026-04-20 17:25:26]
Created /mnt/data1/UniBe-swiss-ndvi/data/tiffs_historic_v7final/20201023_historic.tiff
Created /mnt/data1/UniBe-swiss-ndvi/data/tiffs_historic_v7final/20201023_historic_mask.tiff
[2026-04-20 17:27:44]
Created /mnt/data1/UniBe-swiss-ndvi/data/tiffs_historic_v7final/20201024_historic.tiff
Created /mnt/data1/UniBe-swiss-ndvi/data/tiffs_historic_v7final/20201024_historic_mask.tiff
[2026-04-20 17:30:06]
Created /mnt/data1/UniBe-swiss-ndvi/data/tiffs_historic_v7final/20201025_historic.tiff
Created /mnt/data1/UniBe-swiss-ndvi/data/tiffs_historic_v7final/20201025_historic_mask.tiff
[2026-04-20 17:32:19]
Created /mnt/data1/UniBe-swiss-ndvi/data/tiffs_historic_v7final/20201026_historic.tiff
Created /mnt/data1/UniBe-swiss-ndvi/data/tiffs_historic_v7final/20201026_historic_mask.tiff
[2026-04-20 17:34:30]
Created /mnt/data1/UniBe-swiss-ndvi/data/tiffs_historic_v7final/20201027_historic.tiff
Created /mnt/data1/UniBe-swiss-ndvi/data/tiffs_historic_v7final/20201027_historic_mask.tiff
[2026-04-20 17:36:43]
Created /mnt/data1/UniBe-swiss-ndvi/data/tiffs_historic_v7final/20201028_historic.tiff
Created /mnt/data1/UniBe-swiss-ndvi/data/tiffs_historic_v7final/20201028_historic_mask.tiff
[2026-04-20 17:38:52]
Created /mnt/data1/UniBe-swiss-ndvi/data/tiffs_historic_v7final/20201029_historic.tiff
Created /mnt/data1/UniBe-swiss-ndvi/data/tiffs_historic_v7final/20201029_historic_mask.tiff
[2026-04-20 17:41:03]
Created /mnt/data1/UniBe-swiss-ndvi/data/tiffs_historic_v7final/20201030_historic.tiff
Created /mnt/data1/UniBe-swiss-ndvi/data/tiffs_historic_v7final/20201030_historic_mask.tiff
[2026-04-20 17:43:16]
Created /mnt/data1/UniBe-swiss-ndvi/data/tiffs_historic_v7final/20201031_historic.tiff
Created /mnt/data1/UniBe-swiss-ndvi/data/tiffs_historic_v7final/20201031_historic_mask.tiff
[2026-04-20 17:45:26]
Created /mnt/data1/UniBe-swiss-ndvi/data/tiffs_historic_v7final/20201101_historic.tiff
Created /mnt/data1/UniBe-swiss-ndvi/data/tiffs_historic_v7final/20201101_historic_mask.tiff
[2026-04-20 17:47:38]
Created /mnt/data1/UniBe-swiss-ndvi/data/tiffs_historic_v7final/20201102_historic.tiff
Created /mnt/data1/UniBe-swiss-ndvi/data/tiffs_historic_v7final/20201102_historic_mask.tiff
[2026-04-20 17:49:45]
Created /mnt/data1/UniBe-swiss-ndvi/data/tiffs_historic_v7final/20201103_historic.tiff
Created /mnt/data1/UniBe-swiss-ndvi/data/tiffs_historic_v7final/20201103_historic_mask.tiff
[2026-04-20 17:51:57]
Created /mnt/data1/UniBe-swiss-ndvi/data/tiffs_historic_v7final/20201104_historic.tiff
Created /mnt/data1/UniBe-swiss-ndvi/data/tiffs_historic_v7final/20201104_historic_mask.tiff
[2026-04-20 17:54:10]
Created /mnt/data1/UniBe-swiss-ndvi/data/tiffs_historic_v7final/20201105_historic.tiff
Created /mnt/data1/UniBe-swiss-ndvi/data/tiffs_historic_v7final/20201105_historic_mask.tiff
[2026-04-20 17:56:23]
Created /mnt/data1/UniBe-swiss-ndvi/data/tiffs_historic_v7final/20201106_historic.tiff
Created /mnt/data1/UniBe-swiss-ndvi/data/tiffs_historic_v7final/20201106_historic_mask.tiff
[2026-04-20 17:58:36]
Created /mnt/data1/UniBe-swiss-ndvi/data/tiffs_historic_v7final/20201107_historic.tiff
Created /mnt/data1/UniBe-swiss-ndvi/data/tiffs_historic_v7final/20201107_historic_mask.tiff
[2026-04-20 18:00:50]
Created /mnt/data1/UniBe-swiss-ndvi/data/tiffs_historic_v7final/20201108_historic.tiff
Created /mnt/data1/UniBe-swiss-ndvi/data/tiffs_historic_v7final/20201108_historic_mask.tiff
[2026-04-20 18:03:01]
Created /mnt/data1/UniBe-swiss-ndvi/data/tiffs_historic_v7final/20201109_historic.tiff
Created /mnt/data1/UniBe-swiss-ndvi/data/tiffs_historic_v7final/20201109_historic_mask.tiff
[2026-04-20 18:05:12]
Created /mnt/data1/UniBe-swiss-ndvi/data/tiffs_historic_v7final/20201110_historic.tiff
Created /mnt/data1/UniBe-swiss-ndvi/data/tiffs_historic_v7final/20201110_historic_mask.tiff
[2026-04-20 18:07:22]
Created /mnt/data1/UniBe-swiss-ndvi/data/tiffs_historic_v7final/20201111_historic.tiff
Created /mnt/data1/UniBe-swiss-ndvi/data/tiffs_historic_v7final/20201111_historic_mask.tiff
[2026-04-20 18:09:36]
Created /mnt/data1/UniBe-swiss-ndvi/data/tiffs_historic_v7final/20201112_historic.tiff
Created /mnt/data1/UniBe-swiss-ndvi/data/tiffs_historic_v7final/20201112_historic_mask.tiff
[2026-04-20 18:11:47]
Created /mnt/data1/UniBe-swiss-ndvi/data/tiffs_historic_v7final/20201113_historic.tiff
Created /mnt/data1/UniBe-swiss-ndvi/data/tiffs_historic_v7final/20201113_historic_mask.tiff
[2026-04-20 18:13:59]
Created /mnt/data1/UniBe-swiss-ndvi/data/tiffs_historic_v7final/20201114_historic.tiff
Created /mnt/data1/UniBe-swiss-ndvi/data/tiffs_historic_v7final/20201114_historic_mask.tiff
[2026-04-20 18:16:19]
Created /mnt/data1/UniBe-swiss-ndvi/data/tiffs_historic_v7final/20201115_historic.tiff
Created /mnt/data1/UniBe-swiss-ndvi/data/tiffs_historic_v7final/20201115_historic_mask.tiff
[2026-04-20 18:18:32]
Created /mnt/data1/UniBe-swiss-ndvi/data/tiffs_historic_v7final/20201116_historic.tiff
Created /mnt/data1/UniBe-swiss-ndvi/data/tiffs_historic_v7final/20201116_historic_mask.tiff
[2026-04-20 18:20:48]
Created /mnt/data1/UniBe-swiss-ndvi/data/tiffs_historic_v7final/20201117_historic.tiff
Created /mnt/data1/UniBe-swiss-ndvi/data/tiffs_historic_v7final/20201117_historic_mask.tiff
[2026-04-20 18:23:03]
Created /mnt/data1/UniBe-swiss-ndvi/data/tiffs_historic_v7final/20201118_historic.tiff
Created /mnt/data1/UniBe-swiss-ndvi/data/tiffs_historic_v7final/20201118_historic_mask.tiff
[2026-04-20 18:25:29]
Created /mnt/data1/UniBe-swiss-ndvi/data/tiffs_historic_v7final/20201119_historic.tiff
Created /mnt/data1/UniBe-swiss-ndvi/data/tiffs_historic_v7final/20201119_historic_mask.tiff
[2026-04-20 18:28:04]
Created /mnt/data1/UniBe-swiss-ndvi/data/tiffs_historic_v7final/20201120_historic.tiff
Created /mnt/data1/UniBe-swiss-ndvi/data/tiffs_historic_v7final/20201120_historic_mask.tiff
[2026-04-20 18:31:51]
Created /mnt/data1/UniBe-swiss-ndvi/data/tiffs_historic_v7final/20201121_historic.tiff
Created /mnt/data1/UniBe-swiss-ndvi/data/tiffs_historic_v7final/20201121_historic_mask.tiff
[2026-04-20 18:34:42]
Created /mnt/data1/UniBe-swiss-ndvi/data/tiffs_historic_v7final/20201122_historic.tiff
Created /mnt/data1/UniBe-swiss-ndvi/data/tiffs_historic_v7final/20201122_historic_mask.tiff
[2026-04-20 18:36:59]
Created /mnt/data1/UniBe-swiss-ndvi/data/tiffs_historic_v7final/20201123_historic.tiff
Created /mnt/data1/UniBe-swiss-ndvi/data/tiffs_historic_v7final/20201123_historic_mask.tiff
[2026-04-20 18:39:47]
Created /mnt/data1/UniBe-swiss-ndvi/data/tiffs_historic_v7final/20201124_historic.tiff
Created /mnt/data1/UniBe-swiss-ndvi/data/tiffs_historic_v7final/20201124_historic_mask.tiff
[2026-04-20 18:42:26]
Created /mnt/data1/UniBe-swiss-ndvi/data/tiffs_historic_v7final/20201125_historic.tiff
Created /mnt/data1/UniBe-swiss-ndvi/data/tiffs_historic_v7final/20201125_historic_mask.tiff
[2026-04-20 18:44:45]
Created /mnt/data1/UniBe-swiss-ndvi/data/tiffs_historic_v7final/20201126_historic.tiff
Created /mnt/data1/UniBe-swiss-ndvi/data/tiffs_historic_v7final/20201126_historic_mask.tiff
[2026-04-20 18:48:09]
Created /mnt/data1/UniBe-swiss-ndvi/data/tiffs_historic_v7final/20201127_historic.tiff
Created /mnt/data1/UniBe-swiss-ndvi/data/tiffs_historic_v7final/20201127_historic_mask.tiff
[2026-04-20 18:51:01]
Created /mnt/data1/UniBe-swiss-ndvi/data/tiffs_historic_v7final/20201128_historic.tiff
Created /mnt/data1/UniBe-swiss-ndvi/data/tiffs_historic_v7final/20201128_historic_mask.tiff
[2026-04-20 18:53:19]
Created /mnt/data1/UniBe-swiss-ndvi/data/tiffs_historic_v7final/20201129_historic.tiff
Created /mnt/data1/UniBe-swiss-ndvi/data/tiffs_historic_v7final/20201129_historic_mask.tiff
[2026-04-20 18:55:37]
Created /mnt/data1/UniBe-swiss-ndvi/data/tiffs_historic_v7final/20201130_historic.tiff
Created /mnt/data1/UniBe-swiss-ndvi/data/tiffs_historic_v7final/20201130_historic_mask.tiff
[2026-04-20 18:57:50]
Created /mnt/data1/UniBe-swiss-ndvi/data/tiffs_historic_v7final/20201201_historic.tiff
Created /mnt/data1/UniBe-swiss-ndvi/data/tiffs_historic_v7final/20201201_historic_mask.tiff
[2026-04-20 19:00:02]
Created /mnt/data1/UniBe-swiss-ndvi/data/tiffs_historic_v7final/20201202_historic.tiff
Created /mnt/data1/UniBe-swiss-ndvi/data/tiffs_historic_v7final/20201202_historic_mask.tiff
[2026-04-20 19:02:14]
Created /mnt/data1/UniBe-swiss-ndvi/data/tiffs_historic_v7final/20201203_historic.tiff
Created /mnt/data1/UniBe-swiss-ndvi/data/tiffs_historic_v7final/20201203_historic_mask.tiff
[2026-04-20 19:04:27]
Created /mnt/data1/UniBe-swiss-ndvi/data/tiffs_historic_v7final/20201204_historic.tiff
Created /mnt/data1/UniBe-swiss-ndvi/data/tiffs_historic_v7final/20201204_historic_mask.tiff
[2026-04-20 19:06:43]
Created /mnt/data1/UniBe-swiss-ndvi/data/tiffs_historic_v7final/20201205_historic.tiff
Created /mnt/data1/UniBe-swiss-ndvi/data/tiffs_historic_v7final/20201205_historic_mask.tiff
[2026-04-20 19:08:57]
Created /mnt/data1/UniBe-swiss-ndvi/data/tiffs_historic_v7final/20201206_historic.tiff
Created /mnt/data1/UniBe-swiss-ndvi/data/tiffs_historic_v7final/20201206_historic_mask.tiff
[2026-04-20 19:11:39]
Created /mnt/data1/UniBe-swiss-ndvi/data/tiffs_historic_v7final/20201207_historic.tiff
Created /mnt/data1/UniBe-swiss-ndvi/data/tiffs_historic_v7final/20201207_historic_mask.tiff
[2026-04-20 19:13:51]
Created /mnt/data1/UniBe-swiss-ndvi/data/tiffs_historic_v7final/20201208_historic.tiff
Created /mnt/data1/UniBe-swiss-ndvi/data/tiffs_historic_v7final/20201208_historic_mask.tiff
[2026-04-20 19:16:00]
Created /mnt/data1/UniBe-swiss-ndvi/data/tiffs_historic_v7final/20201209_historic.tiff
Created /mnt/data1/UniBe-swiss-ndvi/data/tiffs_historic_v7final/20201209_historic_mask.tiff
[2026-04-20 19:18:20]
Created /mnt/data1/UniBe-swiss-ndvi/data/tiffs_historic_v7final/20201210_historic.tiff
Created /mnt/data1/UniBe-swiss-ndvi/data/tiffs_historic_v7final/20201210_historic_mask.tiff
[2026-04-20 19:20:33]
Created /mnt/data1/UniBe-swiss-ndvi/data/tiffs_historic_v7final/20201211_historic.tiff
Created /mnt/data1/UniBe-swiss-ndvi/data/tiffs_historic_v7final/20201211_historic_mask.tiff
[2026-04-20 19:22:41]
Created /mnt/data1/UniBe-swiss-ndvi/data/tiffs_historic_v7final/20201212_historic.tiff
Created /mnt/data1/UniBe-swiss-ndvi/data/tiffs_historic_v7final/20201212_historic_mask.tiff
[2026-04-20 19:24:48]
Created /mnt/data1/UniBe-swiss-ndvi/data/tiffs_historic_v7final/20201213_historic.tiff
Created /mnt/data1/UniBe-swiss-ndvi/data/tiffs_historic_v7final/20201213_historic_mask.tiff
[2026-04-20 19:26:57]
Created /mnt/data1/UniBe-swiss-ndvi/data/tiffs_historic_v7final/20201214_historic.tiff
Created /mnt/data1/UniBe-swiss-ndvi/data/tiffs_historic_v7final/20201214_historic_mask.tiff
[2026-04-20 19:29:05]
Created /mnt/data1/UniBe-swiss-ndvi/data/tiffs_historic_v7final/20201215_historic.tiff
Created /mnt/data1/UniBe-swiss-ndvi/data/tiffs_historic_v7final/20201215_historic_mask.tiff
[2026-04-20 19:31:12]
Created /mnt/data1/UniBe-swiss-ndvi/data/tiffs_historic_v7final/20201216_historic.tiff
Created /mnt/data1/UniBe-swiss-ndvi/data/tiffs_historic_v7final/20201216_historic_mask.tiff
[2026-04-20 19:33:25]
Created /mnt/data1/UniBe-swiss-ndvi/data/tiffs_historic_v7final/20201217_historic.tiff
Created /mnt/data1/UniBe-swiss-ndvi/data/tiffs_historic_v7final/20201217_historic_mask.tiff
[2026-04-20 19:35:37]
Created /mnt/data1/UniBe-swiss-ndvi/data/tiffs_historic_v7final/20201218_historic.tiff
Created /mnt/data1/UniBe-swiss-ndvi/data/tiffs_historic_v7final/20201218_historic_mask.tiff
[2026-04-20 19:37:49]
Created /mnt/data1/UniBe-swiss-ndvi/data/tiffs_historic_v7final/20201219_historic.tiff
Created /mnt/data1/UniBe-swiss-ndvi/data/tiffs_historic_v7final/20201219_historic_mask.tiff
[2026-04-20 19:40:01]
Created /mnt/data1/UniBe-swiss-ndvi/data/tiffs_historic_v7final/20201220_historic.tiff
Created /mnt/data1/UniBe-swiss-ndvi/data/tiffs_historic_v7final/20201220_historic_mask.tiff
[2026-04-20 19:42:13]
Created /mnt/data1/UniBe-swiss-ndvi/data/tiffs_historic_v7final/20201221_historic.tiff
Created /mnt/data1/UniBe-swiss-ndvi/data/tiffs_historic_v7final/20201221_historic_mask.tiff
[2026-04-20 19:44:28]
Created /mnt/data1/UniBe-swiss-ndvi/data/tiffs_historic_v7final/20201222_historic.tiff
Created /mnt/data1/UniBe-swiss-ndvi/data/tiffs_historic_v7final/20201222_historic_mask.tiff
[2026-04-20 19:46:38]
Created /mnt/data1/UniBe-swiss-ndvi/data/tiffs_historic_v7final/20201223_historic.tiff
Created /mnt/data1/UniBe-swiss-ndvi/data/tiffs_historic_v7final/20201223_historic_mask.tiff
[2026-04-20 19:48:47]
Created /mnt/data1/UniBe-swiss-ndvi/data/tiffs_historic_v7final/20201224_historic.tiff
Created /mnt/data1/UniBe-swiss-ndvi/data/tiffs_historic_v7final/20201224_historic_mask.tiff
[2026-04-20 19:51:00]
Created /mnt/data1/UniBe-swiss-ndvi/data/tiffs_historic_v7final/20201225_historic.tiff
Created /mnt/data1/UniBe-swiss-ndvi/data/tiffs_historic_v7final/20201225_historic_mask.tiff
[2026-04-20 19:53:12]
Created /mnt/data1/UniBe-swiss-ndvi/data/tiffs_historic_v7final/20201226_historic.tiff
Created /mnt/data1/UniBe-swiss-ndvi/data/tiffs_historic_v7final/20201226_historic_mask.tiff
[2026-04-20 19:55:24]
Created /mnt/data1/UniBe-swiss-ndvi/data/tiffs_historic_v7final/20201227_historic.tiff
Created /mnt/data1/UniBe-swiss-ndvi/data/tiffs_historic_v7final/20201227_historic_mask.tiff
[2026-04-20 19:57:36]
Created /mnt/data1/UniBe-swiss-ndvi/data/tiffs_historic_v7final/20201228_historic.tiff
Created /mnt/data1/UniBe-swiss-ndvi/data/tiffs_historic_v7final/20201228_historic_mask.tiff
[2026-04-20 19:59:54]
Created /mnt/data1/UniBe-swiss-ndvi/data/tiffs_historic_v7final/20201229_historic.tiff
Created /mnt/data1/UniBe-swiss-ndvi/data/tiffs_historic_v7final/20201229_historic_mask.tiff
[2026-04-20 20:02:08]
Created /mnt/data1/UniBe-swiss-ndvi/data/tiffs_historic_v7final/20201230_historic.tiff
Created /mnt/data1/UniBe-swiss-ndvi/data/tiffs_historic_v7final/20201230_historic_mask.tiff
[2026-04-20 20:04:21]
Created /mnt/data1/UniBe-swiss-ndvi/data/tiffs_historic_v7final/20201231_historic.tiff
Created /mnt/data1/UniBe-swiss-ndvi/data/tiffs_historic_v7final/20201231_historic_mask.tiff
[2026-04-20 20:06:34]
Created /mnt/data1/UniBe-swiss-ndvi/data/tiffs_historic_v7final/20210101_historic.tiff
Created /mnt/data1/UniBe-swiss-ndvi/data/tiffs_historic_v7final/20210101_historic_mask.tiff
[2026-04-20 20:08:45]
Created /mnt/data1/UniBe-swiss-ndvi/data/tiffs_historic_v7final/20210102_historic.tiff
Created /mnt/data1/UniBe-swiss-ndvi/data/tiffs_historic_v7final/20210102_historic_mask.tiff
[2026-04-20 20:10:56]
Created /mnt/data1/UniBe-swiss-ndvi/data/tiffs_historic_v7final/20210103_historic.tiff
Created /mnt/data1/UniBe-swiss-ndvi/data/tiffs_historic_v7final/20210103_historic_mask.tiff
[2026-04-20 20:13:08]
Created /mnt/data1/UniBe-swiss-ndvi/data/tiffs_historic_v7final/20210104_historic.tiff
Created /mnt/data1/UniBe-swiss-ndvi/data/tiffs_historic_v7final/20210104_historic_mask.tiff
[2026-04-20 20:15:19]
Created /mnt/data1/UniBe-swiss-ndvi/data/tiffs_historic_v7final/20210105_historic.tiff
Created /mnt/data1/UniBe-swiss-ndvi/data/tiffs_historic_v7final/20210105_historic_mask.tiff
[2026-04-20 20:17:35]
Created /mnt/data1/UniBe-swiss-ndvi/data/tiffs_historic_v7final/20210106_historic.tiff
Created /mnt/data1/UniBe-swiss-ndvi/data/tiffs_historic_v7final/20210106_historic_mask.tiff
[2026-04-20 20:19:50]
Created /mnt/data1/UniBe-swiss-ndvi/data/tiffs_historic_v7final/20210107_historic.tiff
Created /mnt/data1/UniBe-swiss-ndvi/data/tiffs_historic_v7final/20210107_historic_mask.tiff
[2026-04-20 20:22:04]
Created /mnt/data1/UniBe-swiss-ndvi/data/tiffs_historic_v7final/20210108_historic.tiff
Created /mnt/data1/UniBe-swiss-ndvi/data/tiffs_historic_v7final/20210108_historic_mask.tiff
[2026-04-20 20:24:25]
Created /mnt/data1/UniBe-swiss-ndvi/data/tiffs_historic_v7final/20210109_historic.tiff
Created /mnt/data1/UniBe-swiss-ndvi/data/tiffs_historic_v7final/20210109_historic_mask.tiff
[2026-04-20 20:26:39]
Created /mnt/data1/UniBe-swiss-ndvi/data/tiffs_historic_v7final/20210110_historic.tiff
Created /mnt/data1/UniBe-swiss-ndvi/data/tiffs_historic_v7final/20210110_historic_mask.tiff
[2026-04-20 20:28:55]
Created /mnt/data1/UniBe-swiss-ndvi/data/tiffs_historic_v7final/20210111_historic.tiff
Created /mnt/data1/UniBe-swiss-ndvi/data/tiffs_historic_v7final/20210111_historic_mask.tiff
[2026-04-20 20:31:13]
Created /mnt/data1/UniBe-swiss-ndvi/data/tiffs_historic_v7final/20210112_historic.tiff
Created /mnt/data1/UniBe-swiss-ndvi/data/tiffs_historic_v7final/20210112_historic_mask.tiff
[2026-04-20 20:33:29]
Created /mnt/data1/UniBe-swiss-ndvi/data/tiffs_historic_v7final/20210113_historic.tiff
Created /mnt/data1/UniBe-swiss-ndvi/data/tiffs_historic_v7final/20210113_historic_mask.tiff
[2026-04-20 20:35:44]
Created /mnt/data1/UniBe-swiss-ndvi/data/tiffs_historic_v7final/20210114_historic.tiff
Created /mnt/data1/UniBe-swiss-ndvi/data/tiffs_historic_v7final/20210114_historic_mask.tiff
[2026-04-20 20:37:58]
Created /mnt/data1/UniBe-swiss-ndvi/data/tiffs_historic_v7final/20210115_historic.tiff
Created /mnt/data1/UniBe-swiss-ndvi/data/tiffs_historic_v7final/20210115_historic_mask.tiff
[2026-04-20 20:40:14]
Created /mnt/data1/UniBe-swiss-ndvi/data/tiffs_historic_v7final/20210116_historic.tiff
Created /mnt/data1/UniBe-swiss-ndvi/data/tiffs_historic_v7final/20210116_historic_mask.tiff
[2026-04-20 20:42:25]
Created /mnt/data1/UniBe-swiss-ndvi/data/tiffs_historic_v7final/20210117_historic.tiff
Created /mnt/data1/UniBe-swiss-ndvi/data/tiffs_historic_v7final/20210117_historic_mask.tiff
[2026-04-20 20:44:40]
Created /mnt/data1/UniBe-swiss-ndvi/data/tiffs_historic_v7final/20210118_historic.tiff
Created /mnt/data1/UniBe-swiss-ndvi/data/tiffs_historic_v7final/20210118_historic_mask.tiff
[2026-04-20 20:46:56]
Created /mnt/data1/UniBe-swiss-ndvi/data/tiffs_historic_v7final/20210119_historic.tiff
Created /mnt/data1/UniBe-swiss-ndvi/data/tiffs_historic_v7final/20210119_historic_mask.tiff
[2026-04-20 20:49:09]
Created /mnt/data1/UniBe-swiss-ndvi/data/tiffs_historic_v7final/20210120_historic.tiff
Created /mnt/data1/UniBe-swiss-ndvi/data/tiffs_historic_v7final/20210120_historic_mask.tiff
[2026-04-20 20:51:20]
Created /mnt/data1/UniBe-swiss-ndvi/data/tiffs_historic_v7final/20210121_historic.tiff
Created /mnt/data1/UniBe-swiss-ndvi/data/tiffs_historic_v7final/20210121_historic_mask.tiff
[2026-04-20 20:53:38]
Created /mnt/data1/UniBe-swiss-ndvi/data/tiffs_historic_v7final/20210122_historic.tiff
Created /mnt/data1/UniBe-swiss-ndvi/data/tiffs_historic_v7final/20210122_historic_mask.tiff
[2026-04-20 20:55:54]
Created /mnt/data1/UniBe-swiss-ndvi/data/tiffs_historic_v7final/20210123_historic.tiff
Created /mnt/data1/UniBe-swiss-ndvi/data/tiffs_historic_v7final/20210123_historic_mask.tiff
[2026-04-20 20:58:21]
Created /mnt/data1/UniBe-swiss-ndvi/data/tiffs_historic_v7final/20210124_historic.tiff
Created /mnt/data1/UniBe-swiss-ndvi/data/tiffs_historic_v7final/20210124_historic_mask.tiff
[2026-04-20 21:00:35]
Created /mnt/data1/UniBe-swiss-ndvi/data/tiffs_historic_v7final/20210125_historic.tiff
Created /mnt/data1/UniBe-swiss-ndvi/data/tiffs_historic_v7final/20210125_historic_mask.tiff
[2026-04-20 21:02:52]
Created /mnt/data1/UniBe-swiss-ndvi/data/tiffs_historic_v7final/20210126_historic.tiff
Created /mnt/data1/UniBe-swiss-ndvi/data/tiffs_historic_v7final/20210126_historic_mask.tiff
[2026-04-20 21:05:09]
Created /mnt/data1/UniBe-swiss-ndvi/data/tiffs_historic_v7final/20210127_historic.tiff
Created /mnt/data1/UniBe-swiss-ndvi/data/tiffs_historic_v7final/20210127_historic_mask.tiff
[2026-04-20 21:07:23]
Created /mnt/data1/UniBe-swiss-ndvi/data/tiffs_historic_v7final/20210128_historic.tiff
Created /mnt/data1/UniBe-swiss-ndvi/data/tiffs_historic_v7final/20210128_historic_mask.tiff
[2026-04-20 21:09:36]
Created /mnt/data1/UniBe-swiss-ndvi/data/tiffs_historic_v7final/20210129_historic.tiff
Created /mnt/data1/UniBe-swiss-ndvi/data/tiffs_historic_v7final/20210129_historic_mask.tiff
[2026-04-20 21:11:51]
Created /mnt/data1/UniBe-swiss-ndvi/data/tiffs_historic_v7final/20210130_historic.tiff
Created /mnt/data1/UniBe-swiss-ndvi/data/tiffs_historic_v7final/20210130_historic_mask.tiff
[2026-04-20 21:14:05]
Created /mnt/data1/UniBe-swiss-ndvi/data/tiffs_historic_v7final/20210131_historic.tiff
Created /mnt/data1/UniBe-swiss-ndvi/data/tiffs_historic_v7final/20210131_historic_mask.tiff
[2026-04-20 21:16:18]
Created /mnt/data1/UniBe-swiss-ndvi/data/tiffs_historic_v7final/20210201_historic.tiff
Created /mnt/data1/UniBe-swiss-ndvi/data/tiffs_historic_v7final/20210201_historic_mask.tiff
[2026-04-20 21:18:33]
Created /mnt/data1/UniBe-swiss-ndvi/data/tiffs_historic_v7final/20210202_historic.tiff
Created /mnt/data1/UniBe-swiss-ndvi/data/tiffs_historic_v7final/20210202_historic_mask.tiff
[2026-04-20 21:20:49]
Created /mnt/data1/UniBe-swiss-ndvi/data/tiffs_historic_v7final/20210203_historic.tiff
Created /mnt/data1/UniBe-swiss-ndvi/data/tiffs_historic_v7final/20210203_historic_mask.tiff
[2026-04-20 21:23:04]
Created /mnt/data1/UniBe-swiss-ndvi/data/tiffs_historic_v7final/20210204_historic.tiff
Created /mnt/data1/UniBe-swiss-ndvi/data/tiffs_historic_v7final/20210204_historic_mask.tiff
[2026-04-20 21:25:21]
Created /mnt/data1/UniBe-swiss-ndvi/data/tiffs_historic_v7final/20210205_historic.tiff
Created /mnt/data1/UniBe-swiss-ndvi/data/tiffs_historic_v7final/20210205_historic_mask.tiff
[2026-04-20 21:27:32]
Created /mnt/data1/UniBe-swiss-ndvi/data/tiffs_historic_v7final/20210206_historic.tiff
Created /mnt/data1/UniBe-swiss-ndvi/data/tiffs_historic_v7final/20210206_historic_mask.tiff
[2026-04-20 21:29:49]
Created /mnt/data1/UniBe-swiss-ndvi/data/tiffs_historic_v7final/20210207_historic.tiff
Created /mnt/data1/UniBe-swiss-ndvi/data/tiffs_historic_v7final/20210207_historic_mask.tiff
[2026-04-20 21:32:11]
Created /mnt/data1/UniBe-swiss-ndvi/data/tiffs_historic_v7final/20210208_historic.tiff
Created /mnt/data1/UniBe-swiss-ndvi/data/tiffs_historic_v7final/20210208_historic_mask.tiff
[2026-04-20 21:34:23]
Created /mnt/data1/UniBe-swiss-ndvi/data/tiffs_historic_v7final/20210209_historic.tiff
Created /mnt/data1/UniBe-swiss-ndvi/data/tiffs_historic_v7final/20210209_historic_mask.tiff
[2026-04-20 21:36:34]
Created /mnt/data1/UniBe-swiss-ndvi/data/tiffs_historic_v7final/20210210_historic.tiff
Created /mnt/data1/UniBe-swiss-ndvi/data/tiffs_historic_v7final/20210210_historic_mask.tiff
[2026-04-20 21:38:50]
Created /mnt/data1/UniBe-swiss-ndvi/data/tiffs_historic_v7final/20210211_historic.tiff
Created /mnt/data1/UniBe-swiss-ndvi/data/tiffs_historic_v7final/20210211_historic_mask.tiff
[2026-04-20 21:41:00]
Created /mnt/data1/UniBe-swiss-ndvi/data/tiffs_historic_v7final/20210212_historic.tiff
Created /mnt/data1/UniBe-swiss-ndvi/data/tiffs_historic_v7final/20210212_historic_mask.tiff
[2026-04-20 21:43:15]
Created /mnt/data1/UniBe-swiss-ndvi/data/tiffs_historic_v7final/20210213_historic.tiff
Created /mnt/data1/UniBe-swiss-ndvi/data/tiffs_historic_v7final/20210213_historic_mask.tiff
[2026-04-20 21:45:27]
Created /mnt/data1/UniBe-swiss-ndvi/data/tiffs_historic_v7final/20210214_historic.tiff
Created /mnt/data1/UniBe-swiss-ndvi/data/tiffs_historic_v7final/20210214_historic_mask.tiff
[2026-04-20 21:47:42]
Created /mnt/data1/UniBe-swiss-ndvi/data/tiffs_historic_v7final/20210215_historic.tiff
Created /mnt/data1/UniBe-swiss-ndvi/data/tiffs_historic_v7final/20210215_historic_mask.tiff
[2026-04-20 21:49:55]
Created /mnt/data1/UniBe-swiss-ndvi/data/tiffs_historic_v7final/20210216_historic.tiff
Created /mnt/data1/UniBe-swiss-ndvi/data/tiffs_historic_v7final/20210216_historic_mask.tiff
[2026-04-20 21:52:07]
Created /mnt/data1/UniBe-swiss-ndvi/data/tiffs_historic_v7final/20210217_historic.tiff
Created /mnt/data1/UniBe-swiss-ndvi/data/tiffs_historic_v7final/20210217_historic_mask.tiff
[2026-04-20 21:54:22]
Created /mnt/data1/UniBe-swiss-ndvi/data/tiffs_historic_v7final/20210218_historic.tiff
Created /mnt/data1/UniBe-swiss-ndvi/data/tiffs_historic_v7final/20210218_historic_mask.tiff
[2026-04-20 21:56:41]
Created /mnt/data1/UniBe-swiss-ndvi/data/tiffs_historic_v7final/20210219_historic.tiff
Created /mnt/data1/UniBe-swiss-ndvi/data/tiffs_historic_v7final/20210219_historic_mask.tiff
[2026-04-20 21:58:59]
Created /mnt/data1/UniBe-swiss-ndvi/data/tiffs_historic_v7final/20210220_historic.tiff
Created /mnt/data1/UniBe-swiss-ndvi/data/tiffs_historic_v7final/20210220_historic_mask.tiff
[2026-04-20 22:01:12]
Created /mnt/data1/UniBe-swiss-ndvi/data/tiffs_historic_v7final/20210221_historic.tiff
Created /mnt/data1/UniBe-swiss-ndvi/data/tiffs_historic_v7final/20210221_historic_mask.tiff
[2026-04-20 22:03:41]
Created /mnt/data1/UniBe-swiss-ndvi/data/tiffs_historic_v7final/20210222_historic.tiff
Created /mnt/data1/UniBe-swiss-ndvi/data/tiffs_historic_v7final/20210222_historic_mask.tiff
[2026-04-20 22:06:16]
Created /mnt/data1/UniBe-swiss-ndvi/data/tiffs_historic_v7final/20210223_historic.tiff
Created /mnt/data1/UniBe-swiss-ndvi/data/tiffs_historic_v7final/20210223_historic_mask.tiff
[2026-04-20 22:08:43]
Created /mnt/data1/UniBe-swiss-ndvi/data/tiffs_historic_v7final/20210224_historic.tiff
Created /mnt/data1/UniBe-swiss-ndvi/data/tiffs_historic_v7final/20210224_historic_mask.tiff
[2026-04-20 22:11:16]
Created /mnt/data1/UniBe-swiss-ndvi/data/tiffs_historic_v7final/20210225_historic.tiff
Created /mnt/data1/UniBe-swiss-ndvi/data/tiffs_historic_v7final/20210225_historic_mask.tiff
[2026-04-20 22:13:42]
Created /mnt/data1/UniBe-swiss-ndvi/data/tiffs_historic_v7final/20210226_historic.tiff
Created /mnt/data1/UniBe-swiss-ndvi/data/tiffs_historic_v7final/20210226_historic_mask.tiff
[2026-04-20 22:16:07]
Created /mnt/data1/UniBe-swiss-ndvi/data/tiffs_historic_v7final/20210227_historic.tiff
Created /mnt/data1/UniBe-swiss-ndvi/data/tiffs_historic_v7final/20210227_historic_mask.tiff
[2026-04-20 22:18:40]
Created /mnt/data1/UniBe-swiss-ndvi/data/tiffs_historic_v7final/20210228_historic.tiff
Created /mnt/data1/UniBe-swiss-ndvi/data/tiffs_historic_v7final/20210228_historic_mask.tiff
[2026-04-20 22:21:06]
Created /mnt/data1/UniBe-swiss-ndvi/data/tiffs_historic_v7final/20210301_historic.tiff
Created /mnt/data1/UniBe-swiss-ndvi/data/tiffs_historic_v7final/20210301_historic_mask.tiff
[2026-04-20 22:23:30]
Created /mnt/data1/UniBe-swiss-ndvi/data/tiffs_historic_v7final/20210302_historic.tiff
Created /mnt/data1/UniBe-swiss-ndvi/data/tiffs_historic_v7final/20210302_historic_mask.tiff
[2026-04-20 22:25:44]
Created /mnt/data1/UniBe-swiss-ndvi/data/tiffs_historic_v7final/20210303_historic.tiff
Created /mnt/data1/UniBe-swiss-ndvi/data/tiffs_historic_v7final/20210303_historic_mask.tiff
[2026-04-20 22:27:56]
Created /mnt/data1/UniBe-swiss-ndvi/data/tiffs_historic_v7final/20210304_historic.tiff
Created /mnt/data1/UniBe-swiss-ndvi/data/tiffs_historic_v7final/20210304_historic_mask.tiff
[2026-04-20 22:30:10]
Created /mnt/data1/UniBe-swiss-ndvi/data/tiffs_historic_v7final/20210305_historic.tiff
Created /mnt/data1/UniBe-swiss-ndvi/data/tiffs_historic_v7final/20210305_historic_mask.tiff
[2026-04-20 22:32:28]
Created /mnt/data1/UniBe-swiss-ndvi/data/tiffs_historic_v7final/20210306_historic.tiff
Created /mnt/data1/UniBe-swiss-ndvi/data/tiffs_historic_v7final/20210306_historic_mask.tiff
[2026-04-20 22:34:48]
Created /mnt/data1/UniBe-swiss-ndvi/data/tiffs_historic_v7final/20210307_historic.tiff
Created /mnt/data1/UniBe-swiss-ndvi/data/tiffs_historic_v7final/20210307_historic_mask.tiff
[2026-04-20 22:37:00]
Created /mnt/data1/UniBe-swiss-ndvi/data/tiffs_historic_v7final/20210308_historic.tiff
Created /mnt/data1/UniBe-swiss-ndvi/data/tiffs_historic_v7final/20210308_historic_mask.tiff
[2026-04-20 22:39:11]
Created /mnt/data1/UniBe-swiss-ndvi/data/tiffs_historic_v7final/20210309_historic.tiff
Created /mnt/data1/UniBe-swiss-ndvi/data/tiffs_historic_v7final/20210309_historic_mask.tiff
[2026-04-20 22:41:32]
Created /mnt/data1/UniBe-swiss-ndvi/data/tiffs_historic_v7final/20210310_historic.tiff
Created /mnt/data1/UniBe-swiss-ndvi/data/tiffs_historic_v7final/20210310_historic_mask.tiff
[2026-04-20 22:43:50]
Created /mnt/data1/UniBe-swiss-ndvi/data/tiffs_historic_v7final/20210311_historic.tiff
Created /mnt/data1/UniBe-swiss-ndvi/data/tiffs_historic_v7final/20210311_historic_mask.tiff
[2026-04-20 22:46:23]
Created /mnt/data1/UniBe-swiss-ndvi/data/tiffs_historic_v7final/20210312_historic.tiff
Created /mnt/data1/UniBe-swiss-ndvi/data/tiffs_historic_v7final/20210312_historic_mask.tiff
[2026-04-20 22:48:54]
Created /mnt/data1/UniBe-swiss-ndvi/data/tiffs_historic_v7final/20210313_historic.tiff
Created /mnt/data1/UniBe-swiss-ndvi/data/tiffs_historic_v7final/20210313_historic_mask.tiff
[2026-04-20 22:51:26]
Created /mnt/data1/UniBe-swiss-ndvi/data/tiffs_historic_v7final/20210314_historic.tiff
Created /mnt/data1/UniBe-swiss-ndvi/data/tiffs_historic_v7final/20210314_historic_mask.tiff
[2026-04-20 22:54:18]
Created /mnt/data1/UniBe-swiss-ndvi/data/tiffs_historic_v7final/20210315_historic.tiff
Created /mnt/data1/UniBe-swiss-ndvi/data/tiffs_historic_v7final/20210315_historic_mask.tiff
[2026-04-20 22:57:09]
Created /mnt/data1/UniBe-swiss-ndvi/data/tiffs_historic_v7final/20210316_historic.tiff
Created /mnt/data1/UniBe-swiss-ndvi/data/tiffs_historic_v7final/20210316_historic_mask.tiff
[2026-04-20 23:00:18]
Created /mnt/data1/UniBe-swiss-ndvi/data/tiffs_historic_v7final/20210317_historic.tiff
Created /mnt/data1/UniBe-swiss-ndvi/data/tiffs_historic_v7final/20210317_historic_mask.tiff
[2026-04-20 23:03:27]
Created /mnt/data1/UniBe-swiss-ndvi/data/tiffs_historic_v7final/20210318_historic.tiff
Created /mnt/data1/UniBe-swiss-ndvi/data/tiffs_historic_v7final/20210318_historic_mask.tiff
[2026-04-20 23:06:24]
Created /mnt/data1/UniBe-swiss-ndvi/data/tiffs_historic_v7final/20210319_historic.tiff
Created /mnt/data1/UniBe-swiss-ndvi/data/tiffs_historic_v7final/20210319_historic_mask.tiff
[2026-04-20 23:09:38]
Created /mnt/data1/UniBe-swiss-ndvi/data/tiffs_historic_v7final/20210320_historic.tiff
Created /mnt/data1/UniBe-swiss-ndvi/data/tiffs_historic_v7final/20210320_historic_mask.tiff
[2026-04-20 23:13:13]
Created /mnt/data1/UniBe-swiss-ndvi/data/tiffs_historic_v7final/20210321_historic.tiff
Created /mnt/data1/UniBe-swiss-ndvi/data/tiffs_historic_v7final/20210321_historic_mask.tiff
[2026-04-20 23:16:41]
Created /mnt/data1/UniBe-swiss-ndvi/data/tiffs_historic_v7final/20210322_historic.tiff
Created /mnt/data1/UniBe-swiss-ndvi/data/tiffs_historic_v7final/20210322_historic_mask.tiff
[2026-04-20 23:20:02]
Created /mnt/data1/UniBe-swiss-ndvi/data/tiffs_historic_v7final/20210323_historic.tiff
Created /mnt/data1/UniBe-swiss-ndvi/data/tiffs_historic_v7final/20210323_historic_mask.tiff
[2026-04-20 23:23:10]
Created /mnt/data1/UniBe-swiss-ndvi/data/tiffs_historic_v7final/20210324_historic.tiff
Created /mnt/data1/UniBe-swiss-ndvi/data/tiffs_historic_v7final/20210324_historic_mask.tiff
[2026-04-20 23:26:07]
Created /mnt/data1/UniBe-swiss-ndvi/data/tiffs_historic_v7final/20210325_historic.tiff
Created /mnt/data1/UniBe-swiss-ndvi/data/tiffs_historic_v7final/20210325_historic_mask.tiff
[2026-04-20 23:28:41]
Created /mnt/data1/UniBe-swiss-ndvi/data/tiffs_historic_v7final/20210326_historic.tiff
Created /mnt/data1/UniBe-swiss-ndvi/data/tiffs_historic_v7final/20210326_historic_mask.tiff
[2026-04-20 23:31:22]
Created /mnt/data1/UniBe-swiss-ndvi/data/tiffs_historic_v7final/20210327_historic.tiff
Created /mnt/data1/UniBe-swiss-ndvi/data/tiffs_historic_v7final/20210327_historic_mask.tiff
[2026-04-20 23:34:07]
Created /mnt/data1/UniBe-swiss-ndvi/data/tiffs_historic_v7final/20210328_historic.tiff
Created /mnt/data1/UniBe-swiss-ndvi/data/tiffs_historic_v7final/20210328_historic_mask.tiff
[2026-04-20 23:37:04]
Created /mnt/data1/UniBe-swiss-ndvi/data/tiffs_historic_v7final/20210329_historic.tiff
Created /mnt/data1/UniBe-swiss-ndvi/data/tiffs_historic_v7final/20210329_historic_mask.tiff
Traceback (most recent call last):
  File "/home/Shared/UniBe-swiss-ndvi/GitHub/swiss-ndvi-processing/workflow_implementation/MS1_script_for_historical_NDVI/new_historical_processing/4_plot_historic_tiff.py", line 161, in <module>
    NDVI_processed_curr_date_gridded.rio.to_raster(
  File "/home/Shared/UniBe-swiss-ndvi/GitHub/swiss-ndvi-processing/.venv/lib/python3.12/site-packages/rioxarray/raster_array.py", line 1181, in to_raster
    return RasterioWriter(raster_path=raster_path).to_raster(
           ^^^^^^^^^^^^^^^^^^^^^^^^^^^^^^^^^^^^^^^^^^^^^^^^^^
  File "/home/Shared/UniBe-swiss-ndvi/GitHub/swiss-ndvi-processing/.venv/lib/python3.12/site-packages/rioxarray/raster_writer.py", line 286, in to_raster
    with rasterio.open(self.raster_path, "w", **kwargs) as rds:
  File "rasterio/_base.pyx", line 450, in rasterio._base.DatasetBase.__exit__
  File "rasterio/_base.pyx", line 439, in rasterio._base.DatasetBase.close
  File "rasterio/_io.pyx", line 2486, in rasterio._io.BufferedDatasetWriterBase.stop
  File "rasterio/_err.pyx", line 359, in rasterio._err.exc_wrap_pointer
rasterio._err.CPLE_AppDefinedError: TIFFAppendToStrip:Write error at scanline 8832
[ERROR] Script failed: N/A | Time: Mon Apr 20 23:38:08 UTC 2026
