Virtual environment activated
Python executable: /home/Shared/UniBe-swiss-ndvi/GitHub/swiss-ndvi-processing/.venv/bin/python
Python version: Python 3.12.3

2017-04-01
2025-11-30
Current commit:
8aa07d5b8877b3f78e0023f440c3528c4630c5a2

Commit details:
* 8aa07d5 (HEAD -> setup-tunder-FB) Fix: rotated GeoTiff (fixing downstream at tiff generation, keeping wrong x_idx, y_idx)
* 99474a9 Add tiff generation (BUG: rotated)
| * ea8c9ef (refs/stash) On setup-tunder-FB: avoiding storage leads to large reshuffles
|/| 
| * 744b18e index on setup-tunder-FB: 9a9f193 Improve performance again with storing and "allow_rechunk"
|/  
| * 26b27a7 (temp2) Control chunking and remove "allow_rechunk"
|/  
* 9a9f193 Improve performance again with storing and "allow_rechunk"
* 10f2bd6 Avoid intermediate storage (it did not improve performance for 1000 pixels)
* 920ba13 Close client cleanly, by using with Client(...) as client:
* 8d4a893 Drop NDSI earlier, delay the date=-1 rechunking just before apply_ufunc() and remove dask_gufunc_kwargs allow_rechunk
* b6101ab (origin/setup-tunder-FB) Stash of untracked changes

Working tree status:
On branch setup-tunder-FB
Your branch is ahead of 'origin/setup-tunder-FB' by 6 commits.
  (use "git push" to publish your local commits)

Changes to be committed:
  (use "git restore --staged <file>..." to unstage)
	modified:   0_1_run_historic_analysis.sh
	modified:   4_plot_historic_tiff.py

Changes not staged for commit:
  (use "git add <file>..." to update what will be committed)
  (use "git restore <file>..." to discard changes in working directory)
	modified:   0_1_run_historic_analysis.sh
	modified:   2_historical_ndvi_test.py
	modified:   3_check_historical_ndvi.py
	modified:   4_plot_historic_tiff.py


============================================================
Historic processing started at: 2026-04-07 11:45:34
Log file: /home/Shared/UniBe-swiss-ndvi/GitHub/swiss-ndvi-processing/logs/historic_analysis_2026-04-07_11h45m34.log
============================================================

Running: with arguments: 2017-04-01 2025-11-30
------------------------------------------------------------
------------------------------------------------------------
Running: /home/Shared/UniBe-swiss-ndvi/GitHub/swiss-ndvi-processing/workflow_implementation/MS1_script_for_historical_NDVI/new_historical_processing/1_download_satellite_images.py
Start time: 2026-04-07 11:45:34
Finished: /home/Shared/UniBe-swiss-ndvi/GitHub/swiss-ndvi-processing/workflow_implementation/MS1_script_for_historical_NDVI/new_historical_processing/1_download_satellite_images.py
Duration: 00:00:00 (hh:mm:ss)
Download script returned value: /mnt/data2/UniBe-swiss-ndvi/historic_data/tmp_2026-04-04_18h16_ndvi_01_downloaded_2017-01-01_2025-12-31.zarr

------------------------------------------------------------
Running: /home/Shared/UniBe-swiss-ndvi/GitHub/swiss-ndvi-processing/workflow_implementation/MS1_script_for_historical_NDVI/new_historical_processing/4_plot_historic_tiff.py
Start time: 2026-04-07 11:45:34
<Client: 'tcp://127.0.0.1:35783' processes=10 threads=10, memory=111.76 GiB>
http://127.0.0.1:8346/status
/home/Shared/UniBe-swiss-ndvi/GitHub/swiss-ndvi-processing/.venv/lib/python3.12/site-packages/numcodecs/zarr3.py:94: UserWarning: Numcodecs codecs are not in the Zarr version 3 specification and may not be supported by other zarr implementations.
  warn(
/home/Shared/UniBe-swiss-ndvi/GitHub/swiss-ndvi-processing/.venv/lib/python3.12/site-packages/numcodecs/zarr3.py:94: UserWarning: Numcodecs codecs are not in the Zarr version 3 specification and may not be supported by other zarr implementations.
  warn(
/home/Shared/UniBe-swiss-ndvi/GitHub/swiss-ndvi-processing/.venv/lib/python3.12/site-packages/pyproj/crs/_cf1x8.py:514: UserWarning: angle from rectified to skew grid parameter lost in conversion to CF
  warnings.warn(
/home/Shared/UniBe-swiss-ndvi/GitHub/swiss-ndvi-processing/.venv/lib/python3.12/site-packages/rioxarray/raster_writer.py:301: RuntimeWarning: invalid value encountered in cast
  data = encode_cf_variable(out_data.variable).values.astype(
Created /mnt/data1/UniBe-swiss-ndvi/data/tiffs_historic_v7_compr/20170403_historic.tiff
Created /mnt/data1/UniBe-swiss-ndvi/data/tiffs_historic_v7_compr/20170403_historic_mask.tiff
Created /mnt/data1/UniBe-swiss-ndvi/data/tiffs_historic_v7_compr/20170404_historic.tiff
Created /mnt/data1/UniBe-swiss-ndvi/data/tiffs_historic_v7_compr/20170404_historic_mask.tiff
Created /mnt/data1/UniBe-swiss-ndvi/data/tiffs_historic_v7_compr/20170405_historic.tiff
Created /mnt/data1/UniBe-swiss-ndvi/data/tiffs_historic_v7_compr/20170405_historic_mask.tiff
Created /mnt/data1/UniBe-swiss-ndvi/data/tiffs_historic_v7_compr/20170406_historic.tiff
Created /mnt/data1/UniBe-swiss-ndvi/data/tiffs_historic_v7_compr/20170406_historic_mask.tiff
Created /mnt/data1/UniBe-swiss-ndvi/data/tiffs_historic_v7_compr/20170407_historic.tiff
Created /mnt/data1/UniBe-swiss-ndvi/data/tiffs_historic_v7_compr/20170407_historic_mask.tiff
Created /mnt/data1/UniBe-swiss-ndvi/data/tiffs_historic_v7_compr/20170408_historic.tiff
Created /mnt/data1/UniBe-swiss-ndvi/data/tiffs_historic_v7_compr/20170408_historic_mask.tiff
Created /mnt/data1/UniBe-swiss-ndvi/data/tiffs_historic_v7_compr/20170409_historic.tiff
Created /mnt/data1/UniBe-swiss-ndvi/data/tiffs_historic_v7_compr/20170409_historic_mask.tiff
Created /mnt/data1/UniBe-swiss-ndvi/data/tiffs_historic_v7_compr/20170410_historic.tiff
Created /mnt/data1/UniBe-swiss-ndvi/data/tiffs_historic_v7_compr/20170410_historic_mask.tiff
Created /mnt/data1/UniBe-swiss-ndvi/data/tiffs_historic_v7_compr/20170411_historic.tiff
Created /mnt/data1/UniBe-swiss-ndvi/data/tiffs_historic_v7_compr/20170411_historic_mask.tiff
Created /mnt/data1/UniBe-swiss-ndvi/data/tiffs_historic_v7_compr/20170412_historic.tiff
Created /mnt/data1/UniBe-swiss-ndvi/data/tiffs_historic_v7_compr/20170412_historic_mask.tiff
Created /mnt/data1/UniBe-swiss-ndvi/data/tiffs_historic_v7_compr/20170413_historic.tiff
Created /mnt/data1/UniBe-swiss-ndvi/data/tiffs_historic_v7_compr/20170413_historic_mask.tiff
Created /mnt/data1/UniBe-swiss-ndvi/data/tiffs_historic_v7_compr/20170414_historic.tiff
Created /mnt/data1/UniBe-swiss-ndvi/data/tiffs_historic_v7_compr/20170414_historic_mask.tiff
Created /mnt/data1/UniBe-swiss-ndvi/data/tiffs_historic_v7_compr/20170415_historic.tiff
Created /mnt/data1/UniBe-swiss-ndvi/data/tiffs_historic_v7_compr/20170415_historic_mask.tiff
Created /mnt/data1/UniBe-swiss-ndvi/data/tiffs_historic_v7_compr/20170416_historic.tiff
Created /mnt/data1/UniBe-swiss-ndvi/data/tiffs_historic_v7_compr/20170416_historic_mask.tiff
Created /mnt/data1/UniBe-swiss-ndvi/data/tiffs_historic_v7_compr/20170417_historic.tiff
Created /mnt/data1/UniBe-swiss-ndvi/data/tiffs_historic_v7_compr/20170417_historic_mask.tiff
Created /mnt/data1/UniBe-swiss-ndvi/data/tiffs_historic_v7_compr/20170418_historic.tiff
Created /mnt/data1/UniBe-swiss-ndvi/data/tiffs_historic_v7_compr/20170418_historic_mask.tiff
Created /mnt/data1/UniBe-swiss-ndvi/data/tiffs_historic_v7_compr/20170419_historic.tiff
Created /mnt/data1/UniBe-swiss-ndvi/data/tiffs_historic_v7_compr/20170419_historic_mask.tiff
Created /mnt/data1/UniBe-swiss-ndvi/data/tiffs_historic_v7_compr/20170420_historic.tiff
Created /mnt/data1/UniBe-swiss-ndvi/data/tiffs_historic_v7_compr/20170420_historic_mask.tiff
Created /mnt/data1/UniBe-swiss-ndvi/data/tiffs_historic_v7_compr/20170421_historic.tiff
Created /mnt/data1/UniBe-swiss-ndvi/data/tiffs_historic_v7_compr/20170421_historic_mask.tiff
Created /mnt/data1/UniBe-swiss-ndvi/data/tiffs_historic_v7_compr/20170422_historic.tiff
Created /mnt/data1/UniBe-swiss-ndvi/data/tiffs_historic_v7_compr/20170422_historic_mask.tiff
Created /mnt/data1/UniBe-swiss-ndvi/data/tiffs_historic_v7_compr/20170423_historic.tiff
Created /mnt/data1/UniBe-swiss-ndvi/data/tiffs_historic_v7_compr/20170423_historic_mask.tiff
Created /mnt/data1/UniBe-swiss-ndvi/data/tiffs_historic_v7_compr/20170424_historic.tiff
Created /mnt/data1/UniBe-swiss-ndvi/data/tiffs_historic_v7_compr/20170424_historic_mask.tiff
Created /mnt/data1/UniBe-swiss-ndvi/data/tiffs_historic_v7_compr/20170425_historic.tiff
Created /mnt/data1/UniBe-swiss-ndvi/data/tiffs_historic_v7_compr/20170425_historic_mask.tiff
Created /mnt/data1/UniBe-swiss-ndvi/data/tiffs_historic_v7_compr/20170426_historic.tiff
Created /mnt/data1/UniBe-swiss-ndvi/data/tiffs_historic_v7_compr/20170426_historic_mask.tiff
Created /mnt/data1/UniBe-swiss-ndvi/data/tiffs_historic_v7_compr/20170427_historic.tiff
Created /mnt/data1/UniBe-swiss-ndvi/data/tiffs_historic_v7_compr/20170427_historic_mask.tiff
Created /mnt/data1/UniBe-swiss-ndvi/data/tiffs_historic_v7_compr/20170428_historic.tiff
Created /mnt/data1/UniBe-swiss-ndvi/data/tiffs_historic_v7_compr/20170428_historic_mask.tiff
Created /mnt/data1/UniBe-swiss-ndvi/data/tiffs_historic_v7_compr/20170429_historic.tiff
Created /mnt/data1/UniBe-swiss-ndvi/data/tiffs_historic_v7_compr/20170429_historic_mask.tiff
Created /mnt/data1/UniBe-swiss-ndvi/data/tiffs_historic_v7_compr/20170430_historic.tiff
Created /mnt/data1/UniBe-swiss-ndvi/data/tiffs_historic_v7_compr/20170430_historic_mask.tiff
Created /mnt/data1/UniBe-swiss-ndvi/data/tiffs_historic_v7_compr/20170501_historic.tiff
Created /mnt/data1/UniBe-swiss-ndvi/data/tiffs_historic_v7_compr/20170501_historic_mask.tiff
Created /mnt/data1/UniBe-swiss-ndvi/data/tiffs_historic_v7_compr/20170502_historic.tiff
Created /mnt/data1/UniBe-swiss-ndvi/data/tiffs_historic_v7_compr/20170502_historic_mask.tiff
Created /mnt/data1/UniBe-swiss-ndvi/data/tiffs_historic_v7_compr/20170503_historic.tiff
Created /mnt/data1/UniBe-swiss-ndvi/data/tiffs_historic_v7_compr/20170503_historic_mask.tiff
Created /mnt/data1/UniBe-swiss-ndvi/data/tiffs_historic_v7_compr/20170504_historic.tiff
Created /mnt/data1/UniBe-swiss-ndvi/data/tiffs_historic_v7_compr/20170504_historic_mask.tiff
Created /mnt/data1/UniBe-swiss-ndvi/data/tiffs_historic_v7_compr/20170505_historic.tiff
Created /mnt/data1/UniBe-swiss-ndvi/data/tiffs_historic_v7_compr/20170505_historic_mask.tiff
Created /mnt/data1/UniBe-swiss-ndvi/data/tiffs_historic_v7_compr/20170506_historic.tiff
Created /mnt/data1/UniBe-swiss-ndvi/data/tiffs_historic_v7_compr/20170506_historic_mask.tiff
Created /mnt/data1/UniBe-swiss-ndvi/data/tiffs_historic_v7_compr/20170507_historic.tiff
Created /mnt/data1/UniBe-swiss-ndvi/data/tiffs_historic_v7_compr/20170507_historic_mask.tiff
Created /mnt/data1/UniBe-swiss-ndvi/data/tiffs_historic_v7_compr/20170508_historic.tiff
Created /mnt/data1/UniBe-swiss-ndvi/data/tiffs_historic_v7_compr/20170508_historic_mask.tiff
Created /mnt/data1/UniBe-swiss-ndvi/data/tiffs_historic_v7_compr/20170509_historic.tiff
Created /mnt/data1/UniBe-swiss-ndvi/data/tiffs_historic_v7_compr/20170509_historic_mask.tiff
Created /mnt/data1/UniBe-swiss-ndvi/data/tiffs_historic_v7_compr/20170510_historic.tiff
Created /mnt/data1/UniBe-swiss-ndvi/data/tiffs_historic_v7_compr/20170510_historic_mask.tiff
Created /mnt/data1/UniBe-swiss-ndvi/data/tiffs_historic_v7_compr/20170511_historic.tiff
Created /mnt/data1/UniBe-swiss-ndvi/data/tiffs_historic_v7_compr/20170511_historic_mask.tiff
Created /mnt/data1/UniBe-swiss-ndvi/data/tiffs_historic_v7_compr/20170512_historic.tiff
Created /mnt/data1/UniBe-swiss-ndvi/data/tiffs_historic_v7_compr/20170512_historic_mask.tiff
Created /mnt/data1/UniBe-swiss-ndvi/data/tiffs_historic_v7_compr/20170513_historic.tiff
Created /mnt/data1/UniBe-swiss-ndvi/data/tiffs_historic_v7_compr/20170513_historic_mask.tiff
Created /mnt/data1/UniBe-swiss-ndvi/data/tiffs_historic_v7_compr/20170514_historic.tiff
Created /mnt/data1/UniBe-swiss-ndvi/data/tiffs_historic_v7_compr/20170514_historic_mask.tiff
Created /mnt/data1/UniBe-swiss-ndvi/data/tiffs_historic_v7_compr/20170515_historic.tiff
Created /mnt/data1/UniBe-swiss-ndvi/data/tiffs_historic_v7_compr/20170515_historic_mask.tiff
Created /mnt/data1/UniBe-swiss-ndvi/data/tiffs_historic_v7_compr/20170516_historic.tiff
Created /mnt/data1/UniBe-swiss-ndvi/data/tiffs_historic_v7_compr/20170516_historic_mask.tiff
Created /mnt/data1/UniBe-swiss-ndvi/data/tiffs_historic_v7_compr/20170517_historic.tiff
Created /mnt/data1/UniBe-swiss-ndvi/data/tiffs_historic_v7_compr/20170517_historic_mask.tiff
Created /mnt/data1/UniBe-swiss-ndvi/data/tiffs_historic_v7_compr/20170518_historic.tiff
Created /mnt/data1/UniBe-swiss-ndvi/data/tiffs_historic_v7_compr/20170518_historic_mask.tiff
Created /mnt/data1/UniBe-swiss-ndvi/data/tiffs_historic_v7_compr/20170519_historic.tiff
Created /mnt/data1/UniBe-swiss-ndvi/data/tiffs_historic_v7_compr/20170519_historic_mask.tiff
Created /mnt/data1/UniBe-swiss-ndvi/data/tiffs_historic_v7_compr/20170520_historic.tiff
Created /mnt/data1/UniBe-swiss-ndvi/data/tiffs_historic_v7_compr/20170520_historic_mask.tiff
Created /mnt/data1/UniBe-swiss-ndvi/data/tiffs_historic_v7_compr/20170521_historic.tiff
Created /mnt/data1/UniBe-swiss-ndvi/data/tiffs_historic_v7_compr/20170521_historic_mask.tiff
Created /mnt/data1/UniBe-swiss-ndvi/data/tiffs_historic_v7_compr/20170522_historic.tiff
Created /mnt/data1/UniBe-swiss-ndvi/data/tiffs_historic_v7_compr/20170522_historic_mask.tiff
Created /mnt/data1/UniBe-swiss-ndvi/data/tiffs_historic_v7_compr/20170523_historic.tiff
Created /mnt/data1/UniBe-swiss-ndvi/data/tiffs_historic_v7_compr/20170523_historic_mask.tiff
Created /mnt/data1/UniBe-swiss-ndvi/data/tiffs_historic_v7_compr/20170524_historic.tiff
Created /mnt/data1/UniBe-swiss-ndvi/data/tiffs_historic_v7_compr/20170524_historic_mask.tiff
Created /mnt/data1/UniBe-swiss-ndvi/data/tiffs_historic_v7_compr/20170525_historic.tiff
Created /mnt/data1/UniBe-swiss-ndvi/data/tiffs_historic_v7_compr/20170525_historic_mask.tiff
Created /mnt/data1/UniBe-swiss-ndvi/data/tiffs_historic_v7_compr/20170526_historic.tiff
Created /mnt/data1/UniBe-swiss-ndvi/data/tiffs_historic_v7_compr/20170526_historic_mask.tiff
Created /mnt/data1/UniBe-swiss-ndvi/data/tiffs_historic_v7_compr/20170527_historic.tiff
Created /mnt/data1/UniBe-swiss-ndvi/data/tiffs_historic_v7_compr/20170527_historic_mask.tiff
Created /mnt/data1/UniBe-swiss-ndvi/data/tiffs_historic_v7_compr/20170528_historic.tiff
Created /mnt/data1/UniBe-swiss-ndvi/data/tiffs_historic_v7_compr/20170528_historic_mask.tiff
Created /mnt/data1/UniBe-swiss-ndvi/data/tiffs_historic_v7_compr/20170529_historic.tiff
Created /mnt/data1/UniBe-swiss-ndvi/data/tiffs_historic_v7_compr/20170529_historic_mask.tiff
Created /mnt/data1/UniBe-swiss-ndvi/data/tiffs_historic_v7_compr/20170530_historic.tiff
Created /mnt/data1/UniBe-swiss-ndvi/data/tiffs_historic_v7_compr/20170530_historic_mask.tiff
Created /mnt/data1/UniBe-swiss-ndvi/data/tiffs_historic_v7_compr/20170531_historic.tiff
Created /mnt/data1/UniBe-swiss-ndvi/data/tiffs_historic_v7_compr/20170531_historic_mask.tiff
Skipping file (already exported): 20170601_historic.tiff
Skipping file (already exported): 20170602_historic.tiff
Created /mnt/data1/UniBe-swiss-ndvi/data/tiffs_historic_v7_compr/20170603_historic.tiff
Created /mnt/data1/UniBe-swiss-ndvi/data/tiffs_historic_v7_compr/20170603_historic_mask.tiff
Created /mnt/data1/UniBe-swiss-ndvi/data/tiffs_historic_v7_compr/20170604_historic.tiff
Created /mnt/data1/UniBe-swiss-ndvi/data/tiffs_historic_v7_compr/20170604_historic_mask.tiff
Created /mnt/data1/UniBe-swiss-ndvi/data/tiffs_historic_v7_compr/20170605_historic.tiff
Created /mnt/data1/UniBe-swiss-ndvi/data/tiffs_historic_v7_compr/20170605_historic_mask.tiff
Created /mnt/data1/UniBe-swiss-ndvi/data/tiffs_historic_v7_compr/20170606_historic.tiff
Created /mnt/data1/UniBe-swiss-ndvi/data/tiffs_historic_v7_compr/20170606_historic_mask.tiff
Created /mnt/data1/UniBe-swiss-ndvi/data/tiffs_historic_v7_compr/20170607_historic.tiff
Created /mnt/data1/UniBe-swiss-ndvi/data/tiffs_historic_v7_compr/20170607_historic_mask.tiff
Created /mnt/data1/UniBe-swiss-ndvi/data/tiffs_historic_v7_compr/20170608_historic.tiff
Created /mnt/data1/UniBe-swiss-ndvi/data/tiffs_historic_v7_compr/20170608_historic_mask.tiff
Created /mnt/data1/UniBe-swiss-ndvi/data/tiffs_historic_v7_compr/20170609_historic.tiff
Created /mnt/data1/UniBe-swiss-ndvi/data/tiffs_historic_v7_compr/20170609_historic_mask.tiff
Created /mnt/data1/UniBe-swiss-ndvi/data/tiffs_historic_v7_compr/20170610_historic.tiff
Created /mnt/data1/UniBe-swiss-ndvi/data/tiffs_historic_v7_compr/20170610_historic_mask.tiff
Created /mnt/data1/UniBe-swiss-ndvi/data/tiffs_historic_v7_compr/20170611_historic.tiff
Created /mnt/data1/UniBe-swiss-ndvi/data/tiffs_historic_v7_compr/20170611_historic_mask.tiff
Created /mnt/data1/UniBe-swiss-ndvi/data/tiffs_historic_v7_compr/20170612_historic.tiff
Created /mnt/data1/UniBe-swiss-ndvi/data/tiffs_historic_v7_compr/20170612_historic_mask.tiff
Created /mnt/data1/UniBe-swiss-ndvi/data/tiffs_historic_v7_compr/20170613_historic.tiff
Created /mnt/data1/UniBe-swiss-ndvi/data/tiffs_historic_v7_compr/20170613_historic_mask.tiff
Created /mnt/data1/UniBe-swiss-ndvi/data/tiffs_historic_v7_compr/20170614_historic.tiff
Created /mnt/data1/UniBe-swiss-ndvi/data/tiffs_historic_v7_compr/20170614_historic_mask.tiff
Created /mnt/data1/UniBe-swiss-ndvi/data/tiffs_historic_v7_compr/20170615_historic.tiff
Created /mnt/data1/UniBe-swiss-ndvi/data/tiffs_historic_v7_compr/20170615_historic_mask.tiff
Created /mnt/data1/UniBe-swiss-ndvi/data/tiffs_historic_v7_compr/20170616_historic.tiff
Created /mnt/data1/UniBe-swiss-ndvi/data/tiffs_historic_v7_compr/20170616_historic_mask.tiff
Created /mnt/data1/UniBe-swiss-ndvi/data/tiffs_historic_v7_compr/20170617_historic.tiff
Created /mnt/data1/UniBe-swiss-ndvi/data/tiffs_historic_v7_compr/20170617_historic_mask.tiff
Created /mnt/data1/UniBe-swiss-ndvi/data/tiffs_historic_v7_compr/20170618_historic.tiff
Created /mnt/data1/UniBe-swiss-ndvi/data/tiffs_historic_v7_compr/20170618_historic_mask.tiff
Skipping file (already exported): 20170619_historic.tiff
Created /mnt/data1/UniBe-swiss-ndvi/data/tiffs_historic_v7_compr/20170620_historic.tiff
Created /mnt/data1/UniBe-swiss-ndvi/data/tiffs_historic_v7_compr/20170620_historic_mask.tiff
Created /mnt/data1/UniBe-swiss-ndvi/data/tiffs_historic_v7_compr/20170621_historic.tiff
Created /mnt/data1/UniBe-swiss-ndvi/data/tiffs_historic_v7_compr/20170621_historic_mask.tiff
Created /mnt/data1/UniBe-swiss-ndvi/data/tiffs_historic_v7_compr/20170622_historic.tiff
Created /mnt/data1/UniBe-swiss-ndvi/data/tiffs_historic_v7_compr/20170622_historic_mask.tiff
Created /mnt/data1/UniBe-swiss-ndvi/data/tiffs_historic_v7_compr/20170623_historic.tiff
Created /mnt/data1/UniBe-swiss-ndvi/data/tiffs_historic_v7_compr/20170623_historic_mask.tiff
Created /mnt/data1/UniBe-swiss-ndvi/data/tiffs_historic_v7_compr/20170624_historic.tiff
Created /mnt/data1/UniBe-swiss-ndvi/data/tiffs_historic_v7_compr/20170624_historic_mask.tiff
Created /mnt/data1/UniBe-swiss-ndvi/data/tiffs_historic_v7_compr/20170625_historic.tiff
Created /mnt/data1/UniBe-swiss-ndvi/data/tiffs_historic_v7_compr/20170625_historic_mask.tiff
Created /mnt/data1/UniBe-swiss-ndvi/data/tiffs_historic_v7_compr/20170626_historic.tiff
Created /mnt/data1/UniBe-swiss-ndvi/data/tiffs_historic_v7_compr/20170626_historic_mask.tiff
Created /mnt/data1/UniBe-swiss-ndvi/data/tiffs_historic_v7_compr/20170627_historic.tiff
Created /mnt/data1/UniBe-swiss-ndvi/data/tiffs_historic_v7_compr/20170627_historic_mask.tiff
Created /mnt/data1/UniBe-swiss-ndvi/data/tiffs_historic_v7_compr/20170628_historic.tiff
Created /mnt/data1/UniBe-swiss-ndvi/data/tiffs_historic_v7_compr/20170628_historic_mask.tiff
Created /mnt/data1/UniBe-swiss-ndvi/data/tiffs_historic_v7_compr/20170629_historic.tiff
Created /mnt/data1/UniBe-swiss-ndvi/data/tiffs_historic_v7_compr/20170629_historic_mask.tiff
Created /mnt/data1/UniBe-swiss-ndvi/data/tiffs_historic_v7_compr/20170630_historic.tiff
Created /mnt/data1/UniBe-swiss-ndvi/data/tiffs_historic_v7_compr/20170630_historic_mask.tiff
Created /mnt/data1/UniBe-swiss-ndvi/data/tiffs_historic_v7_compr/20170701_historic.tiff
Created /mnt/data1/UniBe-swiss-ndvi/data/tiffs_historic_v7_compr/20170701_historic_mask.tiff
Created /mnt/data1/UniBe-swiss-ndvi/data/tiffs_historic_v7_compr/20170702_historic.tiff
Created /mnt/data1/UniBe-swiss-ndvi/data/tiffs_historic_v7_compr/20170702_historic_mask.tiff
Created /mnt/data1/UniBe-swiss-ndvi/data/tiffs_historic_v7_compr/20170703_historic.tiff
Created /mnt/data1/UniBe-swiss-ndvi/data/tiffs_historic_v7_compr/20170703_historic_mask.tiff
Created /mnt/data1/UniBe-swiss-ndvi/data/tiffs_historic_v7_compr/20170704_historic.tiff
Created /mnt/data1/UniBe-swiss-ndvi/data/tiffs_historic_v7_compr/20170704_historic_mask.tiff
Created /mnt/data1/UniBe-swiss-ndvi/data/tiffs_historic_v7_compr/20170705_historic.tiff
Created /mnt/data1/UniBe-swiss-ndvi/data/tiffs_historic_v7_compr/20170705_historic_mask.tiff
Created /mnt/data1/UniBe-swiss-ndvi/data/tiffs_historic_v7_compr/20170706_historic.tiff
Created /mnt/data1/UniBe-swiss-ndvi/data/tiffs_historic_v7_compr/20170706_historic_mask.tiff
Created /mnt/data1/UniBe-swiss-ndvi/data/tiffs_historic_v7_compr/20170707_historic.tiff
Created /mnt/data1/UniBe-swiss-ndvi/data/tiffs_historic_v7_compr/20170707_historic_mask.tiff
Created /mnt/data1/UniBe-swiss-ndvi/data/tiffs_historic_v7_compr/20170708_historic.tiff
Created /mnt/data1/UniBe-swiss-ndvi/data/tiffs_historic_v7_compr/20170708_historic_mask.tiff
Created /mnt/data1/UniBe-swiss-ndvi/data/tiffs_historic_v7_compr/20170709_historic.tiff
Created /mnt/data1/UniBe-swiss-ndvi/data/tiffs_historic_v7_compr/20170709_historic_mask.tiff
Created /mnt/data1/UniBe-swiss-ndvi/data/tiffs_historic_v7_compr/20170710_historic.tiff
Created /mnt/data1/UniBe-swiss-ndvi/data/tiffs_historic_v7_compr/20170710_historic_mask.tiff
Created /mnt/data1/UniBe-swiss-ndvi/data/tiffs_historic_v7_compr/20170711_historic.tiff
Created /mnt/data1/UniBe-swiss-ndvi/data/tiffs_historic_v7_compr/20170711_historic_mask.tiff
Created /mnt/data1/UniBe-swiss-ndvi/data/tiffs_historic_v7_compr/20170712_historic.tiff
Created /mnt/data1/UniBe-swiss-ndvi/data/tiffs_historic_v7_compr/20170712_historic_mask.tiff
Created /mnt/data1/UniBe-swiss-ndvi/data/tiffs_historic_v7_compr/20170713_historic.tiff
Created /mnt/data1/UniBe-swiss-ndvi/data/tiffs_historic_v7_compr/20170713_historic_mask.tiff
Created /mnt/data1/UniBe-swiss-ndvi/data/tiffs_historic_v7_compr/20170714_historic.tiff
Created /mnt/data1/UniBe-swiss-ndvi/data/tiffs_historic_v7_compr/20170714_historic_mask.tiff
Created /mnt/data1/UniBe-swiss-ndvi/data/tiffs_historic_v7_compr/20170715_historic.tiff
Created /mnt/data1/UniBe-swiss-ndvi/data/tiffs_historic_v7_compr/20170715_historic_mask.tiff
Created /mnt/data1/UniBe-swiss-ndvi/data/tiffs_historic_v7_compr/20170716_historic.tiff
Created /mnt/data1/UniBe-swiss-ndvi/data/tiffs_historic_v7_compr/20170716_historic_mask.tiff
Created /mnt/data1/UniBe-swiss-ndvi/data/tiffs_historic_v7_compr/20170717_historic.tiff
Created /mnt/data1/UniBe-swiss-ndvi/data/tiffs_historic_v7_compr/20170717_historic_mask.tiff
Created /mnt/data1/UniBe-swiss-ndvi/data/tiffs_historic_v7_compr/20170718_historic.tiff
Created /mnt/data1/UniBe-swiss-ndvi/data/tiffs_historic_v7_compr/20170718_historic_mask.tiff
Created /mnt/data1/UniBe-swiss-ndvi/data/tiffs_historic_v7_compr/20170719_historic.tiff
Created /mnt/data1/UniBe-swiss-ndvi/data/tiffs_historic_v7_compr/20170719_historic_mask.tiff
Created /mnt/data1/UniBe-swiss-ndvi/data/tiffs_historic_v7_compr/20170720_historic.tiff
Created /mnt/data1/UniBe-swiss-ndvi/data/tiffs_historic_v7_compr/20170720_historic_mask.tiff
Created /mnt/data1/UniBe-swiss-ndvi/data/tiffs_historic_v7_compr/20170721_historic.tiff
Created /mnt/data1/UniBe-swiss-ndvi/data/tiffs_historic_v7_compr/20170721_historic_mask.tiff
Created /mnt/data1/UniBe-swiss-ndvi/data/tiffs_historic_v7_compr/20170722_historic.tiff
Created /mnt/data1/UniBe-swiss-ndvi/data/tiffs_historic_v7_compr/20170722_historic_mask.tiff
Created /mnt/data1/UniBe-swiss-ndvi/data/tiffs_historic_v7_compr/20170723_historic.tiff
Created /mnt/data1/UniBe-swiss-ndvi/data/tiffs_historic_v7_compr/20170723_historic_mask.tiff
Created /mnt/data1/UniBe-swiss-ndvi/data/tiffs_historic_v7_compr/20170724_historic.tiff
Created /mnt/data1/UniBe-swiss-ndvi/data/tiffs_historic_v7_compr/20170724_historic_mask.tiff
Created /mnt/data1/UniBe-swiss-ndvi/data/tiffs_historic_v7_compr/20170725_historic.tiff
Created /mnt/data1/UniBe-swiss-ndvi/data/tiffs_historic_v7_compr/20170725_historic_mask.tiff
Created /mnt/data1/UniBe-swiss-ndvi/data/tiffs_historic_v7_compr/20170726_historic.tiff
Created /mnt/data1/UniBe-swiss-ndvi/data/tiffs_historic_v7_compr/20170726_historic_mask.tiff
Created /mnt/data1/UniBe-swiss-ndvi/data/tiffs_historic_v7_compr/20170727_historic.tiff
Created /mnt/data1/UniBe-swiss-ndvi/data/tiffs_historic_v7_compr/20170727_historic_mask.tiff
Created /mnt/data1/UniBe-swiss-ndvi/data/tiffs_historic_v7_compr/20170728_historic.tiff
Created /mnt/data1/UniBe-swiss-ndvi/data/tiffs_historic_v7_compr/20170728_historic_mask.tiff
Created /mnt/data1/UniBe-swiss-ndvi/data/tiffs_historic_v7_compr/20170729_historic.tiff
Created /mnt/data1/UniBe-swiss-ndvi/data/tiffs_historic_v7_compr/20170729_historic_mask.tiff
Created /mnt/data1/UniBe-swiss-ndvi/data/tiffs_historic_v7_compr/20170730_historic.tiff
Created /mnt/data1/UniBe-swiss-ndvi/data/tiffs_historic_v7_compr/20170730_historic_mask.tiff
Created /mnt/data1/UniBe-swiss-ndvi/data/tiffs_historic_v7_compr/20170731_historic.tiff
Created /mnt/data1/UniBe-swiss-ndvi/data/tiffs_historic_v7_compr/20170731_historic_mask.tiff
Created /mnt/data1/UniBe-swiss-ndvi/data/tiffs_historic_v7_compr/20170801_historic.tiff
Created /mnt/data1/UniBe-swiss-ndvi/data/tiffs_historic_v7_compr/20170801_historic_mask.tiff
Created /mnt/data1/UniBe-swiss-ndvi/data/tiffs_historic_v7_compr/20170802_historic.tiff
Created /mnt/data1/UniBe-swiss-ndvi/data/tiffs_historic_v7_compr/20170802_historic_mask.tiff
Created /mnt/data1/UniBe-swiss-ndvi/data/tiffs_historic_v7_compr/20170803_historic.tiff
Created /mnt/data1/UniBe-swiss-ndvi/data/tiffs_historic_v7_compr/20170803_historic_mask.tiff
Created /mnt/data1/UniBe-swiss-ndvi/data/tiffs_historic_v7_compr/20170804_historic.tiff
Created /mnt/data1/UniBe-swiss-ndvi/data/tiffs_historic_v7_compr/20170804_historic_mask.tiff
Created /mnt/data1/UniBe-swiss-ndvi/data/tiffs_historic_v7_compr/20170805_historic.tiff
Created /mnt/data1/UniBe-swiss-ndvi/data/tiffs_historic_v7_compr/20170805_historic_mask.tiff
Created /mnt/data1/UniBe-swiss-ndvi/data/tiffs_historic_v7_compr/20170806_historic.tiff
Created /mnt/data1/UniBe-swiss-ndvi/data/tiffs_historic_v7_compr/20170806_historic_mask.tiff
Created /mnt/data1/UniBe-swiss-ndvi/data/tiffs_historic_v7_compr/20170807_historic.tiff
Created /mnt/data1/UniBe-swiss-ndvi/data/tiffs_historic_v7_compr/20170807_historic_mask.tiff
Created /mnt/data1/UniBe-swiss-ndvi/data/tiffs_historic_v7_compr/20170808_historic.tiff
Created /mnt/data1/UniBe-swiss-ndvi/data/tiffs_historic_v7_compr/20170808_historic_mask.tiff
Created /mnt/data1/UniBe-swiss-ndvi/data/tiffs_historic_v7_compr/20170809_historic.tiff
Created /mnt/data1/UniBe-swiss-ndvi/data/tiffs_historic_v7_compr/20170809_historic_mask.tiff
Created /mnt/data1/UniBe-swiss-ndvi/data/tiffs_historic_v7_compr/20170810_historic.tiff
Created /mnt/data1/UniBe-swiss-ndvi/data/tiffs_historic_v7_compr/20170810_historic_mask.tiff
Created /mnt/data1/UniBe-swiss-ndvi/data/tiffs_historic_v7_compr/20170811_historic.tiff
Created /mnt/data1/UniBe-swiss-ndvi/data/tiffs_historic_v7_compr/20170811_historic_mask.tiff
Created /mnt/data1/UniBe-swiss-ndvi/data/tiffs_historic_v7_compr/20170812_historic.tiff
Created /mnt/data1/UniBe-swiss-ndvi/data/tiffs_historic_v7_compr/20170812_historic_mask.tiff
Created /mnt/data1/UniBe-swiss-ndvi/data/tiffs_historic_v7_compr/20170813_historic.tiff
Created /mnt/data1/UniBe-swiss-ndvi/data/tiffs_historic_v7_compr/20170813_historic_mask.tiff
Created /mnt/data1/UniBe-swiss-ndvi/data/tiffs_historic_v7_compr/20170814_historic.tiff
Created /mnt/data1/UniBe-swiss-ndvi/data/tiffs_historic_v7_compr/20170814_historic_mask.tiff
Created /mnt/data1/UniBe-swiss-ndvi/data/tiffs_historic_v7_compr/20170815_historic.tiff
Created /mnt/data1/UniBe-swiss-ndvi/data/tiffs_historic_v7_compr/20170815_historic_mask.tiff
Created /mnt/data1/UniBe-swiss-ndvi/data/tiffs_historic_v7_compr/20170816_historic.tiff
Created /mnt/data1/UniBe-swiss-ndvi/data/tiffs_historic_v7_compr/20170816_historic_mask.tiff
Created /mnt/data1/UniBe-swiss-ndvi/data/tiffs_historic_v7_compr/20170817_historic.tiff
Created /mnt/data1/UniBe-swiss-ndvi/data/tiffs_historic_v7_compr/20170817_historic_mask.tiff
Created /mnt/data1/UniBe-swiss-ndvi/data/tiffs_historic_v7_compr/20170818_historic.tiff
Created /mnt/data1/UniBe-swiss-ndvi/data/tiffs_historic_v7_compr/20170818_historic_mask.tiff
Created /mnt/data1/UniBe-swiss-ndvi/data/tiffs_historic_v7_compr/20170819_historic.tiff
Created /mnt/data1/UniBe-swiss-ndvi/data/tiffs_historic_v7_compr/20170819_historic_mask.tiff
Created /mnt/data1/UniBe-swiss-ndvi/data/tiffs_historic_v7_compr/20170820_historic.tiff
Created /mnt/data1/UniBe-swiss-ndvi/data/tiffs_historic_v7_compr/20170820_historic_mask.tiff
Created /mnt/data1/UniBe-swiss-ndvi/data/tiffs_historic_v7_compr/20170821_historic.tiff
Created /mnt/data1/UniBe-swiss-ndvi/data/tiffs_historic_v7_compr/20170821_historic_mask.tiff
Created /mnt/data1/UniBe-swiss-ndvi/data/tiffs_historic_v7_compr/20170822_historic.tiff
Created /mnt/data1/UniBe-swiss-ndvi/data/tiffs_historic_v7_compr/20170822_historic_mask.tiff
Created /mnt/data1/UniBe-swiss-ndvi/data/tiffs_historic_v7_compr/20170823_historic.tiff
Created /mnt/data1/UniBe-swiss-ndvi/data/tiffs_historic_v7_compr/20170823_historic_mask.tiff
Created /mnt/data1/UniBe-swiss-ndvi/data/tiffs_historic_v7_compr/20170824_historic.tiff
Created /mnt/data1/UniBe-swiss-ndvi/data/tiffs_historic_v7_compr/20170824_historic_mask.tiff
Created /mnt/data1/UniBe-swiss-ndvi/data/tiffs_historic_v7_compr/20170825_historic.tiff
Created /mnt/data1/UniBe-swiss-ndvi/data/tiffs_historic_v7_compr/20170825_historic_mask.tiff
Created /mnt/data1/UniBe-swiss-ndvi/data/tiffs_historic_v7_compr/20170826_historic.tiff
Created /mnt/data1/UniBe-swiss-ndvi/data/tiffs_historic_v7_compr/20170826_historic_mask.tiff
Created /mnt/data1/UniBe-swiss-ndvi/data/tiffs_historic_v7_compr/20170827_historic.tiff
Created /mnt/data1/UniBe-swiss-ndvi/data/tiffs_historic_v7_compr/20170827_historic_mask.tiff
Created /mnt/data1/UniBe-swiss-ndvi/data/tiffs_historic_v7_compr/20170828_historic.tiff
Created /mnt/data1/UniBe-swiss-ndvi/data/tiffs_historic_v7_compr/20170828_historic_mask.tiff
Created /mnt/data1/UniBe-swiss-ndvi/data/tiffs_historic_v7_compr/20170829_historic.tiff
Created /mnt/data1/UniBe-swiss-ndvi/data/tiffs_historic_v7_compr/20170829_historic_mask.tiff
Created /mnt/data1/UniBe-swiss-ndvi/data/tiffs_historic_v7_compr/20170830_historic.tiff
Created /mnt/data1/UniBe-swiss-ndvi/data/tiffs_historic_v7_compr/20170830_historic_mask.tiff
Created /mnt/data1/UniBe-swiss-ndvi/data/tiffs_historic_v7_compr/20170831_historic.tiff
Created /mnt/data1/UniBe-swiss-ndvi/data/tiffs_historic_v7_compr/20170831_historic_mask.tiff
Created /mnt/data1/UniBe-swiss-ndvi/data/tiffs_historic_v7_compr/20170901_historic.tiff
Created /mnt/data1/UniBe-swiss-ndvi/data/tiffs_historic_v7_compr/20170901_historic_mask.tiff
Created /mnt/data1/UniBe-swiss-ndvi/data/tiffs_historic_v7_compr/20170902_historic.tiff
Created /mnt/data1/UniBe-swiss-ndvi/data/tiffs_historic_v7_compr/20170902_historic_mask.tiff
Created /mnt/data1/UniBe-swiss-ndvi/data/tiffs_historic_v7_compr/20170903_historic.tiff
Created /mnt/data1/UniBe-swiss-ndvi/data/tiffs_historic_v7_compr/20170903_historic_mask.tiff
Created /mnt/data1/UniBe-swiss-ndvi/data/tiffs_historic_v7_compr/20170904_historic.tiff
Created /mnt/data1/UniBe-swiss-ndvi/data/tiffs_historic_v7_compr/20170904_historic_mask.tiff
Created /mnt/data1/UniBe-swiss-ndvi/data/tiffs_historic_v7_compr/20170905_historic.tiff
Created /mnt/data1/UniBe-swiss-ndvi/data/tiffs_historic_v7_compr/20170905_historic_mask.tiff
Created /mnt/data1/UniBe-swiss-ndvi/data/tiffs_historic_v7_compr/20170906_historic.tiff
Created /mnt/data1/UniBe-swiss-ndvi/data/tiffs_historic_v7_compr/20170906_historic_mask.tiff
Created /mnt/data1/UniBe-swiss-ndvi/data/tiffs_historic_v7_compr/20170907_historic.tiff
Created /mnt/data1/UniBe-swiss-ndvi/data/tiffs_historic_v7_compr/20170907_historic_mask.tiff
Created /mnt/data1/UniBe-swiss-ndvi/data/tiffs_historic_v7_compr/20170908_historic.tiff
Created /mnt/data1/UniBe-swiss-ndvi/data/tiffs_historic_v7_compr/20170908_historic_mask.tiff
Created /mnt/data1/UniBe-swiss-ndvi/data/tiffs_historic_v7_compr/20170909_historic.tiff
Created /mnt/data1/UniBe-swiss-ndvi/data/tiffs_historic_v7_compr/20170909_historic_mask.tiff
Created /mnt/data1/UniBe-swiss-ndvi/data/tiffs_historic_v7_compr/20170910_historic.tiff
Created /mnt/data1/UniBe-swiss-ndvi/data/tiffs_historic_v7_compr/20170910_historic_mask.tiff
Created /mnt/data1/UniBe-swiss-ndvi/data/tiffs_historic_v7_compr/20170911_historic.tiff
Created /mnt/data1/UniBe-swiss-ndvi/data/tiffs_historic_v7_compr/20170911_historic_mask.tiff
Created /mnt/data1/UniBe-swiss-ndvi/data/tiffs_historic_v7_compr/20170912_historic.tiff
Created /mnt/data1/UniBe-swiss-ndvi/data/tiffs_historic_v7_compr/20170912_historic_mask.tiff
Created /mnt/data1/UniBe-swiss-ndvi/data/tiffs_historic_v7_compr/20170913_historic.tiff
Created /mnt/data1/UniBe-swiss-ndvi/data/tiffs_historic_v7_compr/20170913_historic_mask.tiff
Created /mnt/data1/UniBe-swiss-ndvi/data/tiffs_historic_v7_compr/20170914_historic.tiff
Created /mnt/data1/UniBe-swiss-ndvi/data/tiffs_historic_v7_compr/20170914_historic_mask.tiff
Created /mnt/data1/UniBe-swiss-ndvi/data/tiffs_historic_v7_compr/20170915_historic.tiff
Created /mnt/data1/UniBe-swiss-ndvi/data/tiffs_historic_v7_compr/20170915_historic_mask.tiff
Created /mnt/data1/UniBe-swiss-ndvi/data/tiffs_historic_v7_compr/20170916_historic.tiff
Created /mnt/data1/UniBe-swiss-ndvi/data/tiffs_historic_v7_compr/20170916_historic_mask.tiff
Created /mnt/data1/UniBe-swiss-ndvi/data/tiffs_historic_v7_compr/20170917_historic.tiff
Created /mnt/data1/UniBe-swiss-ndvi/data/tiffs_historic_v7_compr/20170917_historic_mask.tiff
Created /mnt/data1/UniBe-swiss-ndvi/data/tiffs_historic_v7_compr/20170918_historic.tiff
Created /mnt/data1/UniBe-swiss-ndvi/data/tiffs_historic_v7_compr/20170918_historic_mask.tiff
Created /mnt/data1/UniBe-swiss-ndvi/data/tiffs_historic_v7_compr/20170919_historic.tiff
Created /mnt/data1/UniBe-swiss-ndvi/data/tiffs_historic_v7_compr/20170919_historic_mask.tiff
Created /mnt/data1/UniBe-swiss-ndvi/data/tiffs_historic_v7_compr/20170920_historic.tiff
Created /mnt/data1/UniBe-swiss-ndvi/data/tiffs_historic_v7_compr/20170920_historic_mask.tiff
Created /mnt/data1/UniBe-swiss-ndvi/data/tiffs_historic_v7_compr/20170921_historic.tiff
Created /mnt/data1/UniBe-swiss-ndvi/data/tiffs_historic_v7_compr/20170921_historic_mask.tiff
Created /mnt/data1/UniBe-swiss-ndvi/data/tiffs_historic_v7_compr/20170922_historic.tiff
Created /mnt/data1/UniBe-swiss-ndvi/data/tiffs_historic_v7_compr/20170922_historic_mask.tiff
Created /mnt/data1/UniBe-swiss-ndvi/data/tiffs_historic_v7_compr/20170923_historic.tiff
Created /mnt/data1/UniBe-swiss-ndvi/data/tiffs_historic_v7_compr/20170923_historic_mask.tiff
Created /mnt/data1/UniBe-swiss-ndvi/data/tiffs_historic_v7_compr/20170924_historic.tiff
Created /mnt/data1/UniBe-swiss-ndvi/data/tiffs_historic_v7_compr/20170924_historic_mask.tiff
Created /mnt/data1/UniBe-swiss-ndvi/data/tiffs_historic_v7_compr/20170925_historic.tiff
Created /mnt/data1/UniBe-swiss-ndvi/data/tiffs_historic_v7_compr/20170925_historic_mask.tiff
Created /mnt/data1/UniBe-swiss-ndvi/data/tiffs_historic_v7_compr/20170926_historic.tiff
Created /mnt/data1/UniBe-swiss-ndvi/data/tiffs_historic_v7_compr/20170926_historic_mask.tiff
Created /mnt/data1/UniBe-swiss-ndvi/data/tiffs_historic_v7_compr/20170927_historic.tiff
Created /mnt/data1/UniBe-swiss-ndvi/data/tiffs_historic_v7_compr/20170927_historic_mask.tiff
Created /mnt/data1/UniBe-swiss-ndvi/data/tiffs_historic_v7_compr/20170928_historic.tiff
Created /mnt/data1/UniBe-swiss-ndvi/data/tiffs_historic_v7_compr/20170928_historic_mask.tiff
Created /mnt/data1/UniBe-swiss-ndvi/data/tiffs_historic_v7_compr/20170929_historic.tiff
Created /mnt/data1/UniBe-swiss-ndvi/data/tiffs_historic_v7_compr/20170929_historic_mask.tiff
Created /mnt/data1/UniBe-swiss-ndvi/data/tiffs_historic_v7_compr/20170930_historic.tiff
Created /mnt/data1/UniBe-swiss-ndvi/data/tiffs_historic_v7_compr/20170930_historic_mask.tiff
Created /mnt/data1/UniBe-swiss-ndvi/data/tiffs_historic_v7_compr/20171001_historic.tiff
Created /mnt/data1/UniBe-swiss-ndvi/data/tiffs_historic_v7_compr/20171001_historic_mask.tiff
Created /mnt/data1/UniBe-swiss-ndvi/data/tiffs_historic_v7_compr/20171002_historic.tiff
Created /mnt/data1/UniBe-swiss-ndvi/data/tiffs_historic_v7_compr/20171002_historic_mask.tiff
Created /mnt/data1/UniBe-swiss-ndvi/data/tiffs_historic_v7_compr/20171003_historic.tiff
Created /mnt/data1/UniBe-swiss-ndvi/data/tiffs_historic_v7_compr/20171003_historic_mask.tiff
Created /mnt/data1/UniBe-swiss-ndvi/data/tiffs_historic_v7_compr/20171004_historic.tiff
Created /mnt/data1/UniBe-swiss-ndvi/data/tiffs_historic_v7_compr/20171004_historic_mask.tiff
Created /mnt/data1/UniBe-swiss-ndvi/data/tiffs_historic_v7_compr/20171005_historic.tiff
Created /mnt/data1/UniBe-swiss-ndvi/data/tiffs_historic_v7_compr/20171005_historic_mask.tiff
Created /mnt/data1/UniBe-swiss-ndvi/data/tiffs_historic_v7_compr/20171006_historic.tiff
Created /mnt/data1/UniBe-swiss-ndvi/data/tiffs_historic_v7_compr/20171006_historic_mask.tiff
Created /mnt/data1/UniBe-swiss-ndvi/data/tiffs_historic_v7_compr/20171007_historic.tiff
Created /mnt/data1/UniBe-swiss-ndvi/data/tiffs_historic_v7_compr/20171007_historic_mask.tiff
Created /mnt/data1/UniBe-swiss-ndvi/data/tiffs_historic_v7_compr/20171008_historic.tiff
Created /mnt/data1/UniBe-swiss-ndvi/data/tiffs_historic_v7_compr/20171008_historic_mask.tiff
Created /mnt/data1/UniBe-swiss-ndvi/data/tiffs_historic_v7_compr/20171009_historic.tiff
Created /mnt/data1/UniBe-swiss-ndvi/data/tiffs_historic_v7_compr/20171009_historic_mask.tiff
Created /mnt/data1/UniBe-swiss-ndvi/data/tiffs_historic_v7_compr/20171010_historic.tiff
Created /mnt/data1/UniBe-swiss-ndvi/data/tiffs_historic_v7_compr/20171010_historic_mask.tiff
Created /mnt/data1/UniBe-swiss-ndvi/data/tiffs_historic_v7_compr/20171011_historic.tiff
Created /mnt/data1/UniBe-swiss-ndvi/data/tiffs_historic_v7_compr/20171011_historic_mask.tiff
Created /mnt/data1/UniBe-swiss-ndvi/data/tiffs_historic_v7_compr/20171012_historic.tiff
Created /mnt/data1/UniBe-swiss-ndvi/data/tiffs_historic_v7_compr/20171012_historic_mask.tiff
Created /mnt/data1/UniBe-swiss-ndvi/data/tiffs_historic_v7_compr/20171013_historic.tiff
Created /mnt/data1/UniBe-swiss-ndvi/data/tiffs_historic_v7_compr/20171013_historic_mask.tiff
Created /mnt/data1/UniBe-swiss-ndvi/data/tiffs_historic_v7_compr/20171014_historic.tiff
Created /mnt/data1/UniBe-swiss-ndvi/data/tiffs_historic_v7_compr/20171014_historic_mask.tiff
Created /mnt/data1/UniBe-swiss-ndvi/data/tiffs_historic_v7_compr/20171015_historic.tiff
Created /mnt/data1/UniBe-swiss-ndvi/data/tiffs_historic_v7_compr/20171015_historic_mask.tiff
Created /mnt/data1/UniBe-swiss-ndvi/data/tiffs_historic_v7_compr/20171016_historic.tiff
Created /mnt/data1/UniBe-swiss-ndvi/data/tiffs_historic_v7_compr/20171016_historic_mask.tiff
Created /mnt/data1/UniBe-swiss-ndvi/data/tiffs_historic_v7_compr/20171017_historic.tiff
Created /mnt/data1/UniBe-swiss-ndvi/data/tiffs_historic_v7_compr/20171017_historic_mask.tiff
Created /mnt/data1/UniBe-swiss-ndvi/data/tiffs_historic_v7_compr/20171018_historic.tiff
Created /mnt/data1/UniBe-swiss-ndvi/data/tiffs_historic_v7_compr/20171018_historic_mask.tiff
Created /mnt/data1/UniBe-swiss-ndvi/data/tiffs_historic_v7_compr/20171019_historic.tiff
Created /mnt/data1/UniBe-swiss-ndvi/data/tiffs_historic_v7_compr/20171019_historic_mask.tiff
Created /mnt/data1/UniBe-swiss-ndvi/data/tiffs_historic_v7_compr/20171020_historic.tiff
Created /mnt/data1/UniBe-swiss-ndvi/data/tiffs_historic_v7_compr/20171020_historic_mask.tiff
Created /mnt/data1/UniBe-swiss-ndvi/data/tiffs_historic_v7_compr/20171021_historic.tiff
Created /mnt/data1/UniBe-swiss-ndvi/data/tiffs_historic_v7_compr/20171021_historic_mask.tiff
Created /mnt/data1/UniBe-swiss-ndvi/data/tiffs_historic_v7_compr/20171022_historic.tiff
Created /mnt/data1/UniBe-swiss-ndvi/data/tiffs_historic_v7_compr/20171022_historic_mask.tiff
Created /mnt/data1/UniBe-swiss-ndvi/data/tiffs_historic_v7_compr/20171023_historic.tiff
Created /mnt/data1/UniBe-swiss-ndvi/data/tiffs_historic_v7_compr/20171023_historic_mask.tiff
Created /mnt/data1/UniBe-swiss-ndvi/data/tiffs_historic_v7_compr/20171024_historic.tiff
Created /mnt/data1/UniBe-swiss-ndvi/data/tiffs_historic_v7_compr/20171024_historic_mask.tiff
Created /mnt/data1/UniBe-swiss-ndvi/data/tiffs_historic_v7_compr/20171025_historic.tiff
Created /mnt/data1/UniBe-swiss-ndvi/data/tiffs_historic_v7_compr/20171025_historic_mask.tiff
Created /mnt/data1/UniBe-swiss-ndvi/data/tiffs_historic_v7_compr/20171026_historic.tiff
Created /mnt/data1/UniBe-swiss-ndvi/data/tiffs_historic_v7_compr/20171026_historic_mask.tiff
Created /mnt/data1/UniBe-swiss-ndvi/data/tiffs_historic_v7_compr/20171027_historic.tiff
Created /mnt/data1/UniBe-swiss-ndvi/data/tiffs_historic_v7_compr/20171027_historic_mask.tiff
Created /mnt/data1/UniBe-swiss-ndvi/data/tiffs_historic_v7_compr/20171028_historic.tiff
Created /mnt/data1/UniBe-swiss-ndvi/data/tiffs_historic_v7_compr/20171028_historic_mask.tiff
Created /mnt/data1/UniBe-swiss-ndvi/data/tiffs_historic_v7_compr/20171029_historic.tiff
Created /mnt/data1/UniBe-swiss-ndvi/data/tiffs_historic_v7_compr/20171029_historic_mask.tiff
Created /mnt/data1/UniBe-swiss-ndvi/data/tiffs_historic_v7_compr/20171030_historic.tiff
Created /mnt/data1/UniBe-swiss-ndvi/data/tiffs_historic_v7_compr/20171030_historic_mask.tiff
Created /mnt/data1/UniBe-swiss-ndvi/data/tiffs_historic_v7_compr/20171031_historic.tiff
Created /mnt/data1/UniBe-swiss-ndvi/data/tiffs_historic_v7_compr/20171031_historic_mask.tiff
Created /mnt/data1/UniBe-swiss-ndvi/data/tiffs_historic_v7_compr/20171101_historic.tiff
Created /mnt/data1/UniBe-swiss-ndvi/data/tiffs_historic_v7_compr/20171101_historic_mask.tiff
Created /mnt/data1/UniBe-swiss-ndvi/data/tiffs_historic_v7_compr/20171102_historic.tiff
Created /mnt/data1/UniBe-swiss-ndvi/data/tiffs_historic_v7_compr/20171102_historic_mask.tiff
Created /mnt/data1/UniBe-swiss-ndvi/data/tiffs_historic_v7_compr/20171103_historic.tiff
Created /mnt/data1/UniBe-swiss-ndvi/data/tiffs_historic_v7_compr/20171103_historic_mask.tiff
Created /mnt/data1/UniBe-swiss-ndvi/data/tiffs_historic_v7_compr/20171104_historic.tiff
Created /mnt/data1/UniBe-swiss-ndvi/data/tiffs_historic_v7_compr/20171104_historic_mask.tiff
Created /mnt/data1/UniBe-swiss-ndvi/data/tiffs_historic_v7_compr/20171105_historic.tiff
Created /mnt/data1/UniBe-swiss-ndvi/data/tiffs_historic_v7_compr/20171105_historic_mask.tiff
Created /mnt/data1/UniBe-swiss-ndvi/data/tiffs_historic_v7_compr/20171106_historic.tiff
Created /mnt/data1/UniBe-swiss-ndvi/data/tiffs_historic_v7_compr/20171106_historic_mask.tiff
Created /mnt/data1/UniBe-swiss-ndvi/data/tiffs_historic_v7_compr/20171107_historic.tiff
Created /mnt/data1/UniBe-swiss-ndvi/data/tiffs_historic_v7_compr/20171107_historic_mask.tiff
Created /mnt/data1/UniBe-swiss-ndvi/data/tiffs_historic_v7_compr/20171108_historic.tiff
Created /mnt/data1/UniBe-swiss-ndvi/data/tiffs_historic_v7_compr/20171108_historic_mask.tiff
Created /mnt/data1/UniBe-swiss-ndvi/data/tiffs_historic_v7_compr/20171109_historic.tiff
Created /mnt/data1/UniBe-swiss-ndvi/data/tiffs_historic_v7_compr/20171109_historic_mask.tiff
Created /mnt/data1/UniBe-swiss-ndvi/data/tiffs_historic_v7_compr/20171110_historic.tiff
Created /mnt/data1/UniBe-swiss-ndvi/data/tiffs_historic_v7_compr/20171110_historic_mask.tiff
Created /mnt/data1/UniBe-swiss-ndvi/data/tiffs_historic_v7_compr/20171111_historic.tiff
Created /mnt/data1/UniBe-swiss-ndvi/data/tiffs_historic_v7_compr/20171111_historic_mask.tiff
Created /mnt/data1/UniBe-swiss-ndvi/data/tiffs_historic_v7_compr/20171112_historic.tiff
Created /mnt/data1/UniBe-swiss-ndvi/data/tiffs_historic_v7_compr/20171112_historic_mask.tiff
Created /mnt/data1/UniBe-swiss-ndvi/data/tiffs_historic_v7_compr/20171113_historic.tiff
Created /mnt/data1/UniBe-swiss-ndvi/data/tiffs_historic_v7_compr/20171113_historic_mask.tiff
Created /mnt/data1/UniBe-swiss-ndvi/data/tiffs_historic_v7_compr/20171114_historic.tiff
Created /mnt/data1/UniBe-swiss-ndvi/data/tiffs_historic_v7_compr/20171114_historic_mask.tiff
Created /mnt/data1/UniBe-swiss-ndvi/data/tiffs_historic_v7_compr/20171115_historic.tiff
Created /mnt/data1/UniBe-swiss-ndvi/data/tiffs_historic_v7_compr/20171115_historic_mask.tiff
Created /mnt/data1/UniBe-swiss-ndvi/data/tiffs_historic_v7_compr/20171116_historic.tiff
Created /mnt/data1/UniBe-swiss-ndvi/data/tiffs_historic_v7_compr/20171116_historic_mask.tiff
Created /mnt/data1/UniBe-swiss-ndvi/data/tiffs_historic_v7_compr/20171117_historic.tiff
Created /mnt/data1/UniBe-swiss-ndvi/data/tiffs_historic_v7_compr/20171117_historic_mask.tiff
Created /mnt/data1/UniBe-swiss-ndvi/data/tiffs_historic_v7_compr/20171118_historic.tiff
Created /mnt/data1/UniBe-swiss-ndvi/data/tiffs_historic_v7_compr/20171118_historic_mask.tiff
Created /mnt/data1/UniBe-swiss-ndvi/data/tiffs_historic_v7_compr/20171119_historic.tiff
Created /mnt/data1/UniBe-swiss-ndvi/data/tiffs_historic_v7_compr/20171119_historic_mask.tiff
Created /mnt/data1/UniBe-swiss-ndvi/data/tiffs_historic_v7_compr/20171120_historic.tiff
Created /mnt/data1/UniBe-swiss-ndvi/data/tiffs_historic_v7_compr/20171120_historic_mask.tiff
Created /mnt/data1/UniBe-swiss-ndvi/data/tiffs_historic_v7_compr/20171121_historic.tiff
Created /mnt/data1/UniBe-swiss-ndvi/data/tiffs_historic_v7_compr/20171121_historic_mask.tiff
Created /mnt/data1/UniBe-swiss-ndvi/data/tiffs_historic_v7_compr/20171122_historic.tiff
Created /mnt/data1/UniBe-swiss-ndvi/data/tiffs_historic_v7_compr/20171122_historic_mask.tiff
Created /mnt/data1/UniBe-swiss-ndvi/data/tiffs_historic_v7_compr/20171123_historic.tiff
Created /mnt/data1/UniBe-swiss-ndvi/data/tiffs_historic_v7_compr/20171123_historic_mask.tiff
Created /mnt/data1/UniBe-swiss-ndvi/data/tiffs_historic_v7_compr/20171124_historic.tiff
Created /mnt/data1/UniBe-swiss-ndvi/data/tiffs_historic_v7_compr/20171124_historic_mask.tiff
Created /mnt/data1/UniBe-swiss-ndvi/data/tiffs_historic_v7_compr/20171125_historic.tiff
Created /mnt/data1/UniBe-swiss-ndvi/data/tiffs_historic_v7_compr/20171125_historic_mask.tiff
Created /mnt/data1/UniBe-swiss-ndvi/data/tiffs_historic_v7_compr/20171126_historic.tiff
Created /mnt/data1/UniBe-swiss-ndvi/data/tiffs_historic_v7_compr/20171126_historic_mask.tiff
Created /mnt/data1/UniBe-swiss-ndvi/data/tiffs_historic_v7_compr/20171127_historic.tiff
Created /mnt/data1/UniBe-swiss-ndvi/data/tiffs_historic_v7_compr/20171127_historic_mask.tiff
Created /mnt/data1/UniBe-swiss-ndvi/data/tiffs_historic_v7_compr/20171128_historic.tiff
Created /mnt/data1/UniBe-swiss-ndvi/data/tiffs_historic_v7_compr/20171128_historic_mask.tiff
Created /mnt/data1/UniBe-swiss-ndvi/data/tiffs_historic_v7_compr/20171129_historic.tiff
Created /mnt/data1/UniBe-swiss-ndvi/data/tiffs_historic_v7_compr/20171129_historic_mask.tiff
Created /mnt/data1/UniBe-swiss-ndvi/data/tiffs_historic_v7_compr/20171130_historic.tiff
Created /mnt/data1/UniBe-swiss-ndvi/data/tiffs_historic_v7_compr/20171130_historic_mask.tiff
Created /mnt/data1/UniBe-swiss-ndvi/data/tiffs_historic_v7_compr/20171201_historic.tiff
Created /mnt/data1/UniBe-swiss-ndvi/data/tiffs_historic_v7_compr/20171201_historic_mask.tiff
Created /mnt/data1/UniBe-swiss-ndvi/data/tiffs_historic_v7_compr/20171202_historic.tiff
Created /mnt/data1/UniBe-swiss-ndvi/data/tiffs_historic_v7_compr/20171202_historic_mask.tiff
Created /mnt/data1/UniBe-swiss-ndvi/data/tiffs_historic_v7_compr/20171203_historic.tiff
Created /mnt/data1/UniBe-swiss-ndvi/data/tiffs_historic_v7_compr/20171203_historic_mask.tiff
Created /mnt/data1/UniBe-swiss-ndvi/data/tiffs_historic_v7_compr/20171204_historic.tiff
Created /mnt/data1/UniBe-swiss-ndvi/data/tiffs_historic_v7_compr/20171204_historic_mask.tiff
Created /mnt/data1/UniBe-swiss-ndvi/data/tiffs_historic_v7_compr/20171205_historic.tiff
Created /mnt/data1/UniBe-swiss-ndvi/data/tiffs_historic_v7_compr/20171205_historic_mask.tiff
Created /mnt/data1/UniBe-swiss-ndvi/data/tiffs_historic_v7_compr/20171206_historic.tiff
Created /mnt/data1/UniBe-swiss-ndvi/data/tiffs_historic_v7_compr/20171206_historic_mask.tiff
Created /mnt/data1/UniBe-swiss-ndvi/data/tiffs_historic_v7_compr/20171207_historic.tiff
Created /mnt/data1/UniBe-swiss-ndvi/data/tiffs_historic_v7_compr/20171207_historic_mask.tiff
Created /mnt/data1/UniBe-swiss-ndvi/data/tiffs_historic_v7_compr/20171208_historic.tiff
Created /mnt/data1/UniBe-swiss-ndvi/data/tiffs_historic_v7_compr/20171208_historic_mask.tiff
Created /mnt/data1/UniBe-swiss-ndvi/data/tiffs_historic_v7_compr/20171209_historic.tiff
Created /mnt/data1/UniBe-swiss-ndvi/data/tiffs_historic_v7_compr/20171209_historic_mask.tiff
Created /mnt/data1/UniBe-swiss-ndvi/data/tiffs_historic_v7_compr/20171210_historic.tiff
Created /mnt/data1/UniBe-swiss-ndvi/data/tiffs_historic_v7_compr/20171210_historic_mask.tiff
Created /mnt/data1/UniBe-swiss-ndvi/data/tiffs_historic_v7_compr/20171211_historic.tiff
Created /mnt/data1/UniBe-swiss-ndvi/data/tiffs_historic_v7_compr/20171211_historic_mask.tiff
Created /mnt/data1/UniBe-swiss-ndvi/data/tiffs_historic_v7_compr/20171212_historic.tiff
Created /mnt/data1/UniBe-swiss-ndvi/data/tiffs_historic_v7_compr/20171212_historic_mask.tiff
Created /mnt/data1/UniBe-swiss-ndvi/data/tiffs_historic_v7_compr/20171213_historic.tiff
Created /mnt/data1/UniBe-swiss-ndvi/data/tiffs_historic_v7_compr/20171213_historic_mask.tiff
Created /mnt/data1/UniBe-swiss-ndvi/data/tiffs_historic_v7_compr/20171214_historic.tiff
Created /mnt/data1/UniBe-swiss-ndvi/data/tiffs_historic_v7_compr/20171214_historic_mask.tiff
Created /mnt/data1/UniBe-swiss-ndvi/data/tiffs_historic_v7_compr/20171215_historic.tiff
Created /mnt/data1/UniBe-swiss-ndvi/data/tiffs_historic_v7_compr/20171215_historic_mask.tiff
Created /mnt/data1/UniBe-swiss-ndvi/data/tiffs_historic_v7_compr/20171216_historic.tiff
Created /mnt/data1/UniBe-swiss-ndvi/data/tiffs_historic_v7_compr/20171216_historic_mask.tiff
Created /mnt/data1/UniBe-swiss-ndvi/data/tiffs_historic_v7_compr/20171217_historic.tiff
Created /mnt/data1/UniBe-swiss-ndvi/data/tiffs_historic_v7_compr/20171217_historic_mask.tiff
Created /mnt/data1/UniBe-swiss-ndvi/data/tiffs_historic_v7_compr/20171218_historic.tiff
Created /mnt/data1/UniBe-swiss-ndvi/data/tiffs_historic_v7_compr/20171218_historic_mask.tiff
Created /mnt/data1/UniBe-swiss-ndvi/data/tiffs_historic_v7_compr/20171219_historic.tiff
Created /mnt/data1/UniBe-swiss-ndvi/data/tiffs_historic_v7_compr/20171219_historic_mask.tiff
Created /mnt/data1/UniBe-swiss-ndvi/data/tiffs_historic_v7_compr/20171220_historic.tiff
Created /mnt/data1/UniBe-swiss-ndvi/data/tiffs_historic_v7_compr/20171220_historic_mask.tiff
Created /mnt/data1/UniBe-swiss-ndvi/data/tiffs_historic_v7_compr/20171221_historic.tiff
Created /mnt/data1/UniBe-swiss-ndvi/data/tiffs_historic_v7_compr/20171221_historic_mask.tiff
Created /mnt/data1/UniBe-swiss-ndvi/data/tiffs_historic_v7_compr/20171222_historic.tiff
Created /mnt/data1/UniBe-swiss-ndvi/data/tiffs_historic_v7_compr/20171222_historic_mask.tiff
Created /mnt/data1/UniBe-swiss-ndvi/data/tiffs_historic_v7_compr/20171223_historic.tiff
Created /mnt/data1/UniBe-swiss-ndvi/data/tiffs_historic_v7_compr/20171223_historic_mask.tiff
Created /mnt/data1/UniBe-swiss-ndvi/data/tiffs_historic_v7_compr/20171224_historic.tiff
Created /mnt/data1/UniBe-swiss-ndvi/data/tiffs_historic_v7_compr/20171224_historic_mask.tiff
Created /mnt/data1/UniBe-swiss-ndvi/data/tiffs_historic_v7_compr/20171225_historic.tiff
Created /mnt/data1/UniBe-swiss-ndvi/data/tiffs_historic_v7_compr/20171225_historic_mask.tiff
Created /mnt/data1/UniBe-swiss-ndvi/data/tiffs_historic_v7_compr/20171226_historic.tiff
Created /mnt/data1/UniBe-swiss-ndvi/data/tiffs_historic_v7_compr/20171226_historic_mask.tiff
Created /mnt/data1/UniBe-swiss-ndvi/data/tiffs_historic_v7_compr/20171227_historic.tiff
Created /mnt/data1/UniBe-swiss-ndvi/data/tiffs_historic_v7_compr/20171227_historic_mask.tiff
Created /mnt/data1/UniBe-swiss-ndvi/data/tiffs_historic_v7_compr/20171228_historic.tiff
Created /mnt/data1/UniBe-swiss-ndvi/data/tiffs_historic_v7_compr/20171228_historic_mask.tiff
Created /mnt/data1/UniBe-swiss-ndvi/data/tiffs_historic_v7_compr/20171229_historic.tiff
Created /mnt/data1/UniBe-swiss-ndvi/data/tiffs_historic_v7_compr/20171229_historic_mask.tiff
Created /mnt/data1/UniBe-swiss-ndvi/data/tiffs_historic_v7_compr/20171230_historic.tiff
Created /mnt/data1/UniBe-swiss-ndvi/data/tiffs_historic_v7_compr/20171230_historic_mask.tiff
Created /mnt/data1/UniBe-swiss-ndvi/data/tiffs_historic_v7_compr/20171231_historic.tiff
Created /mnt/data1/UniBe-swiss-ndvi/data/tiffs_historic_v7_compr/20171231_historic_mask.tiff
Created /mnt/data1/UniBe-swiss-ndvi/data/tiffs_historic_v7_compr/20180101_historic.tiff
Created /mnt/data1/UniBe-swiss-ndvi/data/tiffs_historic_v7_compr/20180101_historic_mask.tiff
Created /mnt/data1/UniBe-swiss-ndvi/data/tiffs_historic_v7_compr/20180102_historic.tiff
Created /mnt/data1/UniBe-swiss-ndvi/data/tiffs_historic_v7_compr/20180102_historic_mask.tiff
Created /mnt/data1/UniBe-swiss-ndvi/data/tiffs_historic_v7_compr/20180103_historic.tiff
Created /mnt/data1/UniBe-swiss-ndvi/data/tiffs_historic_v7_compr/20180103_historic_mask.tiff
Created /mnt/data1/UniBe-swiss-ndvi/data/tiffs_historic_v7_compr/20180104_historic.tiff
Created /mnt/data1/UniBe-swiss-ndvi/data/tiffs_historic_v7_compr/20180104_historic_mask.tiff
Created /mnt/data1/UniBe-swiss-ndvi/data/tiffs_historic_v7_compr/20180105_historic.tiff
Created /mnt/data1/UniBe-swiss-ndvi/data/tiffs_historic_v7_compr/20180105_historic_mask.tiff
Created /mnt/data1/UniBe-swiss-ndvi/data/tiffs_historic_v7_compr/20180106_historic.tiff
Created /mnt/data1/UniBe-swiss-ndvi/data/tiffs_historic_v7_compr/20180106_historic_mask.tiff
Created /mnt/data1/UniBe-swiss-ndvi/data/tiffs_historic_v7_compr/20180107_historic.tiff
Created /mnt/data1/UniBe-swiss-ndvi/data/tiffs_historic_v7_compr/20180107_historic_mask.tiff
Created /mnt/data1/UniBe-swiss-ndvi/data/tiffs_historic_v7_compr/20180108_historic.tiff
Created /mnt/data1/UniBe-swiss-ndvi/data/tiffs_historic_v7_compr/20180108_historic_mask.tiff
Created /mnt/data1/UniBe-swiss-ndvi/data/tiffs_historic_v7_compr/20180109_historic.tiff
Created /mnt/data1/UniBe-swiss-ndvi/data/tiffs_historic_v7_compr/20180109_historic_mask.tiff
Created /mnt/data1/UniBe-swiss-ndvi/data/tiffs_historic_v7_compr/20180110_historic.tiff
Created /mnt/data1/UniBe-swiss-ndvi/data/tiffs_historic_v7_compr/20180110_historic_mask.tiff
Created /mnt/data1/UniBe-swiss-ndvi/data/tiffs_historic_v7_compr/20180111_historic.tiff
Created /mnt/data1/UniBe-swiss-ndvi/data/tiffs_historic_v7_compr/20180111_historic_mask.tiff
Created /mnt/data1/UniBe-swiss-ndvi/data/tiffs_historic_v7_compr/20180112_historic.tiff
Created /mnt/data1/UniBe-swiss-ndvi/data/tiffs_historic_v7_compr/20180112_historic_mask.tiff
Created /mnt/data1/UniBe-swiss-ndvi/data/tiffs_historic_v7_compr/20180113_historic.tiff
Created /mnt/data1/UniBe-swiss-ndvi/data/tiffs_historic_v7_compr/20180113_historic_mask.tiff
Created /mnt/data1/UniBe-swiss-ndvi/data/tiffs_historic_v7_compr/20180114_historic.tiff
Created /mnt/data1/UniBe-swiss-ndvi/data/tiffs_historic_v7_compr/20180114_historic_mask.tiff
Created /mnt/data1/UniBe-swiss-ndvi/data/tiffs_historic_v7_compr/20180115_historic.tiff
Created /mnt/data1/UniBe-swiss-ndvi/data/tiffs_historic_v7_compr/20180115_historic_mask.tiff
Created /mnt/data1/UniBe-swiss-ndvi/data/tiffs_historic_v7_compr/20180116_historic.tiff
Created /mnt/data1/UniBe-swiss-ndvi/data/tiffs_historic_v7_compr/20180116_historic_mask.tiff
Created /mnt/data1/UniBe-swiss-ndvi/data/tiffs_historic_v7_compr/20180117_historic.tiff
Created /mnt/data1/UniBe-swiss-ndvi/data/tiffs_historic_v7_compr/20180117_historic_mask.tiff
Created /mnt/data1/UniBe-swiss-ndvi/data/tiffs_historic_v7_compr/20180118_historic.tiff
Created /mnt/data1/UniBe-swiss-ndvi/data/tiffs_historic_v7_compr/20180118_historic_mask.tiff
Created /mnt/data1/UniBe-swiss-ndvi/data/tiffs_historic_v7_compr/20180119_historic.tiff
Created /mnt/data1/UniBe-swiss-ndvi/data/tiffs_historic_v7_compr/20180119_historic_mask.tiff
Created /mnt/data1/UniBe-swiss-ndvi/data/tiffs_historic_v7_compr/20180120_historic.tiff
Created /mnt/data1/UniBe-swiss-ndvi/data/tiffs_historic_v7_compr/20180120_historic_mask.tiff
Created /mnt/data1/UniBe-swiss-ndvi/data/tiffs_historic_v7_compr/20180121_historic.tiff
Created /mnt/data1/UniBe-swiss-ndvi/data/tiffs_historic_v7_compr/20180121_historic_mask.tiff
Created /mnt/data1/UniBe-swiss-ndvi/data/tiffs_historic_v7_compr/20180122_historic.tiff
Created /mnt/data1/UniBe-swiss-ndvi/data/tiffs_historic_v7_compr/20180122_historic_mask.tiff
Created /mnt/data1/UniBe-swiss-ndvi/data/tiffs_historic_v7_compr/20180123_historic.tiff
Created /mnt/data1/UniBe-swiss-ndvi/data/tiffs_historic_v7_compr/20180123_historic_mask.tiff
Created /mnt/data1/UniBe-swiss-ndvi/data/tiffs_historic_v7_compr/20180124_historic.tiff
Created /mnt/data1/UniBe-swiss-ndvi/data/tiffs_historic_v7_compr/20180124_historic_mask.tiff
Created /mnt/data1/UniBe-swiss-ndvi/data/tiffs_historic_v7_compr/20180125_historic.tiff
Created /mnt/data1/UniBe-swiss-ndvi/data/tiffs_historic_v7_compr/20180125_historic_mask.tiff
Created /mnt/data1/UniBe-swiss-ndvi/data/tiffs_historic_v7_compr/20180126_historic.tiff
Created /mnt/data1/UniBe-swiss-ndvi/data/tiffs_historic_v7_compr/20180126_historic_mask.tiff
Created /mnt/data1/UniBe-swiss-ndvi/data/tiffs_historic_v7_compr/20180127_historic.tiff
Created /mnt/data1/UniBe-swiss-ndvi/data/tiffs_historic_v7_compr/20180127_historic_mask.tiff
Created /mnt/data1/UniBe-swiss-ndvi/data/tiffs_historic_v7_compr/20180128_historic.tiff
Created /mnt/data1/UniBe-swiss-ndvi/data/tiffs_historic_v7_compr/20180128_historic_mask.tiff
Created /mnt/data1/UniBe-swiss-ndvi/data/tiffs_historic_v7_compr/20180129_historic.tiff
Created /mnt/data1/UniBe-swiss-ndvi/data/tiffs_historic_v7_compr/20180129_historic_mask.tiff
Created /mnt/data1/UniBe-swiss-ndvi/data/tiffs_historic_v7_compr/20180130_historic.tiff
Created /mnt/data1/UniBe-swiss-ndvi/data/tiffs_historic_v7_compr/20180130_historic_mask.tiff
Created /mnt/data1/UniBe-swiss-ndvi/data/tiffs_historic_v7_compr/20180131_historic.tiff
Created /mnt/data1/UniBe-swiss-ndvi/data/tiffs_historic_v7_compr/20180131_historic_mask.tiff
Created /mnt/data1/UniBe-swiss-ndvi/data/tiffs_historic_v7_compr/20180201_historic.tiff
Created /mnt/data1/UniBe-swiss-ndvi/data/tiffs_historic_v7_compr/20180201_historic_mask.tiff
Created /mnt/data1/UniBe-swiss-ndvi/data/tiffs_historic_v7_compr/20180202_historic.tiff
Created /mnt/data1/UniBe-swiss-ndvi/data/tiffs_historic_v7_compr/20180202_historic_mask.tiff
Created /mnt/data1/UniBe-swiss-ndvi/data/tiffs_historic_v7_compr/20180203_historic.tiff
Created /mnt/data1/UniBe-swiss-ndvi/data/tiffs_historic_v7_compr/20180203_historic_mask.tiff
Created /mnt/data1/UniBe-swiss-ndvi/data/tiffs_historic_v7_compr/20180204_historic.tiff
Created /mnt/data1/UniBe-swiss-ndvi/data/tiffs_historic_v7_compr/20180204_historic_mask.tiff
Created /mnt/data1/UniBe-swiss-ndvi/data/tiffs_historic_v7_compr/20180205_historic.tiff
Created /mnt/data1/UniBe-swiss-ndvi/data/tiffs_historic_v7_compr/20180205_historic_mask.tiff
Created /mnt/data1/UniBe-swiss-ndvi/data/tiffs_historic_v7_compr/20180206_historic.tiff
Created /mnt/data1/UniBe-swiss-ndvi/data/tiffs_historic_v7_compr/20180206_historic_mask.tiff
Created /mnt/data1/UniBe-swiss-ndvi/data/tiffs_historic_v7_compr/20180207_historic.tiff
Created /mnt/data1/UniBe-swiss-ndvi/data/tiffs_historic_v7_compr/20180207_historic_mask.tiff
Created /mnt/data1/UniBe-swiss-ndvi/data/tiffs_historic_v7_compr/20180208_historic.tiff
Created /mnt/data1/UniBe-swiss-ndvi/data/tiffs_historic_v7_compr/20180208_historic_mask.tiff
Created /mnt/data1/UniBe-swiss-ndvi/data/tiffs_historic_v7_compr/20180209_historic.tiff
Created /mnt/data1/UniBe-swiss-ndvi/data/tiffs_historic_v7_compr/20180209_historic_mask.tiff
Created /mnt/data1/UniBe-swiss-ndvi/data/tiffs_historic_v7_compr/20180210_historic.tiff
Created /mnt/data1/UniBe-swiss-ndvi/data/tiffs_historic_v7_compr/20180210_historic_mask.tiff
Created /mnt/data1/UniBe-swiss-ndvi/data/tiffs_historic_v7_compr/20180211_historic.tiff
Created /mnt/data1/UniBe-swiss-ndvi/data/tiffs_historic_v7_compr/20180211_historic_mask.tiff
Created /mnt/data1/UniBe-swiss-ndvi/data/tiffs_historic_v7_compr/20180212_historic.tiff
Created /mnt/data1/UniBe-swiss-ndvi/data/tiffs_historic_v7_compr/20180212_historic_mask.tiff
Created /mnt/data1/UniBe-swiss-ndvi/data/tiffs_historic_v7_compr/20180213_historic.tiff
Created /mnt/data1/UniBe-swiss-ndvi/data/tiffs_historic_v7_compr/20180213_historic_mask.tiff
Created /mnt/data1/UniBe-swiss-ndvi/data/tiffs_historic_v7_compr/20180214_historic.tiff
Created /mnt/data1/UniBe-swiss-ndvi/data/tiffs_historic_v7_compr/20180214_historic_mask.tiff
Created /mnt/data1/UniBe-swiss-ndvi/data/tiffs_historic_v7_compr/20180215_historic.tiff
Created /mnt/data1/UniBe-swiss-ndvi/data/tiffs_historic_v7_compr/20180215_historic_mask.tiff
Created /mnt/data1/UniBe-swiss-ndvi/data/tiffs_historic_v7_compr/20180216_historic.tiff
Created /mnt/data1/UniBe-swiss-ndvi/data/tiffs_historic_v7_compr/20180216_historic_mask.tiff
Created /mnt/data1/UniBe-swiss-ndvi/data/tiffs_historic_v7_compr/20180217_historic.tiff
Created /mnt/data1/UniBe-swiss-ndvi/data/tiffs_historic_v7_compr/20180217_historic_mask.tiff
Created /mnt/data1/UniBe-swiss-ndvi/data/tiffs_historic_v7_compr/20180218_historic.tiff
Created /mnt/data1/UniBe-swiss-ndvi/data/tiffs_historic_v7_compr/20180218_historic_mask.tiff
Created /mnt/data1/UniBe-swiss-ndvi/data/tiffs_historic_v7_compr/20180219_historic.tiff
Created /mnt/data1/UniBe-swiss-ndvi/data/tiffs_historic_v7_compr/20180219_historic_mask.tiff
Created /mnt/data1/UniBe-swiss-ndvi/data/tiffs_historic_v7_compr/20180220_historic.tiff
Created /mnt/data1/UniBe-swiss-ndvi/data/tiffs_historic_v7_compr/20180220_historic_mask.tiff
Created /mnt/data1/UniBe-swiss-ndvi/data/tiffs_historic_v7_compr/20180221_historic.tiff
Created /mnt/data1/UniBe-swiss-ndvi/data/tiffs_historic_v7_compr/20180221_historic_mask.tiff
Created /mnt/data1/UniBe-swiss-ndvi/data/tiffs_historic_v7_compr/20180222_historic.tiff
Created /mnt/data1/UniBe-swiss-ndvi/data/tiffs_historic_v7_compr/20180222_historic_mask.tiff
Created /mnt/data1/UniBe-swiss-ndvi/data/tiffs_historic_v7_compr/20180223_historic.tiff
Created /mnt/data1/UniBe-swiss-ndvi/data/tiffs_historic_v7_compr/20180223_historic_mask.tiff
Created /mnt/data1/UniBe-swiss-ndvi/data/tiffs_historic_v7_compr/20180224_historic.tiff
Created /mnt/data1/UniBe-swiss-ndvi/data/tiffs_historic_v7_compr/20180224_historic_mask.tiff
Created /mnt/data1/UniBe-swiss-ndvi/data/tiffs_historic_v7_compr/20180225_historic.tiff
Created /mnt/data1/UniBe-swiss-ndvi/data/tiffs_historic_v7_compr/20180225_historic_mask.tiff
Created /mnt/data1/UniBe-swiss-ndvi/data/tiffs_historic_v7_compr/20180226_historic.tiff
Created /mnt/data1/UniBe-swiss-ndvi/data/tiffs_historic_v7_compr/20180226_historic_mask.tiff
Created /mnt/data1/UniBe-swiss-ndvi/data/tiffs_historic_v7_compr/20180227_historic.tiff
Created /mnt/data1/UniBe-swiss-ndvi/data/tiffs_historic_v7_compr/20180227_historic_mask.tiff
Created /mnt/data1/UniBe-swiss-ndvi/data/tiffs_historic_v7_compr/20180228_historic.tiff
Created /mnt/data1/UniBe-swiss-ndvi/data/tiffs_historic_v7_compr/20180228_historic_mask.tiff
Created /mnt/data1/UniBe-swiss-ndvi/data/tiffs_historic_v7_compr/20180301_historic.tiff
Created /mnt/data1/UniBe-swiss-ndvi/data/tiffs_historic_v7_compr/20180301_historic_mask.tiff
Created /mnt/data1/UniBe-swiss-ndvi/data/tiffs_historic_v7_compr/20180302_historic.tiff
Created /mnt/data1/UniBe-swiss-ndvi/data/tiffs_historic_v7_compr/20180302_historic_mask.tiff
Created /mnt/data1/UniBe-swiss-ndvi/data/tiffs_historic_v7_compr/20180303_historic.tiff
Created /mnt/data1/UniBe-swiss-ndvi/data/tiffs_historic_v7_compr/20180303_historic_mask.tiff
Created /mnt/data1/UniBe-swiss-ndvi/data/tiffs_historic_v7_compr/20180304_historic.tiff
Created /mnt/data1/UniBe-swiss-ndvi/data/tiffs_historic_v7_compr/20180304_historic_mask.tiff
Created /mnt/data1/UniBe-swiss-ndvi/data/tiffs_historic_v7_compr/20180305_historic.tiff
Created /mnt/data1/UniBe-swiss-ndvi/data/tiffs_historic_v7_compr/20180305_historic_mask.tiff
Created /mnt/data1/UniBe-swiss-ndvi/data/tiffs_historic_v7_compr/20180306_historic.tiff
Created /mnt/data1/UniBe-swiss-ndvi/data/tiffs_historic_v7_compr/20180306_historic_mask.tiff
Created /mnt/data1/UniBe-swiss-ndvi/data/tiffs_historic_v7_compr/20180307_historic.tiff
Created /mnt/data1/UniBe-swiss-ndvi/data/tiffs_historic_v7_compr/20180307_historic_mask.tiff
Created /mnt/data1/UniBe-swiss-ndvi/data/tiffs_historic_v7_compr/20180308_historic.tiff
Created /mnt/data1/UniBe-swiss-ndvi/data/tiffs_historic_v7_compr/20180308_historic_mask.tiff
Created /mnt/data1/UniBe-swiss-ndvi/data/tiffs_historic_v7_compr/20180309_historic.tiff
Created /mnt/data1/UniBe-swiss-ndvi/data/tiffs_historic_v7_compr/20180309_historic_mask.tiff
Created /mnt/data1/UniBe-swiss-ndvi/data/tiffs_historic_v7_compr/20180310_historic.tiff
Created /mnt/data1/UniBe-swiss-ndvi/data/tiffs_historic_v7_compr/20180310_historic_mask.tiff
Created /mnt/data1/UniBe-swiss-ndvi/data/tiffs_historic_v7_compr/20180311_historic.tiff
Created /mnt/data1/UniBe-swiss-ndvi/data/tiffs_historic_v7_compr/20180311_historic_mask.tiff
Created /mnt/data1/UniBe-swiss-ndvi/data/tiffs_historic_v7_compr/20180312_historic.tiff
Created /mnt/data1/UniBe-swiss-ndvi/data/tiffs_historic_v7_compr/20180312_historic_mask.tiff
Created /mnt/data1/UniBe-swiss-ndvi/data/tiffs_historic_v7_compr/20180313_historic.tiff
Created /mnt/data1/UniBe-swiss-ndvi/data/tiffs_historic_v7_compr/20180313_historic_mask.tiff
Created /mnt/data1/UniBe-swiss-ndvi/data/tiffs_historic_v7_compr/20180314_historic.tiff
Created /mnt/data1/UniBe-swiss-ndvi/data/tiffs_historic_v7_compr/20180314_historic_mask.tiff
Created /mnt/data1/UniBe-swiss-ndvi/data/tiffs_historic_v7_compr/20180315_historic.tiff
Created /mnt/data1/UniBe-swiss-ndvi/data/tiffs_historic_v7_compr/20180315_historic_mask.tiff
Created /mnt/data1/UniBe-swiss-ndvi/data/tiffs_historic_v7_compr/20180316_historic.tiff
Created /mnt/data1/UniBe-swiss-ndvi/data/tiffs_historic_v7_compr/20180316_historic_mask.tiff
Created /mnt/data1/UniBe-swiss-ndvi/data/tiffs_historic_v7_compr/20180317_historic.tiff
Created /mnt/data1/UniBe-swiss-ndvi/data/tiffs_historic_v7_compr/20180317_historic_mask.tiff
Created /mnt/data1/UniBe-swiss-ndvi/data/tiffs_historic_v7_compr/20180318_historic.tiff
Created /mnt/data1/UniBe-swiss-ndvi/data/tiffs_historic_v7_compr/20180318_historic_mask.tiff
Created /mnt/data1/UniBe-swiss-ndvi/data/tiffs_historic_v7_compr/20180319_historic.tiff
Created /mnt/data1/UniBe-swiss-ndvi/data/tiffs_historic_v7_compr/20180319_historic_mask.tiff
Created /mnt/data1/UniBe-swiss-ndvi/data/tiffs_historic_v7_compr/20180320_historic.tiff
Created /mnt/data1/UniBe-swiss-ndvi/data/tiffs_historic_v7_compr/20180320_historic_mask.tiff
Created /mnt/data1/UniBe-swiss-ndvi/data/tiffs_historic_v7_compr/20180321_historic.tiff
Created /mnt/data1/UniBe-swiss-ndvi/data/tiffs_historic_v7_compr/20180321_historic_mask.tiff
Created /mnt/data1/UniBe-swiss-ndvi/data/tiffs_historic_v7_compr/20180322_historic.tiff
Created /mnt/data1/UniBe-swiss-ndvi/data/tiffs_historic_v7_compr/20180322_historic_mask.tiff
Created /mnt/data1/UniBe-swiss-ndvi/data/tiffs_historic_v7_compr/20180323_historic.tiff
Created /mnt/data1/UniBe-swiss-ndvi/data/tiffs_historic_v7_compr/20180323_historic_mask.tiff
Created /mnt/data1/UniBe-swiss-ndvi/data/tiffs_historic_v7_compr/20180324_historic.tiff
Created /mnt/data1/UniBe-swiss-ndvi/data/tiffs_historic_v7_compr/20180324_historic_mask.tiff
Created /mnt/data1/UniBe-swiss-ndvi/data/tiffs_historic_v7_compr/20180325_historic.tiff
Created /mnt/data1/UniBe-swiss-ndvi/data/tiffs_historic_v7_compr/20180325_historic_mask.tiff
Created /mnt/data1/UniBe-swiss-ndvi/data/tiffs_historic_v7_compr/20180326_historic.tiff
Created /mnt/data1/UniBe-swiss-ndvi/data/tiffs_historic_v7_compr/20180326_historic_mask.tiff
Created /mnt/data1/UniBe-swiss-ndvi/data/tiffs_historic_v7_compr/20180327_historic.tiff
Created /mnt/data1/UniBe-swiss-ndvi/data/tiffs_historic_v7_compr/20180327_historic_mask.tiff
Created /mnt/data1/UniBe-swiss-ndvi/data/tiffs_historic_v7_compr/20180328_historic.tiff
Created /mnt/data1/UniBe-swiss-ndvi/data/tiffs_historic_v7_compr/20180328_historic_mask.tiff
Created /mnt/data1/UniBe-swiss-ndvi/data/tiffs_historic_v7_compr/20180329_historic.tiff
Created /mnt/data1/UniBe-swiss-ndvi/data/tiffs_historic_v7_compr/20180329_historic_mask.tiff
Created /mnt/data1/UniBe-swiss-ndvi/data/tiffs_historic_v7_compr/20180330_historic.tiff
Created /mnt/data1/UniBe-swiss-ndvi/data/tiffs_historic_v7_compr/20180330_historic_mask.tiff
Created /mnt/data1/UniBe-swiss-ndvi/data/tiffs_historic_v7_compr/20180331_historic.tiff
Created /mnt/data1/UniBe-swiss-ndvi/data/tiffs_historic_v7_compr/20180331_historic_mask.tiff
Created /mnt/data1/UniBe-swiss-ndvi/data/tiffs_historic_v7_compr/20180401_historic.tiff
Created /mnt/data1/UniBe-swiss-ndvi/data/tiffs_historic_v7_compr/20180401_historic_mask.tiff
Created /mnt/data1/UniBe-swiss-ndvi/data/tiffs_historic_v7_compr/20180402_historic.tiff
Created /mnt/data1/UniBe-swiss-ndvi/data/tiffs_historic_v7_compr/20180402_historic_mask.tiff
Created /mnt/data1/UniBe-swiss-ndvi/data/tiffs_historic_v7_compr/20180403_historic.tiff
Created /mnt/data1/UniBe-swiss-ndvi/data/tiffs_historic_v7_compr/20180403_historic_mask.tiff
Created /mnt/data1/UniBe-swiss-ndvi/data/tiffs_historic_v7_compr/20180404_historic.tiff
Created /mnt/data1/UniBe-swiss-ndvi/data/tiffs_historic_v7_compr/20180404_historic_mask.tiff
Created /mnt/data1/UniBe-swiss-ndvi/data/tiffs_historic_v7_compr/20180405_historic.tiff
Created /mnt/data1/UniBe-swiss-ndvi/data/tiffs_historic_v7_compr/20180405_historic_mask.tiff
Created /mnt/data1/UniBe-swiss-ndvi/data/tiffs_historic_v7_compr/20180406_historic.tiff
Created /mnt/data1/UniBe-swiss-ndvi/data/tiffs_historic_v7_compr/20180406_historic_mask.tiff
Created /mnt/data1/UniBe-swiss-ndvi/data/tiffs_historic_v7_compr/20180407_historic.tiff
Created /mnt/data1/UniBe-swiss-ndvi/data/tiffs_historic_v7_compr/20180407_historic_mask.tiff
Created /mnt/data1/UniBe-swiss-ndvi/data/tiffs_historic_v7_compr/20180408_historic.tiff
Created /mnt/data1/UniBe-swiss-ndvi/data/tiffs_historic_v7_compr/20180408_historic_mask.tiff
Created /mnt/data1/UniBe-swiss-ndvi/data/tiffs_historic_v7_compr/20180409_historic.tiff
Created /mnt/data1/UniBe-swiss-ndvi/data/tiffs_historic_v7_compr/20180409_historic_mask.tiff
Created /mnt/data1/UniBe-swiss-ndvi/data/tiffs_historic_v7_compr/20180410_historic.tiff
Created /mnt/data1/UniBe-swiss-ndvi/data/tiffs_historic_v7_compr/20180410_historic_mask.tiff
Created /mnt/data1/UniBe-swiss-ndvi/data/tiffs_historic_v7_compr/20180411_historic.tiff
Created /mnt/data1/UniBe-swiss-ndvi/data/tiffs_historic_v7_compr/20180411_historic_mask.tiff
Created /mnt/data1/UniBe-swiss-ndvi/data/tiffs_historic_v7_compr/20180412_historic.tiff
Created /mnt/data1/UniBe-swiss-ndvi/data/tiffs_historic_v7_compr/20180412_historic_mask.tiff
Created /mnt/data1/UniBe-swiss-ndvi/data/tiffs_historic_v7_compr/20180413_historic.tiff
Created /mnt/data1/UniBe-swiss-ndvi/data/tiffs_historic_v7_compr/20180413_historic_mask.tiff
Created /mnt/data1/UniBe-swiss-ndvi/data/tiffs_historic_v7_compr/20180414_historic.tiff
Created /mnt/data1/UniBe-swiss-ndvi/data/tiffs_historic_v7_compr/20180414_historic_mask.tiff
Created /mnt/data1/UniBe-swiss-ndvi/data/tiffs_historic_v7_compr/20180415_historic.tiff
Created /mnt/data1/UniBe-swiss-ndvi/data/tiffs_historic_v7_compr/20180415_historic_mask.tiff
Created /mnt/data1/UniBe-swiss-ndvi/data/tiffs_historic_v7_compr/20180416_historic.tiff
Created /mnt/data1/UniBe-swiss-ndvi/data/tiffs_historic_v7_compr/20180416_historic_mask.tiff
Created /mnt/data1/UniBe-swiss-ndvi/data/tiffs_historic_v7_compr/20180417_historic.tiff
Created /mnt/data1/UniBe-swiss-ndvi/data/tiffs_historic_v7_compr/20180417_historic_mask.tiff
Created /mnt/data1/UniBe-swiss-ndvi/data/tiffs_historic_v7_compr/20180418_historic.tiff
Created /mnt/data1/UniBe-swiss-ndvi/data/tiffs_historic_v7_compr/20180418_historic_mask.tiff
Created /mnt/data1/UniBe-swiss-ndvi/data/tiffs_historic_v7_compr/20180419_historic.tiff
Created /mnt/data1/UniBe-swiss-ndvi/data/tiffs_historic_v7_compr/20180419_historic_mask.tiff
Created /mnt/data1/UniBe-swiss-ndvi/data/tiffs_historic_v7_compr/20180420_historic.tiff
Created /mnt/data1/UniBe-swiss-ndvi/data/tiffs_historic_v7_compr/20180420_historic_mask.tiff
Created /mnt/data1/UniBe-swiss-ndvi/data/tiffs_historic_v7_compr/20180421_historic.tiff
Created /mnt/data1/UniBe-swiss-ndvi/data/tiffs_historic_v7_compr/20180421_historic_mask.tiff
Created /mnt/data1/UniBe-swiss-ndvi/data/tiffs_historic_v7_compr/20180422_historic.tiff
Created /mnt/data1/UniBe-swiss-ndvi/data/tiffs_historic_v7_compr/20180422_historic_mask.tiff
Created /mnt/data1/UniBe-swiss-ndvi/data/tiffs_historic_v7_compr/20180423_historic.tiff
Created /mnt/data1/UniBe-swiss-ndvi/data/tiffs_historic_v7_compr/20180423_historic_mask.tiff
Created /mnt/data1/UniBe-swiss-ndvi/data/tiffs_historic_v7_compr/20180424_historic.tiff
Created /mnt/data1/UniBe-swiss-ndvi/data/tiffs_historic_v7_compr/20180424_historic_mask.tiff
Created /mnt/data1/UniBe-swiss-ndvi/data/tiffs_historic_v7_compr/20180425_historic.tiff
Created /mnt/data1/UniBe-swiss-ndvi/data/tiffs_historic_v7_compr/20180425_historic_mask.tiff
Created /mnt/data1/UniBe-swiss-ndvi/data/tiffs_historic_v7_compr/20180426_historic.tiff
Created /mnt/data1/UniBe-swiss-ndvi/data/tiffs_historic_v7_compr/20180426_historic_mask.tiff
Created /mnt/data1/UniBe-swiss-ndvi/data/tiffs_historic_v7_compr/20180427_historic.tiff
Created /mnt/data1/UniBe-swiss-ndvi/data/tiffs_historic_v7_compr/20180427_historic_mask.tiff
Created /mnt/data1/UniBe-swiss-ndvi/data/tiffs_historic_v7_compr/20180428_historic.tiff
Created /mnt/data1/UniBe-swiss-ndvi/data/tiffs_historic_v7_compr/20180428_historic_mask.tiff
Created /mnt/data1/UniBe-swiss-ndvi/data/tiffs_historic_v7_compr/20180429_historic.tiff
Created /mnt/data1/UniBe-swiss-ndvi/data/tiffs_historic_v7_compr/20180429_historic_mask.tiff
Created /mnt/data1/UniBe-swiss-ndvi/data/tiffs_historic_v7_compr/20180430_historic.tiff
Created /mnt/data1/UniBe-swiss-ndvi/data/tiffs_historic_v7_compr/20180430_historic_mask.tiff
Created /mnt/data1/UniBe-swiss-ndvi/data/tiffs_historic_v7_compr/20180501_historic.tiff
Created /mnt/data1/UniBe-swiss-ndvi/data/tiffs_historic_v7_compr/20180501_historic_mask.tiff
Created /mnt/data1/UniBe-swiss-ndvi/data/tiffs_historic_v7_compr/20180502_historic.tiff
Created /mnt/data1/UniBe-swiss-ndvi/data/tiffs_historic_v7_compr/20180502_historic_mask.tiff
Created /mnt/data1/UniBe-swiss-ndvi/data/tiffs_historic_v7_compr/20180503_historic.tiff
Created /mnt/data1/UniBe-swiss-ndvi/data/tiffs_historic_v7_compr/20180503_historic_mask.tiff
Created /mnt/data1/UniBe-swiss-ndvi/data/tiffs_historic_v7_compr/20180504_historic.tiff
Created /mnt/data1/UniBe-swiss-ndvi/data/tiffs_historic_v7_compr/20180504_historic_mask.tiff
Created /mnt/data1/UniBe-swiss-ndvi/data/tiffs_historic_v7_compr/20180505_historic.tiff
Created /mnt/data1/UniBe-swiss-ndvi/data/tiffs_historic_v7_compr/20180505_historic_mask.tiff
Created /mnt/data1/UniBe-swiss-ndvi/data/tiffs_historic_v7_compr/20180506_historic.tiff
Created /mnt/data1/UniBe-swiss-ndvi/data/tiffs_historic_v7_compr/20180506_historic_mask.tiff
Created /mnt/data1/UniBe-swiss-ndvi/data/tiffs_historic_v7_compr/20180507_historic.tiff
Created /mnt/data1/UniBe-swiss-ndvi/data/tiffs_historic_v7_compr/20180507_historic_mask.tiff
Created /mnt/data1/UniBe-swiss-ndvi/data/tiffs_historic_v7_compr/20180508_historic.tiff
Created /mnt/data1/UniBe-swiss-ndvi/data/tiffs_historic_v7_compr/20180508_historic_mask.tiff
Created /mnt/data1/UniBe-swiss-ndvi/data/tiffs_historic_v7_compr/20180509_historic.tiff
Created /mnt/data1/UniBe-swiss-ndvi/data/tiffs_historic_v7_compr/20180509_historic_mask.tiff
Created /mnt/data1/UniBe-swiss-ndvi/data/tiffs_historic_v7_compr/20180510_historic.tiff
Created /mnt/data1/UniBe-swiss-ndvi/data/tiffs_historic_v7_compr/20180510_historic_mask.tiff
Created /mnt/data1/UniBe-swiss-ndvi/data/tiffs_historic_v7_compr/20180511_historic.tiff
Created /mnt/data1/UniBe-swiss-ndvi/data/tiffs_historic_v7_compr/20180511_historic_mask.tiff
Created /mnt/data1/UniBe-swiss-ndvi/data/tiffs_historic_v7_compr/20180512_historic.tiff
Created /mnt/data1/UniBe-swiss-ndvi/data/tiffs_historic_v7_compr/20180512_historic_mask.tiff
Created /mnt/data1/UniBe-swiss-ndvi/data/tiffs_historic_v7_compr/20180513_historic.tiff
Created /mnt/data1/UniBe-swiss-ndvi/data/tiffs_historic_v7_compr/20180513_historic_mask.tiff
Created /mnt/data1/UniBe-swiss-ndvi/data/tiffs_historic_v7_compr/20180514_historic.tiff
Created /mnt/data1/UniBe-swiss-ndvi/data/tiffs_historic_v7_compr/20180514_historic_mask.tiff
Created /mnt/data1/UniBe-swiss-ndvi/data/tiffs_historic_v7_compr/20180515_historic.tiff
Created /mnt/data1/UniBe-swiss-ndvi/data/tiffs_historic_v7_compr/20180515_historic_mask.tiff
Created /mnt/data1/UniBe-swiss-ndvi/data/tiffs_historic_v7_compr/20180516_historic.tiff
Created /mnt/data1/UniBe-swiss-ndvi/data/tiffs_historic_v7_compr/20180516_historic_mask.tiff
Created /mnt/data1/UniBe-swiss-ndvi/data/tiffs_historic_v7_compr/20180517_historic.tiff
Created /mnt/data1/UniBe-swiss-ndvi/data/tiffs_historic_v7_compr/20180517_historic_mask.tiff
Created /mnt/data1/UniBe-swiss-ndvi/data/tiffs_historic_v7_compr/20180518_historic.tiff
Created /mnt/data1/UniBe-swiss-ndvi/data/tiffs_historic_v7_compr/20180518_historic_mask.tiff
Created /mnt/data1/UniBe-swiss-ndvi/data/tiffs_historic_v7_compr/20180519_historic.tiff
Created /mnt/data1/UniBe-swiss-ndvi/data/tiffs_historic_v7_compr/20180519_historic_mask.tiff
Created /mnt/data1/UniBe-swiss-ndvi/data/tiffs_historic_v7_compr/20180520_historic.tiff
Created /mnt/data1/UniBe-swiss-ndvi/data/tiffs_historic_v7_compr/20180520_historic_mask.tiff
Created /mnt/data1/UniBe-swiss-ndvi/data/tiffs_historic_v7_compr/20180521_historic.tiff
Created /mnt/data1/UniBe-swiss-ndvi/data/tiffs_historic_v7_compr/20180521_historic_mask.tiff
Created /mnt/data1/UniBe-swiss-ndvi/data/tiffs_historic_v7_compr/20180522_historic.tiff
Created /mnt/data1/UniBe-swiss-ndvi/data/tiffs_historic_v7_compr/20180522_historic_mask.tiff
Created /mnt/data1/UniBe-swiss-ndvi/data/tiffs_historic_v7_compr/20180523_historic.tiff
Created /mnt/data1/UniBe-swiss-ndvi/data/tiffs_historic_v7_compr/20180523_historic_mask.tiff
Created /mnt/data1/UniBe-swiss-ndvi/data/tiffs_historic_v7_compr/20180524_historic.tiff
Created /mnt/data1/UniBe-swiss-ndvi/data/tiffs_historic_v7_compr/20180524_historic_mask.tiff
Created /mnt/data1/UniBe-swiss-ndvi/data/tiffs_historic_v7_compr/20180525_historic.tiff
Created /mnt/data1/UniBe-swiss-ndvi/data/tiffs_historic_v7_compr/20180525_historic_mask.tiff
Created /mnt/data1/UniBe-swiss-ndvi/data/tiffs_historic_v7_compr/20180526_historic.tiff
Created /mnt/data1/UniBe-swiss-ndvi/data/tiffs_historic_v7_compr/20180526_historic_mask.tiff
Created /mnt/data1/UniBe-swiss-ndvi/data/tiffs_historic_v7_compr/20180527_historic.tiff
Created /mnt/data1/UniBe-swiss-ndvi/data/tiffs_historic_v7_compr/20180527_historic_mask.tiff
Created /mnt/data1/UniBe-swiss-ndvi/data/tiffs_historic_v7_compr/20180528_historic.tiff
Created /mnt/data1/UniBe-swiss-ndvi/data/tiffs_historic_v7_compr/20180528_historic_mask.tiff
Created /mnt/data1/UniBe-swiss-ndvi/data/tiffs_historic_v7_compr/20180529_historic.tiff
Created /mnt/data1/UniBe-swiss-ndvi/data/tiffs_historic_v7_compr/20180529_historic_mask.tiff
Created /mnt/data1/UniBe-swiss-ndvi/data/tiffs_historic_v7_compr/20180530_historic.tiff
Created /mnt/data1/UniBe-swiss-ndvi/data/tiffs_historic_v7_compr/20180530_historic_mask.tiff
Created /mnt/data1/UniBe-swiss-ndvi/data/tiffs_historic_v7_compr/20180531_historic.tiff
Created /mnt/data1/UniBe-swiss-ndvi/data/tiffs_historic_v7_compr/20180531_historic_mask.tiff
Created /mnt/data1/UniBe-swiss-ndvi/data/tiffs_historic_v7_compr/20180601_historic.tiff
Created /mnt/data1/UniBe-swiss-ndvi/data/tiffs_historic_v7_compr/20180601_historic_mask.tiff
Created /mnt/data1/UniBe-swiss-ndvi/data/tiffs_historic_v7_compr/20180602_historic.tiff
Created /mnt/data1/UniBe-swiss-ndvi/data/tiffs_historic_v7_compr/20180602_historic_mask.tiff
Created /mnt/data1/UniBe-swiss-ndvi/data/tiffs_historic_v7_compr/20180603_historic.tiff
Created /mnt/data1/UniBe-swiss-ndvi/data/tiffs_historic_v7_compr/20180603_historic_mask.tiff
Created /mnt/data1/UniBe-swiss-ndvi/data/tiffs_historic_v7_compr/20180604_historic.tiff
Created /mnt/data1/UniBe-swiss-ndvi/data/tiffs_historic_v7_compr/20180604_historic_mask.tiff
Created /mnt/data1/UniBe-swiss-ndvi/data/tiffs_historic_v7_compr/20180605_historic.tiff
Created /mnt/data1/UniBe-swiss-ndvi/data/tiffs_historic_v7_compr/20180605_historic_mask.tiff
Created /mnt/data1/UniBe-swiss-ndvi/data/tiffs_historic_v7_compr/20180606_historic.tiff
Created /mnt/data1/UniBe-swiss-ndvi/data/tiffs_historic_v7_compr/20180606_historic_mask.tiff
Created /mnt/data1/UniBe-swiss-ndvi/data/tiffs_historic_v7_compr/20180607_historic.tiff
Created /mnt/data1/UniBe-swiss-ndvi/data/tiffs_historic_v7_compr/20180607_historic_mask.tiff
Created /mnt/data1/UniBe-swiss-ndvi/data/tiffs_historic_v7_compr/20180608_historic.tiff
Created /mnt/data1/UniBe-swiss-ndvi/data/tiffs_historic_v7_compr/20180608_historic_mask.tiff
Created /mnt/data1/UniBe-swiss-ndvi/data/tiffs_historic_v7_compr/20180609_historic.tiff
Created /mnt/data1/UniBe-swiss-ndvi/data/tiffs_historic_v7_compr/20180609_historic_mask.tiff
Created /mnt/data1/UniBe-swiss-ndvi/data/tiffs_historic_v7_compr/20180610_historic.tiff
Created /mnt/data1/UniBe-swiss-ndvi/data/tiffs_historic_v7_compr/20180610_historic_mask.tiff
Created /mnt/data1/UniBe-swiss-ndvi/data/tiffs_historic_v7_compr/20180611_historic.tiff
Created /mnt/data1/UniBe-swiss-ndvi/data/tiffs_historic_v7_compr/20180611_historic_mask.tiff
Created /mnt/data1/UniBe-swiss-ndvi/data/tiffs_historic_v7_compr/20180612_historic.tiff
Created /mnt/data1/UniBe-swiss-ndvi/data/tiffs_historic_v7_compr/20180612_historic_mask.tiff
Created /mnt/data1/UniBe-swiss-ndvi/data/tiffs_historic_v7_compr/20180613_historic.tiff
Created /mnt/data1/UniBe-swiss-ndvi/data/tiffs_historic_v7_compr/20180613_historic_mask.tiff
Created /mnt/data1/UniBe-swiss-ndvi/data/tiffs_historic_v7_compr/20180614_historic.tiff
Created /mnt/data1/UniBe-swiss-ndvi/data/tiffs_historic_v7_compr/20180614_historic_mask.tiff
Created /mnt/data1/UniBe-swiss-ndvi/data/tiffs_historic_v7_compr/20180615_historic.tiff
Created /mnt/data1/UniBe-swiss-ndvi/data/tiffs_historic_v7_compr/20180615_historic_mask.tiff
Created /mnt/data1/UniBe-swiss-ndvi/data/tiffs_historic_v7_compr/20180616_historic.tiff
Created /mnt/data1/UniBe-swiss-ndvi/data/tiffs_historic_v7_compr/20180616_historic_mask.tiff
Created /mnt/data1/UniBe-swiss-ndvi/data/tiffs_historic_v7_compr/20180617_historic.tiff
Created /mnt/data1/UniBe-swiss-ndvi/data/tiffs_historic_v7_compr/20180617_historic_mask.tiff
Created /mnt/data1/UniBe-swiss-ndvi/data/tiffs_historic_v7_compr/20180618_historic.tiff
Created /mnt/data1/UniBe-swiss-ndvi/data/tiffs_historic_v7_compr/20180618_historic_mask.tiff
Created /mnt/data1/UniBe-swiss-ndvi/data/tiffs_historic_v7_compr/20180619_historic.tiff
Created /mnt/data1/UniBe-swiss-ndvi/data/tiffs_historic_v7_compr/20180619_historic_mask.tiff
Created /mnt/data1/UniBe-swiss-ndvi/data/tiffs_historic_v7_compr/20180620_historic.tiff
Created /mnt/data1/UniBe-swiss-ndvi/data/tiffs_historic_v7_compr/20180620_historic_mask.tiff
Created /mnt/data1/UniBe-swiss-ndvi/data/tiffs_historic_v7_compr/20180621_historic.tiff
Created /mnt/data1/UniBe-swiss-ndvi/data/tiffs_historic_v7_compr/20180621_historic_mask.tiff
Created /mnt/data1/UniBe-swiss-ndvi/data/tiffs_historic_v7_compr/20180622_historic.tiff
Created /mnt/data1/UniBe-swiss-ndvi/data/tiffs_historic_v7_compr/20180622_historic_mask.tiff
Created /mnt/data1/UniBe-swiss-ndvi/data/tiffs_historic_v7_compr/20180623_historic.tiff
Created /mnt/data1/UniBe-swiss-ndvi/data/tiffs_historic_v7_compr/20180623_historic_mask.tiff
Created /mnt/data1/UniBe-swiss-ndvi/data/tiffs_historic_v7_compr/20180624_historic.tiff
Created /mnt/data1/UniBe-swiss-ndvi/data/tiffs_historic_v7_compr/20180624_historic_mask.tiff
Created /mnt/data1/UniBe-swiss-ndvi/data/tiffs_historic_v7_compr/20180625_historic.tiff
Created /mnt/data1/UniBe-swiss-ndvi/data/tiffs_historic_v7_compr/20180625_historic_mask.tiff
Created /mnt/data1/UniBe-swiss-ndvi/data/tiffs_historic_v7_compr/20180626_historic.tiff
Created /mnt/data1/UniBe-swiss-ndvi/data/tiffs_historic_v7_compr/20180626_historic_mask.tiff
Created /mnt/data1/UniBe-swiss-ndvi/data/tiffs_historic_v7_compr/20180627_historic.tiff
Created /mnt/data1/UniBe-swiss-ndvi/data/tiffs_historic_v7_compr/20180627_historic_mask.tiff
Created /mnt/data1/UniBe-swiss-ndvi/data/tiffs_historic_v7_compr/20180628_historic.tiff
Created /mnt/data1/UniBe-swiss-ndvi/data/tiffs_historic_v7_compr/20180628_historic_mask.tiff
Created /mnt/data1/UniBe-swiss-ndvi/data/tiffs_historic_v7_compr/20180629_historic.tiff
Created /mnt/data1/UniBe-swiss-ndvi/data/tiffs_historic_v7_compr/20180629_historic_mask.tiff
Created /mnt/data1/UniBe-swiss-ndvi/data/tiffs_historic_v7_compr/20180630_historic.tiff
Created /mnt/data1/UniBe-swiss-ndvi/data/tiffs_historic_v7_compr/20180630_historic_mask.tiff
Created /mnt/data1/UniBe-swiss-ndvi/data/tiffs_historic_v7_compr/20180701_historic.tiff
Created /mnt/data1/UniBe-swiss-ndvi/data/tiffs_historic_v7_compr/20180701_historic_mask.tiff
Created /mnt/data1/UniBe-swiss-ndvi/data/tiffs_historic_v7_compr/20180702_historic.tiff
Created /mnt/data1/UniBe-swiss-ndvi/data/tiffs_historic_v7_compr/20180702_historic_mask.tiff
Created /mnt/data1/UniBe-swiss-ndvi/data/tiffs_historic_v7_compr/20180703_historic.tiff
Created /mnt/data1/UniBe-swiss-ndvi/data/tiffs_historic_v7_compr/20180703_historic_mask.tiff
Created /mnt/data1/UniBe-swiss-ndvi/data/tiffs_historic_v7_compr/20180704_historic.tiff
Created /mnt/data1/UniBe-swiss-ndvi/data/tiffs_historic_v7_compr/20180704_historic_mask.tiff
Created /mnt/data1/UniBe-swiss-ndvi/data/tiffs_historic_v7_compr/20180705_historic.tiff
Created /mnt/data1/UniBe-swiss-ndvi/data/tiffs_historic_v7_compr/20180705_historic_mask.tiff
Created /mnt/data1/UniBe-swiss-ndvi/data/tiffs_historic_v7_compr/20180706_historic.tiff
Created /mnt/data1/UniBe-swiss-ndvi/data/tiffs_historic_v7_compr/20180706_historic_mask.tiff
Created /mnt/data1/UniBe-swiss-ndvi/data/tiffs_historic_v7_compr/20180707_historic.tiff
Created /mnt/data1/UniBe-swiss-ndvi/data/tiffs_historic_v7_compr/20180707_historic_mask.tiff
Created /mnt/data1/UniBe-swiss-ndvi/data/tiffs_historic_v7_compr/20180708_historic.tiff
Created /mnt/data1/UniBe-swiss-ndvi/data/tiffs_historic_v7_compr/20180708_historic_mask.tiff
Created /mnt/data1/UniBe-swiss-ndvi/data/tiffs_historic_v7_compr/20180709_historic.tiff
Created /mnt/data1/UniBe-swiss-ndvi/data/tiffs_historic_v7_compr/20180709_historic_mask.tiff
Created /mnt/data1/UniBe-swiss-ndvi/data/tiffs_historic_v7_compr/20180710_historic.tiff
Created /mnt/data1/UniBe-swiss-ndvi/data/tiffs_historic_v7_compr/20180710_historic_mask.tiff
Created /mnt/data1/UniBe-swiss-ndvi/data/tiffs_historic_v7_compr/20180711_historic.tiff
Created /mnt/data1/UniBe-swiss-ndvi/data/tiffs_historic_v7_compr/20180711_historic_mask.tiff
Created /mnt/data1/UniBe-swiss-ndvi/data/tiffs_historic_v7_compr/20180712_historic.tiff
Created /mnt/data1/UniBe-swiss-ndvi/data/tiffs_historic_v7_compr/20180712_historic_mask.tiff
Created /mnt/data1/UniBe-swiss-ndvi/data/tiffs_historic_v7_compr/20180713_historic.tiff
Created /mnt/data1/UniBe-swiss-ndvi/data/tiffs_historic_v7_compr/20180713_historic_mask.tiff
Created /mnt/data1/UniBe-swiss-ndvi/data/tiffs_historic_v7_compr/20180714_historic.tiff
Created /mnt/data1/UniBe-swiss-ndvi/data/tiffs_historic_v7_compr/20180714_historic_mask.tiff
Created /mnt/data1/UniBe-swiss-ndvi/data/tiffs_historic_v7_compr/20180715_historic.tiff
Created /mnt/data1/UniBe-swiss-ndvi/data/tiffs_historic_v7_compr/20180715_historic_mask.tiff
Created /mnt/data1/UniBe-swiss-ndvi/data/tiffs_historic_v7_compr/20180716_historic.tiff
Created /mnt/data1/UniBe-swiss-ndvi/data/tiffs_historic_v7_compr/20180716_historic_mask.tiff
Created /mnt/data1/UniBe-swiss-ndvi/data/tiffs_historic_v7_compr/20180717_historic.tiff
Created /mnt/data1/UniBe-swiss-ndvi/data/tiffs_historic_v7_compr/20180717_historic_mask.tiff
Created /mnt/data1/UniBe-swiss-ndvi/data/tiffs_historic_v7_compr/20180718_historic.tiff
Created /mnt/data1/UniBe-swiss-ndvi/data/tiffs_historic_v7_compr/20180718_historic_mask.tiff
Created /mnt/data1/UniBe-swiss-ndvi/data/tiffs_historic_v7_compr/20180719_historic.tiff
Created /mnt/data1/UniBe-swiss-ndvi/data/tiffs_historic_v7_compr/20180719_historic_mask.tiff
Created /mnt/data1/UniBe-swiss-ndvi/data/tiffs_historic_v7_compr/20180720_historic.tiff
Created /mnt/data1/UniBe-swiss-ndvi/data/tiffs_historic_v7_compr/20180720_historic_mask.tiff
Created /mnt/data1/UniBe-swiss-ndvi/data/tiffs_historic_v7_compr/20180721_historic.tiff
Created /mnt/data1/UniBe-swiss-ndvi/data/tiffs_historic_v7_compr/20180721_historic_mask.tiff
Created /mnt/data1/UniBe-swiss-ndvi/data/tiffs_historic_v7_compr/20180722_historic.tiff
Created /mnt/data1/UniBe-swiss-ndvi/data/tiffs_historic_v7_compr/20180722_historic_mask.tiff
Created /mnt/data1/UniBe-swiss-ndvi/data/tiffs_historic_v7_compr/20180723_historic.tiff
Created /mnt/data1/UniBe-swiss-ndvi/data/tiffs_historic_v7_compr/20180723_historic_mask.tiff
Created /mnt/data1/UniBe-swiss-ndvi/data/tiffs_historic_v7_compr/20180724_historic.tiff
Created /mnt/data1/UniBe-swiss-ndvi/data/tiffs_historic_v7_compr/20180724_historic_mask.tiff
Created /mnt/data1/UniBe-swiss-ndvi/data/tiffs_historic_v7_compr/20180725_historic.tiff
Created /mnt/data1/UniBe-swiss-ndvi/data/tiffs_historic_v7_compr/20180725_historic_mask.tiff
Created /mnt/data1/UniBe-swiss-ndvi/data/tiffs_historic_v7_compr/20180726_historic.tiff
Created /mnt/data1/UniBe-swiss-ndvi/data/tiffs_historic_v7_compr/20180726_historic_mask.tiff
Created /mnt/data1/UniBe-swiss-ndvi/data/tiffs_historic_v7_compr/20180727_historic.tiff
Created /mnt/data1/UniBe-swiss-ndvi/data/tiffs_historic_v7_compr/20180727_historic_mask.tiff
Created /mnt/data1/UniBe-swiss-ndvi/data/tiffs_historic_v7_compr/20180728_historic.tiff
Created /mnt/data1/UniBe-swiss-ndvi/data/tiffs_historic_v7_compr/20180728_historic_mask.tiff
Created /mnt/data1/UniBe-swiss-ndvi/data/tiffs_historic_v7_compr/20180729_historic.tiff
Created /mnt/data1/UniBe-swiss-ndvi/data/tiffs_historic_v7_compr/20180729_historic_mask.tiff
Created /mnt/data1/UniBe-swiss-ndvi/data/tiffs_historic_v7_compr/20180730_historic.tiff
Created /mnt/data1/UniBe-swiss-ndvi/data/tiffs_historic_v7_compr/20180730_historic_mask.tiff
Created /mnt/data1/UniBe-swiss-ndvi/data/tiffs_historic_v7_compr/20180731_historic.tiff
Created /mnt/data1/UniBe-swiss-ndvi/data/tiffs_historic_v7_compr/20180731_historic_mask.tiff
Created /mnt/data1/UniBe-swiss-ndvi/data/tiffs_historic_v7_compr/20180801_historic.tiff
Created /mnt/data1/UniBe-swiss-ndvi/data/tiffs_historic_v7_compr/20180801_historic_mask.tiff
Created /mnt/data1/UniBe-swiss-ndvi/data/tiffs_historic_v7_compr/20180802_historic.tiff
Created /mnt/data1/UniBe-swiss-ndvi/data/tiffs_historic_v7_compr/20180802_historic_mask.tiff
Created /mnt/data1/UniBe-swiss-ndvi/data/tiffs_historic_v7_compr/20180803_historic.tiff
Created /mnt/data1/UniBe-swiss-ndvi/data/tiffs_historic_v7_compr/20180803_historic_mask.tiff
Created /mnt/data1/UniBe-swiss-ndvi/data/tiffs_historic_v7_compr/20180804_historic.tiff
Created /mnt/data1/UniBe-swiss-ndvi/data/tiffs_historic_v7_compr/20180804_historic_mask.tiff
Created /mnt/data1/UniBe-swiss-ndvi/data/tiffs_historic_v7_compr/20180805_historic.tiff
Created /mnt/data1/UniBe-swiss-ndvi/data/tiffs_historic_v7_compr/20180805_historic_mask.tiff
Created /mnt/data1/UniBe-swiss-ndvi/data/tiffs_historic_v7_compr/20180806_historic.tiff
Created /mnt/data1/UniBe-swiss-ndvi/data/tiffs_historic_v7_compr/20180806_historic_mask.tiff
Created /mnt/data1/UniBe-swiss-ndvi/data/tiffs_historic_v7_compr/20180807_historic.tiff
Created /mnt/data1/UniBe-swiss-ndvi/data/tiffs_historic_v7_compr/20180807_historic_mask.tiff
Created /mnt/data1/UniBe-swiss-ndvi/data/tiffs_historic_v7_compr/20180808_historic.tiff
Created /mnt/data1/UniBe-swiss-ndvi/data/tiffs_historic_v7_compr/20180808_historic_mask.tiff
Created /mnt/data1/UniBe-swiss-ndvi/data/tiffs_historic_v7_compr/20180809_historic.tiff
Created /mnt/data1/UniBe-swiss-ndvi/data/tiffs_historic_v7_compr/20180809_historic_mask.tiff
Created /mnt/data1/UniBe-swiss-ndvi/data/tiffs_historic_v7_compr/20180810_historic.tiff
Created /mnt/data1/UniBe-swiss-ndvi/data/tiffs_historic_v7_compr/20180810_historic_mask.tiff
Created /mnt/data1/UniBe-swiss-ndvi/data/tiffs_historic_v7_compr/20180811_historic.tiff
Created /mnt/data1/UniBe-swiss-ndvi/data/tiffs_historic_v7_compr/20180811_historic_mask.tiff
Created /mnt/data1/UniBe-swiss-ndvi/data/tiffs_historic_v7_compr/20180812_historic.tiff
Created /mnt/data1/UniBe-swiss-ndvi/data/tiffs_historic_v7_compr/20180812_historic_mask.tiff
Created /mnt/data1/UniBe-swiss-ndvi/data/tiffs_historic_v7_compr/20180813_historic.tiff
Created /mnt/data1/UniBe-swiss-ndvi/data/tiffs_historic_v7_compr/20180813_historic_mask.tiff
Created /mnt/data1/UniBe-swiss-ndvi/data/tiffs_historic_v7_compr/20180814_historic.tiff
Created /mnt/data1/UniBe-swiss-ndvi/data/tiffs_historic_v7_compr/20180814_historic_mask.tiff
Created /mnt/data1/UniBe-swiss-ndvi/data/tiffs_historic_v7_compr/20180815_historic.tiff
Created /mnt/data1/UniBe-swiss-ndvi/data/tiffs_historic_v7_compr/20180815_historic_mask.tiff
Created /mnt/data1/UniBe-swiss-ndvi/data/tiffs_historic_v7_compr/20180816_historic.tiff
Created /mnt/data1/UniBe-swiss-ndvi/data/tiffs_historic_v7_compr/20180816_historic_mask.tiff
Created /mnt/data1/UniBe-swiss-ndvi/data/tiffs_historic_v7_compr/20180817_historic.tiff
Created /mnt/data1/UniBe-swiss-ndvi/data/tiffs_historic_v7_compr/20180817_historic_mask.tiff
Created /mnt/data1/UniBe-swiss-ndvi/data/tiffs_historic_v7_compr/20180818_historic.tiff
Created /mnt/data1/UniBe-swiss-ndvi/data/tiffs_historic_v7_compr/20180818_historic_mask.tiff
Created /mnt/data1/UniBe-swiss-ndvi/data/tiffs_historic_v7_compr/20180819_historic.tiff
Created /mnt/data1/UniBe-swiss-ndvi/data/tiffs_historic_v7_compr/20180819_historic_mask.tiff
Created /mnt/data1/UniBe-swiss-ndvi/data/tiffs_historic_v7_compr/20180820_historic.tiff
Created /mnt/data1/UniBe-swiss-ndvi/data/tiffs_historic_v7_compr/20180820_historic_mask.tiff
Created /mnt/data1/UniBe-swiss-ndvi/data/tiffs_historic_v7_compr/20180821_historic.tiff
Created /mnt/data1/UniBe-swiss-ndvi/data/tiffs_historic_v7_compr/20180821_historic_mask.tiff
Created /mnt/data1/UniBe-swiss-ndvi/data/tiffs_historic_v7_compr/20180822_historic.tiff
Created /mnt/data1/UniBe-swiss-ndvi/data/tiffs_historic_v7_compr/20180822_historic_mask.tiff
Created /mnt/data1/UniBe-swiss-ndvi/data/tiffs_historic_v7_compr/20180823_historic.tiff
Created /mnt/data1/UniBe-swiss-ndvi/data/tiffs_historic_v7_compr/20180823_historic_mask.tiff
Created /mnt/data1/UniBe-swiss-ndvi/data/tiffs_historic_v7_compr/20180824_historic.tiff
Created /mnt/data1/UniBe-swiss-ndvi/data/tiffs_historic_v7_compr/20180824_historic_mask.tiff
Created /mnt/data1/UniBe-swiss-ndvi/data/tiffs_historic_v7_compr/20180825_historic.tiff
Created /mnt/data1/UniBe-swiss-ndvi/data/tiffs_historic_v7_compr/20180825_historic_mask.tiff
Created /mnt/data1/UniBe-swiss-ndvi/data/tiffs_historic_v7_compr/20180826_historic.tiff
Created /mnt/data1/UniBe-swiss-ndvi/data/tiffs_historic_v7_compr/20180826_historic_mask.tiff
Created /mnt/data1/UniBe-swiss-ndvi/data/tiffs_historic_v7_compr/20180827_historic.tiff
Created /mnt/data1/UniBe-swiss-ndvi/data/tiffs_historic_v7_compr/20180827_historic_mask.tiff
Created /mnt/data1/UniBe-swiss-ndvi/data/tiffs_historic_v7_compr/20180828_historic.tiff
Created /mnt/data1/UniBe-swiss-ndvi/data/tiffs_historic_v7_compr/20180828_historic_mask.tiff
Created /mnt/data1/UniBe-swiss-ndvi/data/tiffs_historic_v7_compr/20180829_historic.tiff
Created /mnt/data1/UniBe-swiss-ndvi/data/tiffs_historic_v7_compr/20180829_historic_mask.tiff
Created /mnt/data1/UniBe-swiss-ndvi/data/tiffs_historic_v7_compr/20180830_historic.tiff
Created /mnt/data1/UniBe-swiss-ndvi/data/tiffs_historic_v7_compr/20180830_historic_mask.tiff
Created /mnt/data1/UniBe-swiss-ndvi/data/tiffs_historic_v7_compr/20180831_historic.tiff
Created /mnt/data1/UniBe-swiss-ndvi/data/tiffs_historic_v7_compr/20180831_historic_mask.tiff
Created /mnt/data1/UniBe-swiss-ndvi/data/tiffs_historic_v7_compr/20180901_historic.tiff
Created /mnt/data1/UniBe-swiss-ndvi/data/tiffs_historic_v7_compr/20180901_historic_mask.tiff
Created /mnt/data1/UniBe-swiss-ndvi/data/tiffs_historic_v7_compr/20180902_historic.tiff
Created /mnt/data1/UniBe-swiss-ndvi/data/tiffs_historic_v7_compr/20180902_historic_mask.tiff
Created /mnt/data1/UniBe-swiss-ndvi/data/tiffs_historic_v7_compr/20180903_historic.tiff
Created /mnt/data1/UniBe-swiss-ndvi/data/tiffs_historic_v7_compr/20180903_historic_mask.tiff
Created /mnt/data1/UniBe-swiss-ndvi/data/tiffs_historic_v7_compr/20180904_historic.tiff
Created /mnt/data1/UniBe-swiss-ndvi/data/tiffs_historic_v7_compr/20180904_historic_mask.tiff
Created /mnt/data1/UniBe-swiss-ndvi/data/tiffs_historic_v7_compr/20180905_historic.tiff
Created /mnt/data1/UniBe-swiss-ndvi/data/tiffs_historic_v7_compr/20180905_historic_mask.tiff
Created /mnt/data1/UniBe-swiss-ndvi/data/tiffs_historic_v7_compr/20180906_historic.tiff
Created /mnt/data1/UniBe-swiss-ndvi/data/tiffs_historic_v7_compr/20180906_historic_mask.tiff
Created /mnt/data1/UniBe-swiss-ndvi/data/tiffs_historic_v7_compr/20180907_historic.tiff
Created /mnt/data1/UniBe-swiss-ndvi/data/tiffs_historic_v7_compr/20180907_historic_mask.tiff
Created /mnt/data1/UniBe-swiss-ndvi/data/tiffs_historic_v7_compr/20180908_historic.tiff
Created /mnt/data1/UniBe-swiss-ndvi/data/tiffs_historic_v7_compr/20180908_historic_mask.tiff
Created /mnt/data1/UniBe-swiss-ndvi/data/tiffs_historic_v7_compr/20180909_historic.tiff
Created /mnt/data1/UniBe-swiss-ndvi/data/tiffs_historic_v7_compr/20180909_historic_mask.tiff
Created /mnt/data1/UniBe-swiss-ndvi/data/tiffs_historic_v7_compr/20180910_historic.tiff
Created /mnt/data1/UniBe-swiss-ndvi/data/tiffs_historic_v7_compr/20180910_historic_mask.tiff
Created /mnt/data1/UniBe-swiss-ndvi/data/tiffs_historic_v7_compr/20180911_historic.tiff
Created /mnt/data1/UniBe-swiss-ndvi/data/tiffs_historic_v7_compr/20180911_historic_mask.tiff
Created /mnt/data1/UniBe-swiss-ndvi/data/tiffs_historic_v7_compr/20180912_historic.tiff
Created /mnt/data1/UniBe-swiss-ndvi/data/tiffs_historic_v7_compr/20180912_historic_mask.tiff
Created /mnt/data1/UniBe-swiss-ndvi/data/tiffs_historic_v7_compr/20180913_historic.tiff
Created /mnt/data1/UniBe-swiss-ndvi/data/tiffs_historic_v7_compr/20180913_historic_mask.tiff
Created /mnt/data1/UniBe-swiss-ndvi/data/tiffs_historic_v7_compr/20180914_historic.tiff
Created /mnt/data1/UniBe-swiss-ndvi/data/tiffs_historic_v7_compr/20180914_historic_mask.tiff
Created /mnt/data1/UniBe-swiss-ndvi/data/tiffs_historic_v7_compr/20180915_historic.tiff
Created /mnt/data1/UniBe-swiss-ndvi/data/tiffs_historic_v7_compr/20180915_historic_mask.tiff
Created /mnt/data1/UniBe-swiss-ndvi/data/tiffs_historic_v7_compr/20180916_historic.tiff
Created /mnt/data1/UniBe-swiss-ndvi/data/tiffs_historic_v7_compr/20180916_historic_mask.tiff
Created /mnt/data1/UniBe-swiss-ndvi/data/tiffs_historic_v7_compr/20180917_historic.tiff
Created /mnt/data1/UniBe-swiss-ndvi/data/tiffs_historic_v7_compr/20180917_historic_mask.tiff
Created /mnt/data1/UniBe-swiss-ndvi/data/tiffs_historic_v7_compr/20180918_historic.tiff
Created /mnt/data1/UniBe-swiss-ndvi/data/tiffs_historic_v7_compr/20180918_historic_mask.tiff
Created /mnt/data1/UniBe-swiss-ndvi/data/tiffs_historic_v7_compr/20180919_historic.tiff
Created /mnt/data1/UniBe-swiss-ndvi/data/tiffs_historic_v7_compr/20180919_historic_mask.tiff
Created /mnt/data1/UniBe-swiss-ndvi/data/tiffs_historic_v7_compr/20180920_historic.tiff
Created /mnt/data1/UniBe-swiss-ndvi/data/tiffs_historic_v7_compr/20180920_historic_mask.tiff
Created /mnt/data1/UniBe-swiss-ndvi/data/tiffs_historic_v7_compr/20180921_historic.tiff
Created /mnt/data1/UniBe-swiss-ndvi/data/tiffs_historic_v7_compr/20180921_historic_mask.tiff
Created /mnt/data1/UniBe-swiss-ndvi/data/tiffs_historic_v7_compr/20180922_historic.tiff
Created /mnt/data1/UniBe-swiss-ndvi/data/tiffs_historic_v7_compr/20180922_historic_mask.tiff
Created /mnt/data1/UniBe-swiss-ndvi/data/tiffs_historic_v7_compr/20180923_historic.tiff
Created /mnt/data1/UniBe-swiss-ndvi/data/tiffs_historic_v7_compr/20180923_historic_mask.tiff
Created /mnt/data1/UniBe-swiss-ndvi/data/tiffs_historic_v7_compr/20180924_historic.tiff
Created /mnt/data1/UniBe-swiss-ndvi/data/tiffs_historic_v7_compr/20180924_historic_mask.tiff
Created /mnt/data1/UniBe-swiss-ndvi/data/tiffs_historic_v7_compr/20180925_historic.tiff
Created /mnt/data1/UniBe-swiss-ndvi/data/tiffs_historic_v7_compr/20180925_historic_mask.tiff
Created /mnt/data1/UniBe-swiss-ndvi/data/tiffs_historic_v7_compr/20180926_historic.tiff
Created /mnt/data1/UniBe-swiss-ndvi/data/tiffs_historic_v7_compr/20180926_historic_mask.tiff
Created /mnt/data1/UniBe-swiss-ndvi/data/tiffs_historic_v7_compr/20180927_historic.tiff
Created /mnt/data1/UniBe-swiss-ndvi/data/tiffs_historic_v7_compr/20180927_historic_mask.tiff
Created /mnt/data1/UniBe-swiss-ndvi/data/tiffs_historic_v7_compr/20180928_historic.tiff
Created /mnt/data1/UniBe-swiss-ndvi/data/tiffs_historic_v7_compr/20180928_historic_mask.tiff
Created /mnt/data1/UniBe-swiss-ndvi/data/tiffs_historic_v7_compr/20180929_historic.tiff
Created /mnt/data1/UniBe-swiss-ndvi/data/tiffs_historic_v7_compr/20180929_historic_mask.tiff
Created /mnt/data1/UniBe-swiss-ndvi/data/tiffs_historic_v7_compr/20180930_historic.tiff
Created /mnt/data1/UniBe-swiss-ndvi/data/tiffs_historic_v7_compr/20180930_historic_mask.tiff
Created /mnt/data1/UniBe-swiss-ndvi/data/tiffs_historic_v7_compr/20181001_historic.tiff
Created /mnt/data1/UniBe-swiss-ndvi/data/tiffs_historic_v7_compr/20181001_historic_mask.tiff
Created /mnt/data1/UniBe-swiss-ndvi/data/tiffs_historic_v7_compr/20181002_historic.tiff
Created /mnt/data1/UniBe-swiss-ndvi/data/tiffs_historic_v7_compr/20181002_historic_mask.tiff
Created /mnt/data1/UniBe-swiss-ndvi/data/tiffs_historic_v7_compr/20181003_historic.tiff
Created /mnt/data1/UniBe-swiss-ndvi/data/tiffs_historic_v7_compr/20181003_historic_mask.tiff
Created /mnt/data1/UniBe-swiss-ndvi/data/tiffs_historic_v7_compr/20181004_historic.tiff
Created /mnt/data1/UniBe-swiss-ndvi/data/tiffs_historic_v7_compr/20181004_historic_mask.tiff
Created /mnt/data1/UniBe-swiss-ndvi/data/tiffs_historic_v7_compr/20181005_historic.tiff
Created /mnt/data1/UniBe-swiss-ndvi/data/tiffs_historic_v7_compr/20181005_historic_mask.tiff
Created /mnt/data1/UniBe-swiss-ndvi/data/tiffs_historic_v7_compr/20181006_historic.tiff
Created /mnt/data1/UniBe-swiss-ndvi/data/tiffs_historic_v7_compr/20181006_historic_mask.tiff
Created /mnt/data1/UniBe-swiss-ndvi/data/tiffs_historic_v7_compr/20181007_historic.tiff
Created /mnt/data1/UniBe-swiss-ndvi/data/tiffs_historic_v7_compr/20181007_historic_mask.tiff
Created /mnt/data1/UniBe-swiss-ndvi/data/tiffs_historic_v7_compr/20181008_historic.tiff
Created /mnt/data1/UniBe-swiss-ndvi/data/tiffs_historic_v7_compr/20181008_historic_mask.tiff
Created /mnt/data1/UniBe-swiss-ndvi/data/tiffs_historic_v7_compr/20181009_historic.tiff
Created /mnt/data1/UniBe-swiss-ndvi/data/tiffs_historic_v7_compr/20181009_historic_mask.tiff
Created /mnt/data1/UniBe-swiss-ndvi/data/tiffs_historic_v7_compr/20181010_historic.tiff
Created /mnt/data1/UniBe-swiss-ndvi/data/tiffs_historic_v7_compr/20181010_historic_mask.tiff
Created /mnt/data1/UniBe-swiss-ndvi/data/tiffs_historic_v7_compr/20181011_historic.tiff
Created /mnt/data1/UniBe-swiss-ndvi/data/tiffs_historic_v7_compr/20181011_historic_mask.tiff
Created /mnt/data1/UniBe-swiss-ndvi/data/tiffs_historic_v7_compr/20181012_historic.tiff
Created /mnt/data1/UniBe-swiss-ndvi/data/tiffs_historic_v7_compr/20181012_historic_mask.tiff
Created /mnt/data1/UniBe-swiss-ndvi/data/tiffs_historic_v7_compr/20181013_historic.tiff
Created /mnt/data1/UniBe-swiss-ndvi/data/tiffs_historic_v7_compr/20181013_historic_mask.tiff
Created /mnt/data1/UniBe-swiss-ndvi/data/tiffs_historic_v7_compr/20181014_historic.tiff
Created /mnt/data1/UniBe-swiss-ndvi/data/tiffs_historic_v7_compr/20181014_historic_mask.tiff
Created /mnt/data1/UniBe-swiss-ndvi/data/tiffs_historic_v7_compr/20181015_historic.tiff
Created /mnt/data1/UniBe-swiss-ndvi/data/tiffs_historic_v7_compr/20181015_historic_mask.tiff
Created /mnt/data1/UniBe-swiss-ndvi/data/tiffs_historic_v7_compr/20181016_historic.tiff
Created /mnt/data1/UniBe-swiss-ndvi/data/tiffs_historic_v7_compr/20181016_historic_mask.tiff
Created /mnt/data1/UniBe-swiss-ndvi/data/tiffs_historic_v7_compr/20181017_historic.tiff
Created /mnt/data1/UniBe-swiss-ndvi/data/tiffs_historic_v7_compr/20181017_historic_mask.tiff
Created /mnt/data1/UniBe-swiss-ndvi/data/tiffs_historic_v7_compr/20181018_historic.tiff
Created /mnt/data1/UniBe-swiss-ndvi/data/tiffs_historic_v7_compr/20181018_historic_mask.tiff
Created /mnt/data1/UniBe-swiss-ndvi/data/tiffs_historic_v7_compr/20181019_historic.tiff
Created /mnt/data1/UniBe-swiss-ndvi/data/tiffs_historic_v7_compr/20181019_historic_mask.tiff
Created /mnt/data1/UniBe-swiss-ndvi/data/tiffs_historic_v7_compr/20181020_historic.tiff
Created /mnt/data1/UniBe-swiss-ndvi/data/tiffs_historic_v7_compr/20181020_historic_mask.tiff
Created /mnt/data1/UniBe-swiss-ndvi/data/tiffs_historic_v7_compr/20181021_historic.tiff
Created /mnt/data1/UniBe-swiss-ndvi/data/tiffs_historic_v7_compr/20181021_historic_mask.tiff
Created /mnt/data1/UniBe-swiss-ndvi/data/tiffs_historic_v7_compr/20181022_historic.tiff
Created /mnt/data1/UniBe-swiss-ndvi/data/tiffs_historic_v7_compr/20181022_historic_mask.tiff
Created /mnt/data1/UniBe-swiss-ndvi/data/tiffs_historic_v7_compr/20181023_historic.tiff
Created /mnt/data1/UniBe-swiss-ndvi/data/tiffs_historic_v7_compr/20181023_historic_mask.tiff
Created /mnt/data1/UniBe-swiss-ndvi/data/tiffs_historic_v7_compr/20181024_historic.tiff
Created /mnt/data1/UniBe-swiss-ndvi/data/tiffs_historic_v7_compr/20181024_historic_mask.tiff
Created /mnt/data1/UniBe-swiss-ndvi/data/tiffs_historic_v7_compr/20181025_historic.tiff
Created /mnt/data1/UniBe-swiss-ndvi/data/tiffs_historic_v7_compr/20181025_historic_mask.tiff
Created /mnt/data1/UniBe-swiss-ndvi/data/tiffs_historic_v7_compr/20181026_historic.tiff
Created /mnt/data1/UniBe-swiss-ndvi/data/tiffs_historic_v7_compr/20181026_historic_mask.tiff
Created /mnt/data1/UniBe-swiss-ndvi/data/tiffs_historic_v7_compr/20181027_historic.tiff
Created /mnt/data1/UniBe-swiss-ndvi/data/tiffs_historic_v7_compr/20181027_historic_mask.tiff
Created /mnt/data1/UniBe-swiss-ndvi/data/tiffs_historic_v7_compr/20181028_historic.tiff
Created /mnt/data1/UniBe-swiss-ndvi/data/tiffs_historic_v7_compr/20181028_historic_mask.tiff
Created /mnt/data1/UniBe-swiss-ndvi/data/tiffs_historic_v7_compr/20181029_historic.tiff
Created /mnt/data1/UniBe-swiss-ndvi/data/tiffs_historic_v7_compr/20181029_historic_mask.tiff
Created /mnt/data1/UniBe-swiss-ndvi/data/tiffs_historic_v7_compr/20181030_historic.tiff
Created /mnt/data1/UniBe-swiss-ndvi/data/tiffs_historic_v7_compr/20181030_historic_mask.tiff
Created /mnt/data1/UniBe-swiss-ndvi/data/tiffs_historic_v7_compr/20181031_historic.tiff
Created /mnt/data1/UniBe-swiss-ndvi/data/tiffs_historic_v7_compr/20181031_historic_mask.tiff
Created /mnt/data1/UniBe-swiss-ndvi/data/tiffs_historic_v7_compr/20181101_historic.tiff
Created /mnt/data1/UniBe-swiss-ndvi/data/tiffs_historic_v7_compr/20181101_historic_mask.tiff
Created /mnt/data1/UniBe-swiss-ndvi/data/tiffs_historic_v7_compr/20181102_historic.tiff
Created /mnt/data1/UniBe-swiss-ndvi/data/tiffs_historic_v7_compr/20181102_historic_mask.tiff
Created /mnt/data1/UniBe-swiss-ndvi/data/tiffs_historic_v7_compr/20181103_historic.tiff
Created /mnt/data1/UniBe-swiss-ndvi/data/tiffs_historic_v7_compr/20181103_historic_mask.tiff
Created /mnt/data1/UniBe-swiss-ndvi/data/tiffs_historic_v7_compr/20181104_historic.tiff
Created /mnt/data1/UniBe-swiss-ndvi/data/tiffs_historic_v7_compr/20181104_historic_mask.tiff
Created /mnt/data1/UniBe-swiss-ndvi/data/tiffs_historic_v7_compr/20181105_historic.tiff
Created /mnt/data1/UniBe-swiss-ndvi/data/tiffs_historic_v7_compr/20181105_historic_mask.tiff
Created /mnt/data1/UniBe-swiss-ndvi/data/tiffs_historic_v7_compr/20181106_historic.tiff
Created /mnt/data1/UniBe-swiss-ndvi/data/tiffs_historic_v7_compr/20181106_historic_mask.tiff
Created /mnt/data1/UniBe-swiss-ndvi/data/tiffs_historic_v7_compr/20181107_historic.tiff
Created /mnt/data1/UniBe-swiss-ndvi/data/tiffs_historic_v7_compr/20181107_historic_mask.tiff
Created /mnt/data1/UniBe-swiss-ndvi/data/tiffs_historic_v7_compr/20181108_historic.tiff
Created /mnt/data1/UniBe-swiss-ndvi/data/tiffs_historic_v7_compr/20181108_historic_mask.tiff
Created /mnt/data1/UniBe-swiss-ndvi/data/tiffs_historic_v7_compr/20181109_historic.tiff
Created /mnt/data1/UniBe-swiss-ndvi/data/tiffs_historic_v7_compr/20181109_historic_mask.tiff
Created /mnt/data1/UniBe-swiss-ndvi/data/tiffs_historic_v7_compr/20181110_historic.tiff
Created /mnt/data1/UniBe-swiss-ndvi/data/tiffs_historic_v7_compr/20181110_historic_mask.tiff
Created /mnt/data1/UniBe-swiss-ndvi/data/tiffs_historic_v7_compr/20181111_historic.tiff
Created /mnt/data1/UniBe-swiss-ndvi/data/tiffs_historic_v7_compr/20181111_historic_mask.tiff
Created /mnt/data1/UniBe-swiss-ndvi/data/tiffs_historic_v7_compr/20181112_historic.tiff
Created /mnt/data1/UniBe-swiss-ndvi/data/tiffs_historic_v7_compr/20181112_historic_mask.tiff
Created /mnt/data1/UniBe-swiss-ndvi/data/tiffs_historic_v7_compr/20181113_historic.tiff
Created /mnt/data1/UniBe-swiss-ndvi/data/tiffs_historic_v7_compr/20181113_historic_mask.tiff
Created /mnt/data1/UniBe-swiss-ndvi/data/tiffs_historic_v7_compr/20181114_historic.tiff
Created /mnt/data1/UniBe-swiss-ndvi/data/tiffs_historic_v7_compr/20181114_historic_mask.tiff
Created /mnt/data1/UniBe-swiss-ndvi/data/tiffs_historic_v7_compr/20181115_historic.tiff
Created /mnt/data1/UniBe-swiss-ndvi/data/tiffs_historic_v7_compr/20181115_historic_mask.tiff
Created /mnt/data1/UniBe-swiss-ndvi/data/tiffs_historic_v7_compr/20181116_historic.tiff
Created /mnt/data1/UniBe-swiss-ndvi/data/tiffs_historic_v7_compr/20181116_historic_mask.tiff
Created /mnt/data1/UniBe-swiss-ndvi/data/tiffs_historic_v7_compr/20181117_historic.tiff
Created /mnt/data1/UniBe-swiss-ndvi/data/tiffs_historic_v7_compr/20181117_historic_mask.tiff
Created /mnt/data1/UniBe-swiss-ndvi/data/tiffs_historic_v7_compr/20181118_historic.tiff
Created /mnt/data1/UniBe-swiss-ndvi/data/tiffs_historic_v7_compr/20181118_historic_mask.tiff
Created /mnt/data1/UniBe-swiss-ndvi/data/tiffs_historic_v7_compr/20181119_historic.tiff
Created /mnt/data1/UniBe-swiss-ndvi/data/tiffs_historic_v7_compr/20181119_historic_mask.tiff
Created /mnt/data1/UniBe-swiss-ndvi/data/tiffs_historic_v7_compr/20181120_historic.tiff
Created /mnt/data1/UniBe-swiss-ndvi/data/tiffs_historic_v7_compr/20181120_historic_mask.tiff
Created /mnt/data1/UniBe-swiss-ndvi/data/tiffs_historic_v7_compr/20181121_historic.tiff
Created /mnt/data1/UniBe-swiss-ndvi/data/tiffs_historic_v7_compr/20181121_historic_mask.tiff
Created /mnt/data1/UniBe-swiss-ndvi/data/tiffs_historic_v7_compr/20181122_historic.tiff
Created /mnt/data1/UniBe-swiss-ndvi/data/tiffs_historic_v7_compr/20181122_historic_mask.tiff
Created /mnt/data1/UniBe-swiss-ndvi/data/tiffs_historic_v7_compr/20181123_historic.tiff
Created /mnt/data1/UniBe-swiss-ndvi/data/tiffs_historic_v7_compr/20181123_historic_mask.tiff
Created /mnt/data1/UniBe-swiss-ndvi/data/tiffs_historic_v7_compr/20181124_historic.tiff
Created /mnt/data1/UniBe-swiss-ndvi/data/tiffs_historic_v7_compr/20181124_historic_mask.tiff
Created /mnt/data1/UniBe-swiss-ndvi/data/tiffs_historic_v7_compr/20181125_historic.tiff
Created /mnt/data1/UniBe-swiss-ndvi/data/tiffs_historic_v7_compr/20181125_historic_mask.tiff
Created /mnt/data1/UniBe-swiss-ndvi/data/tiffs_historic_v7_compr/20181126_historic.tiff
Created /mnt/data1/UniBe-swiss-ndvi/data/tiffs_historic_v7_compr/20181126_historic_mask.tiff
Created /mnt/data1/UniBe-swiss-ndvi/data/tiffs_historic_v7_compr/20181127_historic.tiff
Created /mnt/data1/UniBe-swiss-ndvi/data/tiffs_historic_v7_compr/20181127_historic_mask.tiff
Created /mnt/data1/UniBe-swiss-ndvi/data/tiffs_historic_v7_compr/20181128_historic.tiff
Created /mnt/data1/UniBe-swiss-ndvi/data/tiffs_historic_v7_compr/20181128_historic_mask.tiff
Created /mnt/data1/UniBe-swiss-ndvi/data/tiffs_historic_v7_compr/20181129_historic.tiff
Created /mnt/data1/UniBe-swiss-ndvi/data/tiffs_historic_v7_compr/20181129_historic_mask.tiff
Created /mnt/data1/UniBe-swiss-ndvi/data/tiffs_historic_v7_compr/20181130_historic.tiff
Created /mnt/data1/UniBe-swiss-ndvi/data/tiffs_historic_v7_compr/20181130_historic_mask.tiff
Created /mnt/data1/UniBe-swiss-ndvi/data/tiffs_historic_v7_compr/20181201_historic.tiff
Created /mnt/data1/UniBe-swiss-ndvi/data/tiffs_historic_v7_compr/20181201_historic_mask.tiff
Created /mnt/data1/UniBe-swiss-ndvi/data/tiffs_historic_v7_compr/20181202_historic.tiff
Created /mnt/data1/UniBe-swiss-ndvi/data/tiffs_historic_v7_compr/20181202_historic_mask.tiff
Created /mnt/data1/UniBe-swiss-ndvi/data/tiffs_historic_v7_compr/20181203_historic.tiff
Created /mnt/data1/UniBe-swiss-ndvi/data/tiffs_historic_v7_compr/20181203_historic_mask.tiff
Created /mnt/data1/UniBe-swiss-ndvi/data/tiffs_historic_v7_compr/20181204_historic.tiff
Created /mnt/data1/UniBe-swiss-ndvi/data/tiffs_historic_v7_compr/20181204_historic_mask.tiff
Created /mnt/data1/UniBe-swiss-ndvi/data/tiffs_historic_v7_compr/20181205_historic.tiff
Created /mnt/data1/UniBe-swiss-ndvi/data/tiffs_historic_v7_compr/20181205_historic_mask.tiff
Created /mnt/data1/UniBe-swiss-ndvi/data/tiffs_historic_v7_compr/20181206_historic.tiff
Created /mnt/data1/UniBe-swiss-ndvi/data/tiffs_historic_v7_compr/20181206_historic_mask.tiff
Created /mnt/data1/UniBe-swiss-ndvi/data/tiffs_historic_v7_compr/20181207_historic.tiff
Created /mnt/data1/UniBe-swiss-ndvi/data/tiffs_historic_v7_compr/20181207_historic_mask.tiff
Created /mnt/data1/UniBe-swiss-ndvi/data/tiffs_historic_v7_compr/20181208_historic.tiff
Created /mnt/data1/UniBe-swiss-ndvi/data/tiffs_historic_v7_compr/20181208_historic_mask.tiff
Created /mnt/data1/UniBe-swiss-ndvi/data/tiffs_historic_v7_compr/20181209_historic.tiff
Created /mnt/data1/UniBe-swiss-ndvi/data/tiffs_historic_v7_compr/20181209_historic_mask.tiff
Created /mnt/data1/UniBe-swiss-ndvi/data/tiffs_historic_v7_compr/20181210_historic.tiff
Created /mnt/data1/UniBe-swiss-ndvi/data/tiffs_historic_v7_compr/20181210_historic_mask.tiff
Created /mnt/data1/UniBe-swiss-ndvi/data/tiffs_historic_v7_compr/20181211_historic.tiff
Created /mnt/data1/UniBe-swiss-ndvi/data/tiffs_historic_v7_compr/20181211_historic_mask.tiff
Created /mnt/data1/UniBe-swiss-ndvi/data/tiffs_historic_v7_compr/20181212_historic.tiff
Created /mnt/data1/UniBe-swiss-ndvi/data/tiffs_historic_v7_compr/20181212_historic_mask.tiff
Created /mnt/data1/UniBe-swiss-ndvi/data/tiffs_historic_v7_compr/20181213_historic.tiff
Created /mnt/data1/UniBe-swiss-ndvi/data/tiffs_historic_v7_compr/20181213_historic_mask.tiff
Created /mnt/data1/UniBe-swiss-ndvi/data/tiffs_historic_v7_compr/20181214_historic.tiff
Created /mnt/data1/UniBe-swiss-ndvi/data/tiffs_historic_v7_compr/20181214_historic_mask.tiff
Created /mnt/data1/UniBe-swiss-ndvi/data/tiffs_historic_v7_compr/20181215_historic.tiff
Created /mnt/data1/UniBe-swiss-ndvi/data/tiffs_historic_v7_compr/20181215_historic_mask.tiff
Created /mnt/data1/UniBe-swiss-ndvi/data/tiffs_historic_v7_compr/20181216_historic.tiff
Created /mnt/data1/UniBe-swiss-ndvi/data/tiffs_historic_v7_compr/20181216_historic_mask.tiff
Created /mnt/data1/UniBe-swiss-ndvi/data/tiffs_historic_v7_compr/20181217_historic.tiff
Created /mnt/data1/UniBe-swiss-ndvi/data/tiffs_historic_v7_compr/20181217_historic_mask.tiff
Created /mnt/data1/UniBe-swiss-ndvi/data/tiffs_historic_v7_compr/20181218_historic.tiff
Created /mnt/data1/UniBe-swiss-ndvi/data/tiffs_historic_v7_compr/20181218_historic_mask.tiff
Created /mnt/data1/UniBe-swiss-ndvi/data/tiffs_historic_v7_compr/20181219_historic.tiff
Created /mnt/data1/UniBe-swiss-ndvi/data/tiffs_historic_v7_compr/20181219_historic_mask.tiff
Created /mnt/data1/UniBe-swiss-ndvi/data/tiffs_historic_v7_compr/20181220_historic.tiff
Created /mnt/data1/UniBe-swiss-ndvi/data/tiffs_historic_v7_compr/20181220_historic_mask.tiff
Created /mnt/data1/UniBe-swiss-ndvi/data/tiffs_historic_v7_compr/20181221_historic.tiff
Created /mnt/data1/UniBe-swiss-ndvi/data/tiffs_historic_v7_compr/20181221_historic_mask.tiff
Created /mnt/data1/UniBe-swiss-ndvi/data/tiffs_historic_v7_compr/20181222_historic.tiff
Created /mnt/data1/UniBe-swiss-ndvi/data/tiffs_historic_v7_compr/20181222_historic_mask.tiff
Created /mnt/data1/UniBe-swiss-ndvi/data/tiffs_historic_v7_compr/20181223_historic.tiff
Created /mnt/data1/UniBe-swiss-ndvi/data/tiffs_historic_v7_compr/20181223_historic_mask.tiff
Created /mnt/data1/UniBe-swiss-ndvi/data/tiffs_historic_v7_compr/20181224_historic.tiff
Created /mnt/data1/UniBe-swiss-ndvi/data/tiffs_historic_v7_compr/20181224_historic_mask.tiff
Created /mnt/data1/UniBe-swiss-ndvi/data/tiffs_historic_v7_compr/20181225_historic.tiff
Created /mnt/data1/UniBe-swiss-ndvi/data/tiffs_historic_v7_compr/20181225_historic_mask.tiff
Created /mnt/data1/UniBe-swiss-ndvi/data/tiffs_historic_v7_compr/20181226_historic.tiff
Created /mnt/data1/UniBe-swiss-ndvi/data/tiffs_historic_v7_compr/20181226_historic_mask.tiff
Created /mnt/data1/UniBe-swiss-ndvi/data/tiffs_historic_v7_compr/20181227_historic.tiff
Created /mnt/data1/UniBe-swiss-ndvi/data/tiffs_historic_v7_compr/20181227_historic_mask.tiff
Created /mnt/data1/UniBe-swiss-ndvi/data/tiffs_historic_v7_compr/20181228_historic.tiff
Created /mnt/data1/UniBe-swiss-ndvi/data/tiffs_historic_v7_compr/20181228_historic_mask.tiff
Created /mnt/data1/UniBe-swiss-ndvi/data/tiffs_historic_v7_compr/20181229_historic.tiff
Created /mnt/data1/UniBe-swiss-ndvi/data/tiffs_historic_v7_compr/20181229_historic_mask.tiff
Created /mnt/data1/UniBe-swiss-ndvi/data/tiffs_historic_v7_compr/20181230_historic.tiff
Created /mnt/data1/UniBe-swiss-ndvi/data/tiffs_historic_v7_compr/20181230_historic_mask.tiff
Created /mnt/data1/UniBe-swiss-ndvi/data/tiffs_historic_v7_compr/20181231_historic.tiff
Created /mnt/data1/UniBe-swiss-ndvi/data/tiffs_historic_v7_compr/20181231_historic_mask.tiff
Created /mnt/data1/UniBe-swiss-ndvi/data/tiffs_historic_v7_compr/20190101_historic.tiff
Created /mnt/data1/UniBe-swiss-ndvi/data/tiffs_historic_v7_compr/20190101_historic_mask.tiff
Created /mnt/data1/UniBe-swiss-ndvi/data/tiffs_historic_v7_compr/20190102_historic.tiff
Created /mnt/data1/UniBe-swiss-ndvi/data/tiffs_historic_v7_compr/20190102_historic_mask.tiff
Created /mnt/data1/UniBe-swiss-ndvi/data/tiffs_historic_v7_compr/20190103_historic.tiff
Created /mnt/data1/UniBe-swiss-ndvi/data/tiffs_historic_v7_compr/20190103_historic_mask.tiff
Created /mnt/data1/UniBe-swiss-ndvi/data/tiffs_historic_v7_compr/20190104_historic.tiff
Created /mnt/data1/UniBe-swiss-ndvi/data/tiffs_historic_v7_compr/20190104_historic_mask.tiff
Created /mnt/data1/UniBe-swiss-ndvi/data/tiffs_historic_v7_compr/20190105_historic.tiff
Created /mnt/data1/UniBe-swiss-ndvi/data/tiffs_historic_v7_compr/20190105_historic_mask.tiff
Created /mnt/data1/UniBe-swiss-ndvi/data/tiffs_historic_v7_compr/20190106_historic.tiff
Created /mnt/data1/UniBe-swiss-ndvi/data/tiffs_historic_v7_compr/20190106_historic_mask.tiff
Created /mnt/data1/UniBe-swiss-ndvi/data/tiffs_historic_v7_compr/20190107_historic.tiff
Created /mnt/data1/UniBe-swiss-ndvi/data/tiffs_historic_v7_compr/20190107_historic_mask.tiff
Created /mnt/data1/UniBe-swiss-ndvi/data/tiffs_historic_v7_compr/20190108_historic.tiff
Created /mnt/data1/UniBe-swiss-ndvi/data/tiffs_historic_v7_compr/20190108_historic_mask.tiff
Created /mnt/data1/UniBe-swiss-ndvi/data/tiffs_historic_v7_compr/20190109_historic.tiff
Created /mnt/data1/UniBe-swiss-ndvi/data/tiffs_historic_v7_compr/20190109_historic_mask.tiff
Created /mnt/data1/UniBe-swiss-ndvi/data/tiffs_historic_v7_compr/20190110_historic.tiff
Created /mnt/data1/UniBe-swiss-ndvi/data/tiffs_historic_v7_compr/20190110_historic_mask.tiff
Created /mnt/data1/UniBe-swiss-ndvi/data/tiffs_historic_v7_compr/20190111_historic.tiff
Created /mnt/data1/UniBe-swiss-ndvi/data/tiffs_historic_v7_compr/20190111_historic_mask.tiff
Created /mnt/data1/UniBe-swiss-ndvi/data/tiffs_historic_v7_compr/20190112_historic.tiff
Created /mnt/data1/UniBe-swiss-ndvi/data/tiffs_historic_v7_compr/20190112_historic_mask.tiff
Created /mnt/data1/UniBe-swiss-ndvi/data/tiffs_historic_v7_compr/20190113_historic.tiff
Created /mnt/data1/UniBe-swiss-ndvi/data/tiffs_historic_v7_compr/20190113_historic_mask.tiff
Created /mnt/data1/UniBe-swiss-ndvi/data/tiffs_historic_v7_compr/20190114_historic.tiff
Created /mnt/data1/UniBe-swiss-ndvi/data/tiffs_historic_v7_compr/20190114_historic_mask.tiff
Created /mnt/data1/UniBe-swiss-ndvi/data/tiffs_historic_v7_compr/20190115_historic.tiff
Created /mnt/data1/UniBe-swiss-ndvi/data/tiffs_historic_v7_compr/20190115_historic_mask.tiff
Created /mnt/data1/UniBe-swiss-ndvi/data/tiffs_historic_v7_compr/20190116_historic.tiff
Created /mnt/data1/UniBe-swiss-ndvi/data/tiffs_historic_v7_compr/20190116_historic_mask.tiff
Created /mnt/data1/UniBe-swiss-ndvi/data/tiffs_historic_v7_compr/20190117_historic.tiff
Created /mnt/data1/UniBe-swiss-ndvi/data/tiffs_historic_v7_compr/20190117_historic_mask.tiff
Created /mnt/data1/UniBe-swiss-ndvi/data/tiffs_historic_v7_compr/20190118_historic.tiff
Created /mnt/data1/UniBe-swiss-ndvi/data/tiffs_historic_v7_compr/20190118_historic_mask.tiff
Created /mnt/data1/UniBe-swiss-ndvi/data/tiffs_historic_v7_compr/20190119_historic.tiff
Created /mnt/data1/UniBe-swiss-ndvi/data/tiffs_historic_v7_compr/20190119_historic_mask.tiff
Created /mnt/data1/UniBe-swiss-ndvi/data/tiffs_historic_v7_compr/20190120_historic.tiff
Created /mnt/data1/UniBe-swiss-ndvi/data/tiffs_historic_v7_compr/20190120_historic_mask.tiff
Created /mnt/data1/UniBe-swiss-ndvi/data/tiffs_historic_v7_compr/20190121_historic.tiff
Created /mnt/data1/UniBe-swiss-ndvi/data/tiffs_historic_v7_compr/20190121_historic_mask.tiff
Created /mnt/data1/UniBe-swiss-ndvi/data/tiffs_historic_v7_compr/20190122_historic.tiff
Created /mnt/data1/UniBe-swiss-ndvi/data/tiffs_historic_v7_compr/20190122_historic_mask.tiff
Created /mnt/data1/UniBe-swiss-ndvi/data/tiffs_historic_v7_compr/20190123_historic.tiff
Created /mnt/data1/UniBe-swiss-ndvi/data/tiffs_historic_v7_compr/20190123_historic_mask.tiff
Created /mnt/data1/UniBe-swiss-ndvi/data/tiffs_historic_v7_compr/20190124_historic.tiff
Created /mnt/data1/UniBe-swiss-ndvi/data/tiffs_historic_v7_compr/20190124_historic_mask.tiff
Created /mnt/data1/UniBe-swiss-ndvi/data/tiffs_historic_v7_compr/20190125_historic.tiff
Created /mnt/data1/UniBe-swiss-ndvi/data/tiffs_historic_v7_compr/20190125_historic_mask.tiff
Created /mnt/data1/UniBe-swiss-ndvi/data/tiffs_historic_v7_compr/20190126_historic.tiff
Created /mnt/data1/UniBe-swiss-ndvi/data/tiffs_historic_v7_compr/20190126_historic_mask.tiff
Created /mnt/data1/UniBe-swiss-ndvi/data/tiffs_historic_v7_compr/20190127_historic.tiff
Created /mnt/data1/UniBe-swiss-ndvi/data/tiffs_historic_v7_compr/20190127_historic_mask.tiff
Created /mnt/data1/UniBe-swiss-ndvi/data/tiffs_historic_v7_compr/20190128_historic.tiff
Created /mnt/data1/UniBe-swiss-ndvi/data/tiffs_historic_v7_compr/20190128_historic_mask.tiff
Created /mnt/data1/UniBe-swiss-ndvi/data/tiffs_historic_v7_compr/20190129_historic.tiff
Created /mnt/data1/UniBe-swiss-ndvi/data/tiffs_historic_v7_compr/20190129_historic_mask.tiff
Created /mnt/data1/UniBe-swiss-ndvi/data/tiffs_historic_v7_compr/20190130_historic.tiff
Created /mnt/data1/UniBe-swiss-ndvi/data/tiffs_historic_v7_compr/20190130_historic_mask.tiff
Created /mnt/data1/UniBe-swiss-ndvi/data/tiffs_historic_v7_compr/20190131_historic.tiff
Created /mnt/data1/UniBe-swiss-ndvi/data/tiffs_historic_v7_compr/20190131_historic_mask.tiff
Created /mnt/data1/UniBe-swiss-ndvi/data/tiffs_historic_v7_compr/20190201_historic.tiff
Created /mnt/data1/UniBe-swiss-ndvi/data/tiffs_historic_v7_compr/20190201_historic_mask.tiff
Created /mnt/data1/UniBe-swiss-ndvi/data/tiffs_historic_v7_compr/20190202_historic.tiff
Created /mnt/data1/UniBe-swiss-ndvi/data/tiffs_historic_v7_compr/20190202_historic_mask.tiff
Created /mnt/data1/UniBe-swiss-ndvi/data/tiffs_historic_v7_compr/20190203_historic.tiff
Created /mnt/data1/UniBe-swiss-ndvi/data/tiffs_historic_v7_compr/20190203_historic_mask.tiff
Created /mnt/data1/UniBe-swiss-ndvi/data/tiffs_historic_v7_compr/20190204_historic.tiff
Created /mnt/data1/UniBe-swiss-ndvi/data/tiffs_historic_v7_compr/20190204_historic_mask.tiff
Created /mnt/data1/UniBe-swiss-ndvi/data/tiffs_historic_v7_compr/20190205_historic.tiff
Created /mnt/data1/UniBe-swiss-ndvi/data/tiffs_historic_v7_compr/20190205_historic_mask.tiff
Created /mnt/data1/UniBe-swiss-ndvi/data/tiffs_historic_v7_compr/20190206_historic.tiff
Created /mnt/data1/UniBe-swiss-ndvi/data/tiffs_historic_v7_compr/20190206_historic_mask.tiff
Created /mnt/data1/UniBe-swiss-ndvi/data/tiffs_historic_v7_compr/20190207_historic.tiff
Created /mnt/data1/UniBe-swiss-ndvi/data/tiffs_historic_v7_compr/20190207_historic_mask.tiff
Created /mnt/data1/UniBe-swiss-ndvi/data/tiffs_historic_v7_compr/20190208_historic.tiff
Created /mnt/data1/UniBe-swiss-ndvi/data/tiffs_historic_v7_compr/20190208_historic_mask.tiff
Created /mnt/data1/UniBe-swiss-ndvi/data/tiffs_historic_v7_compr/20190209_historic.tiff
Created /mnt/data1/UniBe-swiss-ndvi/data/tiffs_historic_v7_compr/20190209_historic_mask.tiff
Created /mnt/data1/UniBe-swiss-ndvi/data/tiffs_historic_v7_compr/20190210_historic.tiff
Created /mnt/data1/UniBe-swiss-ndvi/data/tiffs_historic_v7_compr/20190210_historic_mask.tiff
Created /mnt/data1/UniBe-swiss-ndvi/data/tiffs_historic_v7_compr/20190211_historic.tiff
Created /mnt/data1/UniBe-swiss-ndvi/data/tiffs_historic_v7_compr/20190211_historic_mask.tiff
Created /mnt/data1/UniBe-swiss-ndvi/data/tiffs_historic_v7_compr/20190212_historic.tiff
Created /mnt/data1/UniBe-swiss-ndvi/data/tiffs_historic_v7_compr/20190212_historic_mask.tiff
Created /mnt/data1/UniBe-swiss-ndvi/data/tiffs_historic_v7_compr/20190213_historic.tiff
Created /mnt/data1/UniBe-swiss-ndvi/data/tiffs_historic_v7_compr/20190213_historic_mask.tiff
Created /mnt/data1/UniBe-swiss-ndvi/data/tiffs_historic_v7_compr/20190214_historic.tiff
Created /mnt/data1/UniBe-swiss-ndvi/data/tiffs_historic_v7_compr/20190214_historic_mask.tiff
Created /mnt/data1/UniBe-swiss-ndvi/data/tiffs_historic_v7_compr/20190215_historic.tiff
Created /mnt/data1/UniBe-swiss-ndvi/data/tiffs_historic_v7_compr/20190215_historic_mask.tiff
Created /mnt/data1/UniBe-swiss-ndvi/data/tiffs_historic_v7_compr/20190216_historic.tiff
Created /mnt/data1/UniBe-swiss-ndvi/data/tiffs_historic_v7_compr/20190216_historic_mask.tiff
Created /mnt/data1/UniBe-swiss-ndvi/data/tiffs_historic_v7_compr/20190217_historic.tiff
Created /mnt/data1/UniBe-swiss-ndvi/data/tiffs_historic_v7_compr/20190217_historic_mask.tiff
Created /mnt/data1/UniBe-swiss-ndvi/data/tiffs_historic_v7_compr/20190218_historic.tiff
Created /mnt/data1/UniBe-swiss-ndvi/data/tiffs_historic_v7_compr/20190218_historic_mask.tiff
Created /mnt/data1/UniBe-swiss-ndvi/data/tiffs_historic_v7_compr/20190219_historic.tiff
Created /mnt/data1/UniBe-swiss-ndvi/data/tiffs_historic_v7_compr/20190219_historic_mask.tiff
Created /mnt/data1/UniBe-swiss-ndvi/data/tiffs_historic_v7_compr/20190220_historic.tiff
Created /mnt/data1/UniBe-swiss-ndvi/data/tiffs_historic_v7_compr/20190220_historic_mask.tiff
Created /mnt/data1/UniBe-swiss-ndvi/data/tiffs_historic_v7_compr/20190221_historic.tiff
Created /mnt/data1/UniBe-swiss-ndvi/data/tiffs_historic_v7_compr/20190221_historic_mask.tiff
Created /mnt/data1/UniBe-swiss-ndvi/data/tiffs_historic_v7_compr/20190222_historic.tiff
Created /mnt/data1/UniBe-swiss-ndvi/data/tiffs_historic_v7_compr/20190222_historic_mask.tiff
Created /mnt/data1/UniBe-swiss-ndvi/data/tiffs_historic_v7_compr/20190223_historic.tiff
Created /mnt/data1/UniBe-swiss-ndvi/data/tiffs_historic_v7_compr/20190223_historic_mask.tiff
Created /mnt/data1/UniBe-swiss-ndvi/data/tiffs_historic_v7_compr/20190224_historic.tiff
Created /mnt/data1/UniBe-swiss-ndvi/data/tiffs_historic_v7_compr/20190224_historic_mask.tiff
Created /mnt/data1/UniBe-swiss-ndvi/data/tiffs_historic_v7_compr/20190225_historic.tiff
Created /mnt/data1/UniBe-swiss-ndvi/data/tiffs_historic_v7_compr/20190225_historic_mask.tiff
Created /mnt/data1/UniBe-swiss-ndvi/data/tiffs_historic_v7_compr/20190226_historic.tiff
Created /mnt/data1/UniBe-swiss-ndvi/data/tiffs_historic_v7_compr/20190226_historic_mask.tiff
Created /mnt/data1/UniBe-swiss-ndvi/data/tiffs_historic_v7_compr/20190227_historic.tiff
Created /mnt/data1/UniBe-swiss-ndvi/data/tiffs_historic_v7_compr/20190227_historic_mask.tiff
Created /mnt/data1/UniBe-swiss-ndvi/data/tiffs_historic_v7_compr/20190228_historic.tiff
Created /mnt/data1/UniBe-swiss-ndvi/data/tiffs_historic_v7_compr/20190228_historic_mask.tiff
Created /mnt/data1/UniBe-swiss-ndvi/data/tiffs_historic_v7_compr/20190301_historic.tiff
Created /mnt/data1/UniBe-swiss-ndvi/data/tiffs_historic_v7_compr/20190301_historic_mask.tiff
Created /mnt/data1/UniBe-swiss-ndvi/data/tiffs_historic_v7_compr/20190302_historic.tiff
Created /mnt/data1/UniBe-swiss-ndvi/data/tiffs_historic_v7_compr/20190302_historic_mask.tiff
Created /mnt/data1/UniBe-swiss-ndvi/data/tiffs_historic_v7_compr/20190303_historic.tiff
Created /mnt/data1/UniBe-swiss-ndvi/data/tiffs_historic_v7_compr/20190303_historic_mask.tiff
Created /mnt/data1/UniBe-swiss-ndvi/data/tiffs_historic_v7_compr/20190304_historic.tiff
Created /mnt/data1/UniBe-swiss-ndvi/data/tiffs_historic_v7_compr/20190304_historic_mask.tiff
Created /mnt/data1/UniBe-swiss-ndvi/data/tiffs_historic_v7_compr/20190305_historic.tiff
Created /mnt/data1/UniBe-swiss-ndvi/data/tiffs_historic_v7_compr/20190305_historic_mask.tiff
Created /mnt/data1/UniBe-swiss-ndvi/data/tiffs_historic_v7_compr/20190306_historic.tiff
Created /mnt/data1/UniBe-swiss-ndvi/data/tiffs_historic_v7_compr/20190306_historic_mask.tiff
Created /mnt/data1/UniBe-swiss-ndvi/data/tiffs_historic_v7_compr/20190307_historic.tiff
Created /mnt/data1/UniBe-swiss-ndvi/data/tiffs_historic_v7_compr/20190307_historic_mask.tiff
Created /mnt/data1/UniBe-swiss-ndvi/data/tiffs_historic_v7_compr/20190308_historic.tiff
Created /mnt/data1/UniBe-swiss-ndvi/data/tiffs_historic_v7_compr/20190308_historic_mask.tiff
Created /mnt/data1/UniBe-swiss-ndvi/data/tiffs_historic_v7_compr/20190309_historic.tiff
Created /mnt/data1/UniBe-swiss-ndvi/data/tiffs_historic_v7_compr/20190309_historic_mask.tiff
Created /mnt/data1/UniBe-swiss-ndvi/data/tiffs_historic_v7_compr/20190310_historic.tiff
Created /mnt/data1/UniBe-swiss-ndvi/data/tiffs_historic_v7_compr/20190310_historic_mask.tiff
Created /mnt/data1/UniBe-swiss-ndvi/data/tiffs_historic_v7_compr/20190311_historic.tiff
Created /mnt/data1/UniBe-swiss-ndvi/data/tiffs_historic_v7_compr/20190311_historic_mask.tiff
Created /mnt/data1/UniBe-swiss-ndvi/data/tiffs_historic_v7_compr/20190312_historic.tiff
Created /mnt/data1/UniBe-swiss-ndvi/data/tiffs_historic_v7_compr/20190312_historic_mask.tiff
Created /mnt/data1/UniBe-swiss-ndvi/data/tiffs_historic_v7_compr/20190313_historic.tiff
Created /mnt/data1/UniBe-swiss-ndvi/data/tiffs_historic_v7_compr/20190313_historic_mask.tiff
Created /mnt/data1/UniBe-swiss-ndvi/data/tiffs_historic_v7_compr/20190314_historic.tiff
Created /mnt/data1/UniBe-swiss-ndvi/data/tiffs_historic_v7_compr/20190314_historic_mask.tiff
Created /mnt/data1/UniBe-swiss-ndvi/data/tiffs_historic_v7_compr/20190315_historic.tiff
Created /mnt/data1/UniBe-swiss-ndvi/data/tiffs_historic_v7_compr/20190315_historic_mask.tiff
Created /mnt/data1/UniBe-swiss-ndvi/data/tiffs_historic_v7_compr/20190316_historic.tiff
Created /mnt/data1/UniBe-swiss-ndvi/data/tiffs_historic_v7_compr/20190316_historic_mask.tiff
Created /mnt/data1/UniBe-swiss-ndvi/data/tiffs_historic_v7_compr/20190317_historic.tiff
Created /mnt/data1/UniBe-swiss-ndvi/data/tiffs_historic_v7_compr/20190317_historic_mask.tiff
Created /mnt/data1/UniBe-swiss-ndvi/data/tiffs_historic_v7_compr/20190318_historic.tiff
Created /mnt/data1/UniBe-swiss-ndvi/data/tiffs_historic_v7_compr/20190318_historic_mask.tiff
Created /mnt/data1/UniBe-swiss-ndvi/data/tiffs_historic_v7_compr/20190319_historic.tiff
Created /mnt/data1/UniBe-swiss-ndvi/data/tiffs_historic_v7_compr/20190319_historic_mask.tiff
Created /mnt/data1/UniBe-swiss-ndvi/data/tiffs_historic_v7_compr/20190320_historic.tiff
Created /mnt/data1/UniBe-swiss-ndvi/data/tiffs_historic_v7_compr/20190320_historic_mask.tiff
Created /mnt/data1/UniBe-swiss-ndvi/data/tiffs_historic_v7_compr/20190321_historic.tiff
Created /mnt/data1/UniBe-swiss-ndvi/data/tiffs_historic_v7_compr/20190321_historic_mask.tiff
Created /mnt/data1/UniBe-swiss-ndvi/data/tiffs_historic_v7_compr/20190322_historic.tiff
Created /mnt/data1/UniBe-swiss-ndvi/data/tiffs_historic_v7_compr/20190322_historic_mask.tiff
Created /mnt/data1/UniBe-swiss-ndvi/data/tiffs_historic_v7_compr/20190323_historic.tiff
Created /mnt/data1/UniBe-swiss-ndvi/data/tiffs_historic_v7_compr/20190323_historic_mask.tiff
Created /mnt/data1/UniBe-swiss-ndvi/data/tiffs_historic_v7_compr/20190324_historic.tiff
Created /mnt/data1/UniBe-swiss-ndvi/data/tiffs_historic_v7_compr/20190324_historic_mask.tiff
Created /mnt/data1/UniBe-swiss-ndvi/data/tiffs_historic_v7_compr/20190325_historic.tiff
Created /mnt/data1/UniBe-swiss-ndvi/data/tiffs_historic_v7_compr/20190325_historic_mask.tiff
Created /mnt/data1/UniBe-swiss-ndvi/data/tiffs_historic_v7_compr/20190326_historic.tiff
Created /mnt/data1/UniBe-swiss-ndvi/data/tiffs_historic_v7_compr/20190326_historic_mask.tiff
Created /mnt/data1/UniBe-swiss-ndvi/data/tiffs_historic_v7_compr/20190327_historic.tiff
Created /mnt/data1/UniBe-swiss-ndvi/data/tiffs_historic_v7_compr/20190327_historic_mask.tiff
Created /mnt/data1/UniBe-swiss-ndvi/data/tiffs_historic_v7_compr/20190328_historic.tiff
Created /mnt/data1/UniBe-swiss-ndvi/data/tiffs_historic_v7_compr/20190328_historic_mask.tiff
Created /mnt/data1/UniBe-swiss-ndvi/data/tiffs_historic_v7_compr/20190329_historic.tiff
Created /mnt/data1/UniBe-swiss-ndvi/data/tiffs_historic_v7_compr/20190329_historic_mask.tiff
Created /mnt/data1/UniBe-swiss-ndvi/data/tiffs_historic_v7_compr/20190330_historic.tiff
Created /mnt/data1/UniBe-swiss-ndvi/data/tiffs_historic_v7_compr/20190330_historic_mask.tiff
Created /mnt/data1/UniBe-swiss-ndvi/data/tiffs_historic_v7_compr/20190331_historic.tiff
Created /mnt/data1/UniBe-swiss-ndvi/data/tiffs_historic_v7_compr/20190331_historic_mask.tiff
Created /mnt/data1/UniBe-swiss-ndvi/data/tiffs_historic_v7_compr/20190401_historic.tiff
Created /mnt/data1/UniBe-swiss-ndvi/data/tiffs_historic_v7_compr/20190401_historic_mask.tiff
Created /mnt/data1/UniBe-swiss-ndvi/data/tiffs_historic_v7_compr/20190402_historic.tiff
Created /mnt/data1/UniBe-swiss-ndvi/data/tiffs_historic_v7_compr/20190402_historic_mask.tiff
Created /mnt/data1/UniBe-swiss-ndvi/data/tiffs_historic_v7_compr/20190403_historic.tiff
Created /mnt/data1/UniBe-swiss-ndvi/data/tiffs_historic_v7_compr/20190403_historic_mask.tiff
Created /mnt/data1/UniBe-swiss-ndvi/data/tiffs_historic_v7_compr/20190404_historic.tiff
Created /mnt/data1/UniBe-swiss-ndvi/data/tiffs_historic_v7_compr/20190404_historic_mask.tiff
Created /mnt/data1/UniBe-swiss-ndvi/data/tiffs_historic_v7_compr/20190405_historic.tiff
Created /mnt/data1/UniBe-swiss-ndvi/data/tiffs_historic_v7_compr/20190405_historic_mask.tiff
Created /mnt/data1/UniBe-swiss-ndvi/data/tiffs_historic_v7_compr/20190406_historic.tiff
Created /mnt/data1/UniBe-swiss-ndvi/data/tiffs_historic_v7_compr/20190406_historic_mask.tiff
Created /mnt/data1/UniBe-swiss-ndvi/data/tiffs_historic_v7_compr/20190407_historic.tiff
Created /mnt/data1/UniBe-swiss-ndvi/data/tiffs_historic_v7_compr/20190407_historic_mask.tiff
Created /mnt/data1/UniBe-swiss-ndvi/data/tiffs_historic_v7_compr/20190408_historic.tiff
Created /mnt/data1/UniBe-swiss-ndvi/data/tiffs_historic_v7_compr/20190408_historic_mask.tiff
Created /mnt/data1/UniBe-swiss-ndvi/data/tiffs_historic_v7_compr/20190409_historic.tiff
Created /mnt/data1/UniBe-swiss-ndvi/data/tiffs_historic_v7_compr/20190409_historic_mask.tiff
Created /mnt/data1/UniBe-swiss-ndvi/data/tiffs_historic_v7_compr/20190410_historic.tiff
Created /mnt/data1/UniBe-swiss-ndvi/data/tiffs_historic_v7_compr/20190410_historic_mask.tiff
Created /mnt/data1/UniBe-swiss-ndvi/data/tiffs_historic_v7_compr/20190411_historic.tiff
Created /mnt/data1/UniBe-swiss-ndvi/data/tiffs_historic_v7_compr/20190411_historic_mask.tiff
Created /mnt/data1/UniBe-swiss-ndvi/data/tiffs_historic_v7_compr/20190412_historic.tiff
Created /mnt/data1/UniBe-swiss-ndvi/data/tiffs_historic_v7_compr/20190412_historic_mask.tiff
Created /mnt/data1/UniBe-swiss-ndvi/data/tiffs_historic_v7_compr/20190413_historic.tiff
Created /mnt/data1/UniBe-swiss-ndvi/data/tiffs_historic_v7_compr/20190413_historic_mask.tiff
Created /mnt/data1/UniBe-swiss-ndvi/data/tiffs_historic_v7_compr/20190414_historic.tiff
Created /mnt/data1/UniBe-swiss-ndvi/data/tiffs_historic_v7_compr/20190414_historic_mask.tiff
Created /mnt/data1/UniBe-swiss-ndvi/data/tiffs_historic_v7_compr/20190415_historic.tiff
Created /mnt/data1/UniBe-swiss-ndvi/data/tiffs_historic_v7_compr/20190415_historic_mask.tiff
Created /mnt/data1/UniBe-swiss-ndvi/data/tiffs_historic_v7_compr/20190416_historic.tiff
Created /mnt/data1/UniBe-swiss-ndvi/data/tiffs_historic_v7_compr/20190416_historic_mask.tiff
Created /mnt/data1/UniBe-swiss-ndvi/data/tiffs_historic_v7_compr/20190417_historic.tiff
Created /mnt/data1/UniBe-swiss-ndvi/data/tiffs_historic_v7_compr/20190417_historic_mask.tiff
Created /mnt/data1/UniBe-swiss-ndvi/data/tiffs_historic_v7_compr/20190418_historic.tiff
Created /mnt/data1/UniBe-swiss-ndvi/data/tiffs_historic_v7_compr/20190418_historic_mask.tiff
Created /mnt/data1/UniBe-swiss-ndvi/data/tiffs_historic_v7_compr/20190419_historic.tiff
Created /mnt/data1/UniBe-swiss-ndvi/data/tiffs_historic_v7_compr/20190419_historic_mask.tiff
Created /mnt/data1/UniBe-swiss-ndvi/data/tiffs_historic_v7_compr/20190420_historic.tiff
Created /mnt/data1/UniBe-swiss-ndvi/data/tiffs_historic_v7_compr/20190420_historic_mask.tiff
Created /mnt/data1/UniBe-swiss-ndvi/data/tiffs_historic_v7_compr/20190421_historic.tiff
Created /mnt/data1/UniBe-swiss-ndvi/data/tiffs_historic_v7_compr/20190421_historic_mask.tiff
Created /mnt/data1/UniBe-swiss-ndvi/data/tiffs_historic_v7_compr/20190422_historic.tiff
Created /mnt/data1/UniBe-swiss-ndvi/data/tiffs_historic_v7_compr/20190422_historic_mask.tiff
Created /mnt/data1/UniBe-swiss-ndvi/data/tiffs_historic_v7_compr/20190423_historic.tiff
Created /mnt/data1/UniBe-swiss-ndvi/data/tiffs_historic_v7_compr/20190423_historic_mask.tiff
Created /mnt/data1/UniBe-swiss-ndvi/data/tiffs_historic_v7_compr/20190424_historic.tiff
Created /mnt/data1/UniBe-swiss-ndvi/data/tiffs_historic_v7_compr/20190424_historic_mask.tiff
Created /mnt/data1/UniBe-swiss-ndvi/data/tiffs_historic_v7_compr/20190425_historic.tiff
Created /mnt/data1/UniBe-swiss-ndvi/data/tiffs_historic_v7_compr/20190425_historic_mask.tiff
Created /mnt/data1/UniBe-swiss-ndvi/data/tiffs_historic_v7_compr/20190426_historic.tiff
Created /mnt/data1/UniBe-swiss-ndvi/data/tiffs_historic_v7_compr/20190426_historic_mask.tiff
Created /mnt/data1/UniBe-swiss-ndvi/data/tiffs_historic_v7_compr/20190427_historic.tiff
Created /mnt/data1/UniBe-swiss-ndvi/data/tiffs_historic_v7_compr/20190427_historic_mask.tiff
Created /mnt/data1/UniBe-swiss-ndvi/data/tiffs_historic_v7_compr/20190428_historic.tiff
Created /mnt/data1/UniBe-swiss-ndvi/data/tiffs_historic_v7_compr/20190428_historic_mask.tiff
Created /mnt/data1/UniBe-swiss-ndvi/data/tiffs_historic_v7_compr/20190429_historic.tiff
Created /mnt/data1/UniBe-swiss-ndvi/data/tiffs_historic_v7_compr/20190429_historic_mask.tiff
Created /mnt/data1/UniBe-swiss-ndvi/data/tiffs_historic_v7_compr/20190430_historic.tiff
Created /mnt/data1/UniBe-swiss-ndvi/data/tiffs_historic_v7_compr/20190430_historic_mask.tiff
Created /mnt/data1/UniBe-swiss-ndvi/data/tiffs_historic_v7_compr/20190501_historic.tiff
Created /mnt/data1/UniBe-swiss-ndvi/data/tiffs_historic_v7_compr/20190501_historic_mask.tiff
Created /mnt/data1/UniBe-swiss-ndvi/data/tiffs_historic_v7_compr/20190502_historic.tiff
Created /mnt/data1/UniBe-swiss-ndvi/data/tiffs_historic_v7_compr/20190502_historic_mask.tiff
Created /mnt/data1/UniBe-swiss-ndvi/data/tiffs_historic_v7_compr/20190503_historic.tiff
Created /mnt/data1/UniBe-swiss-ndvi/data/tiffs_historic_v7_compr/20190503_historic_mask.tiff
Created /mnt/data1/UniBe-swiss-ndvi/data/tiffs_historic_v7_compr/20190504_historic.tiff
Created /mnt/data1/UniBe-swiss-ndvi/data/tiffs_historic_v7_compr/20190504_historic_mask.tiff
Created /mnt/data1/UniBe-swiss-ndvi/data/tiffs_historic_v7_compr/20190505_historic.tiff
Created /mnt/data1/UniBe-swiss-ndvi/data/tiffs_historic_v7_compr/20190505_historic_mask.tiff
Created /mnt/data1/UniBe-swiss-ndvi/data/tiffs_historic_v7_compr/20190506_historic.tiff
Created /mnt/data1/UniBe-swiss-ndvi/data/tiffs_historic_v7_compr/20190506_historic_mask.tiff
Created /mnt/data1/UniBe-swiss-ndvi/data/tiffs_historic_v7_compr/20190507_historic.tiff
Created /mnt/data1/UniBe-swiss-ndvi/data/tiffs_historic_v7_compr/20190507_historic_mask.tiff
Created /mnt/data1/UniBe-swiss-ndvi/data/tiffs_historic_v7_compr/20190508_historic.tiff
Created /mnt/data1/UniBe-swiss-ndvi/data/tiffs_historic_v7_compr/20190508_historic_mask.tiff
Created /mnt/data1/UniBe-swiss-ndvi/data/tiffs_historic_v7_compr/20190509_historic.tiff
Created /mnt/data1/UniBe-swiss-ndvi/data/tiffs_historic_v7_compr/20190509_historic_mask.tiff
Created /mnt/data1/UniBe-swiss-ndvi/data/tiffs_historic_v7_compr/20190510_historic.tiff
Created /mnt/data1/UniBe-swiss-ndvi/data/tiffs_historic_v7_compr/20190510_historic_mask.tiff
Created /mnt/data1/UniBe-swiss-ndvi/data/tiffs_historic_v7_compr/20190511_historic.tiff
Created /mnt/data1/UniBe-swiss-ndvi/data/tiffs_historic_v7_compr/20190511_historic_mask.tiff
Created /mnt/data1/UniBe-swiss-ndvi/data/tiffs_historic_v7_compr/20190512_historic.tiff
Created /mnt/data1/UniBe-swiss-ndvi/data/tiffs_historic_v7_compr/20190512_historic_mask.tiff
Created /mnt/data1/UniBe-swiss-ndvi/data/tiffs_historic_v7_compr/20190513_historic.tiff
Created /mnt/data1/UniBe-swiss-ndvi/data/tiffs_historic_v7_compr/20190513_historic_mask.tiff
Created /mnt/data1/UniBe-swiss-ndvi/data/tiffs_historic_v7_compr/20190514_historic.tiff
Created /mnt/data1/UniBe-swiss-ndvi/data/tiffs_historic_v7_compr/20190514_historic_mask.tiff
Created /mnt/data1/UniBe-swiss-ndvi/data/tiffs_historic_v7_compr/20190515_historic.tiff
Created /mnt/data1/UniBe-swiss-ndvi/data/tiffs_historic_v7_compr/20190515_historic_mask.tiff
Created /mnt/data1/UniBe-swiss-ndvi/data/tiffs_historic_v7_compr/20190516_historic.tiff
Created /mnt/data1/UniBe-swiss-ndvi/data/tiffs_historic_v7_compr/20190516_historic_mask.tiff
Created /mnt/data1/UniBe-swiss-ndvi/data/tiffs_historic_v7_compr/20190517_historic.tiff
Created /mnt/data1/UniBe-swiss-ndvi/data/tiffs_historic_v7_compr/20190517_historic_mask.tiff
Created /mnt/data1/UniBe-swiss-ndvi/data/tiffs_historic_v7_compr/20190518_historic.tiff
Created /mnt/data1/UniBe-swiss-ndvi/data/tiffs_historic_v7_compr/20190518_historic_mask.tiff
Created /mnt/data1/UniBe-swiss-ndvi/data/tiffs_historic_v7_compr/20190519_historic.tiff
Created /mnt/data1/UniBe-swiss-ndvi/data/tiffs_historic_v7_compr/20190519_historic_mask.tiff
Created /mnt/data1/UniBe-swiss-ndvi/data/tiffs_historic_v7_compr/20190520_historic.tiff
Created /mnt/data1/UniBe-swiss-ndvi/data/tiffs_historic_v7_compr/20190520_historic_mask.tiff
Created /mnt/data1/UniBe-swiss-ndvi/data/tiffs_historic_v7_compr/20190521_historic.tiff
Created /mnt/data1/UniBe-swiss-ndvi/data/tiffs_historic_v7_compr/20190521_historic_mask.tiff
Created /mnt/data1/UniBe-swiss-ndvi/data/tiffs_historic_v7_compr/20190522_historic.tiff
Created /mnt/data1/UniBe-swiss-ndvi/data/tiffs_historic_v7_compr/20190522_historic_mask.tiff
Created /mnt/data1/UniBe-swiss-ndvi/data/tiffs_historic_v7_compr/20190523_historic.tiff
Created /mnt/data1/UniBe-swiss-ndvi/data/tiffs_historic_v7_compr/20190523_historic_mask.tiff
Created /mnt/data1/UniBe-swiss-ndvi/data/tiffs_historic_v7_compr/20190524_historic.tiff
Created /mnt/data1/UniBe-swiss-ndvi/data/tiffs_historic_v7_compr/20190524_historic_mask.tiff
Created /mnt/data1/UniBe-swiss-ndvi/data/tiffs_historic_v7_compr/20190525_historic.tiff
Created /mnt/data1/UniBe-swiss-ndvi/data/tiffs_historic_v7_compr/20190525_historic_mask.tiff
Created /mnt/data1/UniBe-swiss-ndvi/data/tiffs_historic_v7_compr/20190526_historic.tiff
Created /mnt/data1/UniBe-swiss-ndvi/data/tiffs_historic_v7_compr/20190526_historic_mask.tiff
Created /mnt/data1/UniBe-swiss-ndvi/data/tiffs_historic_v7_compr/20190527_historic.tiff
Created /mnt/data1/UniBe-swiss-ndvi/data/tiffs_historic_v7_compr/20190527_historic_mask.tiff
Created /mnt/data1/UniBe-swiss-ndvi/data/tiffs_historic_v7_compr/20190528_historic.tiff
Created /mnt/data1/UniBe-swiss-ndvi/data/tiffs_historic_v7_compr/20190528_historic_mask.tiff
Created /mnt/data1/UniBe-swiss-ndvi/data/tiffs_historic_v7_compr/20190529_historic.tiff
Created /mnt/data1/UniBe-swiss-ndvi/data/tiffs_historic_v7_compr/20190529_historic_mask.tiff
Created /mnt/data1/UniBe-swiss-ndvi/data/tiffs_historic_v7_compr/20190530_historic.tiff
Created /mnt/data1/UniBe-swiss-ndvi/data/tiffs_historic_v7_compr/20190530_historic_mask.tiff
Created /mnt/data1/UniBe-swiss-ndvi/data/tiffs_historic_v7_compr/20190531_historic.tiff
Created /mnt/data1/UniBe-swiss-ndvi/data/tiffs_historic_v7_compr/20190531_historic_mask.tiff
Created /mnt/data1/UniBe-swiss-ndvi/data/tiffs_historic_v7_compr/20190601_historic.tiff
Created /mnt/data1/UniBe-swiss-ndvi/data/tiffs_historic_v7_compr/20190601_historic_mask.tiff
Created /mnt/data1/UniBe-swiss-ndvi/data/tiffs_historic_v7_compr/20190602_historic.tiff
Created /mnt/data1/UniBe-swiss-ndvi/data/tiffs_historic_v7_compr/20190602_historic_mask.tiff
Created /mnt/data1/UniBe-swiss-ndvi/data/tiffs_historic_v7_compr/20190603_historic.tiff
Created /mnt/data1/UniBe-swiss-ndvi/data/tiffs_historic_v7_compr/20190603_historic_mask.tiff
Created /mnt/data1/UniBe-swiss-ndvi/data/tiffs_historic_v7_compr/20190604_historic.tiff
Created /mnt/data1/UniBe-swiss-ndvi/data/tiffs_historic_v7_compr/20190604_historic_mask.tiff
Created /mnt/data1/UniBe-swiss-ndvi/data/tiffs_historic_v7_compr/20190605_historic.tiff
Created /mnt/data1/UniBe-swiss-ndvi/data/tiffs_historic_v7_compr/20190605_historic_mask.tiff
Created /mnt/data1/UniBe-swiss-ndvi/data/tiffs_historic_v7_compr/20190606_historic.tiff
Created /mnt/data1/UniBe-swiss-ndvi/data/tiffs_historic_v7_compr/20190606_historic_mask.tiff
Created /mnt/data1/UniBe-swiss-ndvi/data/tiffs_historic_v7_compr/20190607_historic.tiff
Created /mnt/data1/UniBe-swiss-ndvi/data/tiffs_historic_v7_compr/20190607_historic_mask.tiff
Created /mnt/data1/UniBe-swiss-ndvi/data/tiffs_historic_v7_compr/20190608_historic.tiff
Created /mnt/data1/UniBe-swiss-ndvi/data/tiffs_historic_v7_compr/20190608_historic_mask.tiff
Created /mnt/data1/UniBe-swiss-ndvi/data/tiffs_historic_v7_compr/20190609_historic.tiff
Created /mnt/data1/UniBe-swiss-ndvi/data/tiffs_historic_v7_compr/20190609_historic_mask.tiff
Created /mnt/data1/UniBe-swiss-ndvi/data/tiffs_historic_v7_compr/20190610_historic.tiff
Created /mnt/data1/UniBe-swiss-ndvi/data/tiffs_historic_v7_compr/20190610_historic_mask.tiff
Created /mnt/data1/UniBe-swiss-ndvi/data/tiffs_historic_v7_compr/20190611_historic.tiff
Created /mnt/data1/UniBe-swiss-ndvi/data/tiffs_historic_v7_compr/20190611_historic_mask.tiff
Created /mnt/data1/UniBe-swiss-ndvi/data/tiffs_historic_v7_compr/20190612_historic.tiff
Created /mnt/data1/UniBe-swiss-ndvi/data/tiffs_historic_v7_compr/20190612_historic_mask.tiff
Created /mnt/data1/UniBe-swiss-ndvi/data/tiffs_historic_v7_compr/20190613_historic.tiff
Created /mnt/data1/UniBe-swiss-ndvi/data/tiffs_historic_v7_compr/20190613_historic_mask.tiff
Created /mnt/data1/UniBe-swiss-ndvi/data/tiffs_historic_v7_compr/20190614_historic.tiff
Created /mnt/data1/UniBe-swiss-ndvi/data/tiffs_historic_v7_compr/20190614_historic_mask.tiff
Created /mnt/data1/UniBe-swiss-ndvi/data/tiffs_historic_v7_compr/20190615_historic.tiff
Created /mnt/data1/UniBe-swiss-ndvi/data/tiffs_historic_v7_compr/20190615_historic_mask.tiff
Created /mnt/data1/UniBe-swiss-ndvi/data/tiffs_historic_v7_compr/20190616_historic.tiff
Created /mnt/data1/UniBe-swiss-ndvi/data/tiffs_historic_v7_compr/20190616_historic_mask.tiff
Created /mnt/data1/UniBe-swiss-ndvi/data/tiffs_historic_v7_compr/20190617_historic.tiff
Created /mnt/data1/UniBe-swiss-ndvi/data/tiffs_historic_v7_compr/20190617_historic_mask.tiff
Created /mnt/data1/UniBe-swiss-ndvi/data/tiffs_historic_v7_compr/20190618_historic.tiff
Created /mnt/data1/UniBe-swiss-ndvi/data/tiffs_historic_v7_compr/20190618_historic_mask.tiff
Created /mnt/data1/UniBe-swiss-ndvi/data/tiffs_historic_v7_compr/20190619_historic.tiff
Created /mnt/data1/UniBe-swiss-ndvi/data/tiffs_historic_v7_compr/20190619_historic_mask.tiff
Created /mnt/data1/UniBe-swiss-ndvi/data/tiffs_historic_v7_compr/20190620_historic.tiff
Created /mnt/data1/UniBe-swiss-ndvi/data/tiffs_historic_v7_compr/20190620_historic_mask.tiff
Created /mnt/data1/UniBe-swiss-ndvi/data/tiffs_historic_v7_compr/20190621_historic.tiff
Created /mnt/data1/UniBe-swiss-ndvi/data/tiffs_historic_v7_compr/20190621_historic_mask.tiff
Created /mnt/data1/UniBe-swiss-ndvi/data/tiffs_historic_v7_compr/20190622_historic.tiff
Created /mnt/data1/UniBe-swiss-ndvi/data/tiffs_historic_v7_compr/20190622_historic_mask.tiff
Created /mnt/data1/UniBe-swiss-ndvi/data/tiffs_historic_v7_compr/20190623_historic.tiff
Created /mnt/data1/UniBe-swiss-ndvi/data/tiffs_historic_v7_compr/20190623_historic_mask.tiff
Created /mnt/data1/UniBe-swiss-ndvi/data/tiffs_historic_v7_compr/20190624_historic.tiff
Created /mnt/data1/UniBe-swiss-ndvi/data/tiffs_historic_v7_compr/20190624_historic_mask.tiff
Created /mnt/data1/UniBe-swiss-ndvi/data/tiffs_historic_v7_compr/20190625_historic.tiff
Created /mnt/data1/UniBe-swiss-ndvi/data/tiffs_historic_v7_compr/20190625_historic_mask.tiff
Created /mnt/data1/UniBe-swiss-ndvi/data/tiffs_historic_v7_compr/20190626_historic.tiff
Created /mnt/data1/UniBe-swiss-ndvi/data/tiffs_historic_v7_compr/20190626_historic_mask.tiff
Created /mnt/data1/UniBe-swiss-ndvi/data/tiffs_historic_v7_compr/20190627_historic.tiff
Created /mnt/data1/UniBe-swiss-ndvi/data/tiffs_historic_v7_compr/20190627_historic_mask.tiff
Created /mnt/data1/UniBe-swiss-ndvi/data/tiffs_historic_v7_compr/20190628_historic.tiff
Created /mnt/data1/UniBe-swiss-ndvi/data/tiffs_historic_v7_compr/20190628_historic_mask.tiff
Created /mnt/data1/UniBe-swiss-ndvi/data/tiffs_historic_v7_compr/20190629_historic.tiff
Created /mnt/data1/UniBe-swiss-ndvi/data/tiffs_historic_v7_compr/20190629_historic_mask.tiff
Created /mnt/data1/UniBe-swiss-ndvi/data/tiffs_historic_v7_compr/20190630_historic.tiff
Created /mnt/data1/UniBe-swiss-ndvi/data/tiffs_historic_v7_compr/20190630_historic_mask.tiff
Created /mnt/data1/UniBe-swiss-ndvi/data/tiffs_historic_v7_compr/20190701_historic.tiff
Created /mnt/data1/UniBe-swiss-ndvi/data/tiffs_historic_v7_compr/20190701_historic_mask.tiff
Created /mnt/data1/UniBe-swiss-ndvi/data/tiffs_historic_v7_compr/20190702_historic.tiff
Created /mnt/data1/UniBe-swiss-ndvi/data/tiffs_historic_v7_compr/20190702_historic_mask.tiff
Created /mnt/data1/UniBe-swiss-ndvi/data/tiffs_historic_v7_compr/20190703_historic.tiff
Created /mnt/data1/UniBe-swiss-ndvi/data/tiffs_historic_v7_compr/20190703_historic_mask.tiff
Created /mnt/data1/UniBe-swiss-ndvi/data/tiffs_historic_v7_compr/20190704_historic.tiff
Created /mnt/data1/UniBe-swiss-ndvi/data/tiffs_historic_v7_compr/20190704_historic_mask.tiff
Created /mnt/data1/UniBe-swiss-ndvi/data/tiffs_historic_v7_compr/20190705_historic.tiff
Created /mnt/data1/UniBe-swiss-ndvi/data/tiffs_historic_v7_compr/20190705_historic_mask.tiff
Created /mnt/data1/UniBe-swiss-ndvi/data/tiffs_historic_v7_compr/20190706_historic.tiff
Created /mnt/data1/UniBe-swiss-ndvi/data/tiffs_historic_v7_compr/20190706_historic_mask.tiff
Created /mnt/data1/UniBe-swiss-ndvi/data/tiffs_historic_v7_compr/20190707_historic.tiff
Created /mnt/data1/UniBe-swiss-ndvi/data/tiffs_historic_v7_compr/20190707_historic_mask.tiff
Created /mnt/data1/UniBe-swiss-ndvi/data/tiffs_historic_v7_compr/20190708_historic.tiff
Created /mnt/data1/UniBe-swiss-ndvi/data/tiffs_historic_v7_compr/20190708_historic_mask.tiff
Created /mnt/data1/UniBe-swiss-ndvi/data/tiffs_historic_v7_compr/20190709_historic.tiff
Created /mnt/data1/UniBe-swiss-ndvi/data/tiffs_historic_v7_compr/20190709_historic_mask.tiff
Created /mnt/data1/UniBe-swiss-ndvi/data/tiffs_historic_v7_compr/20190710_historic.tiff
Created /mnt/data1/UniBe-swiss-ndvi/data/tiffs_historic_v7_compr/20190710_historic_mask.tiff
Created /mnt/data1/UniBe-swiss-ndvi/data/tiffs_historic_v7_compr/20190711_historic.tiff
Created /mnt/data1/UniBe-swiss-ndvi/data/tiffs_historic_v7_compr/20190711_historic_mask.tiff
Created /mnt/data1/UniBe-swiss-ndvi/data/tiffs_historic_v7_compr/20190712_historic.tiff
Created /mnt/data1/UniBe-swiss-ndvi/data/tiffs_historic_v7_compr/20190712_historic_mask.tiff
Created /mnt/data1/UniBe-swiss-ndvi/data/tiffs_historic_v7_compr/20190713_historic.tiff
Created /mnt/data1/UniBe-swiss-ndvi/data/tiffs_historic_v7_compr/20190713_historic_mask.tiff
Created /mnt/data1/UniBe-swiss-ndvi/data/tiffs_historic_v7_compr/20190714_historic.tiff
Created /mnt/data1/UniBe-swiss-ndvi/data/tiffs_historic_v7_compr/20190714_historic_mask.tiff
Created /mnt/data1/UniBe-swiss-ndvi/data/tiffs_historic_v7_compr/20190715_historic.tiff
Created /mnt/data1/UniBe-swiss-ndvi/data/tiffs_historic_v7_compr/20190715_historic_mask.tiff
Created /mnt/data1/UniBe-swiss-ndvi/data/tiffs_historic_v7_compr/20190716_historic.tiff
Created /mnt/data1/UniBe-swiss-ndvi/data/tiffs_historic_v7_compr/20190716_historic_mask.tiff
Created /mnt/data1/UniBe-swiss-ndvi/data/tiffs_historic_v7_compr/20190717_historic.tiff
Created /mnt/data1/UniBe-swiss-ndvi/data/tiffs_historic_v7_compr/20190717_historic_mask.tiff
Created /mnt/data1/UniBe-swiss-ndvi/data/tiffs_historic_v7_compr/20190718_historic.tiff
Created /mnt/data1/UniBe-swiss-ndvi/data/tiffs_historic_v7_compr/20190718_historic_mask.tiff
Created /mnt/data1/UniBe-swiss-ndvi/data/tiffs_historic_v7_compr/20190719_historic.tiff
Created /mnt/data1/UniBe-swiss-ndvi/data/tiffs_historic_v7_compr/20190719_historic_mask.tiff
Created /mnt/data1/UniBe-swiss-ndvi/data/tiffs_historic_v7_compr/20190720_historic.tiff
Created /mnt/data1/UniBe-swiss-ndvi/data/tiffs_historic_v7_compr/20190720_historic_mask.tiff
Created /mnt/data1/UniBe-swiss-ndvi/data/tiffs_historic_v7_compr/20190721_historic.tiff
Created /mnt/data1/UniBe-swiss-ndvi/data/tiffs_historic_v7_compr/20190721_historic_mask.tiff
Created /mnt/data1/UniBe-swiss-ndvi/data/tiffs_historic_v7_compr/20190722_historic.tiff
Created /mnt/data1/UniBe-swiss-ndvi/data/tiffs_historic_v7_compr/20190722_historic_mask.tiff
Created /mnt/data1/UniBe-swiss-ndvi/data/tiffs_historic_v7_compr/20190723_historic.tiff
Created /mnt/data1/UniBe-swiss-ndvi/data/tiffs_historic_v7_compr/20190723_historic_mask.tiff
Created /mnt/data1/UniBe-swiss-ndvi/data/tiffs_historic_v7_compr/20190724_historic.tiff
Created /mnt/data1/UniBe-swiss-ndvi/data/tiffs_historic_v7_compr/20190724_historic_mask.tiff
Created /mnt/data1/UniBe-swiss-ndvi/data/tiffs_historic_v7_compr/20190725_historic.tiff
Created /mnt/data1/UniBe-swiss-ndvi/data/tiffs_historic_v7_compr/20190725_historic_mask.tiff
Created /mnt/data1/UniBe-swiss-ndvi/data/tiffs_historic_v7_compr/20190726_historic.tiff
Created /mnt/data1/UniBe-swiss-ndvi/data/tiffs_historic_v7_compr/20190726_historic_mask.tiff
Created /mnt/data1/UniBe-swiss-ndvi/data/tiffs_historic_v7_compr/20190727_historic.tiff
Created /mnt/data1/UniBe-swiss-ndvi/data/tiffs_historic_v7_compr/20190727_historic_mask.tiff
Created /mnt/data1/UniBe-swiss-ndvi/data/tiffs_historic_v7_compr/20190728_historic.tiff
Created /mnt/data1/UniBe-swiss-ndvi/data/tiffs_historic_v7_compr/20190728_historic_mask.tiff
Created /mnt/data1/UniBe-swiss-ndvi/data/tiffs_historic_v7_compr/20190729_historic.tiff
Created /mnt/data1/UniBe-swiss-ndvi/data/tiffs_historic_v7_compr/20190729_historic_mask.tiff
Created /mnt/data1/UniBe-swiss-ndvi/data/tiffs_historic_v7_compr/20190730_historic.tiff
Created /mnt/data1/UniBe-swiss-ndvi/data/tiffs_historic_v7_compr/20190730_historic_mask.tiff
Created /mnt/data1/UniBe-swiss-ndvi/data/tiffs_historic_v7_compr/20190731_historic.tiff
Created /mnt/data1/UniBe-swiss-ndvi/data/tiffs_historic_v7_compr/20190731_historic_mask.tiff
Created /mnt/data1/UniBe-swiss-ndvi/data/tiffs_historic_v7_compr/20190801_historic.tiff
Created /mnt/data1/UniBe-swiss-ndvi/data/tiffs_historic_v7_compr/20190801_historic_mask.tiff
Created /mnt/data1/UniBe-swiss-ndvi/data/tiffs_historic_v7_compr/20190802_historic.tiff
Created /mnt/data1/UniBe-swiss-ndvi/data/tiffs_historic_v7_compr/20190802_historic_mask.tiff
Created /mnt/data1/UniBe-swiss-ndvi/data/tiffs_historic_v7_compr/20190803_historic.tiff
Created /mnt/data1/UniBe-swiss-ndvi/data/tiffs_historic_v7_compr/20190803_historic_mask.tiff
Created /mnt/data1/UniBe-swiss-ndvi/data/tiffs_historic_v7_compr/20190804_historic.tiff
Created /mnt/data1/UniBe-swiss-ndvi/data/tiffs_historic_v7_compr/20190804_historic_mask.tiff
Created /mnt/data1/UniBe-swiss-ndvi/data/tiffs_historic_v7_compr/20190805_historic.tiff
Created /mnt/data1/UniBe-swiss-ndvi/data/tiffs_historic_v7_compr/20190805_historic_mask.tiff
Created /mnt/data1/UniBe-swiss-ndvi/data/tiffs_historic_v7_compr/20190806_historic.tiff
Created /mnt/data1/UniBe-swiss-ndvi/data/tiffs_historic_v7_compr/20190806_historic_mask.tiff
Created /mnt/data1/UniBe-swiss-ndvi/data/tiffs_historic_v7_compr/20190807_historic.tiff
Created /mnt/data1/UniBe-swiss-ndvi/data/tiffs_historic_v7_compr/20190807_historic_mask.tiff
Created /mnt/data1/UniBe-swiss-ndvi/data/tiffs_historic_v7_compr/20190808_historic.tiff
Created /mnt/data1/UniBe-swiss-ndvi/data/tiffs_historic_v7_compr/20190808_historic_mask.tiff
Created /mnt/data1/UniBe-swiss-ndvi/data/tiffs_historic_v7_compr/20190809_historic.tiff
Created /mnt/data1/UniBe-swiss-ndvi/data/tiffs_historic_v7_compr/20190809_historic_mask.tiff
Created /mnt/data1/UniBe-swiss-ndvi/data/tiffs_historic_v7_compr/20190810_historic.tiff
Created /mnt/data1/UniBe-swiss-ndvi/data/tiffs_historic_v7_compr/20190810_historic_mask.tiff
Created /mnt/data1/UniBe-swiss-ndvi/data/tiffs_historic_v7_compr/20190811_historic.tiff
Created /mnt/data1/UniBe-swiss-ndvi/data/tiffs_historic_v7_compr/20190811_historic_mask.tiff
Created /mnt/data1/UniBe-swiss-ndvi/data/tiffs_historic_v7_compr/20190812_historic.tiff
Created /mnt/data1/UniBe-swiss-ndvi/data/tiffs_historic_v7_compr/20190812_historic_mask.tiff
Created /mnt/data1/UniBe-swiss-ndvi/data/tiffs_historic_v7_compr/20190813_historic.tiff
Created /mnt/data1/UniBe-swiss-ndvi/data/tiffs_historic_v7_compr/20190813_historic_mask.tiff
Created /mnt/data1/UniBe-swiss-ndvi/data/tiffs_historic_v7_compr/20190814_historic.tiff
Created /mnt/data1/UniBe-swiss-ndvi/data/tiffs_historic_v7_compr/20190814_historic_mask.tiff
Created /mnt/data1/UniBe-swiss-ndvi/data/tiffs_historic_v7_compr/20190815_historic.tiff
Created /mnt/data1/UniBe-swiss-ndvi/data/tiffs_historic_v7_compr/20190815_historic_mask.tiff
Created /mnt/data1/UniBe-swiss-ndvi/data/tiffs_historic_v7_compr/20190816_historic.tiff
Created /mnt/data1/UniBe-swiss-ndvi/data/tiffs_historic_v7_compr/20190816_historic_mask.tiff
Created /mnt/data1/UniBe-swiss-ndvi/data/tiffs_historic_v7_compr/20190817_historic.tiff
Created /mnt/data1/UniBe-swiss-ndvi/data/tiffs_historic_v7_compr/20190817_historic_mask.tiff
Created /mnt/data1/UniBe-swiss-ndvi/data/tiffs_historic_v7_compr/20190818_historic.tiff
Created /mnt/data1/UniBe-swiss-ndvi/data/tiffs_historic_v7_compr/20190818_historic_mask.tiff
Created /mnt/data1/UniBe-swiss-ndvi/data/tiffs_historic_v7_compr/20190819_historic.tiff
Created /mnt/data1/UniBe-swiss-ndvi/data/tiffs_historic_v7_compr/20190819_historic_mask.tiff
Created /mnt/data1/UniBe-swiss-ndvi/data/tiffs_historic_v7_compr/20190820_historic.tiff
Created /mnt/data1/UniBe-swiss-ndvi/data/tiffs_historic_v7_compr/20190820_historic_mask.tiff
Created /mnt/data1/UniBe-swiss-ndvi/data/tiffs_historic_v7_compr/20190821_historic.tiff
Created /mnt/data1/UniBe-swiss-ndvi/data/tiffs_historic_v7_compr/20190821_historic_mask.tiff
Created /mnt/data1/UniBe-swiss-ndvi/data/tiffs_historic_v7_compr/20190822_historic.tiff
Created /mnt/data1/UniBe-swiss-ndvi/data/tiffs_historic_v7_compr/20190822_historic_mask.tiff
Created /mnt/data1/UniBe-swiss-ndvi/data/tiffs_historic_v7_compr/20190823_historic.tiff
Created /mnt/data1/UniBe-swiss-ndvi/data/tiffs_historic_v7_compr/20190823_historic_mask.tiff
Created /mnt/data1/UniBe-swiss-ndvi/data/tiffs_historic_v7_compr/20190824_historic.tiff
Created /mnt/data1/UniBe-swiss-ndvi/data/tiffs_historic_v7_compr/20190824_historic_mask.tiff
Created /mnt/data1/UniBe-swiss-ndvi/data/tiffs_historic_v7_compr/20190825_historic.tiff
Created /mnt/data1/UniBe-swiss-ndvi/data/tiffs_historic_v7_compr/20190825_historic_mask.tiff
Created /mnt/data1/UniBe-swiss-ndvi/data/tiffs_historic_v7_compr/20190826_historic.tiff
Created /mnt/data1/UniBe-swiss-ndvi/data/tiffs_historic_v7_compr/20190826_historic_mask.tiff
Created /mnt/data1/UniBe-swiss-ndvi/data/tiffs_historic_v7_compr/20190827_historic.tiff
Created /mnt/data1/UniBe-swiss-ndvi/data/tiffs_historic_v7_compr/20190827_historic_mask.tiff
Created /mnt/data1/UniBe-swiss-ndvi/data/tiffs_historic_v7_compr/20190828_historic.tiff
Created /mnt/data1/UniBe-swiss-ndvi/data/tiffs_historic_v7_compr/20190828_historic_mask.tiff
Created /mnt/data1/UniBe-swiss-ndvi/data/tiffs_historic_v7_compr/20190829_historic.tiff
Created /mnt/data1/UniBe-swiss-ndvi/data/tiffs_historic_v7_compr/20190829_historic_mask.tiff
Created /mnt/data1/UniBe-swiss-ndvi/data/tiffs_historic_v7_compr/20190830_historic.tiff
Created /mnt/data1/UniBe-swiss-ndvi/data/tiffs_historic_v7_compr/20190830_historic_mask.tiff
Created /mnt/data1/UniBe-swiss-ndvi/data/tiffs_historic_v7_compr/20190831_historic.tiff
Created /mnt/data1/UniBe-swiss-ndvi/data/tiffs_historic_v7_compr/20190831_historic_mask.tiff
Created /mnt/data1/UniBe-swiss-ndvi/data/tiffs_historic_v7_compr/20190901_historic.tiff
Created /mnt/data1/UniBe-swiss-ndvi/data/tiffs_historic_v7_compr/20190901_historic_mask.tiff
Created /mnt/data1/UniBe-swiss-ndvi/data/tiffs_historic_v7_compr/20190902_historic.tiff
Created /mnt/data1/UniBe-swiss-ndvi/data/tiffs_historic_v7_compr/20190902_historic_mask.tiff
Created /mnt/data1/UniBe-swiss-ndvi/data/tiffs_historic_v7_compr/20190903_historic.tiff
Created /mnt/data1/UniBe-swiss-ndvi/data/tiffs_historic_v7_compr/20190903_historic_mask.tiff
Created /mnt/data1/UniBe-swiss-ndvi/data/tiffs_historic_v7_compr/20190904_historic.tiff
Created /mnt/data1/UniBe-swiss-ndvi/data/tiffs_historic_v7_compr/20190904_historic_mask.tiff
Created /mnt/data1/UniBe-swiss-ndvi/data/tiffs_historic_v7_compr/20190905_historic.tiff
Created /mnt/data1/UniBe-swiss-ndvi/data/tiffs_historic_v7_compr/20190905_historic_mask.tiff
Created /mnt/data1/UniBe-swiss-ndvi/data/tiffs_historic_v7_compr/20190906_historic.tiff
Created /mnt/data1/UniBe-swiss-ndvi/data/tiffs_historic_v7_compr/20190906_historic_mask.tiff
Created /mnt/data1/UniBe-swiss-ndvi/data/tiffs_historic_v7_compr/20190907_historic.tiff
Created /mnt/data1/UniBe-swiss-ndvi/data/tiffs_historic_v7_compr/20190907_historic_mask.tiff
Created /mnt/data1/UniBe-swiss-ndvi/data/tiffs_historic_v7_compr/20190908_historic.tiff
Created /mnt/data1/UniBe-swiss-ndvi/data/tiffs_historic_v7_compr/20190908_historic_mask.tiff
Created /mnt/data1/UniBe-swiss-ndvi/data/tiffs_historic_v7_compr/20190909_historic.tiff
Created /mnt/data1/UniBe-swiss-ndvi/data/tiffs_historic_v7_compr/20190909_historic_mask.tiff
Created /mnt/data1/UniBe-swiss-ndvi/data/tiffs_historic_v7_compr/20190910_historic.tiff
Created /mnt/data1/UniBe-swiss-ndvi/data/tiffs_historic_v7_compr/20190910_historic_mask.tiff
Created /mnt/data1/UniBe-swiss-ndvi/data/tiffs_historic_v7_compr/20190911_historic.tiff
Created /mnt/data1/UniBe-swiss-ndvi/data/tiffs_historic_v7_compr/20190911_historic_mask.tiff
Created /mnt/data1/UniBe-swiss-ndvi/data/tiffs_historic_v7_compr/20190912_historic.tiff
Created /mnt/data1/UniBe-swiss-ndvi/data/tiffs_historic_v7_compr/20190912_historic_mask.tiff
Created /mnt/data1/UniBe-swiss-ndvi/data/tiffs_historic_v7_compr/20190913_historic.tiff
Created /mnt/data1/UniBe-swiss-ndvi/data/tiffs_historic_v7_compr/20190913_historic_mask.tiff
Created /mnt/data1/UniBe-swiss-ndvi/data/tiffs_historic_v7_compr/20190914_historic.tiff
Created /mnt/data1/UniBe-swiss-ndvi/data/tiffs_historic_v7_compr/20190914_historic_mask.tiff
Created /mnt/data1/UniBe-swiss-ndvi/data/tiffs_historic_v7_compr/20190915_historic.tiff
Created /mnt/data1/UniBe-swiss-ndvi/data/tiffs_historic_v7_compr/20190915_historic_mask.tiff
Created /mnt/data1/UniBe-swiss-ndvi/data/tiffs_historic_v7_compr/20190916_historic.tiff
Created /mnt/data1/UniBe-swiss-ndvi/data/tiffs_historic_v7_compr/20190916_historic_mask.tiff
Created /mnt/data1/UniBe-swiss-ndvi/data/tiffs_historic_v7_compr/20190917_historic.tiff
Created /mnt/data1/UniBe-swiss-ndvi/data/tiffs_historic_v7_compr/20190917_historic_mask.tiff
Created /mnt/data1/UniBe-swiss-ndvi/data/tiffs_historic_v7_compr/20190918_historic.tiff
Created /mnt/data1/UniBe-swiss-ndvi/data/tiffs_historic_v7_compr/20190918_historic_mask.tiff
Created /mnt/data1/UniBe-swiss-ndvi/data/tiffs_historic_v7_compr/20190919_historic.tiff
Created /mnt/data1/UniBe-swiss-ndvi/data/tiffs_historic_v7_compr/20190919_historic_mask.tiff
Created /mnt/data1/UniBe-swiss-ndvi/data/tiffs_historic_v7_compr/20190920_historic.tiff
Created /mnt/data1/UniBe-swiss-ndvi/data/tiffs_historic_v7_compr/20190920_historic_mask.tiff
Created /mnt/data1/UniBe-swiss-ndvi/data/tiffs_historic_v7_compr/20190921_historic.tiff
Created /mnt/data1/UniBe-swiss-ndvi/data/tiffs_historic_v7_compr/20190921_historic_mask.tiff
Created /mnt/data1/UniBe-swiss-ndvi/data/tiffs_historic_v7_compr/20190922_historic.tiff
Created /mnt/data1/UniBe-swiss-ndvi/data/tiffs_historic_v7_compr/20190922_historic_mask.tiff
Created /mnt/data1/UniBe-swiss-ndvi/data/tiffs_historic_v7_compr/20190923_historic.tiff
Created /mnt/data1/UniBe-swiss-ndvi/data/tiffs_historic_v7_compr/20190923_historic_mask.tiff
Created /mnt/data1/UniBe-swiss-ndvi/data/tiffs_historic_v7_compr/20190924_historic.tiff
Created /mnt/data1/UniBe-swiss-ndvi/data/tiffs_historic_v7_compr/20190924_historic_mask.tiff
Created /mnt/data1/UniBe-swiss-ndvi/data/tiffs_historic_v7_compr/20190925_historic.tiff
Created /mnt/data1/UniBe-swiss-ndvi/data/tiffs_historic_v7_compr/20190925_historic_mask.tiff
Created /mnt/data1/UniBe-swiss-ndvi/data/tiffs_historic_v7_compr/20190926_historic.tiff
Created /mnt/data1/UniBe-swiss-ndvi/data/tiffs_historic_v7_compr/20190926_historic_mask.tiff
Created /mnt/data1/UniBe-swiss-ndvi/data/tiffs_historic_v7_compr/20190927_historic.tiff
Created /mnt/data1/UniBe-swiss-ndvi/data/tiffs_historic_v7_compr/20190927_historic_mask.tiff
Created /mnt/data1/UniBe-swiss-ndvi/data/tiffs_historic_v7_compr/20190928_historic.tiff
Created /mnt/data1/UniBe-swiss-ndvi/data/tiffs_historic_v7_compr/20190928_historic_mask.tiff
Created /mnt/data1/UniBe-swiss-ndvi/data/tiffs_historic_v7_compr/20190929_historic.tiff
Created /mnt/data1/UniBe-swiss-ndvi/data/tiffs_historic_v7_compr/20190929_historic_mask.tiff
Created /mnt/data1/UniBe-swiss-ndvi/data/tiffs_historic_v7_compr/20190930_historic.tiff
Created /mnt/data1/UniBe-swiss-ndvi/data/tiffs_historic_v7_compr/20190930_historic_mask.tiff
Created /mnt/data1/UniBe-swiss-ndvi/data/tiffs_historic_v7_compr/20191001_historic.tiff
Created /mnt/data1/UniBe-swiss-ndvi/data/tiffs_historic_v7_compr/20191001_historic_mask.tiff
Created /mnt/data1/UniBe-swiss-ndvi/data/tiffs_historic_v7_compr/20191002_historic.tiff
Created /mnt/data1/UniBe-swiss-ndvi/data/tiffs_historic_v7_compr/20191002_historic_mask.tiff
Created /mnt/data1/UniBe-swiss-ndvi/data/tiffs_historic_v7_compr/20191003_historic.tiff
Created /mnt/data1/UniBe-swiss-ndvi/data/tiffs_historic_v7_compr/20191003_historic_mask.tiff
Created /mnt/data1/UniBe-swiss-ndvi/data/tiffs_historic_v7_compr/20191004_historic.tiff
Created /mnt/data1/UniBe-swiss-ndvi/data/tiffs_historic_v7_compr/20191004_historic_mask.tiff
Created /mnt/data1/UniBe-swiss-ndvi/data/tiffs_historic_v7_compr/20191005_historic.tiff
Created /mnt/data1/UniBe-swiss-ndvi/data/tiffs_historic_v7_compr/20191005_historic_mask.tiff
Created /mnt/data1/UniBe-swiss-ndvi/data/tiffs_historic_v7_compr/20191006_historic.tiff
Created /mnt/data1/UniBe-swiss-ndvi/data/tiffs_historic_v7_compr/20191006_historic_mask.tiff
Created /mnt/data1/UniBe-swiss-ndvi/data/tiffs_historic_v7_compr/20191007_historic.tiff
Created /mnt/data1/UniBe-swiss-ndvi/data/tiffs_historic_v7_compr/20191007_historic_mask.tiff
Created /mnt/data1/UniBe-swiss-ndvi/data/tiffs_historic_v7_compr/20191008_historic.tiff
Created /mnt/data1/UniBe-swiss-ndvi/data/tiffs_historic_v7_compr/20191008_historic_mask.tiff
Created /mnt/data1/UniBe-swiss-ndvi/data/tiffs_historic_v7_compr/20191009_historic.tiff
Created /mnt/data1/UniBe-swiss-ndvi/data/tiffs_historic_v7_compr/20191009_historic_mask.tiff
Created /mnt/data1/UniBe-swiss-ndvi/data/tiffs_historic_v7_compr/20191010_historic.tiff
Created /mnt/data1/UniBe-swiss-ndvi/data/tiffs_historic_v7_compr/20191010_historic_mask.tiff
Created /mnt/data1/UniBe-swiss-ndvi/data/tiffs_historic_v7_compr/20191011_historic.tiff
Created /mnt/data1/UniBe-swiss-ndvi/data/tiffs_historic_v7_compr/20191011_historic_mask.tiff
Created /mnt/data1/UniBe-swiss-ndvi/data/tiffs_historic_v7_compr/20191012_historic.tiff
Created /mnt/data1/UniBe-swiss-ndvi/data/tiffs_historic_v7_compr/20191012_historic_mask.tiff
Created /mnt/data1/UniBe-swiss-ndvi/data/tiffs_historic_v7_compr/20191013_historic.tiff
Created /mnt/data1/UniBe-swiss-ndvi/data/tiffs_historic_v7_compr/20191013_historic_mask.tiff
Created /mnt/data1/UniBe-swiss-ndvi/data/tiffs_historic_v7_compr/20191014_historic.tiff
Created /mnt/data1/UniBe-swiss-ndvi/data/tiffs_historic_v7_compr/20191014_historic_mask.tiff
Created /mnt/data1/UniBe-swiss-ndvi/data/tiffs_historic_v7_compr/20191015_historic.tiff
Created /mnt/data1/UniBe-swiss-ndvi/data/tiffs_historic_v7_compr/20191015_historic_mask.tiff
Created /mnt/data1/UniBe-swiss-ndvi/data/tiffs_historic_v7_compr/20191016_historic.tiff
Created /mnt/data1/UniBe-swiss-ndvi/data/tiffs_historic_v7_compr/20191016_historic_mask.tiff
Created /mnt/data1/UniBe-swiss-ndvi/data/tiffs_historic_v7_compr/20191017_historic.tiff
Created /mnt/data1/UniBe-swiss-ndvi/data/tiffs_historic_v7_compr/20191017_historic_mask.tiff
Created /mnt/data1/UniBe-swiss-ndvi/data/tiffs_historic_v7_compr/20191018_historic.tiff
Created /mnt/data1/UniBe-swiss-ndvi/data/tiffs_historic_v7_compr/20191018_historic_mask.tiff
Created /mnt/data1/UniBe-swiss-ndvi/data/tiffs_historic_v7_compr/20191019_historic.tiff
Created /mnt/data1/UniBe-swiss-ndvi/data/tiffs_historic_v7_compr/20191019_historic_mask.tiff
Created /mnt/data1/UniBe-swiss-ndvi/data/tiffs_historic_v7_compr/20191020_historic.tiff
Created /mnt/data1/UniBe-swiss-ndvi/data/tiffs_historic_v7_compr/20191020_historic_mask.tiff
Created /mnt/data1/UniBe-swiss-ndvi/data/tiffs_historic_v7_compr/20191021_historic.tiff
Created /mnt/data1/UniBe-swiss-ndvi/data/tiffs_historic_v7_compr/20191021_historic_mask.tiff
Created /mnt/data1/UniBe-swiss-ndvi/data/tiffs_historic_v7_compr/20191022_historic.tiff
Created /mnt/data1/UniBe-swiss-ndvi/data/tiffs_historic_v7_compr/20191022_historic_mask.tiff
Created /mnt/data1/UniBe-swiss-ndvi/data/tiffs_historic_v7_compr/20191023_historic.tiff
Created /mnt/data1/UniBe-swiss-ndvi/data/tiffs_historic_v7_compr/20191023_historic_mask.tiff
Created /mnt/data1/UniBe-swiss-ndvi/data/tiffs_historic_v7_compr/20191024_historic.tiff
Created /mnt/data1/UniBe-swiss-ndvi/data/tiffs_historic_v7_compr/20191024_historic_mask.tiff
Created /mnt/data1/UniBe-swiss-ndvi/data/tiffs_historic_v7_compr/20191025_historic.tiff
Created /mnt/data1/UniBe-swiss-ndvi/data/tiffs_historic_v7_compr/20191025_historic_mask.tiff
Created /mnt/data1/UniBe-swiss-ndvi/data/tiffs_historic_v7_compr/20191026_historic.tiff
Created /mnt/data1/UniBe-swiss-ndvi/data/tiffs_historic_v7_compr/20191026_historic_mask.tiff
Created /mnt/data1/UniBe-swiss-ndvi/data/tiffs_historic_v7_compr/20191027_historic.tiff
Created /mnt/data1/UniBe-swiss-ndvi/data/tiffs_historic_v7_compr/20191027_historic_mask.tiff
Created /mnt/data1/UniBe-swiss-ndvi/data/tiffs_historic_v7_compr/20191028_historic.tiff
Created /mnt/data1/UniBe-swiss-ndvi/data/tiffs_historic_v7_compr/20191028_historic_mask.tiff
Created /mnt/data1/UniBe-swiss-ndvi/data/tiffs_historic_v7_compr/20191029_historic.tiff
Created /mnt/data1/UniBe-swiss-ndvi/data/tiffs_historic_v7_compr/20191029_historic_mask.tiff
Created /mnt/data1/UniBe-swiss-ndvi/data/tiffs_historic_v7_compr/20191030_historic.tiff
Created /mnt/data1/UniBe-swiss-ndvi/data/tiffs_historic_v7_compr/20191030_historic_mask.tiff
Created /mnt/data1/UniBe-swiss-ndvi/data/tiffs_historic_v7_compr/20191031_historic.tiff
Created /mnt/data1/UniBe-swiss-ndvi/data/tiffs_historic_v7_compr/20191031_historic_mask.tiff
Created /mnt/data1/UniBe-swiss-ndvi/data/tiffs_historic_v7_compr/20191101_historic.tiff
Created /mnt/data1/UniBe-swiss-ndvi/data/tiffs_historic_v7_compr/20191101_historic_mask.tiff
Created /mnt/data1/UniBe-swiss-ndvi/data/tiffs_historic_v7_compr/20191102_historic.tiff
Created /mnt/data1/UniBe-swiss-ndvi/data/tiffs_historic_v7_compr/20191102_historic_mask.tiff
Created /mnt/data1/UniBe-swiss-ndvi/data/tiffs_historic_v7_compr/20191103_historic.tiff
Created /mnt/data1/UniBe-swiss-ndvi/data/tiffs_historic_v7_compr/20191103_historic_mask.tiff
Created /mnt/data1/UniBe-swiss-ndvi/data/tiffs_historic_v7_compr/20191104_historic.tiff
Created /mnt/data1/UniBe-swiss-ndvi/data/tiffs_historic_v7_compr/20191104_historic_mask.tiff
Created /mnt/data1/UniBe-swiss-ndvi/data/tiffs_historic_v7_compr/20191105_historic.tiff
Created /mnt/data1/UniBe-swiss-ndvi/data/tiffs_historic_v7_compr/20191105_historic_mask.tiff
Created /mnt/data1/UniBe-swiss-ndvi/data/tiffs_historic_v7_compr/20191106_historic.tiff
Created /mnt/data1/UniBe-swiss-ndvi/data/tiffs_historic_v7_compr/20191106_historic_mask.tiff
Created /mnt/data1/UniBe-swiss-ndvi/data/tiffs_historic_v7_compr/20191107_historic.tiff
Created /mnt/data1/UniBe-swiss-ndvi/data/tiffs_historic_v7_compr/20191107_historic_mask.tiff
Created /mnt/data1/UniBe-swiss-ndvi/data/tiffs_historic_v7_compr/20191108_historic.tiff
Created /mnt/data1/UniBe-swiss-ndvi/data/tiffs_historic_v7_compr/20191108_historic_mask.tiff
Created /mnt/data1/UniBe-swiss-ndvi/data/tiffs_historic_v7_compr/20191109_historic.tiff
Created /mnt/data1/UniBe-swiss-ndvi/data/tiffs_historic_v7_compr/20191109_historic_mask.tiff
Created /mnt/data1/UniBe-swiss-ndvi/data/tiffs_historic_v7_compr/20191110_historic.tiff
Created /mnt/data1/UniBe-swiss-ndvi/data/tiffs_historic_v7_compr/20191110_historic_mask.tiff
Created /mnt/data1/UniBe-swiss-ndvi/data/tiffs_historic_v7_compr/20191111_historic.tiff
Created /mnt/data1/UniBe-swiss-ndvi/data/tiffs_historic_v7_compr/20191111_historic_mask.tiff
Created /mnt/data1/UniBe-swiss-ndvi/data/tiffs_historic_v7_compr/20191112_historic.tiff
Created /mnt/data1/UniBe-swiss-ndvi/data/tiffs_historic_v7_compr/20191112_historic_mask.tiff
Created /mnt/data1/UniBe-swiss-ndvi/data/tiffs_historic_v7_compr/20191113_historic.tiff
Created /mnt/data1/UniBe-swiss-ndvi/data/tiffs_historic_v7_compr/20191113_historic_mask.tiff
Created /mnt/data1/UniBe-swiss-ndvi/data/tiffs_historic_v7_compr/20191114_historic.tiff
Created /mnt/data1/UniBe-swiss-ndvi/data/tiffs_historic_v7_compr/20191114_historic_mask.tiff
Created /mnt/data1/UniBe-swiss-ndvi/data/tiffs_historic_v7_compr/20191115_historic.tiff
Created /mnt/data1/UniBe-swiss-ndvi/data/tiffs_historic_v7_compr/20191115_historic_mask.tiff
Created /mnt/data1/UniBe-swiss-ndvi/data/tiffs_historic_v7_compr/20191116_historic.tiff
Created /mnt/data1/UniBe-swiss-ndvi/data/tiffs_historic_v7_compr/20191116_historic_mask.tiff
Created /mnt/data1/UniBe-swiss-ndvi/data/tiffs_historic_v7_compr/20191117_historic.tiff
Created /mnt/data1/UniBe-swiss-ndvi/data/tiffs_historic_v7_compr/20191117_historic_mask.tiff
Created /mnt/data1/UniBe-swiss-ndvi/data/tiffs_historic_v7_compr/20191118_historic.tiff
Created /mnt/data1/UniBe-swiss-ndvi/data/tiffs_historic_v7_compr/20191118_historic_mask.tiff
Created /mnt/data1/UniBe-swiss-ndvi/data/tiffs_historic_v7_compr/20191119_historic.tiff
Created /mnt/data1/UniBe-swiss-ndvi/data/tiffs_historic_v7_compr/20191119_historic_mask.tiff
Created /mnt/data1/UniBe-swiss-ndvi/data/tiffs_historic_v7_compr/20191120_historic.tiff
Created /mnt/data1/UniBe-swiss-ndvi/data/tiffs_historic_v7_compr/20191120_historic_mask.tiff
Created /mnt/data1/UniBe-swiss-ndvi/data/tiffs_historic_v7_compr/20191121_historic.tiff
Created /mnt/data1/UniBe-swiss-ndvi/data/tiffs_historic_v7_compr/20191121_historic_mask.tiff
Created /mnt/data1/UniBe-swiss-ndvi/data/tiffs_historic_v7_compr/20191122_historic.tiff
Created /mnt/data1/UniBe-swiss-ndvi/data/tiffs_historic_v7_compr/20191122_historic_mask.tiff
Created /mnt/data1/UniBe-swiss-ndvi/data/tiffs_historic_v7_compr/20191123_historic.tiff
Created /mnt/data1/UniBe-swiss-ndvi/data/tiffs_historic_v7_compr/20191123_historic_mask.tiff
Created /mnt/data1/UniBe-swiss-ndvi/data/tiffs_historic_v7_compr/20191124_historic.tiff
Created /mnt/data1/UniBe-swiss-ndvi/data/tiffs_historic_v7_compr/20191124_historic_mask.tiff
Created /mnt/data1/UniBe-swiss-ndvi/data/tiffs_historic_v7_compr/20191125_historic.tiff
Created /mnt/data1/UniBe-swiss-ndvi/data/tiffs_historic_v7_compr/20191125_historic_mask.tiff
Created /mnt/data1/UniBe-swiss-ndvi/data/tiffs_historic_v7_compr/20191126_historic.tiff
Created /mnt/data1/UniBe-swiss-ndvi/data/tiffs_historic_v7_compr/20191126_historic_mask.tiff
Created /mnt/data1/UniBe-swiss-ndvi/data/tiffs_historic_v7_compr/20191127_historic.tiff
Created /mnt/data1/UniBe-swiss-ndvi/data/tiffs_historic_v7_compr/20191127_historic_mask.tiff
Created /mnt/data1/UniBe-swiss-ndvi/data/tiffs_historic_v7_compr/20191128_historic.tiff
Created /mnt/data1/UniBe-swiss-ndvi/data/tiffs_historic_v7_compr/20191128_historic_mask.tiff
Created /mnt/data1/UniBe-swiss-ndvi/data/tiffs_historic_v7_compr/20191129_historic.tiff
Created /mnt/data1/UniBe-swiss-ndvi/data/tiffs_historic_v7_compr/20191129_historic_mask.tiff
Created /mnt/data1/UniBe-swiss-ndvi/data/tiffs_historic_v7_compr/20191130_historic.tiff
Created /mnt/data1/UniBe-swiss-ndvi/data/tiffs_historic_v7_compr/20191130_historic_mask.tiff
Created /mnt/data1/UniBe-swiss-ndvi/data/tiffs_historic_v7_compr/20191201_historic.tiff
Created /mnt/data1/UniBe-swiss-ndvi/data/tiffs_historic_v7_compr/20191201_historic_mask.tiff
Created /mnt/data1/UniBe-swiss-ndvi/data/tiffs_historic_v7_compr/20191202_historic.tiff
Created /mnt/data1/UniBe-swiss-ndvi/data/tiffs_historic_v7_compr/20191202_historic_mask.tiff
Created /mnt/data1/UniBe-swiss-ndvi/data/tiffs_historic_v7_compr/20191203_historic.tiff
Created /mnt/data1/UniBe-swiss-ndvi/data/tiffs_historic_v7_compr/20191203_historic_mask.tiff
Created /mnt/data1/UniBe-swiss-ndvi/data/tiffs_historic_v7_compr/20191204_historic.tiff
Created /mnt/data1/UniBe-swiss-ndvi/data/tiffs_historic_v7_compr/20191204_historic_mask.tiff
Created /mnt/data1/UniBe-swiss-ndvi/data/tiffs_historic_v7_compr/20191205_historic.tiff
Created /mnt/data1/UniBe-swiss-ndvi/data/tiffs_historic_v7_compr/20191205_historic_mask.tiff
Created /mnt/data1/UniBe-swiss-ndvi/data/tiffs_historic_v7_compr/20191206_historic.tiff
Created /mnt/data1/UniBe-swiss-ndvi/data/tiffs_historic_v7_compr/20191206_historic_mask.tiff
Created /mnt/data1/UniBe-swiss-ndvi/data/tiffs_historic_v7_compr/20191207_historic.tiff
Created /mnt/data1/UniBe-swiss-ndvi/data/tiffs_historic_v7_compr/20191207_historic_mask.tiff
Created /mnt/data1/UniBe-swiss-ndvi/data/tiffs_historic_v7_compr/20191208_historic.tiff
Created /mnt/data1/UniBe-swiss-ndvi/data/tiffs_historic_v7_compr/20191208_historic_mask.tiff
Created /mnt/data1/UniBe-swiss-ndvi/data/tiffs_historic_v7_compr/20191209_historic.tiff
Created /mnt/data1/UniBe-swiss-ndvi/data/tiffs_historic_v7_compr/20191209_historic_mask.tiff
Created /mnt/data1/UniBe-swiss-ndvi/data/tiffs_historic_v7_compr/20191210_historic.tiff
Created /mnt/data1/UniBe-swiss-ndvi/data/tiffs_historic_v7_compr/20191210_historic_mask.tiff
Created /mnt/data1/UniBe-swiss-ndvi/data/tiffs_historic_v7_compr/20191211_historic.tiff
Created /mnt/data1/UniBe-swiss-ndvi/data/tiffs_historic_v7_compr/20191211_historic_mask.tiff
Created /mnt/data1/UniBe-swiss-ndvi/data/tiffs_historic_v7_compr/20191212_historic.tiff
Created /mnt/data1/UniBe-swiss-ndvi/data/tiffs_historic_v7_compr/20191212_historic_mask.tiff
Created /mnt/data1/UniBe-swiss-ndvi/data/tiffs_historic_v7_compr/20191213_historic.tiff
Created /mnt/data1/UniBe-swiss-ndvi/data/tiffs_historic_v7_compr/20191213_historic_mask.tiff
Created /mnt/data1/UniBe-swiss-ndvi/data/tiffs_historic_v7_compr/20191214_historic.tiff
Created /mnt/data1/UniBe-swiss-ndvi/data/tiffs_historic_v7_compr/20191214_historic_mask.tiff
Created /mnt/data1/UniBe-swiss-ndvi/data/tiffs_historic_v7_compr/20191215_historic.tiff
Created /mnt/data1/UniBe-swiss-ndvi/data/tiffs_historic_v7_compr/20191215_historic_mask.tiff
Created /mnt/data1/UniBe-swiss-ndvi/data/tiffs_historic_v7_compr/20191216_historic.tiff
Created /mnt/data1/UniBe-swiss-ndvi/data/tiffs_historic_v7_compr/20191216_historic_mask.tiff
Created /mnt/data1/UniBe-swiss-ndvi/data/tiffs_historic_v7_compr/20191217_historic.tiff
Created /mnt/data1/UniBe-swiss-ndvi/data/tiffs_historic_v7_compr/20191217_historic_mask.tiff
Created /mnt/data1/UniBe-swiss-ndvi/data/tiffs_historic_v7_compr/20191218_historic.tiff
Created /mnt/data1/UniBe-swiss-ndvi/data/tiffs_historic_v7_compr/20191218_historic_mask.tiff
Created /mnt/data1/UniBe-swiss-ndvi/data/tiffs_historic_v7_compr/20191219_historic.tiff
Created /mnt/data1/UniBe-swiss-ndvi/data/tiffs_historic_v7_compr/20191219_historic_mask.tiff
Created /mnt/data1/UniBe-swiss-ndvi/data/tiffs_historic_v7_compr/20191220_historic.tiff
Created /mnt/data1/UniBe-swiss-ndvi/data/tiffs_historic_v7_compr/20191220_historic_mask.tiff
Created /mnt/data1/UniBe-swiss-ndvi/data/tiffs_historic_v7_compr/20191221_historic.tiff
Created /mnt/data1/UniBe-swiss-ndvi/data/tiffs_historic_v7_compr/20191221_historic_mask.tiff
Created /mnt/data1/UniBe-swiss-ndvi/data/tiffs_historic_v7_compr/20191222_historic.tiff
Created /mnt/data1/UniBe-swiss-ndvi/data/tiffs_historic_v7_compr/20191222_historic_mask.tiff
Created /mnt/data1/UniBe-swiss-ndvi/data/tiffs_historic_v7_compr/20191223_historic.tiff
Created /mnt/data1/UniBe-swiss-ndvi/data/tiffs_historic_v7_compr/20191223_historic_mask.tiff
Created /mnt/data1/UniBe-swiss-ndvi/data/tiffs_historic_v7_compr/20191224_historic.tiff
Created /mnt/data1/UniBe-swiss-ndvi/data/tiffs_historic_v7_compr/20191224_historic_mask.tiff
Created /mnt/data1/UniBe-swiss-ndvi/data/tiffs_historic_v7_compr/20191225_historic.tiff
Created /mnt/data1/UniBe-swiss-ndvi/data/tiffs_historic_v7_compr/20191225_historic_mask.tiff
Created /mnt/data1/UniBe-swiss-ndvi/data/tiffs_historic_v7_compr/20191226_historic.tiff
Created /mnt/data1/UniBe-swiss-ndvi/data/tiffs_historic_v7_compr/20191226_historic_mask.tiff
Created /mnt/data1/UniBe-swiss-ndvi/data/tiffs_historic_v7_compr/20191227_historic.tiff
Created /mnt/data1/UniBe-swiss-ndvi/data/tiffs_historic_v7_compr/20191227_historic_mask.tiff
Created /mnt/data1/UniBe-swiss-ndvi/data/tiffs_historic_v7_compr/20191228_historic.tiff
Created /mnt/data1/UniBe-swiss-ndvi/data/tiffs_historic_v7_compr/20191228_historic_mask.tiff
Created /mnt/data1/UniBe-swiss-ndvi/data/tiffs_historic_v7_compr/20191229_historic.tiff
Created /mnt/data1/UniBe-swiss-ndvi/data/tiffs_historic_v7_compr/20191229_historic_mask.tiff
Created /mnt/data1/UniBe-swiss-ndvi/data/tiffs_historic_v7_compr/20191230_historic.tiff
Created /mnt/data1/UniBe-swiss-ndvi/data/tiffs_historic_v7_compr/20191230_historic_mask.tiff
Created /mnt/data1/UniBe-swiss-ndvi/data/tiffs_historic_v7_compr/20191231_historic.tiff
Created /mnt/data1/UniBe-swiss-ndvi/data/tiffs_historic_v7_compr/20191231_historic_mask.tiff
Created /mnt/data1/UniBe-swiss-ndvi/data/tiffs_historic_v7_compr/20200101_historic.tiff
Created /mnt/data1/UniBe-swiss-ndvi/data/tiffs_historic_v7_compr/20200101_historic_mask.tiff
Created /mnt/data1/UniBe-swiss-ndvi/data/tiffs_historic_v7_compr/20200102_historic.tiff
Created /mnt/data1/UniBe-swiss-ndvi/data/tiffs_historic_v7_compr/20200102_historic_mask.tiff
Created /mnt/data1/UniBe-swiss-ndvi/data/tiffs_historic_v7_compr/20200103_historic.tiff
Created /mnt/data1/UniBe-swiss-ndvi/data/tiffs_historic_v7_compr/20200103_historic_mask.tiff
Created /mnt/data1/UniBe-swiss-ndvi/data/tiffs_historic_v7_compr/20200104_historic.tiff
Created /mnt/data1/UniBe-swiss-ndvi/data/tiffs_historic_v7_compr/20200104_historic_mask.tiff
Created /mnt/data1/UniBe-swiss-ndvi/data/tiffs_historic_v7_compr/20200105_historic.tiff
Created /mnt/data1/UniBe-swiss-ndvi/data/tiffs_historic_v7_compr/20200105_historic_mask.tiff
Created /mnt/data1/UniBe-swiss-ndvi/data/tiffs_historic_v7_compr/20200106_historic.tiff
Created /mnt/data1/UniBe-swiss-ndvi/data/tiffs_historic_v7_compr/20200106_historic_mask.tiff
Created /mnt/data1/UniBe-swiss-ndvi/data/tiffs_historic_v7_compr/20200107_historic.tiff
Created /mnt/data1/UniBe-swiss-ndvi/data/tiffs_historic_v7_compr/20200107_historic_mask.tiff
Created /mnt/data1/UniBe-swiss-ndvi/data/tiffs_historic_v7_compr/20200108_historic.tiff
Created /mnt/data1/UniBe-swiss-ndvi/data/tiffs_historic_v7_compr/20200108_historic_mask.tiff
Created /mnt/data1/UniBe-swiss-ndvi/data/tiffs_historic_v7_compr/20200109_historic.tiff
Created /mnt/data1/UniBe-swiss-ndvi/data/tiffs_historic_v7_compr/20200109_historic_mask.tiff
Created /mnt/data1/UniBe-swiss-ndvi/data/tiffs_historic_v7_compr/20200110_historic.tiff
Created /mnt/data1/UniBe-swiss-ndvi/data/tiffs_historic_v7_compr/20200110_historic_mask.tiff
Created /mnt/data1/UniBe-swiss-ndvi/data/tiffs_historic_v7_compr/20200111_historic.tiff
Created /mnt/data1/UniBe-swiss-ndvi/data/tiffs_historic_v7_compr/20200111_historic_mask.tiff
Created /mnt/data1/UniBe-swiss-ndvi/data/tiffs_historic_v7_compr/20200112_historic.tiff
Created /mnt/data1/UniBe-swiss-ndvi/data/tiffs_historic_v7_compr/20200112_historic_mask.tiff
Created /mnt/data1/UniBe-swiss-ndvi/data/tiffs_historic_v7_compr/20200113_historic.tiff
Created /mnt/data1/UniBe-swiss-ndvi/data/tiffs_historic_v7_compr/20200113_historic_mask.tiff
Created /mnt/data1/UniBe-swiss-ndvi/data/tiffs_historic_v7_compr/20200114_historic.tiff
Created /mnt/data1/UniBe-swiss-ndvi/data/tiffs_historic_v7_compr/20200114_historic_mask.tiff
Created /mnt/data1/UniBe-swiss-ndvi/data/tiffs_historic_v7_compr/20200115_historic.tiff
Created /mnt/data1/UniBe-swiss-ndvi/data/tiffs_historic_v7_compr/20200115_historic_mask.tiff
Created /mnt/data1/UniBe-swiss-ndvi/data/tiffs_historic_v7_compr/20200116_historic.tiff
Created /mnt/data1/UniBe-swiss-ndvi/data/tiffs_historic_v7_compr/20200116_historic_mask.tiff
Created /mnt/data1/UniBe-swiss-ndvi/data/tiffs_historic_v7_compr/20200117_historic.tiff
Created /mnt/data1/UniBe-swiss-ndvi/data/tiffs_historic_v7_compr/20200117_historic_mask.tiff
Created /mnt/data1/UniBe-swiss-ndvi/data/tiffs_historic_v7_compr/20200118_historic.tiff
Created /mnt/data1/UniBe-swiss-ndvi/data/tiffs_historic_v7_compr/20200118_historic_mask.tiff
Created /mnt/data1/UniBe-swiss-ndvi/data/tiffs_historic_v7_compr/20200119_historic.tiff
Created /mnt/data1/UniBe-swiss-ndvi/data/tiffs_historic_v7_compr/20200119_historic_mask.tiff
Created /mnt/data1/UniBe-swiss-ndvi/data/tiffs_historic_v7_compr/20200120_historic.tiff
Created /mnt/data1/UniBe-swiss-ndvi/data/tiffs_historic_v7_compr/20200120_historic_mask.tiff
Created /mnt/data1/UniBe-swiss-ndvi/data/tiffs_historic_v7_compr/20200121_historic.tiff
Created /mnt/data1/UniBe-swiss-ndvi/data/tiffs_historic_v7_compr/20200121_historic_mask.tiff
Created /mnt/data1/UniBe-swiss-ndvi/data/tiffs_historic_v7_compr/20200122_historic.tiff
Created /mnt/data1/UniBe-swiss-ndvi/data/tiffs_historic_v7_compr/20200122_historic_mask.tiff
Created /mnt/data1/UniBe-swiss-ndvi/data/tiffs_historic_v7_compr/20200123_historic.tiff
Created /mnt/data1/UniBe-swiss-ndvi/data/tiffs_historic_v7_compr/20200123_historic_mask.tiff
Created /mnt/data1/UniBe-swiss-ndvi/data/tiffs_historic_v7_compr/20200124_historic.tiff
Created /mnt/data1/UniBe-swiss-ndvi/data/tiffs_historic_v7_compr/20200124_historic_mask.tiff
Created /mnt/data1/UniBe-swiss-ndvi/data/tiffs_historic_v7_compr/20200125_historic.tiff
Created /mnt/data1/UniBe-swiss-ndvi/data/tiffs_historic_v7_compr/20200125_historic_mask.tiff
Created /mnt/data1/UniBe-swiss-ndvi/data/tiffs_historic_v7_compr/20200126_historic.tiff
Created /mnt/data1/UniBe-swiss-ndvi/data/tiffs_historic_v7_compr/20200126_historic_mask.tiff
Created /mnt/data1/UniBe-swiss-ndvi/data/tiffs_historic_v7_compr/20200127_historic.tiff
Created /mnt/data1/UniBe-swiss-ndvi/data/tiffs_historic_v7_compr/20200127_historic_mask.tiff
Created /mnt/data1/UniBe-swiss-ndvi/data/tiffs_historic_v7_compr/20200128_historic.tiff
Created /mnt/data1/UniBe-swiss-ndvi/data/tiffs_historic_v7_compr/20200128_historic_mask.tiff
Created /mnt/data1/UniBe-swiss-ndvi/data/tiffs_historic_v7_compr/20200129_historic.tiff
Created /mnt/data1/UniBe-swiss-ndvi/data/tiffs_historic_v7_compr/20200129_historic_mask.tiff
Created /mnt/data1/UniBe-swiss-ndvi/data/tiffs_historic_v7_compr/20200130_historic.tiff
Created /mnt/data1/UniBe-swiss-ndvi/data/tiffs_historic_v7_compr/20200130_historic_mask.tiff
Created /mnt/data1/UniBe-swiss-ndvi/data/tiffs_historic_v7_compr/20200131_historic.tiff
Created /mnt/data1/UniBe-swiss-ndvi/data/tiffs_historic_v7_compr/20200131_historic_mask.tiff
Created /mnt/data1/UniBe-swiss-ndvi/data/tiffs_historic_v7_compr/20200201_historic.tiff
Created /mnt/data1/UniBe-swiss-ndvi/data/tiffs_historic_v7_compr/20200201_historic_mask.tiff
Created /mnt/data1/UniBe-swiss-ndvi/data/tiffs_historic_v7_compr/20200202_historic.tiff
Created /mnt/data1/UniBe-swiss-ndvi/data/tiffs_historic_v7_compr/20200202_historic_mask.tiff
Created /mnt/data1/UniBe-swiss-ndvi/data/tiffs_historic_v7_compr/20200203_historic.tiff
Created /mnt/data1/UniBe-swiss-ndvi/data/tiffs_historic_v7_compr/20200203_historic_mask.tiff
Created /mnt/data1/UniBe-swiss-ndvi/data/tiffs_historic_v7_compr/20200204_historic.tiff
Created /mnt/data1/UniBe-swiss-ndvi/data/tiffs_historic_v7_compr/20200204_historic_mask.tiff
Created /mnt/data1/UniBe-swiss-ndvi/data/tiffs_historic_v7_compr/20200205_historic.tiff
Created /mnt/data1/UniBe-swiss-ndvi/data/tiffs_historic_v7_compr/20200205_historic_mask.tiff
Created /mnt/data1/UniBe-swiss-ndvi/data/tiffs_historic_v7_compr/20200206_historic.tiff
Created /mnt/data1/UniBe-swiss-ndvi/data/tiffs_historic_v7_compr/20200206_historic_mask.tiff
Created /mnt/data1/UniBe-swiss-ndvi/data/tiffs_historic_v7_compr/20200207_historic.tiff
Created /mnt/data1/UniBe-swiss-ndvi/data/tiffs_historic_v7_compr/20200207_historic_mask.tiff
Created /mnt/data1/UniBe-swiss-ndvi/data/tiffs_historic_v7_compr/20200208_historic.tiff
Created /mnt/data1/UniBe-swiss-ndvi/data/tiffs_historic_v7_compr/20200208_historic_mask.tiff
Created /mnt/data1/UniBe-swiss-ndvi/data/tiffs_historic_v7_compr/20200209_historic.tiff
Created /mnt/data1/UniBe-swiss-ndvi/data/tiffs_historic_v7_compr/20200209_historic_mask.tiff
Created /mnt/data1/UniBe-swiss-ndvi/data/tiffs_historic_v7_compr/20200210_historic.tiff
Created /mnt/data1/UniBe-swiss-ndvi/data/tiffs_historic_v7_compr/20200210_historic_mask.tiff
Created /mnt/data1/UniBe-swiss-ndvi/data/tiffs_historic_v7_compr/20200211_historic.tiff
Created /mnt/data1/UniBe-swiss-ndvi/data/tiffs_historic_v7_compr/20200211_historic_mask.tiff
Created /mnt/data1/UniBe-swiss-ndvi/data/tiffs_historic_v7_compr/20200212_historic.tiff
Created /mnt/data1/UniBe-swiss-ndvi/data/tiffs_historic_v7_compr/20200212_historic_mask.tiff
Created /mnt/data1/UniBe-swiss-ndvi/data/tiffs_historic_v7_compr/20200213_historic.tiff
Created /mnt/data1/UniBe-swiss-ndvi/data/tiffs_historic_v7_compr/20200213_historic_mask.tiff
Created /mnt/data1/UniBe-swiss-ndvi/data/tiffs_historic_v7_compr/20200214_historic.tiff
Created /mnt/data1/UniBe-swiss-ndvi/data/tiffs_historic_v7_compr/20200214_historic_mask.tiff
Created /mnt/data1/UniBe-swiss-ndvi/data/tiffs_historic_v7_compr/20200215_historic.tiff
Created /mnt/data1/UniBe-swiss-ndvi/data/tiffs_historic_v7_compr/20200215_historic_mask.tiff
Created /mnt/data1/UniBe-swiss-ndvi/data/tiffs_historic_v7_compr/20200216_historic.tiff
Created /mnt/data1/UniBe-swiss-ndvi/data/tiffs_historic_v7_compr/20200216_historic_mask.tiff
Created /mnt/data1/UniBe-swiss-ndvi/data/tiffs_historic_v7_compr/20200217_historic.tiff
Created /mnt/data1/UniBe-swiss-ndvi/data/tiffs_historic_v7_compr/20200217_historic_mask.tiff
Created /mnt/data1/UniBe-swiss-ndvi/data/tiffs_historic_v7_compr/20200218_historic.tiff
Created /mnt/data1/UniBe-swiss-ndvi/data/tiffs_historic_v7_compr/20200218_historic_mask.tiff
Created /mnt/data1/UniBe-swiss-ndvi/data/tiffs_historic_v7_compr/20200219_historic.tiff
Created /mnt/data1/UniBe-swiss-ndvi/data/tiffs_historic_v7_compr/20200219_historic_mask.tiff
Created /mnt/data1/UniBe-swiss-ndvi/data/tiffs_historic_v7_compr/20200220_historic.tiff
Created /mnt/data1/UniBe-swiss-ndvi/data/tiffs_historic_v7_compr/20200220_historic_mask.tiff
Created /mnt/data1/UniBe-swiss-ndvi/data/tiffs_historic_v7_compr/20200221_historic.tiff
Created /mnt/data1/UniBe-swiss-ndvi/data/tiffs_historic_v7_compr/20200221_historic_mask.tiff
Created /mnt/data1/UniBe-swiss-ndvi/data/tiffs_historic_v7_compr/20200222_historic.tiff
Created /mnt/data1/UniBe-swiss-ndvi/data/tiffs_historic_v7_compr/20200222_historic_mask.tiff
Created /mnt/data1/UniBe-swiss-ndvi/data/tiffs_historic_v7_compr/20200223_historic.tiff
Created /mnt/data1/UniBe-swiss-ndvi/data/tiffs_historic_v7_compr/20200223_historic_mask.tiff
Created /mnt/data1/UniBe-swiss-ndvi/data/tiffs_historic_v7_compr/20200224_historic.tiff
Created /mnt/data1/UniBe-swiss-ndvi/data/tiffs_historic_v7_compr/20200224_historic_mask.tiff
Created /mnt/data1/UniBe-swiss-ndvi/data/tiffs_historic_v7_compr/20200225_historic.tiff
Created /mnt/data1/UniBe-swiss-ndvi/data/tiffs_historic_v7_compr/20200225_historic_mask.tiff
Created /mnt/data1/UniBe-swiss-ndvi/data/tiffs_historic_v7_compr/20200226_historic.tiff
Created /mnt/data1/UniBe-swiss-ndvi/data/tiffs_historic_v7_compr/20200226_historic_mask.tiff
Created /mnt/data1/UniBe-swiss-ndvi/data/tiffs_historic_v7_compr/20200227_historic.tiff
Created /mnt/data1/UniBe-swiss-ndvi/data/tiffs_historic_v7_compr/20200227_historic_mask.tiff
Created /mnt/data1/UniBe-swiss-ndvi/data/tiffs_historic_v7_compr/20200228_historic.tiff
Created /mnt/data1/UniBe-swiss-ndvi/data/tiffs_historic_v7_compr/20200228_historic_mask.tiff
Created /mnt/data1/UniBe-swiss-ndvi/data/tiffs_historic_v7_compr/20200229_historic.tiff
Created /mnt/data1/UniBe-swiss-ndvi/data/tiffs_historic_v7_compr/20200229_historic_mask.tiff
Created /mnt/data1/UniBe-swiss-ndvi/data/tiffs_historic_v7_compr/20200301_historic.tiff
Created /mnt/data1/UniBe-swiss-ndvi/data/tiffs_historic_v7_compr/20200301_historic_mask.tiff
Created /mnt/data1/UniBe-swiss-ndvi/data/tiffs_historic_v7_compr/20200302_historic.tiff
Created /mnt/data1/UniBe-swiss-ndvi/data/tiffs_historic_v7_compr/20200302_historic_mask.tiff
Created /mnt/data1/UniBe-swiss-ndvi/data/tiffs_historic_v7_compr/20200303_historic.tiff
Created /mnt/data1/UniBe-swiss-ndvi/data/tiffs_historic_v7_compr/20200303_historic_mask.tiff
Created /mnt/data1/UniBe-swiss-ndvi/data/tiffs_historic_v7_compr/20200304_historic.tiff
Created /mnt/data1/UniBe-swiss-ndvi/data/tiffs_historic_v7_compr/20200304_historic_mask.tiff
Created /mnt/data1/UniBe-swiss-ndvi/data/tiffs_historic_v7_compr/20200305_historic.tiff
Created /mnt/data1/UniBe-swiss-ndvi/data/tiffs_historic_v7_compr/20200305_historic_mask.tiff
Created /mnt/data1/UniBe-swiss-ndvi/data/tiffs_historic_v7_compr/20200306_historic.tiff
Created /mnt/data1/UniBe-swiss-ndvi/data/tiffs_historic_v7_compr/20200306_historic_mask.tiff
Created /mnt/data1/UniBe-swiss-ndvi/data/tiffs_historic_v7_compr/20200307_historic.tiff
Created /mnt/data1/UniBe-swiss-ndvi/data/tiffs_historic_v7_compr/20200307_historic_mask.tiff
Created /mnt/data1/UniBe-swiss-ndvi/data/tiffs_historic_v7_compr/20200308_historic.tiff
Created /mnt/data1/UniBe-swiss-ndvi/data/tiffs_historic_v7_compr/20200308_historic_mask.tiff
Created /mnt/data1/UniBe-swiss-ndvi/data/tiffs_historic_v7_compr/20200309_historic.tiff
Created /mnt/data1/UniBe-swiss-ndvi/data/tiffs_historic_v7_compr/20200309_historic_mask.tiff
Created /mnt/data1/UniBe-swiss-ndvi/data/tiffs_historic_v7_compr/20200310_historic.tiff
Created /mnt/data1/UniBe-swiss-ndvi/data/tiffs_historic_v7_compr/20200310_historic_mask.tiff
Created /mnt/data1/UniBe-swiss-ndvi/data/tiffs_historic_v7_compr/20200311_historic.tiff
Created /mnt/data1/UniBe-swiss-ndvi/data/tiffs_historic_v7_compr/20200311_historic_mask.tiff
Created /mnt/data1/UniBe-swiss-ndvi/data/tiffs_historic_v7_compr/20200312_historic.tiff
Created /mnt/data1/UniBe-swiss-ndvi/data/tiffs_historic_v7_compr/20200312_historic_mask.tiff
Created /mnt/data1/UniBe-swiss-ndvi/data/tiffs_historic_v7_compr/20200313_historic.tiff
Created /mnt/data1/UniBe-swiss-ndvi/data/tiffs_historic_v7_compr/20200313_historic_mask.tiff
Created /mnt/data1/UniBe-swiss-ndvi/data/tiffs_historic_v7_compr/20200314_historic.tiff
Created /mnt/data1/UniBe-swiss-ndvi/data/tiffs_historic_v7_compr/20200314_historic_mask.tiff
Created /mnt/data1/UniBe-swiss-ndvi/data/tiffs_historic_v7_compr/20200315_historic.tiff
Created /mnt/data1/UniBe-swiss-ndvi/data/tiffs_historic_v7_compr/20200315_historic_mask.tiff
Created /mnt/data1/UniBe-swiss-ndvi/data/tiffs_historic_v7_compr/20200316_historic.tiff
Created /mnt/data1/UniBe-swiss-ndvi/data/tiffs_historic_v7_compr/20200316_historic_mask.tiff
Created /mnt/data1/UniBe-swiss-ndvi/data/tiffs_historic_v7_compr/20200317_historic.tiff
Created /mnt/data1/UniBe-swiss-ndvi/data/tiffs_historic_v7_compr/20200317_historic_mask.tiff
Created /mnt/data1/UniBe-swiss-ndvi/data/tiffs_historic_v7_compr/20200318_historic.tiff
Created /mnt/data1/UniBe-swiss-ndvi/data/tiffs_historic_v7_compr/20200318_historic_mask.tiff
Created /mnt/data1/UniBe-swiss-ndvi/data/tiffs_historic_v7_compr/20200319_historic.tiff
Created /mnt/data1/UniBe-swiss-ndvi/data/tiffs_historic_v7_compr/20200319_historic_mask.tiff
Created /mnt/data1/UniBe-swiss-ndvi/data/tiffs_historic_v7_compr/20200320_historic.tiff
Created /mnt/data1/UniBe-swiss-ndvi/data/tiffs_historic_v7_compr/20200320_historic_mask.tiff
Created /mnt/data1/UniBe-swiss-ndvi/data/tiffs_historic_v7_compr/20200321_historic.tiff
Created /mnt/data1/UniBe-swiss-ndvi/data/tiffs_historic_v7_compr/20200321_historic_mask.tiff
Created /mnt/data1/UniBe-swiss-ndvi/data/tiffs_historic_v7_compr/20200322_historic.tiff
Created /mnt/data1/UniBe-swiss-ndvi/data/tiffs_historic_v7_compr/20200322_historic_mask.tiff
Created /mnt/data1/UniBe-swiss-ndvi/data/tiffs_historic_v7_compr/20200323_historic.tiff
Created /mnt/data1/UniBe-swiss-ndvi/data/tiffs_historic_v7_compr/20200323_historic_mask.tiff
Created /mnt/data1/UniBe-swiss-ndvi/data/tiffs_historic_v7_compr/20200324_historic.tiff
Created /mnt/data1/UniBe-swiss-ndvi/data/tiffs_historic_v7_compr/20200324_historic_mask.tiff
Created /mnt/data1/UniBe-swiss-ndvi/data/tiffs_historic_v7_compr/20200325_historic.tiff
Created /mnt/data1/UniBe-swiss-ndvi/data/tiffs_historic_v7_compr/20200325_historic_mask.tiff
Created /mnt/data1/UniBe-swiss-ndvi/data/tiffs_historic_v7_compr/20200326_historic.tiff
Created /mnt/data1/UniBe-swiss-ndvi/data/tiffs_historic_v7_compr/20200326_historic_mask.tiff
Created /mnt/data1/UniBe-swiss-ndvi/data/tiffs_historic_v7_compr/20200327_historic.tiff
Created /mnt/data1/UniBe-swiss-ndvi/data/tiffs_historic_v7_compr/20200327_historic_mask.tiff
Created /mnt/data1/UniBe-swiss-ndvi/data/tiffs_historic_v7_compr/20200328_historic.tiff
Created /mnt/data1/UniBe-swiss-ndvi/data/tiffs_historic_v7_compr/20200328_historic_mask.tiff
Created /mnt/data1/UniBe-swiss-ndvi/data/tiffs_historic_v7_compr/20200329_historic.tiff
Created /mnt/data1/UniBe-swiss-ndvi/data/tiffs_historic_v7_compr/20200329_historic_mask.tiff
Created /mnt/data1/UniBe-swiss-ndvi/data/tiffs_historic_v7_compr/20200330_historic.tiff
Created /mnt/data1/UniBe-swiss-ndvi/data/tiffs_historic_v7_compr/20200330_historic_mask.tiff
Created /mnt/data1/UniBe-swiss-ndvi/data/tiffs_historic_v7_compr/20200331_historic.tiff
Created /mnt/data1/UniBe-swiss-ndvi/data/tiffs_historic_v7_compr/20200331_historic_mask.tiff
Created /mnt/data1/UniBe-swiss-ndvi/data/tiffs_historic_v7_compr/20200401_historic.tiff
Created /mnt/data1/UniBe-swiss-ndvi/data/tiffs_historic_v7_compr/20200401_historic_mask.tiff
Created /mnt/data1/UniBe-swiss-ndvi/data/tiffs_historic_v7_compr/20200402_historic.tiff
Created /mnt/data1/UniBe-swiss-ndvi/data/tiffs_historic_v7_compr/20200402_historic_mask.tiff
Created /mnt/data1/UniBe-swiss-ndvi/data/tiffs_historic_v7_compr/20200403_historic.tiff
Created /mnt/data1/UniBe-swiss-ndvi/data/tiffs_historic_v7_compr/20200403_historic_mask.tiff
Created /mnt/data1/UniBe-swiss-ndvi/data/tiffs_historic_v7_compr/20200404_historic.tiff
Created /mnt/data1/UniBe-swiss-ndvi/data/tiffs_historic_v7_compr/20200404_historic_mask.tiff
Created /mnt/data1/UniBe-swiss-ndvi/data/tiffs_historic_v7_compr/20200405_historic.tiff
Created /mnt/data1/UniBe-swiss-ndvi/data/tiffs_historic_v7_compr/20200405_historic_mask.tiff
Created /mnt/data1/UniBe-swiss-ndvi/data/tiffs_historic_v7_compr/20200406_historic.tiff
Created /mnt/data1/UniBe-swiss-ndvi/data/tiffs_historic_v7_compr/20200406_historic_mask.tiff
Created /mnt/data1/UniBe-swiss-ndvi/data/tiffs_historic_v7_compr/20200407_historic.tiff
Created /mnt/data1/UniBe-swiss-ndvi/data/tiffs_historic_v7_compr/20200407_historic_mask.tiff
Created /mnt/data1/UniBe-swiss-ndvi/data/tiffs_historic_v7_compr/20200408_historic.tiff
Created /mnt/data1/UniBe-swiss-ndvi/data/tiffs_historic_v7_compr/20200408_historic_mask.tiff
Created /mnt/data1/UniBe-swiss-ndvi/data/tiffs_historic_v7_compr/20200409_historic.tiff
Created /mnt/data1/UniBe-swiss-ndvi/data/tiffs_historic_v7_compr/20200409_historic_mask.tiff
Created /mnt/data1/UniBe-swiss-ndvi/data/tiffs_historic_v7_compr/20200410_historic.tiff
Created /mnt/data1/UniBe-swiss-ndvi/data/tiffs_historic_v7_compr/20200410_historic_mask.tiff
Created /mnt/data1/UniBe-swiss-ndvi/data/tiffs_historic_v7_compr/20200411_historic.tiff
Created /mnt/data1/UniBe-swiss-ndvi/data/tiffs_historic_v7_compr/20200411_historic_mask.tiff
Created /mnt/data1/UniBe-swiss-ndvi/data/tiffs_historic_v7_compr/20200412_historic.tiff
Created /mnt/data1/UniBe-swiss-ndvi/data/tiffs_historic_v7_compr/20200412_historic_mask.tiff
Created /mnt/data1/UniBe-swiss-ndvi/data/tiffs_historic_v7_compr/20200413_historic.tiff
Created /mnt/data1/UniBe-swiss-ndvi/data/tiffs_historic_v7_compr/20200413_historic_mask.tiff
Created /mnt/data1/UniBe-swiss-ndvi/data/tiffs_historic_v7_compr/20200414_historic.tiff
Created /mnt/data1/UniBe-swiss-ndvi/data/tiffs_historic_v7_compr/20200414_historic_mask.tiff
Created /mnt/data1/UniBe-swiss-ndvi/data/tiffs_historic_v7_compr/20200415_historic.tiff
Created /mnt/data1/UniBe-swiss-ndvi/data/tiffs_historic_v7_compr/20200415_historic_mask.tiff
Created /mnt/data1/UniBe-swiss-ndvi/data/tiffs_historic_v7_compr/20200416_historic.tiff
Created /mnt/data1/UniBe-swiss-ndvi/data/tiffs_historic_v7_compr/20200416_historic_mask.tiff
Created /mnt/data1/UniBe-swiss-ndvi/data/tiffs_historic_v7_compr/20200417_historic.tiff
Created /mnt/data1/UniBe-swiss-ndvi/data/tiffs_historic_v7_compr/20200417_historic_mask.tiff
Created /mnt/data1/UniBe-swiss-ndvi/data/tiffs_historic_v7_compr/20200418_historic.tiff
Created /mnt/data1/UniBe-swiss-ndvi/data/tiffs_historic_v7_compr/20200418_historic_mask.tiff
Created /mnt/data1/UniBe-swiss-ndvi/data/tiffs_historic_v7_compr/20200419_historic.tiff
Created /mnt/data1/UniBe-swiss-ndvi/data/tiffs_historic_v7_compr/20200419_historic_mask.tiff
Created /mnt/data1/UniBe-swiss-ndvi/data/tiffs_historic_v7_compr/20200420_historic.tiff
Created /mnt/data1/UniBe-swiss-ndvi/data/tiffs_historic_v7_compr/20200420_historic_mask.tiff
Created /mnt/data1/UniBe-swiss-ndvi/data/tiffs_historic_v7_compr/20200421_historic.tiff
Created /mnt/data1/UniBe-swiss-ndvi/data/tiffs_historic_v7_compr/20200421_historic_mask.tiff
Created /mnt/data1/UniBe-swiss-ndvi/data/tiffs_historic_v7_compr/20200422_historic.tiff
Created /mnt/data1/UniBe-swiss-ndvi/data/tiffs_historic_v7_compr/20200422_historic_mask.tiff
Created /mnt/data1/UniBe-swiss-ndvi/data/tiffs_historic_v7_compr/20200423_historic.tiff
Created /mnt/data1/UniBe-swiss-ndvi/data/tiffs_historic_v7_compr/20200423_historic_mask.tiff
Created /mnt/data1/UniBe-swiss-ndvi/data/tiffs_historic_v7_compr/20200424_historic.tiff
Created /mnt/data1/UniBe-swiss-ndvi/data/tiffs_historic_v7_compr/20200424_historic_mask.tiff
Created /mnt/data1/UniBe-swiss-ndvi/data/tiffs_historic_v7_compr/20200425_historic.tiff
Created /mnt/data1/UniBe-swiss-ndvi/data/tiffs_historic_v7_compr/20200425_historic_mask.tiff
Created /mnt/data1/UniBe-swiss-ndvi/data/tiffs_historic_v7_compr/20200426_historic.tiff
Created /mnt/data1/UniBe-swiss-ndvi/data/tiffs_historic_v7_compr/20200426_historic_mask.tiff
Created /mnt/data1/UniBe-swiss-ndvi/data/tiffs_historic_v7_compr/20200427_historic.tiff
Created /mnt/data1/UniBe-swiss-ndvi/data/tiffs_historic_v7_compr/20200427_historic_mask.tiff
Created /mnt/data1/UniBe-swiss-ndvi/data/tiffs_historic_v7_compr/20200428_historic.tiff
Created /mnt/data1/UniBe-swiss-ndvi/data/tiffs_historic_v7_compr/20200428_historic_mask.tiff
Created /mnt/data1/UniBe-swiss-ndvi/data/tiffs_historic_v7_compr/20200429_historic.tiff
Created /mnt/data1/UniBe-swiss-ndvi/data/tiffs_historic_v7_compr/20200429_historic_mask.tiff
Created /mnt/data1/UniBe-swiss-ndvi/data/tiffs_historic_v7_compr/20200430_historic.tiff
Created /mnt/data1/UniBe-swiss-ndvi/data/tiffs_historic_v7_compr/20200430_historic_mask.tiff
Created /mnt/data1/UniBe-swiss-ndvi/data/tiffs_historic_v7_compr/20200501_historic.tiff
Created /mnt/data1/UniBe-swiss-ndvi/data/tiffs_historic_v7_compr/20200501_historic_mask.tiff
Created /mnt/data1/UniBe-swiss-ndvi/data/tiffs_historic_v7_compr/20200502_historic.tiff
Created /mnt/data1/UniBe-swiss-ndvi/data/tiffs_historic_v7_compr/20200502_historic_mask.tiff
Created /mnt/data1/UniBe-swiss-ndvi/data/tiffs_historic_v7_compr/20200503_historic.tiff
Created /mnt/data1/UniBe-swiss-ndvi/data/tiffs_historic_v7_compr/20200503_historic_mask.tiff
Created /mnt/data1/UniBe-swiss-ndvi/data/tiffs_historic_v7_compr/20200504_historic.tiff
Created /mnt/data1/UniBe-swiss-ndvi/data/tiffs_historic_v7_compr/20200504_historic_mask.tiff
Created /mnt/data1/UniBe-swiss-ndvi/data/tiffs_historic_v7_compr/20200505_historic.tiff
Created /mnt/data1/UniBe-swiss-ndvi/data/tiffs_historic_v7_compr/20200505_historic_mask.tiff
Created /mnt/data1/UniBe-swiss-ndvi/data/tiffs_historic_v7_compr/20200506_historic.tiff
Created /mnt/data1/UniBe-swiss-ndvi/data/tiffs_historic_v7_compr/20200506_historic_mask.tiff
Created /mnt/data1/UniBe-swiss-ndvi/data/tiffs_historic_v7_compr/20200507_historic.tiff
Created /mnt/data1/UniBe-swiss-ndvi/data/tiffs_historic_v7_compr/20200507_historic_mask.tiff
Created /mnt/data1/UniBe-swiss-ndvi/data/tiffs_historic_v7_compr/20200508_historic.tiff
Created /mnt/data1/UniBe-swiss-ndvi/data/tiffs_historic_v7_compr/20200508_historic_mask.tiff
Created /mnt/data1/UniBe-swiss-ndvi/data/tiffs_historic_v7_compr/20200509_historic.tiff
Created /mnt/data1/UniBe-swiss-ndvi/data/tiffs_historic_v7_compr/20200509_historic_mask.tiff
Created /mnt/data1/UniBe-swiss-ndvi/data/tiffs_historic_v7_compr/20200510_historic.tiff
Created /mnt/data1/UniBe-swiss-ndvi/data/tiffs_historic_v7_compr/20200510_historic_mask.tiff
Created /mnt/data1/UniBe-swiss-ndvi/data/tiffs_historic_v7_compr/20200511_historic.tiff
Created /mnt/data1/UniBe-swiss-ndvi/data/tiffs_historic_v7_compr/20200511_historic_mask.tiff
Created /mnt/data1/UniBe-swiss-ndvi/data/tiffs_historic_v7_compr/20200512_historic.tiff
Created /mnt/data1/UniBe-swiss-ndvi/data/tiffs_historic_v7_compr/20200512_historic_mask.tiff
Created /mnt/data1/UniBe-swiss-ndvi/data/tiffs_historic_v7_compr/20200513_historic.tiff
Created /mnt/data1/UniBe-swiss-ndvi/data/tiffs_historic_v7_compr/20200513_historic_mask.tiff
Created /mnt/data1/UniBe-swiss-ndvi/data/tiffs_historic_v7_compr/20200514_historic.tiff
Created /mnt/data1/UniBe-swiss-ndvi/data/tiffs_historic_v7_compr/20200514_historic_mask.tiff
Created /mnt/data1/UniBe-swiss-ndvi/data/tiffs_historic_v7_compr/20200515_historic.tiff
Created /mnt/data1/UniBe-swiss-ndvi/data/tiffs_historic_v7_compr/20200515_historic_mask.tiff
Created /mnt/data1/UniBe-swiss-ndvi/data/tiffs_historic_v7_compr/20200516_historic.tiff
Created /mnt/data1/UniBe-swiss-ndvi/data/tiffs_historic_v7_compr/20200516_historic_mask.tiff
Created /mnt/data1/UniBe-swiss-ndvi/data/tiffs_historic_v7_compr/20200517_historic.tiff
Created /mnt/data1/UniBe-swiss-ndvi/data/tiffs_historic_v7_compr/20200517_historic_mask.tiff
Created /mnt/data1/UniBe-swiss-ndvi/data/tiffs_historic_v7_compr/20200518_historic.tiff
Created /mnt/data1/UniBe-swiss-ndvi/data/tiffs_historic_v7_compr/20200518_historic_mask.tiff
Created /mnt/data1/UniBe-swiss-ndvi/data/tiffs_historic_v7_compr/20200519_historic.tiff
Created /mnt/data1/UniBe-swiss-ndvi/data/tiffs_historic_v7_compr/20200519_historic_mask.tiff
Created /mnt/data1/UniBe-swiss-ndvi/data/tiffs_historic_v7_compr/20200520_historic.tiff
Created /mnt/data1/UniBe-swiss-ndvi/data/tiffs_historic_v7_compr/20200520_historic_mask.tiff
Created /mnt/data1/UniBe-swiss-ndvi/data/tiffs_historic_v7_compr/20200521_historic.tiff
Created /mnt/data1/UniBe-swiss-ndvi/data/tiffs_historic_v7_compr/20200521_historic_mask.tiff
Created /mnt/data1/UniBe-swiss-ndvi/data/tiffs_historic_v7_compr/20200522_historic.tiff
Created /mnt/data1/UniBe-swiss-ndvi/data/tiffs_historic_v7_compr/20200522_historic_mask.tiff
Created /mnt/data1/UniBe-swiss-ndvi/data/tiffs_historic_v7_compr/20200523_historic.tiff
Created /mnt/data1/UniBe-swiss-ndvi/data/tiffs_historic_v7_compr/20200523_historic_mask.tiff
Created /mnt/data1/UniBe-swiss-ndvi/data/tiffs_historic_v7_compr/20200524_historic.tiff
Created /mnt/data1/UniBe-swiss-ndvi/data/tiffs_historic_v7_compr/20200524_historic_mask.tiff
Created /mnt/data1/UniBe-swiss-ndvi/data/tiffs_historic_v7_compr/20200525_historic.tiff
Created /mnt/data1/UniBe-swiss-ndvi/data/tiffs_historic_v7_compr/20200525_historic_mask.tiff
Created /mnt/data1/UniBe-swiss-ndvi/data/tiffs_historic_v7_compr/20200526_historic.tiff
Created /mnt/data1/UniBe-swiss-ndvi/data/tiffs_historic_v7_compr/20200526_historic_mask.tiff
Created /mnt/data1/UniBe-swiss-ndvi/data/tiffs_historic_v7_compr/20200527_historic.tiff
Created /mnt/data1/UniBe-swiss-ndvi/data/tiffs_historic_v7_compr/20200527_historic_mask.tiff
Created /mnt/data1/UniBe-swiss-ndvi/data/tiffs_historic_v7_compr/20200528_historic.tiff
Created /mnt/data1/UniBe-swiss-ndvi/data/tiffs_historic_v7_compr/20200528_historic_mask.tiff
Created /mnt/data1/UniBe-swiss-ndvi/data/tiffs_historic_v7_compr/20200529_historic.tiff
Created /mnt/data1/UniBe-swiss-ndvi/data/tiffs_historic_v7_compr/20200529_historic_mask.tiff
Created /mnt/data1/UniBe-swiss-ndvi/data/tiffs_historic_v7_compr/20200530_historic.tiff
Created /mnt/data1/UniBe-swiss-ndvi/data/tiffs_historic_v7_compr/20200530_historic_mask.tiff
Created /mnt/data1/UniBe-swiss-ndvi/data/tiffs_historic_v7_compr/20200531_historic.tiff
Created /mnt/data1/UniBe-swiss-ndvi/data/tiffs_historic_v7_compr/20200531_historic_mask.tiff
Created /mnt/data1/UniBe-swiss-ndvi/data/tiffs_historic_v7_compr/20200601_historic.tiff
Created /mnt/data1/UniBe-swiss-ndvi/data/tiffs_historic_v7_compr/20200601_historic_mask.tiff
Created /mnt/data1/UniBe-swiss-ndvi/data/tiffs_historic_v7_compr/20200602_historic.tiff
Created /mnt/data1/UniBe-swiss-ndvi/data/tiffs_historic_v7_compr/20200602_historic_mask.tiff
Created /mnt/data1/UniBe-swiss-ndvi/data/tiffs_historic_v7_compr/20200603_historic.tiff
Created /mnt/data1/UniBe-swiss-ndvi/data/tiffs_historic_v7_compr/20200603_historic_mask.tiff
Created /mnt/data1/UniBe-swiss-ndvi/data/tiffs_historic_v7_compr/20200604_historic.tiff
Created /mnt/data1/UniBe-swiss-ndvi/data/tiffs_historic_v7_compr/20200604_historic_mask.tiff
Created /mnt/data1/UniBe-swiss-ndvi/data/tiffs_historic_v7_compr/20200605_historic.tiff
Created /mnt/data1/UniBe-swiss-ndvi/data/tiffs_historic_v7_compr/20200605_historic_mask.tiff
Created /mnt/data1/UniBe-swiss-ndvi/data/tiffs_historic_v7_compr/20200606_historic.tiff
Created /mnt/data1/UniBe-swiss-ndvi/data/tiffs_historic_v7_compr/20200606_historic_mask.tiff
Created /mnt/data1/UniBe-swiss-ndvi/data/tiffs_historic_v7_compr/20200607_historic.tiff
Created /mnt/data1/UniBe-swiss-ndvi/data/tiffs_historic_v7_compr/20200607_historic_mask.tiff
Created /mnt/data1/UniBe-swiss-ndvi/data/tiffs_historic_v7_compr/20200608_historic.tiff
Created /mnt/data1/UniBe-swiss-ndvi/data/tiffs_historic_v7_compr/20200608_historic_mask.tiff
Created /mnt/data1/UniBe-swiss-ndvi/data/tiffs_historic_v7_compr/20200609_historic.tiff
Created /mnt/data1/UniBe-swiss-ndvi/data/tiffs_historic_v7_compr/20200609_historic_mask.tiff
Created /mnt/data1/UniBe-swiss-ndvi/data/tiffs_historic_v7_compr/20200610_historic.tiff
Created /mnt/data1/UniBe-swiss-ndvi/data/tiffs_historic_v7_compr/20200610_historic_mask.tiff
Created /mnt/data1/UniBe-swiss-ndvi/data/tiffs_historic_v7_compr/20200611_historic.tiff
Created /mnt/data1/UniBe-swiss-ndvi/data/tiffs_historic_v7_compr/20200611_historic_mask.tiff
Created /mnt/data1/UniBe-swiss-ndvi/data/tiffs_historic_v7_compr/20200612_historic.tiff
Created /mnt/data1/UniBe-swiss-ndvi/data/tiffs_historic_v7_compr/20200612_historic_mask.tiff
Created /mnt/data1/UniBe-swiss-ndvi/data/tiffs_historic_v7_compr/20200613_historic.tiff
Created /mnt/data1/UniBe-swiss-ndvi/data/tiffs_historic_v7_compr/20200613_historic_mask.tiff
Created /mnt/data1/UniBe-swiss-ndvi/data/tiffs_historic_v7_compr/20200614_historic.tiff
Created /mnt/data1/UniBe-swiss-ndvi/data/tiffs_historic_v7_compr/20200614_historic_mask.tiff
Created /mnt/data1/UniBe-swiss-ndvi/data/tiffs_historic_v7_compr/20200615_historic.tiff
Created /mnt/data1/UniBe-swiss-ndvi/data/tiffs_historic_v7_compr/20200615_historic_mask.tiff
Created /mnt/data1/UniBe-swiss-ndvi/data/tiffs_historic_v7_compr/20200616_historic.tiff
Created /mnt/data1/UniBe-swiss-ndvi/data/tiffs_historic_v7_compr/20200616_historic_mask.tiff
Created /mnt/data1/UniBe-swiss-ndvi/data/tiffs_historic_v7_compr/20200617_historic.tiff
Created /mnt/data1/UniBe-swiss-ndvi/data/tiffs_historic_v7_compr/20200617_historic_mask.tiff
Created /mnt/data1/UniBe-swiss-ndvi/data/tiffs_historic_v7_compr/20200618_historic.tiff
Created /mnt/data1/UniBe-swiss-ndvi/data/tiffs_historic_v7_compr/20200618_historic_mask.tiff
Created /mnt/data1/UniBe-swiss-ndvi/data/tiffs_historic_v7_compr/20200619_historic.tiff
Created /mnt/data1/UniBe-swiss-ndvi/data/tiffs_historic_v7_compr/20200619_historic_mask.tiff
Created /mnt/data1/UniBe-swiss-ndvi/data/tiffs_historic_v7_compr/20200620_historic.tiff
Created /mnt/data1/UniBe-swiss-ndvi/data/tiffs_historic_v7_compr/20200620_historic_mask.tiff
Created /mnt/data1/UniBe-swiss-ndvi/data/tiffs_historic_v7_compr/20200621_historic.tiff
Created /mnt/data1/UniBe-swiss-ndvi/data/tiffs_historic_v7_compr/20200621_historic_mask.tiff
Created /mnt/data1/UniBe-swiss-ndvi/data/tiffs_historic_v7_compr/20200622_historic.tiff
Created /mnt/data1/UniBe-swiss-ndvi/data/tiffs_historic_v7_compr/20200622_historic_mask.tiff
Created /mnt/data1/UniBe-swiss-ndvi/data/tiffs_historic_v7_compr/20200623_historic.tiff
Created /mnt/data1/UniBe-swiss-ndvi/data/tiffs_historic_v7_compr/20200623_historic_mask.tiff
Created /mnt/data1/UniBe-swiss-ndvi/data/tiffs_historic_v7_compr/20200624_historic.tiff
Created /mnt/data1/UniBe-swiss-ndvi/data/tiffs_historic_v7_compr/20200624_historic_mask.tiff
Created /mnt/data1/UniBe-swiss-ndvi/data/tiffs_historic_v7_compr/20200625_historic.tiff
Created /mnt/data1/UniBe-swiss-ndvi/data/tiffs_historic_v7_compr/20200625_historic_mask.tiff
Created /mnt/data1/UniBe-swiss-ndvi/data/tiffs_historic_v7_compr/20200626_historic.tiff
Created /mnt/data1/UniBe-swiss-ndvi/data/tiffs_historic_v7_compr/20200626_historic_mask.tiff
Created /mnt/data1/UniBe-swiss-ndvi/data/tiffs_historic_v7_compr/20200627_historic.tiff
Created /mnt/data1/UniBe-swiss-ndvi/data/tiffs_historic_v7_compr/20200627_historic_mask.tiff
Created /mnt/data1/UniBe-swiss-ndvi/data/tiffs_historic_v7_compr/20200628_historic.tiff
Created /mnt/data1/UniBe-swiss-ndvi/data/tiffs_historic_v7_compr/20200628_historic_mask.tiff
Created /mnt/data1/UniBe-swiss-ndvi/data/tiffs_historic_v7_compr/20200629_historic.tiff
Created /mnt/data1/UniBe-swiss-ndvi/data/tiffs_historic_v7_compr/20200629_historic_mask.tiff
Created /mnt/data1/UniBe-swiss-ndvi/data/tiffs_historic_v7_compr/20200630_historic.tiff
Created /mnt/data1/UniBe-swiss-ndvi/data/tiffs_historic_v7_compr/20200630_historic_mask.tiff
Created /mnt/data1/UniBe-swiss-ndvi/data/tiffs_historic_v7_compr/20200701_historic.tiff
Created /mnt/data1/UniBe-swiss-ndvi/data/tiffs_historic_v7_compr/20200701_historic_mask.tiff
Created /mnt/data1/UniBe-swiss-ndvi/data/tiffs_historic_v7_compr/20200702_historic.tiff
Created /mnt/data1/UniBe-swiss-ndvi/data/tiffs_historic_v7_compr/20200702_historic_mask.tiff
Created /mnt/data1/UniBe-swiss-ndvi/data/tiffs_historic_v7_compr/20200703_historic.tiff
Created /mnt/data1/UniBe-swiss-ndvi/data/tiffs_historic_v7_compr/20200703_historic_mask.tiff
Created /mnt/data1/UniBe-swiss-ndvi/data/tiffs_historic_v7_compr/20200704_historic.tiff
Created /mnt/data1/UniBe-swiss-ndvi/data/tiffs_historic_v7_compr/20200704_historic_mask.tiff
Created /mnt/data1/UniBe-swiss-ndvi/data/tiffs_historic_v7_compr/20200705_historic.tiff
Created /mnt/data1/UniBe-swiss-ndvi/data/tiffs_historic_v7_compr/20200705_historic_mask.tiff
Created /mnt/data1/UniBe-swiss-ndvi/data/tiffs_historic_v7_compr/20200706_historic.tiff
Created /mnt/data1/UniBe-swiss-ndvi/data/tiffs_historic_v7_compr/20200706_historic_mask.tiff
Created /mnt/data1/UniBe-swiss-ndvi/data/tiffs_historic_v7_compr/20200707_historic.tiff
Created /mnt/data1/UniBe-swiss-ndvi/data/tiffs_historic_v7_compr/20200707_historic_mask.tiff
Created /mnt/data1/UniBe-swiss-ndvi/data/tiffs_historic_v7_compr/20200708_historic.tiff
Created /mnt/data1/UniBe-swiss-ndvi/data/tiffs_historic_v7_compr/20200708_historic_mask.tiff
Created /mnt/data1/UniBe-swiss-ndvi/data/tiffs_historic_v7_compr/20200709_historic.tiff
Created /mnt/data1/UniBe-swiss-ndvi/data/tiffs_historic_v7_compr/20200709_historic_mask.tiff
Created /mnt/data1/UniBe-swiss-ndvi/data/tiffs_historic_v7_compr/20200710_historic.tiff
Created /mnt/data1/UniBe-swiss-ndvi/data/tiffs_historic_v7_compr/20200710_historic_mask.tiff
Created /mnt/data1/UniBe-swiss-ndvi/data/tiffs_historic_v7_compr/20200711_historic.tiff
Created /mnt/data1/UniBe-swiss-ndvi/data/tiffs_historic_v7_compr/20200711_historic_mask.tiff
Created /mnt/data1/UniBe-swiss-ndvi/data/tiffs_historic_v7_compr/20200712_historic.tiff
Created /mnt/data1/UniBe-swiss-ndvi/data/tiffs_historic_v7_compr/20200712_historic_mask.tiff
Created /mnt/data1/UniBe-swiss-ndvi/data/tiffs_historic_v7_compr/20200713_historic.tiff
Created /mnt/data1/UniBe-swiss-ndvi/data/tiffs_historic_v7_compr/20200713_historic_mask.tiff
Created /mnt/data1/UniBe-swiss-ndvi/data/tiffs_historic_v7_compr/20200714_historic.tiff
Created /mnt/data1/UniBe-swiss-ndvi/data/tiffs_historic_v7_compr/20200714_historic_mask.tiff
Created /mnt/data1/UniBe-swiss-ndvi/data/tiffs_historic_v7_compr/20200715_historic.tiff
Created /mnt/data1/UniBe-swiss-ndvi/data/tiffs_historic_v7_compr/20200715_historic_mask.tiff
Created /mnt/data1/UniBe-swiss-ndvi/data/tiffs_historic_v7_compr/20200716_historic.tiff
Created /mnt/data1/UniBe-swiss-ndvi/data/tiffs_historic_v7_compr/20200716_historic_mask.tiff
Created /mnt/data1/UniBe-swiss-ndvi/data/tiffs_historic_v7_compr/20200717_historic.tiff
Created /mnt/data1/UniBe-swiss-ndvi/data/tiffs_historic_v7_compr/20200717_historic_mask.tiff
Created /mnt/data1/UniBe-swiss-ndvi/data/tiffs_historic_v7_compr/20200718_historic.tiff
Created /mnt/data1/UniBe-swiss-ndvi/data/tiffs_historic_v7_compr/20200718_historic_mask.tiff
Created /mnt/data1/UniBe-swiss-ndvi/data/tiffs_historic_v7_compr/20200719_historic.tiff
Created /mnt/data1/UniBe-swiss-ndvi/data/tiffs_historic_v7_compr/20200719_historic_mask.tiff
Created /mnt/data1/UniBe-swiss-ndvi/data/tiffs_historic_v7_compr/20200720_historic.tiff
Created /mnt/data1/UniBe-swiss-ndvi/data/tiffs_historic_v7_compr/20200720_historic_mask.tiff
Created /mnt/data1/UniBe-swiss-ndvi/data/tiffs_historic_v7_compr/20200721_historic.tiff
Created /mnt/data1/UniBe-swiss-ndvi/data/tiffs_historic_v7_compr/20200721_historic_mask.tiff
Created /mnt/data1/UniBe-swiss-ndvi/data/tiffs_historic_v7_compr/20200722_historic.tiff
Created /mnt/data1/UniBe-swiss-ndvi/data/tiffs_historic_v7_compr/20200722_historic_mask.tiff
Created /mnt/data1/UniBe-swiss-ndvi/data/tiffs_historic_v7_compr/20200723_historic.tiff
Created /mnt/data1/UniBe-swiss-ndvi/data/tiffs_historic_v7_compr/20200723_historic_mask.tiff
Created /mnt/data1/UniBe-swiss-ndvi/data/tiffs_historic_v7_compr/20200724_historic.tiff
Created /mnt/data1/UniBe-swiss-ndvi/data/tiffs_historic_v7_compr/20200724_historic_mask.tiff
Created /mnt/data1/UniBe-swiss-ndvi/data/tiffs_historic_v7_compr/20200725_historic.tiff
Created /mnt/data1/UniBe-swiss-ndvi/data/tiffs_historic_v7_compr/20200725_historic_mask.tiff
Created /mnt/data1/UniBe-swiss-ndvi/data/tiffs_historic_v7_compr/20200726_historic.tiff
Created /mnt/data1/UniBe-swiss-ndvi/data/tiffs_historic_v7_compr/20200726_historic_mask.tiff
Created /mnt/data1/UniBe-swiss-ndvi/data/tiffs_historic_v7_compr/20200727_historic.tiff
Created /mnt/data1/UniBe-swiss-ndvi/data/tiffs_historic_v7_compr/20200727_historic_mask.tiff
Created /mnt/data1/UniBe-swiss-ndvi/data/tiffs_historic_v7_compr/20200728_historic.tiff
Created /mnt/data1/UniBe-swiss-ndvi/data/tiffs_historic_v7_compr/20200728_historic_mask.tiff
Created /mnt/data1/UniBe-swiss-ndvi/data/tiffs_historic_v7_compr/20200729_historic.tiff
Created /mnt/data1/UniBe-swiss-ndvi/data/tiffs_historic_v7_compr/20200729_historic_mask.tiff
Created /mnt/data1/UniBe-swiss-ndvi/data/tiffs_historic_v7_compr/20200730_historic.tiff
Created /mnt/data1/UniBe-swiss-ndvi/data/tiffs_historic_v7_compr/20200730_historic_mask.tiff
Created /mnt/data1/UniBe-swiss-ndvi/data/tiffs_historic_v7_compr/20200731_historic.tiff
Created /mnt/data1/UniBe-swiss-ndvi/data/tiffs_historic_v7_compr/20200731_historic_mask.tiff
Created /mnt/data1/UniBe-swiss-ndvi/data/tiffs_historic_v7_compr/20200801_historic.tiff
Created /mnt/data1/UniBe-swiss-ndvi/data/tiffs_historic_v7_compr/20200801_historic_mask.tiff
Created /mnt/data1/UniBe-swiss-ndvi/data/tiffs_historic_v7_compr/20200802_historic.tiff
Created /mnt/data1/UniBe-swiss-ndvi/data/tiffs_historic_v7_compr/20200802_historic_mask.tiff
Created /mnt/data1/UniBe-swiss-ndvi/data/tiffs_historic_v7_compr/20200803_historic.tiff
Created /mnt/data1/UniBe-swiss-ndvi/data/tiffs_historic_v7_compr/20200803_historic_mask.tiff
Created /mnt/data1/UniBe-swiss-ndvi/data/tiffs_historic_v7_compr/20200804_historic.tiff
Created /mnt/data1/UniBe-swiss-ndvi/data/tiffs_historic_v7_compr/20200804_historic_mask.tiff
Created /mnt/data1/UniBe-swiss-ndvi/data/tiffs_historic_v7_compr/20200805_historic.tiff
Created /mnt/data1/UniBe-swiss-ndvi/data/tiffs_historic_v7_compr/20200805_historic_mask.tiff
Created /mnt/data1/UniBe-swiss-ndvi/data/tiffs_historic_v7_compr/20200806_historic.tiff
Created /mnt/data1/UniBe-swiss-ndvi/data/tiffs_historic_v7_compr/20200806_historic_mask.tiff
Created /mnt/data1/UniBe-swiss-ndvi/data/tiffs_historic_v7_compr/20200807_historic.tiff
Created /mnt/data1/UniBe-swiss-ndvi/data/tiffs_historic_v7_compr/20200807_historic_mask.tiff
Created /mnt/data1/UniBe-swiss-ndvi/data/tiffs_historic_v7_compr/20200808_historic.tiff
Created /mnt/data1/UniBe-swiss-ndvi/data/tiffs_historic_v7_compr/20200808_historic_mask.tiff
Created /mnt/data1/UniBe-swiss-ndvi/data/tiffs_historic_v7_compr/20200809_historic.tiff
Created /mnt/data1/UniBe-swiss-ndvi/data/tiffs_historic_v7_compr/20200809_historic_mask.tiff
Created /mnt/data1/UniBe-swiss-ndvi/data/tiffs_historic_v7_compr/20200810_historic.tiff
Created /mnt/data1/UniBe-swiss-ndvi/data/tiffs_historic_v7_compr/20200810_historic_mask.tiff
Created /mnt/data1/UniBe-swiss-ndvi/data/tiffs_historic_v7_compr/20200811_historic.tiff
Created /mnt/data1/UniBe-swiss-ndvi/data/tiffs_historic_v7_compr/20200811_historic_mask.tiff
Created /mnt/data1/UniBe-swiss-ndvi/data/tiffs_historic_v7_compr/20200812_historic.tiff
Created /mnt/data1/UniBe-swiss-ndvi/data/tiffs_historic_v7_compr/20200812_historic_mask.tiff
Created /mnt/data1/UniBe-swiss-ndvi/data/tiffs_historic_v7_compr/20200813_historic.tiff
Created /mnt/data1/UniBe-swiss-ndvi/data/tiffs_historic_v7_compr/20200813_historic_mask.tiff
Created /mnt/data1/UniBe-swiss-ndvi/data/tiffs_historic_v7_compr/20200814_historic.tiff
Created /mnt/data1/UniBe-swiss-ndvi/data/tiffs_historic_v7_compr/20200814_historic_mask.tiff
Created /mnt/data1/UniBe-swiss-ndvi/data/tiffs_historic_v7_compr/20200815_historic.tiff
Created /mnt/data1/UniBe-swiss-ndvi/data/tiffs_historic_v7_compr/20200815_historic_mask.tiff
Created /mnt/data1/UniBe-swiss-ndvi/data/tiffs_historic_v7_compr/20200816_historic.tiff
Created /mnt/data1/UniBe-swiss-ndvi/data/tiffs_historic_v7_compr/20200816_historic_mask.tiff
Created /mnt/data1/UniBe-swiss-ndvi/data/tiffs_historic_v7_compr/20200817_historic.tiff
Created /mnt/data1/UniBe-swiss-ndvi/data/tiffs_historic_v7_compr/20200817_historic_mask.tiff
Created /mnt/data1/UniBe-swiss-ndvi/data/tiffs_historic_v7_compr/20200818_historic.tiff
Created /mnt/data1/UniBe-swiss-ndvi/data/tiffs_historic_v7_compr/20200818_historic_mask.tiff
Created /mnt/data1/UniBe-swiss-ndvi/data/tiffs_historic_v7_compr/20200819_historic.tiff
Created /mnt/data1/UniBe-swiss-ndvi/data/tiffs_historic_v7_compr/20200819_historic_mask.tiff
Created /mnt/data1/UniBe-swiss-ndvi/data/tiffs_historic_v7_compr/20200820_historic.tiff
Created /mnt/data1/UniBe-swiss-ndvi/data/tiffs_historic_v7_compr/20200820_historic_mask.tiff
Created /mnt/data1/UniBe-swiss-ndvi/data/tiffs_historic_v7_compr/20200821_historic.tiff
Created /mnt/data1/UniBe-swiss-ndvi/data/tiffs_historic_v7_compr/20200821_historic_mask.tiff
Created /mnt/data1/UniBe-swiss-ndvi/data/tiffs_historic_v7_compr/20200822_historic.tiff
Created /mnt/data1/UniBe-swiss-ndvi/data/tiffs_historic_v7_compr/20200822_historic_mask.tiff
Created /mnt/data1/UniBe-swiss-ndvi/data/tiffs_historic_v7_compr/20200823_historic.tiff
Created /mnt/data1/UniBe-swiss-ndvi/data/tiffs_historic_v7_compr/20200823_historic_mask.tiff
Created /mnt/data1/UniBe-swiss-ndvi/data/tiffs_historic_v7_compr/20200824_historic.tiff
Created /mnt/data1/UniBe-swiss-ndvi/data/tiffs_historic_v7_compr/20200824_historic_mask.tiff
Created /mnt/data1/UniBe-swiss-ndvi/data/tiffs_historic_v7_compr/20200825_historic.tiff
Created /mnt/data1/UniBe-swiss-ndvi/data/tiffs_historic_v7_compr/20200825_historic_mask.tiff
Created /mnt/data1/UniBe-swiss-ndvi/data/tiffs_historic_v7_compr/20200826_historic.tiff
Created /mnt/data1/UniBe-swiss-ndvi/data/tiffs_historic_v7_compr/20200826_historic_mask.tiff
Created /mnt/data1/UniBe-swiss-ndvi/data/tiffs_historic_v7_compr/20200827_historic.tiff
Created /mnt/data1/UniBe-swiss-ndvi/data/tiffs_historic_v7_compr/20200827_historic_mask.tiff
Created /mnt/data1/UniBe-swiss-ndvi/data/tiffs_historic_v7_compr/20200828_historic.tiff
Created /mnt/data1/UniBe-swiss-ndvi/data/tiffs_historic_v7_compr/20200828_historic_mask.tiff
Created /mnt/data1/UniBe-swiss-ndvi/data/tiffs_historic_v7_compr/20200829_historic.tiff
Created /mnt/data1/UniBe-swiss-ndvi/data/tiffs_historic_v7_compr/20200829_historic_mask.tiff
Created /mnt/data1/UniBe-swiss-ndvi/data/tiffs_historic_v7_compr/20200830_historic.tiff
Created /mnt/data1/UniBe-swiss-ndvi/data/tiffs_historic_v7_compr/20200830_historic_mask.tiff
Created /mnt/data1/UniBe-swiss-ndvi/data/tiffs_historic_v7_compr/20200831_historic.tiff
Created /mnt/data1/UniBe-swiss-ndvi/data/tiffs_historic_v7_compr/20200831_historic_mask.tiff
Created /mnt/data1/UniBe-swiss-ndvi/data/tiffs_historic_v7_compr/20200901_historic.tiff
Created /mnt/data1/UniBe-swiss-ndvi/data/tiffs_historic_v7_compr/20200901_historic_mask.tiff
Created /mnt/data1/UniBe-swiss-ndvi/data/tiffs_historic_v7_compr/20200902_historic.tiff
Created /mnt/data1/UniBe-swiss-ndvi/data/tiffs_historic_v7_compr/20200902_historic_mask.tiff
Created /mnt/data1/UniBe-swiss-ndvi/data/tiffs_historic_v7_compr/20200903_historic.tiff
Created /mnt/data1/UniBe-swiss-ndvi/data/tiffs_historic_v7_compr/20200903_historic_mask.tiff
Created /mnt/data1/UniBe-swiss-ndvi/data/tiffs_historic_v7_compr/20200904_historic.tiff
Created /mnt/data1/UniBe-swiss-ndvi/data/tiffs_historic_v7_compr/20200904_historic_mask.tiff
Created /mnt/data1/UniBe-swiss-ndvi/data/tiffs_historic_v7_compr/20200905_historic.tiff
Created /mnt/data1/UniBe-swiss-ndvi/data/tiffs_historic_v7_compr/20200905_historic_mask.tiff
Created /mnt/data1/UniBe-swiss-ndvi/data/tiffs_historic_v7_compr/20200906_historic.tiff
Created /mnt/data1/UniBe-swiss-ndvi/data/tiffs_historic_v7_compr/20200906_historic_mask.tiff
Created /mnt/data1/UniBe-swiss-ndvi/data/tiffs_historic_v7_compr/20200907_historic.tiff
Created /mnt/data1/UniBe-swiss-ndvi/data/tiffs_historic_v7_compr/20200907_historic_mask.tiff
Created /mnt/data1/UniBe-swiss-ndvi/data/tiffs_historic_v7_compr/20200908_historic.tiff
Created /mnt/data1/UniBe-swiss-ndvi/data/tiffs_historic_v7_compr/20200908_historic_mask.tiff
Created /mnt/data1/UniBe-swiss-ndvi/data/tiffs_historic_v7_compr/20200909_historic.tiff
Created /mnt/data1/UniBe-swiss-ndvi/data/tiffs_historic_v7_compr/20200909_historic_mask.tiff
Created /mnt/data1/UniBe-swiss-ndvi/data/tiffs_historic_v7_compr/20200910_historic.tiff
Created /mnt/data1/UniBe-swiss-ndvi/data/tiffs_historic_v7_compr/20200910_historic_mask.tiff
Created /mnt/data1/UniBe-swiss-ndvi/data/tiffs_historic_v7_compr/20200911_historic.tiff
Created /mnt/data1/UniBe-swiss-ndvi/data/tiffs_historic_v7_compr/20200911_historic_mask.tiff
Created /mnt/data1/UniBe-swiss-ndvi/data/tiffs_historic_v7_compr/20200912_historic.tiff
Created /mnt/data1/UniBe-swiss-ndvi/data/tiffs_historic_v7_compr/20200912_historic_mask.tiff
Created /mnt/data1/UniBe-swiss-ndvi/data/tiffs_historic_v7_compr/20200913_historic.tiff
Created /mnt/data1/UniBe-swiss-ndvi/data/tiffs_historic_v7_compr/20200913_historic_mask.tiff
Created /mnt/data1/UniBe-swiss-ndvi/data/tiffs_historic_v7_compr/20200914_historic.tiff
Created /mnt/data1/UniBe-swiss-ndvi/data/tiffs_historic_v7_compr/20200914_historic_mask.tiff
Created /mnt/data1/UniBe-swiss-ndvi/data/tiffs_historic_v7_compr/20200915_historic.tiff
Created /mnt/data1/UniBe-swiss-ndvi/data/tiffs_historic_v7_compr/20200915_historic_mask.tiff
Created /mnt/data1/UniBe-swiss-ndvi/data/tiffs_historic_v7_compr/20200916_historic.tiff
Created /mnt/data1/UniBe-swiss-ndvi/data/tiffs_historic_v7_compr/20200916_historic_mask.tiff
Created /mnt/data1/UniBe-swiss-ndvi/data/tiffs_historic_v7_compr/20200917_historic.tiff
Created /mnt/data1/UniBe-swiss-ndvi/data/tiffs_historic_v7_compr/20200917_historic_mask.tiff
Created /mnt/data1/UniBe-swiss-ndvi/data/tiffs_historic_v7_compr/20200918_historic.tiff
Created /mnt/data1/UniBe-swiss-ndvi/data/tiffs_historic_v7_compr/20200918_historic_mask.tiff
Created /mnt/data1/UniBe-swiss-ndvi/data/tiffs_historic_v7_compr/20200919_historic.tiff
Created /mnt/data1/UniBe-swiss-ndvi/data/tiffs_historic_v7_compr/20200919_historic_mask.tiff
Created /mnt/data1/UniBe-swiss-ndvi/data/tiffs_historic_v7_compr/20200920_historic.tiff
Created /mnt/data1/UniBe-swiss-ndvi/data/tiffs_historic_v7_compr/20200920_historic_mask.tiff
Created /mnt/data1/UniBe-swiss-ndvi/data/tiffs_historic_v7_compr/20200921_historic.tiff
Created /mnt/data1/UniBe-swiss-ndvi/data/tiffs_historic_v7_compr/20200921_historic_mask.tiff
Created /mnt/data1/UniBe-swiss-ndvi/data/tiffs_historic_v7_compr/20200922_historic.tiff
Created /mnt/data1/UniBe-swiss-ndvi/data/tiffs_historic_v7_compr/20200922_historic_mask.tiff
Created /mnt/data1/UniBe-swiss-ndvi/data/tiffs_historic_v7_compr/20200923_historic.tiff
Created /mnt/data1/UniBe-swiss-ndvi/data/tiffs_historic_v7_compr/20200923_historic_mask.tiff
Created /mnt/data1/UniBe-swiss-ndvi/data/tiffs_historic_v7_compr/20200924_historic.tiff
Created /mnt/data1/UniBe-swiss-ndvi/data/tiffs_historic_v7_compr/20200924_historic_mask.tiff
Created /mnt/data1/UniBe-swiss-ndvi/data/tiffs_historic_v7_compr/20200925_historic.tiff
Created /mnt/data1/UniBe-swiss-ndvi/data/tiffs_historic_v7_compr/20200925_historic_mask.tiff
Created /mnt/data1/UniBe-swiss-ndvi/data/tiffs_historic_v7_compr/20200926_historic.tiff
Created /mnt/data1/UniBe-swiss-ndvi/data/tiffs_historic_v7_compr/20200926_historic_mask.tiff
Created /mnt/data1/UniBe-swiss-ndvi/data/tiffs_historic_v7_compr/20200927_historic.tiff
Created /mnt/data1/UniBe-swiss-ndvi/data/tiffs_historic_v7_compr/20200927_historic_mask.tiff
Created /mnt/data1/UniBe-swiss-ndvi/data/tiffs_historic_v7_compr/20200928_historic.tiff
Created /mnt/data1/UniBe-swiss-ndvi/data/tiffs_historic_v7_compr/20200928_historic_mask.tiff
Created /mnt/data1/UniBe-swiss-ndvi/data/tiffs_historic_v7_compr/20200929_historic.tiff
Created /mnt/data1/UniBe-swiss-ndvi/data/tiffs_historic_v7_compr/20200929_historic_mask.tiff
Created /mnt/data1/UniBe-swiss-ndvi/data/tiffs_historic_v7_compr/20200930_historic.tiff
Created /mnt/data1/UniBe-swiss-ndvi/data/tiffs_historic_v7_compr/20200930_historic_mask.tiff
Created /mnt/data1/UniBe-swiss-ndvi/data/tiffs_historic_v7_compr/20201001_historic.tiff
Created /mnt/data1/UniBe-swiss-ndvi/data/tiffs_historic_v7_compr/20201001_historic_mask.tiff
Created /mnt/data1/UniBe-swiss-ndvi/data/tiffs_historic_v7_compr/20201002_historic.tiff
Created /mnt/data1/UniBe-swiss-ndvi/data/tiffs_historic_v7_compr/20201002_historic_mask.tiff
Created /mnt/data1/UniBe-swiss-ndvi/data/tiffs_historic_v7_compr/20201003_historic.tiff
Created /mnt/data1/UniBe-swiss-ndvi/data/tiffs_historic_v7_compr/20201003_historic_mask.tiff
Created /mnt/data1/UniBe-swiss-ndvi/data/tiffs_historic_v7_compr/20201004_historic.tiff
Created /mnt/data1/UniBe-swiss-ndvi/data/tiffs_historic_v7_compr/20201004_historic_mask.tiff
Created /mnt/data1/UniBe-swiss-ndvi/data/tiffs_historic_v7_compr/20201005_historic.tiff
Created /mnt/data1/UniBe-swiss-ndvi/data/tiffs_historic_v7_compr/20201005_historic_mask.tiff
Created /mnt/data1/UniBe-swiss-ndvi/data/tiffs_historic_v7_compr/20201006_historic.tiff
Created /mnt/data1/UniBe-swiss-ndvi/data/tiffs_historic_v7_compr/20201006_historic_mask.tiff
Created /mnt/data1/UniBe-swiss-ndvi/data/tiffs_historic_v7_compr/20201007_historic.tiff
Created /mnt/data1/UniBe-swiss-ndvi/data/tiffs_historic_v7_compr/20201007_historic_mask.tiff
Created /mnt/data1/UniBe-swiss-ndvi/data/tiffs_historic_v7_compr/20201008_historic.tiff
Created /mnt/data1/UniBe-swiss-ndvi/data/tiffs_historic_v7_compr/20201008_historic_mask.tiff
Created /mnt/data1/UniBe-swiss-ndvi/data/tiffs_historic_v7_compr/20201009_historic.tiff
Created /mnt/data1/UniBe-swiss-ndvi/data/tiffs_historic_v7_compr/20201009_historic_mask.tiff
Created /mnt/data1/UniBe-swiss-ndvi/data/tiffs_historic_v7_compr/20201010_historic.tiff
Created /mnt/data1/UniBe-swiss-ndvi/data/tiffs_historic_v7_compr/20201010_historic_mask.tiff
Created /mnt/data1/UniBe-swiss-ndvi/data/tiffs_historic_v7_compr/20201011_historic.tiff
Created /mnt/data1/UniBe-swiss-ndvi/data/tiffs_historic_v7_compr/20201011_historic_mask.tiff
Created /mnt/data1/UniBe-swiss-ndvi/data/tiffs_historic_v7_compr/20201012_historic.tiff
Created /mnt/data1/UniBe-swiss-ndvi/data/tiffs_historic_v7_compr/20201012_historic_mask.tiff
Created /mnt/data1/UniBe-swiss-ndvi/data/tiffs_historic_v7_compr/20201013_historic.tiff
Created /mnt/data1/UniBe-swiss-ndvi/data/tiffs_historic_v7_compr/20201013_historic_mask.tiff
Created /mnt/data1/UniBe-swiss-ndvi/data/tiffs_historic_v7_compr/20201014_historic.tiff
Created /mnt/data1/UniBe-swiss-ndvi/data/tiffs_historic_v7_compr/20201014_historic_mask.tiff
Created /mnt/data1/UniBe-swiss-ndvi/data/tiffs_historic_v7_compr/20201015_historic.tiff
Created /mnt/data1/UniBe-swiss-ndvi/data/tiffs_historic_v7_compr/20201015_historic_mask.tiff
Created /mnt/data1/UniBe-swiss-ndvi/data/tiffs_historic_v7_compr/20201016_historic.tiff
Created /mnt/data1/UniBe-swiss-ndvi/data/tiffs_historic_v7_compr/20201016_historic_mask.tiff
Created /mnt/data1/UniBe-swiss-ndvi/data/tiffs_historic_v7_compr/20201017_historic.tiff
Created /mnt/data1/UniBe-swiss-ndvi/data/tiffs_historic_v7_compr/20201017_historic_mask.tiff
Created /mnt/data1/UniBe-swiss-ndvi/data/tiffs_historic_v7_compr/20201018_historic.tiff
Created /mnt/data1/UniBe-swiss-ndvi/data/tiffs_historic_v7_compr/20201018_historic_mask.tiff
Created /mnt/data1/UniBe-swiss-ndvi/data/tiffs_historic_v7_compr/20201019_historic.tiff
Created /mnt/data1/UniBe-swiss-ndvi/data/tiffs_historic_v7_compr/20201019_historic_mask.tiff
Created /mnt/data1/UniBe-swiss-ndvi/data/tiffs_historic_v7_compr/20201020_historic.tiff
Created /mnt/data1/UniBe-swiss-ndvi/data/tiffs_historic_v7_compr/20201020_historic_mask.tiff
Created /mnt/data1/UniBe-swiss-ndvi/data/tiffs_historic_v7_compr/20201021_historic.tiff
Created /mnt/data1/UniBe-swiss-ndvi/data/tiffs_historic_v7_compr/20201021_historic_mask.tiff
Created /mnt/data1/UniBe-swiss-ndvi/data/tiffs_historic_v7_compr/20201022_historic.tiff
Created /mnt/data1/UniBe-swiss-ndvi/data/tiffs_historic_v7_compr/20201022_historic_mask.tiff
Created /mnt/data1/UniBe-swiss-ndvi/data/tiffs_historic_v7_compr/20201023_historic.tiff
Created /mnt/data1/UniBe-swiss-ndvi/data/tiffs_historic_v7_compr/20201023_historic_mask.tiff
Created /mnt/data1/UniBe-swiss-ndvi/data/tiffs_historic_v7_compr/20201024_historic.tiff
Created /mnt/data1/UniBe-swiss-ndvi/data/tiffs_historic_v7_compr/20201024_historic_mask.tiff
Created /mnt/data1/UniBe-swiss-ndvi/data/tiffs_historic_v7_compr/20201025_historic.tiff
Created /mnt/data1/UniBe-swiss-ndvi/data/tiffs_historic_v7_compr/20201025_historic_mask.tiff
Created /mnt/data1/UniBe-swiss-ndvi/data/tiffs_historic_v7_compr/20201026_historic.tiff
Created /mnt/data1/UniBe-swiss-ndvi/data/tiffs_historic_v7_compr/20201026_historic_mask.tiff
Created /mnt/data1/UniBe-swiss-ndvi/data/tiffs_historic_v7_compr/20201027_historic.tiff
Created /mnt/data1/UniBe-swiss-ndvi/data/tiffs_historic_v7_compr/20201027_historic_mask.tiff
Created /mnt/data1/UniBe-swiss-ndvi/data/tiffs_historic_v7_compr/20201028_historic.tiff
Created /mnt/data1/UniBe-swiss-ndvi/data/tiffs_historic_v7_compr/20201028_historic_mask.tiff
Created /mnt/data1/UniBe-swiss-ndvi/data/tiffs_historic_v7_compr/20201029_historic.tiff
Created /mnt/data1/UniBe-swiss-ndvi/data/tiffs_historic_v7_compr/20201029_historic_mask.tiff
Created /mnt/data1/UniBe-swiss-ndvi/data/tiffs_historic_v7_compr/20201030_historic.tiff
Created /mnt/data1/UniBe-swiss-ndvi/data/tiffs_historic_v7_compr/20201030_historic_mask.tiff
Created /mnt/data1/UniBe-swiss-ndvi/data/tiffs_historic_v7_compr/20201031_historic.tiff
Created /mnt/data1/UniBe-swiss-ndvi/data/tiffs_historic_v7_compr/20201031_historic_mask.tiff
Created /mnt/data1/UniBe-swiss-ndvi/data/tiffs_historic_v7_compr/20201101_historic.tiff
Created /mnt/data1/UniBe-swiss-ndvi/data/tiffs_historic_v7_compr/20201101_historic_mask.tiff
Created /mnt/data1/UniBe-swiss-ndvi/data/tiffs_historic_v7_compr/20201102_historic.tiff
Created /mnt/data1/UniBe-swiss-ndvi/data/tiffs_historic_v7_compr/20201102_historic_mask.tiff
Created /mnt/data1/UniBe-swiss-ndvi/data/tiffs_historic_v7_compr/20201103_historic.tiff
Created /mnt/data1/UniBe-swiss-ndvi/data/tiffs_historic_v7_compr/20201103_historic_mask.tiff
Created /mnt/data1/UniBe-swiss-ndvi/data/tiffs_historic_v7_compr/20201104_historic.tiff
Created /mnt/data1/UniBe-swiss-ndvi/data/tiffs_historic_v7_compr/20201104_historic_mask.tiff
Created /mnt/data1/UniBe-swiss-ndvi/data/tiffs_historic_v7_compr/20201105_historic.tiff
Created /mnt/data1/UniBe-swiss-ndvi/data/tiffs_historic_v7_compr/20201105_historic_mask.tiff
Created /mnt/data1/UniBe-swiss-ndvi/data/tiffs_historic_v7_compr/20201106_historic.tiff
Created /mnt/data1/UniBe-swiss-ndvi/data/tiffs_historic_v7_compr/20201106_historic_mask.tiff
Created /mnt/data1/UniBe-swiss-ndvi/data/tiffs_historic_v7_compr/20201107_historic.tiff
Created /mnt/data1/UniBe-swiss-ndvi/data/tiffs_historic_v7_compr/20201107_historic_mask.tiff
Created /mnt/data1/UniBe-swiss-ndvi/data/tiffs_historic_v7_compr/20201108_historic.tiff
Created /mnt/data1/UniBe-swiss-ndvi/data/tiffs_historic_v7_compr/20201108_historic_mask.tiff
Created /mnt/data1/UniBe-swiss-ndvi/data/tiffs_historic_v7_compr/20201109_historic.tiff
Created /mnt/data1/UniBe-swiss-ndvi/data/tiffs_historic_v7_compr/20201109_historic_mask.tiff
Created /mnt/data1/UniBe-swiss-ndvi/data/tiffs_historic_v7_compr/20201110_historic.tiff
Created /mnt/data1/UniBe-swiss-ndvi/data/tiffs_historic_v7_compr/20201110_historic_mask.tiff
Created /mnt/data1/UniBe-swiss-ndvi/data/tiffs_historic_v7_compr/20201111_historic.tiff
Created /mnt/data1/UniBe-swiss-ndvi/data/tiffs_historic_v7_compr/20201111_historic_mask.tiff
Created /mnt/data1/UniBe-swiss-ndvi/data/tiffs_historic_v7_compr/20201112_historic.tiff
Created /mnt/data1/UniBe-swiss-ndvi/data/tiffs_historic_v7_compr/20201112_historic_mask.tiff
Created /mnt/data1/UniBe-swiss-ndvi/data/tiffs_historic_v7_compr/20201113_historic.tiff
Created /mnt/data1/UniBe-swiss-ndvi/data/tiffs_historic_v7_compr/20201113_historic_mask.tiff
Created /mnt/data1/UniBe-swiss-ndvi/data/tiffs_historic_v7_compr/20201114_historic.tiff
Created /mnt/data1/UniBe-swiss-ndvi/data/tiffs_historic_v7_compr/20201114_historic_mask.tiff
Created /mnt/data1/UniBe-swiss-ndvi/data/tiffs_historic_v7_compr/20201115_historic.tiff
Created /mnt/data1/UniBe-swiss-ndvi/data/tiffs_historic_v7_compr/20201115_historic_mask.tiff
Created /mnt/data1/UniBe-swiss-ndvi/data/tiffs_historic_v7_compr/20201116_historic.tiff
Created /mnt/data1/UniBe-swiss-ndvi/data/tiffs_historic_v7_compr/20201116_historic_mask.tiff
Created /mnt/data1/UniBe-swiss-ndvi/data/tiffs_historic_v7_compr/20201117_historic.tiff
Created /mnt/data1/UniBe-swiss-ndvi/data/tiffs_historic_v7_compr/20201117_historic_mask.tiff
Created /mnt/data1/UniBe-swiss-ndvi/data/tiffs_historic_v7_compr/20201118_historic.tiff
Created /mnt/data1/UniBe-swiss-ndvi/data/tiffs_historic_v7_compr/20201118_historic_mask.tiff
Created /mnt/data1/UniBe-swiss-ndvi/data/tiffs_historic_v7_compr/20201119_historic.tiff
Created /mnt/data1/UniBe-swiss-ndvi/data/tiffs_historic_v7_compr/20201119_historic_mask.tiff
Created /mnt/data1/UniBe-swiss-ndvi/data/tiffs_historic_v7_compr/20201120_historic.tiff
Created /mnt/data1/UniBe-swiss-ndvi/data/tiffs_historic_v7_compr/20201120_historic_mask.tiff
Created /mnt/data1/UniBe-swiss-ndvi/data/tiffs_historic_v7_compr/20201121_historic.tiff
Created /mnt/data1/UniBe-swiss-ndvi/data/tiffs_historic_v7_compr/20201121_historic_mask.tiff
Created /mnt/data1/UniBe-swiss-ndvi/data/tiffs_historic_v7_compr/20201122_historic.tiff
Created /mnt/data1/UniBe-swiss-ndvi/data/tiffs_historic_v7_compr/20201122_historic_mask.tiff
Created /mnt/data1/UniBe-swiss-ndvi/data/tiffs_historic_v7_compr/20201123_historic.tiff
Created /mnt/data1/UniBe-swiss-ndvi/data/tiffs_historic_v7_compr/20201123_historic_mask.tiff
Created /mnt/data1/UniBe-swiss-ndvi/data/tiffs_historic_v7_compr/20201124_historic.tiff
Created /mnt/data1/UniBe-swiss-ndvi/data/tiffs_historic_v7_compr/20201124_historic_mask.tiff
Created /mnt/data1/UniBe-swiss-ndvi/data/tiffs_historic_v7_compr/20201125_historic.tiff
Created /mnt/data1/UniBe-swiss-ndvi/data/tiffs_historic_v7_compr/20201125_historic_mask.tiff
Created /mnt/data1/UniBe-swiss-ndvi/data/tiffs_historic_v7_compr/20201126_historic.tiff
Created /mnt/data1/UniBe-swiss-ndvi/data/tiffs_historic_v7_compr/20201126_historic_mask.tiff
Created /mnt/data1/UniBe-swiss-ndvi/data/tiffs_historic_v7_compr/20201127_historic.tiff
Created /mnt/data1/UniBe-swiss-ndvi/data/tiffs_historic_v7_compr/20201127_historic_mask.tiff
Created /mnt/data1/UniBe-swiss-ndvi/data/tiffs_historic_v7_compr/20201128_historic.tiff
Created /mnt/data1/UniBe-swiss-ndvi/data/tiffs_historic_v7_compr/20201128_historic_mask.tiff
Created /mnt/data1/UniBe-swiss-ndvi/data/tiffs_historic_v7_compr/20201129_historic.tiff
Created /mnt/data1/UniBe-swiss-ndvi/data/tiffs_historic_v7_compr/20201129_historic_mask.tiff
Created /mnt/data1/UniBe-swiss-ndvi/data/tiffs_historic_v7_compr/20201130_historic.tiff
Created /mnt/data1/UniBe-swiss-ndvi/data/tiffs_historic_v7_compr/20201130_historic_mask.tiff
Created /mnt/data1/UniBe-swiss-ndvi/data/tiffs_historic_v7_compr/20201201_historic.tiff
Created /mnt/data1/UniBe-swiss-ndvi/data/tiffs_historic_v7_compr/20201201_historic_mask.tiff
Created /mnt/data1/UniBe-swiss-ndvi/data/tiffs_historic_v7_compr/20201202_historic.tiff
Created /mnt/data1/UniBe-swiss-ndvi/data/tiffs_historic_v7_compr/20201202_historic_mask.tiff
Created /mnt/data1/UniBe-swiss-ndvi/data/tiffs_historic_v7_compr/20201203_historic.tiff
Created /mnt/data1/UniBe-swiss-ndvi/data/tiffs_historic_v7_compr/20201203_historic_mask.tiff
Created /mnt/data1/UniBe-swiss-ndvi/data/tiffs_historic_v7_compr/20201204_historic.tiff
Created /mnt/data1/UniBe-swiss-ndvi/data/tiffs_historic_v7_compr/20201204_historic_mask.tiff
Created /mnt/data1/UniBe-swiss-ndvi/data/tiffs_historic_v7_compr/20201205_historic.tiff
Created /mnt/data1/UniBe-swiss-ndvi/data/tiffs_historic_v7_compr/20201205_historic_mask.tiff
Created /mnt/data1/UniBe-swiss-ndvi/data/tiffs_historic_v7_compr/20201206_historic.tiff
Created /mnt/data1/UniBe-swiss-ndvi/data/tiffs_historic_v7_compr/20201206_historic_mask.tiff
Created /mnt/data1/UniBe-swiss-ndvi/data/tiffs_historic_v7_compr/20201207_historic.tiff
Created /mnt/data1/UniBe-swiss-ndvi/data/tiffs_historic_v7_compr/20201207_historic_mask.tiff
Created /mnt/data1/UniBe-swiss-ndvi/data/tiffs_historic_v7_compr/20201208_historic.tiff
Created /mnt/data1/UniBe-swiss-ndvi/data/tiffs_historic_v7_compr/20201208_historic_mask.tiff
Created /mnt/data1/UniBe-swiss-ndvi/data/tiffs_historic_v7_compr/20201209_historic.tiff
Created /mnt/data1/UniBe-swiss-ndvi/data/tiffs_historic_v7_compr/20201209_historic_mask.tiff
Created /mnt/data1/UniBe-swiss-ndvi/data/tiffs_historic_v7_compr/20201210_historic.tiff
Created /mnt/data1/UniBe-swiss-ndvi/data/tiffs_historic_v7_compr/20201210_historic_mask.tiff
Created /mnt/data1/UniBe-swiss-ndvi/data/tiffs_historic_v7_compr/20201211_historic.tiff
Created /mnt/data1/UniBe-swiss-ndvi/data/tiffs_historic_v7_compr/20201211_historic_mask.tiff
Created /mnt/data1/UniBe-swiss-ndvi/data/tiffs_historic_v7_compr/20201212_historic.tiff
Created /mnt/data1/UniBe-swiss-ndvi/data/tiffs_historic_v7_compr/20201212_historic_mask.tiff
Created /mnt/data1/UniBe-swiss-ndvi/data/tiffs_historic_v7_compr/20201213_historic.tiff
Created /mnt/data1/UniBe-swiss-ndvi/data/tiffs_historic_v7_compr/20201213_historic_mask.tiff
Created /mnt/data1/UniBe-swiss-ndvi/data/tiffs_historic_v7_compr/20201214_historic.tiff
Created /mnt/data1/UniBe-swiss-ndvi/data/tiffs_historic_v7_compr/20201214_historic_mask.tiff
Created /mnt/data1/UniBe-swiss-ndvi/data/tiffs_historic_v7_compr/20201215_historic.tiff
Created /mnt/data1/UniBe-swiss-ndvi/data/tiffs_historic_v7_compr/20201215_historic_mask.tiff
Created /mnt/data1/UniBe-swiss-ndvi/data/tiffs_historic_v7_compr/20201216_historic.tiff
Created /mnt/data1/UniBe-swiss-ndvi/data/tiffs_historic_v7_compr/20201216_historic_mask.tiff
Created /mnt/data1/UniBe-swiss-ndvi/data/tiffs_historic_v7_compr/20201217_historic.tiff
Created /mnt/data1/UniBe-swiss-ndvi/data/tiffs_historic_v7_compr/20201217_historic_mask.tiff
Created /mnt/data1/UniBe-swiss-ndvi/data/tiffs_historic_v7_compr/20201218_historic.tiff
Created /mnt/data1/UniBe-swiss-ndvi/data/tiffs_historic_v7_compr/20201218_historic_mask.tiff
Created /mnt/data1/UniBe-swiss-ndvi/data/tiffs_historic_v7_compr/20201219_historic.tiff
Created /mnt/data1/UniBe-swiss-ndvi/data/tiffs_historic_v7_compr/20201219_historic_mask.tiff
Created /mnt/data1/UniBe-swiss-ndvi/data/tiffs_historic_v7_compr/20201220_historic.tiff
Created /mnt/data1/UniBe-swiss-ndvi/data/tiffs_historic_v7_compr/20201220_historic_mask.tiff
Created /mnt/data1/UniBe-swiss-ndvi/data/tiffs_historic_v7_compr/20201221_historic.tiff
Created /mnt/data1/UniBe-swiss-ndvi/data/tiffs_historic_v7_compr/20201221_historic_mask.tiff
Created /mnt/data1/UniBe-swiss-ndvi/data/tiffs_historic_v7_compr/20201222_historic.tiff
Created /mnt/data1/UniBe-swiss-ndvi/data/tiffs_historic_v7_compr/20201222_historic_mask.tiff
Created /mnt/data1/UniBe-swiss-ndvi/data/tiffs_historic_v7_compr/20201223_historic.tiff
Created /mnt/data1/UniBe-swiss-ndvi/data/tiffs_historic_v7_compr/20201223_historic_mask.tiff
Created /mnt/data1/UniBe-swiss-ndvi/data/tiffs_historic_v7_compr/20201224_historic.tiff
Created /mnt/data1/UniBe-swiss-ndvi/data/tiffs_historic_v7_compr/20201224_historic_mask.tiff
Created /mnt/data1/UniBe-swiss-ndvi/data/tiffs_historic_v7_compr/20201225_historic.tiff
Created /mnt/data1/UniBe-swiss-ndvi/data/tiffs_historic_v7_compr/20201225_historic_mask.tiff
Created /mnt/data1/UniBe-swiss-ndvi/data/tiffs_historic_v7_compr/20201226_historic.tiff
Created /mnt/data1/UniBe-swiss-ndvi/data/tiffs_historic_v7_compr/20201226_historic_mask.tiff
Created /mnt/data1/UniBe-swiss-ndvi/data/tiffs_historic_v7_compr/20201227_historic.tiff
Created /mnt/data1/UniBe-swiss-ndvi/data/tiffs_historic_v7_compr/20201227_historic_mask.tiff
Created /mnt/data1/UniBe-swiss-ndvi/data/tiffs_historic_v7_compr/20201228_historic.tiff
Created /mnt/data1/UniBe-swiss-ndvi/data/tiffs_historic_v7_compr/20201228_historic_mask.tiff
Created /mnt/data1/UniBe-swiss-ndvi/data/tiffs_historic_v7_compr/20201229_historic.tiff
Created /mnt/data1/UniBe-swiss-ndvi/data/tiffs_historic_v7_compr/20201229_historic_mask.tiff
Created /mnt/data1/UniBe-swiss-ndvi/data/tiffs_historic_v7_compr/20201230_historic.tiff
Created /mnt/data1/UniBe-swiss-ndvi/data/tiffs_historic_v7_compr/20201230_historic_mask.tiff
Created /mnt/data1/UniBe-swiss-ndvi/data/tiffs_historic_v7_compr/20201231_historic.tiff
Created /mnt/data1/UniBe-swiss-ndvi/data/tiffs_historic_v7_compr/20201231_historic_mask.tiff
Created /mnt/data1/UniBe-swiss-ndvi/data/tiffs_historic_v7_compr/20210101_historic.tiff
Created /mnt/data1/UniBe-swiss-ndvi/data/tiffs_historic_v7_compr/20210101_historic_mask.tiff
Created /mnt/data1/UniBe-swiss-ndvi/data/tiffs_historic_v7_compr/20210102_historic.tiff
Created /mnt/data1/UniBe-swiss-ndvi/data/tiffs_historic_v7_compr/20210102_historic_mask.tiff
Created /mnt/data1/UniBe-swiss-ndvi/data/tiffs_historic_v7_compr/20210103_historic.tiff
Created /mnt/data1/UniBe-swiss-ndvi/data/tiffs_historic_v7_compr/20210103_historic_mask.tiff
Created /mnt/data1/UniBe-swiss-ndvi/data/tiffs_historic_v7_compr/20210104_historic.tiff
Created /mnt/data1/UniBe-swiss-ndvi/data/tiffs_historic_v7_compr/20210104_historic_mask.tiff
Created /mnt/data1/UniBe-swiss-ndvi/data/tiffs_historic_v7_compr/20210105_historic.tiff
Created /mnt/data1/UniBe-swiss-ndvi/data/tiffs_historic_v7_compr/20210105_historic_mask.tiff
Created /mnt/data1/UniBe-swiss-ndvi/data/tiffs_historic_v7_compr/20210106_historic.tiff
Created /mnt/data1/UniBe-swiss-ndvi/data/tiffs_historic_v7_compr/20210106_historic_mask.tiff
Created /mnt/data1/UniBe-swiss-ndvi/data/tiffs_historic_v7_compr/20210107_historic.tiff
Created /mnt/data1/UniBe-swiss-ndvi/data/tiffs_historic_v7_compr/20210107_historic_mask.tiff
Created /mnt/data1/UniBe-swiss-ndvi/data/tiffs_historic_v7_compr/20210108_historic.tiff
Created /mnt/data1/UniBe-swiss-ndvi/data/tiffs_historic_v7_compr/20210108_historic_mask.tiff
Created /mnt/data1/UniBe-swiss-ndvi/data/tiffs_historic_v7_compr/20210109_historic.tiff
Created /mnt/data1/UniBe-swiss-ndvi/data/tiffs_historic_v7_compr/20210109_historic_mask.tiff
Created /mnt/data1/UniBe-swiss-ndvi/data/tiffs_historic_v7_compr/20210110_historic.tiff
Created /mnt/data1/UniBe-swiss-ndvi/data/tiffs_historic_v7_compr/20210110_historic_mask.tiff
Created /mnt/data1/UniBe-swiss-ndvi/data/tiffs_historic_v7_compr/20210111_historic.tiff
Created /mnt/data1/UniBe-swiss-ndvi/data/tiffs_historic_v7_compr/20210111_historic_mask.tiff
Created /mnt/data1/UniBe-swiss-ndvi/data/tiffs_historic_v7_compr/20210112_historic.tiff
Created /mnt/data1/UniBe-swiss-ndvi/data/tiffs_historic_v7_compr/20210112_historic_mask.tiff
Created /mnt/data1/UniBe-swiss-ndvi/data/tiffs_historic_v7_compr/20210113_historic.tiff
Created /mnt/data1/UniBe-swiss-ndvi/data/tiffs_historic_v7_compr/20210113_historic_mask.tiff
Created /mnt/data1/UniBe-swiss-ndvi/data/tiffs_historic_v7_compr/20210114_historic.tiff
Created /mnt/data1/UniBe-swiss-ndvi/data/tiffs_historic_v7_compr/20210114_historic_mask.tiff
Created /mnt/data1/UniBe-swiss-ndvi/data/tiffs_historic_v7_compr/20210115_historic.tiff
Created /mnt/data1/UniBe-swiss-ndvi/data/tiffs_historic_v7_compr/20210115_historic_mask.tiff
Created /mnt/data1/UniBe-swiss-ndvi/data/tiffs_historic_v7_compr/20210116_historic.tiff
Created /mnt/data1/UniBe-swiss-ndvi/data/tiffs_historic_v7_compr/20210116_historic_mask.tiff
Created /mnt/data1/UniBe-swiss-ndvi/data/tiffs_historic_v7_compr/20210117_historic.tiff
Created /mnt/data1/UniBe-swiss-ndvi/data/tiffs_historic_v7_compr/20210117_historic_mask.tiff
Created /mnt/data1/UniBe-swiss-ndvi/data/tiffs_historic_v7_compr/20210118_historic.tiff
Created /mnt/data1/UniBe-swiss-ndvi/data/tiffs_historic_v7_compr/20210118_historic_mask.tiff
Created /mnt/data1/UniBe-swiss-ndvi/data/tiffs_historic_v7_compr/20210119_historic.tiff
Created /mnt/data1/UniBe-swiss-ndvi/data/tiffs_historic_v7_compr/20210119_historic_mask.tiff
Created /mnt/data1/UniBe-swiss-ndvi/data/tiffs_historic_v7_compr/20210120_historic.tiff
Created /mnt/data1/UniBe-swiss-ndvi/data/tiffs_historic_v7_compr/20210120_historic_mask.tiff
Created /mnt/data1/UniBe-swiss-ndvi/data/tiffs_historic_v7_compr/20210121_historic.tiff
Created /mnt/data1/UniBe-swiss-ndvi/data/tiffs_historic_v7_compr/20210121_historic_mask.tiff
Created /mnt/data1/UniBe-swiss-ndvi/data/tiffs_historic_v7_compr/20210122_historic.tiff
Created /mnt/data1/UniBe-swiss-ndvi/data/tiffs_historic_v7_compr/20210122_historic_mask.tiff
Created /mnt/data1/UniBe-swiss-ndvi/data/tiffs_historic_v7_compr/20210123_historic.tiff
Created /mnt/data1/UniBe-swiss-ndvi/data/tiffs_historic_v7_compr/20210123_historic_mask.tiff
Created /mnt/data1/UniBe-swiss-ndvi/data/tiffs_historic_v7_compr/20210124_historic.tiff
Created /mnt/data1/UniBe-swiss-ndvi/data/tiffs_historic_v7_compr/20210124_historic_mask.tiff
Created /mnt/data1/UniBe-swiss-ndvi/data/tiffs_historic_v7_compr/20210125_historic.tiff
Created /mnt/data1/UniBe-swiss-ndvi/data/tiffs_historic_v7_compr/20210125_historic_mask.tiff
Created /mnt/data1/UniBe-swiss-ndvi/data/tiffs_historic_v7_compr/20210126_historic.tiff
Created /mnt/data1/UniBe-swiss-ndvi/data/tiffs_historic_v7_compr/20210126_historic_mask.tiff
Created /mnt/data1/UniBe-swiss-ndvi/data/tiffs_historic_v7_compr/20210127_historic.tiff
Created /mnt/data1/UniBe-swiss-ndvi/data/tiffs_historic_v7_compr/20210127_historic_mask.tiff
Created /mnt/data1/UniBe-swiss-ndvi/data/tiffs_historic_v7_compr/20210128_historic.tiff
Created /mnt/data1/UniBe-swiss-ndvi/data/tiffs_historic_v7_compr/20210128_historic_mask.tiff
Created /mnt/data1/UniBe-swiss-ndvi/data/tiffs_historic_v7_compr/20210129_historic.tiff
Created /mnt/data1/UniBe-swiss-ndvi/data/tiffs_historic_v7_compr/20210129_historic_mask.tiff
Created /mnt/data1/UniBe-swiss-ndvi/data/tiffs_historic_v7_compr/20210130_historic.tiff
Created /mnt/data1/UniBe-swiss-ndvi/data/tiffs_historic_v7_compr/20210130_historic_mask.tiff
Created /mnt/data1/UniBe-swiss-ndvi/data/tiffs_historic_v7_compr/20210131_historic.tiff
Created /mnt/data1/UniBe-swiss-ndvi/data/tiffs_historic_v7_compr/20210131_historic_mask.tiff
Created /mnt/data1/UniBe-swiss-ndvi/data/tiffs_historic_v7_compr/20210201_historic.tiff
Created /mnt/data1/UniBe-swiss-ndvi/data/tiffs_historic_v7_compr/20210201_historic_mask.tiff
Created /mnt/data1/UniBe-swiss-ndvi/data/tiffs_historic_v7_compr/20210202_historic.tiff
Created /mnt/data1/UniBe-swiss-ndvi/data/tiffs_historic_v7_compr/20210202_historic_mask.tiff
Created /mnt/data1/UniBe-swiss-ndvi/data/tiffs_historic_v7_compr/20210203_historic.tiff
Created /mnt/data1/UniBe-swiss-ndvi/data/tiffs_historic_v7_compr/20210203_historic_mask.tiff
Created /mnt/data1/UniBe-swiss-ndvi/data/tiffs_historic_v7_compr/20210204_historic.tiff
Created /mnt/data1/UniBe-swiss-ndvi/data/tiffs_historic_v7_compr/20210204_historic_mask.tiff
Created /mnt/data1/UniBe-swiss-ndvi/data/tiffs_historic_v7_compr/20210205_historic.tiff
Created /mnt/data1/UniBe-swiss-ndvi/data/tiffs_historic_v7_compr/20210205_historic_mask.tiff
Created /mnt/data1/UniBe-swiss-ndvi/data/tiffs_historic_v7_compr/20210206_historic.tiff
Created /mnt/data1/UniBe-swiss-ndvi/data/tiffs_historic_v7_compr/20210206_historic_mask.tiff
Created /mnt/data1/UniBe-swiss-ndvi/data/tiffs_historic_v7_compr/20210207_historic.tiff
Created /mnt/data1/UniBe-swiss-ndvi/data/tiffs_historic_v7_compr/20210207_historic_mask.tiff
Created /mnt/data1/UniBe-swiss-ndvi/data/tiffs_historic_v7_compr/20210208_historic.tiff
Created /mnt/data1/UniBe-swiss-ndvi/data/tiffs_historic_v7_compr/20210208_historic_mask.tiff
Created /mnt/data1/UniBe-swiss-ndvi/data/tiffs_historic_v7_compr/20210209_historic.tiff
Created /mnt/data1/UniBe-swiss-ndvi/data/tiffs_historic_v7_compr/20210209_historic_mask.tiff
Created /mnt/data1/UniBe-swiss-ndvi/data/tiffs_historic_v7_compr/20210210_historic.tiff
Created /mnt/data1/UniBe-swiss-ndvi/data/tiffs_historic_v7_compr/20210210_historic_mask.tiff
Created /mnt/data1/UniBe-swiss-ndvi/data/tiffs_historic_v7_compr/20210211_historic.tiff
Created /mnt/data1/UniBe-swiss-ndvi/data/tiffs_historic_v7_compr/20210211_historic_mask.tiff
Created /mnt/data1/UniBe-swiss-ndvi/data/tiffs_historic_v7_compr/20210212_historic.tiff
Created /mnt/data1/UniBe-swiss-ndvi/data/tiffs_historic_v7_compr/20210212_historic_mask.tiff
Created /mnt/data1/UniBe-swiss-ndvi/data/tiffs_historic_v7_compr/20210213_historic.tiff
Created /mnt/data1/UniBe-swiss-ndvi/data/tiffs_historic_v7_compr/20210213_historic_mask.tiff
Created /mnt/data1/UniBe-swiss-ndvi/data/tiffs_historic_v7_compr/20210214_historic.tiff
Created /mnt/data1/UniBe-swiss-ndvi/data/tiffs_historic_v7_compr/20210214_historic_mask.tiff
Created /mnt/data1/UniBe-swiss-ndvi/data/tiffs_historic_v7_compr/20210215_historic.tiff
Created /mnt/data1/UniBe-swiss-ndvi/data/tiffs_historic_v7_compr/20210215_historic_mask.tiff
Created /mnt/data1/UniBe-swiss-ndvi/data/tiffs_historic_v7_compr/20210216_historic.tiff
Created /mnt/data1/UniBe-swiss-ndvi/data/tiffs_historic_v7_compr/20210216_historic_mask.tiff
Created /mnt/data1/UniBe-swiss-ndvi/data/tiffs_historic_v7_compr/20210217_historic.tiff
Created /mnt/data1/UniBe-swiss-ndvi/data/tiffs_historic_v7_compr/20210217_historic_mask.tiff
Created /mnt/data1/UniBe-swiss-ndvi/data/tiffs_historic_v7_compr/20210218_historic.tiff
Created /mnt/data1/UniBe-swiss-ndvi/data/tiffs_historic_v7_compr/20210218_historic_mask.tiff
Created /mnt/data1/UniBe-swiss-ndvi/data/tiffs_historic_v7_compr/20210219_historic.tiff
Created /mnt/data1/UniBe-swiss-ndvi/data/tiffs_historic_v7_compr/20210219_historic_mask.tiff
Created /mnt/data1/UniBe-swiss-ndvi/data/tiffs_historic_v7_compr/20210220_historic.tiff
Created /mnt/data1/UniBe-swiss-ndvi/data/tiffs_historic_v7_compr/20210220_historic_mask.tiff
Created /mnt/data1/UniBe-swiss-ndvi/data/tiffs_historic_v7_compr/20210221_historic.tiff
Created /mnt/data1/UniBe-swiss-ndvi/data/tiffs_historic_v7_compr/20210221_historic_mask.tiff
Created /mnt/data1/UniBe-swiss-ndvi/data/tiffs_historic_v7_compr/20210222_historic.tiff
Created /mnt/data1/UniBe-swiss-ndvi/data/tiffs_historic_v7_compr/20210222_historic_mask.tiff
Created /mnt/data1/UniBe-swiss-ndvi/data/tiffs_historic_v7_compr/20210223_historic.tiff
Created /mnt/data1/UniBe-swiss-ndvi/data/tiffs_historic_v7_compr/20210223_historic_mask.tiff
Created /mnt/data1/UniBe-swiss-ndvi/data/tiffs_historic_v7_compr/20210224_historic.tiff
Created /mnt/data1/UniBe-swiss-ndvi/data/tiffs_historic_v7_compr/20210224_historic_mask.tiff
Created /mnt/data1/UniBe-swiss-ndvi/data/tiffs_historic_v7_compr/20210225_historic.tiff
Created /mnt/data1/UniBe-swiss-ndvi/data/tiffs_historic_v7_compr/20210225_historic_mask.tiff
Created /mnt/data1/UniBe-swiss-ndvi/data/tiffs_historic_v7_compr/20210226_historic.tiff
Created /mnt/data1/UniBe-swiss-ndvi/data/tiffs_historic_v7_compr/20210226_historic_mask.tiff
Created /mnt/data1/UniBe-swiss-ndvi/data/tiffs_historic_v7_compr/20210227_historic.tiff
Created /mnt/data1/UniBe-swiss-ndvi/data/tiffs_historic_v7_compr/20210227_historic_mask.tiff
Created /mnt/data1/UniBe-swiss-ndvi/data/tiffs_historic_v7_compr/20210228_historic.tiff
Created /mnt/data1/UniBe-swiss-ndvi/data/tiffs_historic_v7_compr/20210228_historic_mask.tiff
Created /mnt/data1/UniBe-swiss-ndvi/data/tiffs_historic_v7_compr/20210301_historic.tiff
Created /mnt/data1/UniBe-swiss-ndvi/data/tiffs_historic_v7_compr/20210301_historic_mask.tiff
Created /mnt/data1/UniBe-swiss-ndvi/data/tiffs_historic_v7_compr/20210302_historic.tiff
Created /mnt/data1/UniBe-swiss-ndvi/data/tiffs_historic_v7_compr/20210302_historic_mask.tiff
Created /mnt/data1/UniBe-swiss-ndvi/data/tiffs_historic_v7_compr/20210303_historic.tiff
Created /mnt/data1/UniBe-swiss-ndvi/data/tiffs_historic_v7_compr/20210303_historic_mask.tiff
Created /mnt/data1/UniBe-swiss-ndvi/data/tiffs_historic_v7_compr/20210304_historic.tiff
Created /mnt/data1/UniBe-swiss-ndvi/data/tiffs_historic_v7_compr/20210304_historic_mask.tiff
Created /mnt/data1/UniBe-swiss-ndvi/data/tiffs_historic_v7_compr/20210305_historic.tiff
Created /mnt/data1/UniBe-swiss-ndvi/data/tiffs_historic_v7_compr/20210305_historic_mask.tiff
Created /mnt/data1/UniBe-swiss-ndvi/data/tiffs_historic_v7_compr/20210306_historic.tiff
Created /mnt/data1/UniBe-swiss-ndvi/data/tiffs_historic_v7_compr/20210306_historic_mask.tiff
Created /mnt/data1/UniBe-swiss-ndvi/data/tiffs_historic_v7_compr/20210307_historic.tiff
Created /mnt/data1/UniBe-swiss-ndvi/data/tiffs_historic_v7_compr/20210307_historic_mask.tiff
Created /mnt/data1/UniBe-swiss-ndvi/data/tiffs_historic_v7_compr/20210308_historic.tiff
Created /mnt/data1/UniBe-swiss-ndvi/data/tiffs_historic_v7_compr/20210308_historic_mask.tiff
Created /mnt/data1/UniBe-swiss-ndvi/data/tiffs_historic_v7_compr/20210309_historic.tiff
Created /mnt/data1/UniBe-swiss-ndvi/data/tiffs_historic_v7_compr/20210309_historic_mask.tiff
Created /mnt/data1/UniBe-swiss-ndvi/data/tiffs_historic_v7_compr/20210310_historic.tiff
Created /mnt/data1/UniBe-swiss-ndvi/data/tiffs_historic_v7_compr/20210310_historic_mask.tiff
Created /mnt/data1/UniBe-swiss-ndvi/data/tiffs_historic_v7_compr/20210311_historic.tiff
Created /mnt/data1/UniBe-swiss-ndvi/data/tiffs_historic_v7_compr/20210311_historic_mask.tiff
Created /mnt/data1/UniBe-swiss-ndvi/data/tiffs_historic_v7_compr/20210312_historic.tiff
Created /mnt/data1/UniBe-swiss-ndvi/data/tiffs_historic_v7_compr/20210312_historic_mask.tiff
Created /mnt/data1/UniBe-swiss-ndvi/data/tiffs_historic_v7_compr/20210313_historic.tiff
Created /mnt/data1/UniBe-swiss-ndvi/data/tiffs_historic_v7_compr/20210313_historic_mask.tiff
Created /mnt/data1/UniBe-swiss-ndvi/data/tiffs_historic_v7_compr/20210314_historic.tiff
Created /mnt/data1/UniBe-swiss-ndvi/data/tiffs_historic_v7_compr/20210314_historic_mask.tiff
Created /mnt/data1/UniBe-swiss-ndvi/data/tiffs_historic_v7_compr/20210315_historic.tiff
Created /mnt/data1/UniBe-swiss-ndvi/data/tiffs_historic_v7_compr/20210315_historic_mask.tiff
Created /mnt/data1/UniBe-swiss-ndvi/data/tiffs_historic_v7_compr/20210316_historic.tiff
Created /mnt/data1/UniBe-swiss-ndvi/data/tiffs_historic_v7_compr/20210316_historic_mask.tiff
Created /mnt/data1/UniBe-swiss-ndvi/data/tiffs_historic_v7_compr/20210317_historic.tiff
Created /mnt/data1/UniBe-swiss-ndvi/data/tiffs_historic_v7_compr/20210317_historic_mask.tiff
Created /mnt/data1/UniBe-swiss-ndvi/data/tiffs_historic_v7_compr/20210318_historic.tiff
Created /mnt/data1/UniBe-swiss-ndvi/data/tiffs_historic_v7_compr/20210318_historic_mask.tiff
Created /mnt/data1/UniBe-swiss-ndvi/data/tiffs_historic_v7_compr/20210319_historic.tiff
Created /mnt/data1/UniBe-swiss-ndvi/data/tiffs_historic_v7_compr/20210319_historic_mask.tiff
Created /mnt/data1/UniBe-swiss-ndvi/data/tiffs_historic_v7_compr/20210320_historic.tiff
Created /mnt/data1/UniBe-swiss-ndvi/data/tiffs_historic_v7_compr/20210320_historic_mask.tiff
Created /mnt/data1/UniBe-swiss-ndvi/data/tiffs_historic_v7_compr/20210321_historic.tiff
Created /mnt/data1/UniBe-swiss-ndvi/data/tiffs_historic_v7_compr/20210321_historic_mask.tiff
Created /mnt/data1/UniBe-swiss-ndvi/data/tiffs_historic_v7_compr/20210322_historic.tiff
Created /mnt/data1/UniBe-swiss-ndvi/data/tiffs_historic_v7_compr/20210322_historic_mask.tiff
Created /mnt/data1/UniBe-swiss-ndvi/data/tiffs_historic_v7_compr/20210323_historic.tiff
Created /mnt/data1/UniBe-swiss-ndvi/data/tiffs_historic_v7_compr/20210323_historic_mask.tiff
Created /mnt/data1/UniBe-swiss-ndvi/data/tiffs_historic_v7_compr/20210324_historic.tiff
Created /mnt/data1/UniBe-swiss-ndvi/data/tiffs_historic_v7_compr/20210324_historic_mask.tiff
Created /mnt/data1/UniBe-swiss-ndvi/data/tiffs_historic_v7_compr/20210325_historic.tiff
Created /mnt/data1/UniBe-swiss-ndvi/data/tiffs_historic_v7_compr/20210325_historic_mask.tiff
Created /mnt/data1/UniBe-swiss-ndvi/data/tiffs_historic_v7_compr/20210326_historic.tiff
Created /mnt/data1/UniBe-swiss-ndvi/data/tiffs_historic_v7_compr/20210326_historic_mask.tiff
Created /mnt/data1/UniBe-swiss-ndvi/data/tiffs_historic_v7_compr/20210327_historic.tiff
Created /mnt/data1/UniBe-swiss-ndvi/data/tiffs_historic_v7_compr/20210327_historic_mask.tiff
Created /mnt/data1/UniBe-swiss-ndvi/data/tiffs_historic_v7_compr/20210328_historic.tiff
Created /mnt/data1/UniBe-swiss-ndvi/data/tiffs_historic_v7_compr/20210328_historic_mask.tiff
Created /mnt/data1/UniBe-swiss-ndvi/data/tiffs_historic_v7_compr/20210329_historic.tiff
Created /mnt/data1/UniBe-swiss-ndvi/data/tiffs_historic_v7_compr/20210329_historic_mask.tiff
Created /mnt/data1/UniBe-swiss-ndvi/data/tiffs_historic_v7_compr/20210330_historic.tiff
Created /mnt/data1/UniBe-swiss-ndvi/data/tiffs_historic_v7_compr/20210330_historic_mask.tiff
Created /mnt/data1/UniBe-swiss-ndvi/data/tiffs_historic_v7_compr/20210331_historic.tiff
Created /mnt/data1/UniBe-swiss-ndvi/data/tiffs_historic_v7_compr/20210331_historic_mask.tiff
Created /mnt/data1/UniBe-swiss-ndvi/data/tiffs_historic_v7_compr/20210401_historic.tiff
Created /mnt/data1/UniBe-swiss-ndvi/data/tiffs_historic_v7_compr/20210401_historic_mask.tiff
Created /mnt/data1/UniBe-swiss-ndvi/data/tiffs_historic_v7_compr/20210402_historic.tiff
Created /mnt/data1/UniBe-swiss-ndvi/data/tiffs_historic_v7_compr/20210402_historic_mask.tiff
Created /mnt/data1/UniBe-swiss-ndvi/data/tiffs_historic_v7_compr/20210403_historic.tiff
Created /mnt/data1/UniBe-swiss-ndvi/data/tiffs_historic_v7_compr/20210403_historic_mask.tiff
Created /mnt/data1/UniBe-swiss-ndvi/data/tiffs_historic_v7_compr/20210404_historic.tiff
Created /mnt/data1/UniBe-swiss-ndvi/data/tiffs_historic_v7_compr/20210404_historic_mask.tiff
Created /mnt/data1/UniBe-swiss-ndvi/data/tiffs_historic_v7_compr/20210405_historic.tiff
Created /mnt/data1/UniBe-swiss-ndvi/data/tiffs_historic_v7_compr/20210405_historic_mask.tiff
Created /mnt/data1/UniBe-swiss-ndvi/data/tiffs_historic_v7_compr/20210406_historic.tiff
Created /mnt/data1/UniBe-swiss-ndvi/data/tiffs_historic_v7_compr/20210406_historic_mask.tiff
Created /mnt/data1/UniBe-swiss-ndvi/data/tiffs_historic_v7_compr/20210407_historic.tiff
Created /mnt/data1/UniBe-swiss-ndvi/data/tiffs_historic_v7_compr/20210407_historic_mask.tiff
Created /mnt/data1/UniBe-swiss-ndvi/data/tiffs_historic_v7_compr/20210408_historic.tiff
Created /mnt/data1/UniBe-swiss-ndvi/data/tiffs_historic_v7_compr/20210408_historic_mask.tiff
Created /mnt/data1/UniBe-swiss-ndvi/data/tiffs_historic_v7_compr/20210409_historic.tiff
Created /mnt/data1/UniBe-swiss-ndvi/data/tiffs_historic_v7_compr/20210409_historic_mask.tiff
Created /mnt/data1/UniBe-swiss-ndvi/data/tiffs_historic_v7_compr/20210410_historic.tiff
Created /mnt/data1/UniBe-swiss-ndvi/data/tiffs_historic_v7_compr/20210410_historic_mask.tiff
Created /mnt/data1/UniBe-swiss-ndvi/data/tiffs_historic_v7_compr/20210411_historic.tiff
Created /mnt/data1/UniBe-swiss-ndvi/data/tiffs_historic_v7_compr/20210411_historic_mask.tiff
Created /mnt/data1/UniBe-swiss-ndvi/data/tiffs_historic_v7_compr/20210412_historic.tiff
Created /mnt/data1/UniBe-swiss-ndvi/data/tiffs_historic_v7_compr/20210412_historic_mask.tiff
Created /mnt/data1/UniBe-swiss-ndvi/data/tiffs_historic_v7_compr/20210413_historic.tiff
Created /mnt/data1/UniBe-swiss-ndvi/data/tiffs_historic_v7_compr/20210413_historic_mask.tiff
Created /mnt/data1/UniBe-swiss-ndvi/data/tiffs_historic_v7_compr/20210414_historic.tiff
Created /mnt/data1/UniBe-swiss-ndvi/data/tiffs_historic_v7_compr/20210414_historic_mask.tiff
Created /mnt/data1/UniBe-swiss-ndvi/data/tiffs_historic_v7_compr/20210415_historic.tiff
Created /mnt/data1/UniBe-swiss-ndvi/data/tiffs_historic_v7_compr/20210415_historic_mask.tiff
Created /mnt/data1/UniBe-swiss-ndvi/data/tiffs_historic_v7_compr/20210416_historic.tiff
Created /mnt/data1/UniBe-swiss-ndvi/data/tiffs_historic_v7_compr/20210416_historic_mask.tiff
Created /mnt/data1/UniBe-swiss-ndvi/data/tiffs_historic_v7_compr/20210417_historic.tiff
Created /mnt/data1/UniBe-swiss-ndvi/data/tiffs_historic_v7_compr/20210417_historic_mask.tiff
Created /mnt/data1/UniBe-swiss-ndvi/data/tiffs_historic_v7_compr/20210418_historic.tiff
Created /mnt/data1/UniBe-swiss-ndvi/data/tiffs_historic_v7_compr/20210418_historic_mask.tiff
Created /mnt/data1/UniBe-swiss-ndvi/data/tiffs_historic_v7_compr/20210419_historic.tiff
Created /mnt/data1/UniBe-swiss-ndvi/data/tiffs_historic_v7_compr/20210419_historic_mask.tiff
Created /mnt/data1/UniBe-swiss-ndvi/data/tiffs_historic_v7_compr/20210420_historic.tiff
Created /mnt/data1/UniBe-swiss-ndvi/data/tiffs_historic_v7_compr/20210420_historic_mask.tiff
Created /mnt/data1/UniBe-swiss-ndvi/data/tiffs_historic_v7_compr/20210421_historic.tiff
Created /mnt/data1/UniBe-swiss-ndvi/data/tiffs_historic_v7_compr/20210421_historic_mask.tiff
Created /mnt/data1/UniBe-swiss-ndvi/data/tiffs_historic_v7_compr/20210422_historic.tiff
Created /mnt/data1/UniBe-swiss-ndvi/data/tiffs_historic_v7_compr/20210422_historic_mask.tiff
Created /mnt/data1/UniBe-swiss-ndvi/data/tiffs_historic_v7_compr/20210423_historic.tiff
Created /mnt/data1/UniBe-swiss-ndvi/data/tiffs_historic_v7_compr/20210423_historic_mask.tiff
Created /mnt/data1/UniBe-swiss-ndvi/data/tiffs_historic_v7_compr/20210424_historic.tiff
Created /mnt/data1/UniBe-swiss-ndvi/data/tiffs_historic_v7_compr/20210424_historic_mask.tiff
Created /mnt/data1/UniBe-swiss-ndvi/data/tiffs_historic_v7_compr/20210425_historic.tiff
Created /mnt/data1/UniBe-swiss-ndvi/data/tiffs_historic_v7_compr/20210425_historic_mask.tiff
Created /mnt/data1/UniBe-swiss-ndvi/data/tiffs_historic_v7_compr/20210426_historic.tiff
Created /mnt/data1/UniBe-swiss-ndvi/data/tiffs_historic_v7_compr/20210426_historic_mask.tiff
Created /mnt/data1/UniBe-swiss-ndvi/data/tiffs_historic_v7_compr/20210427_historic.tiff
Created /mnt/data1/UniBe-swiss-ndvi/data/tiffs_historic_v7_compr/20210427_historic_mask.tiff
Created /mnt/data1/UniBe-swiss-ndvi/data/tiffs_historic_v7_compr/20210428_historic.tiff
Created /mnt/data1/UniBe-swiss-ndvi/data/tiffs_historic_v7_compr/20210428_historic_mask.tiff
Created /mnt/data1/UniBe-swiss-ndvi/data/tiffs_historic_v7_compr/20210429_historic.tiff
Created /mnt/data1/UniBe-swiss-ndvi/data/tiffs_historic_v7_compr/20210429_historic_mask.tiff
Created /mnt/data1/UniBe-swiss-ndvi/data/tiffs_historic_v7_compr/20210430_historic.tiff
Created /mnt/data1/UniBe-swiss-ndvi/data/tiffs_historic_v7_compr/20210430_historic_mask.tiff
Created /mnt/data1/UniBe-swiss-ndvi/data/tiffs_historic_v7_compr/20210501_historic.tiff
Created /mnt/data1/UniBe-swiss-ndvi/data/tiffs_historic_v7_compr/20210501_historic_mask.tiff
Created /mnt/data1/UniBe-swiss-ndvi/data/tiffs_historic_v7_compr/20210502_historic.tiff
Created /mnt/data1/UniBe-swiss-ndvi/data/tiffs_historic_v7_compr/20210502_historic_mask.tiff
Created /mnt/data1/UniBe-swiss-ndvi/data/tiffs_historic_v7_compr/20210503_historic.tiff
Created /mnt/data1/UniBe-swiss-ndvi/data/tiffs_historic_v7_compr/20210503_historic_mask.tiff
Created /mnt/data1/UniBe-swiss-ndvi/data/tiffs_historic_v7_compr/20210504_historic.tiff
Created /mnt/data1/UniBe-swiss-ndvi/data/tiffs_historic_v7_compr/20210504_historic_mask.tiff
Created /mnt/data1/UniBe-swiss-ndvi/data/tiffs_historic_v7_compr/20210505_historic.tiff
Created /mnt/data1/UniBe-swiss-ndvi/data/tiffs_historic_v7_compr/20210505_historic_mask.tiff
Created /mnt/data1/UniBe-swiss-ndvi/data/tiffs_historic_v7_compr/20210506_historic.tiff
Created /mnt/data1/UniBe-swiss-ndvi/data/tiffs_historic_v7_compr/20210506_historic_mask.tiff
Created /mnt/data1/UniBe-swiss-ndvi/data/tiffs_historic_v7_compr/20210507_historic.tiff
Created /mnt/data1/UniBe-swiss-ndvi/data/tiffs_historic_v7_compr/20210507_historic_mask.tiff
Created /mnt/data1/UniBe-swiss-ndvi/data/tiffs_historic_v7_compr/20210508_historic.tiff
Created /mnt/data1/UniBe-swiss-ndvi/data/tiffs_historic_v7_compr/20210508_historic_mask.tiff
Created /mnt/data1/UniBe-swiss-ndvi/data/tiffs_historic_v7_compr/20210509_historic.tiff
Created /mnt/data1/UniBe-swiss-ndvi/data/tiffs_historic_v7_compr/20210509_historic_mask.tiff
Created /mnt/data1/UniBe-swiss-ndvi/data/tiffs_historic_v7_compr/20210510_historic.tiff
Created /mnt/data1/UniBe-swiss-ndvi/data/tiffs_historic_v7_compr/20210510_historic_mask.tiff
Created /mnt/data1/UniBe-swiss-ndvi/data/tiffs_historic_v7_compr/20210511_historic.tiff
Created /mnt/data1/UniBe-swiss-ndvi/data/tiffs_historic_v7_compr/20210511_historic_mask.tiff
Created /mnt/data1/UniBe-swiss-ndvi/data/tiffs_historic_v7_compr/20210512_historic.tiff
Created /mnt/data1/UniBe-swiss-ndvi/data/tiffs_historic_v7_compr/20210512_historic_mask.tiff
Created /mnt/data1/UniBe-swiss-ndvi/data/tiffs_historic_v7_compr/20210513_historic.tiff
Created /mnt/data1/UniBe-swiss-ndvi/data/tiffs_historic_v7_compr/20210513_historic_mask.tiff
Created /mnt/data1/UniBe-swiss-ndvi/data/tiffs_historic_v7_compr/20210514_historic.tiff
Created /mnt/data1/UniBe-swiss-ndvi/data/tiffs_historic_v7_compr/20210514_historic_mask.tiff
Created /mnt/data1/UniBe-swiss-ndvi/data/tiffs_historic_v7_compr/20210515_historic.tiff
Created /mnt/data1/UniBe-swiss-ndvi/data/tiffs_historic_v7_compr/20210515_historic_mask.tiff
Created /mnt/data1/UniBe-swiss-ndvi/data/tiffs_historic_v7_compr/20210516_historic.tiff
Created /mnt/data1/UniBe-swiss-ndvi/data/tiffs_historic_v7_compr/20210516_historic_mask.tiff
Created /mnt/data1/UniBe-swiss-ndvi/data/tiffs_historic_v7_compr/20210517_historic.tiff
Created /mnt/data1/UniBe-swiss-ndvi/data/tiffs_historic_v7_compr/20210517_historic_mask.tiff
Created /mnt/data1/UniBe-swiss-ndvi/data/tiffs_historic_v7_compr/20210518_historic.tiff
Created /mnt/data1/UniBe-swiss-ndvi/data/tiffs_historic_v7_compr/20210518_historic_mask.tiff
Created /mnt/data1/UniBe-swiss-ndvi/data/tiffs_historic_v7_compr/20210519_historic.tiff
Created /mnt/data1/UniBe-swiss-ndvi/data/tiffs_historic_v7_compr/20210519_historic_mask.tiff
Created /mnt/data1/UniBe-swiss-ndvi/data/tiffs_historic_v7_compr/20210520_historic.tiff
Created /mnt/data1/UniBe-swiss-ndvi/data/tiffs_historic_v7_compr/20210520_historic_mask.tiff
Created /mnt/data1/UniBe-swiss-ndvi/data/tiffs_historic_v7_compr/20210521_historic.tiff
Created /mnt/data1/UniBe-swiss-ndvi/data/tiffs_historic_v7_compr/20210521_historic_mask.tiff
Created /mnt/data1/UniBe-swiss-ndvi/data/tiffs_historic_v7_compr/20210522_historic.tiff
Created /mnt/data1/UniBe-swiss-ndvi/data/tiffs_historic_v7_compr/20210522_historic_mask.tiff
Created /mnt/data1/UniBe-swiss-ndvi/data/tiffs_historic_v7_compr/20210523_historic.tiff
Created /mnt/data1/UniBe-swiss-ndvi/data/tiffs_historic_v7_compr/20210523_historic_mask.tiff
Created /mnt/data1/UniBe-swiss-ndvi/data/tiffs_historic_v7_compr/20210524_historic.tiff
Created /mnt/data1/UniBe-swiss-ndvi/data/tiffs_historic_v7_compr/20210524_historic_mask.tiff
Created /mnt/data1/UniBe-swiss-ndvi/data/tiffs_historic_v7_compr/20210525_historic.tiff
Created /mnt/data1/UniBe-swiss-ndvi/data/tiffs_historic_v7_compr/20210525_historic_mask.tiff
Created /mnt/data1/UniBe-swiss-ndvi/data/tiffs_historic_v7_compr/20210526_historic.tiff
Created /mnt/data1/UniBe-swiss-ndvi/data/tiffs_historic_v7_compr/20210526_historic_mask.tiff
Created /mnt/data1/UniBe-swiss-ndvi/data/tiffs_historic_v7_compr/20210527_historic.tiff
Created /mnt/data1/UniBe-swiss-ndvi/data/tiffs_historic_v7_compr/20210527_historic_mask.tiff
Created /mnt/data1/UniBe-swiss-ndvi/data/tiffs_historic_v7_compr/20210528_historic.tiff
Created /mnt/data1/UniBe-swiss-ndvi/data/tiffs_historic_v7_compr/20210528_historic_mask.tiff
Created /mnt/data1/UniBe-swiss-ndvi/data/tiffs_historic_v7_compr/20210529_historic.tiff
Created /mnt/data1/UniBe-swiss-ndvi/data/tiffs_historic_v7_compr/20210529_historic_mask.tiff
Created /mnt/data1/UniBe-swiss-ndvi/data/tiffs_historic_v7_compr/20210530_historic.tiff
Created /mnt/data1/UniBe-swiss-ndvi/data/tiffs_historic_v7_compr/20210530_historic_mask.tiff
Created /mnt/data1/UniBe-swiss-ndvi/data/tiffs_historic_v7_compr/20210531_historic.tiff
Created /mnt/data1/UniBe-swiss-ndvi/data/tiffs_historic_v7_compr/20210531_historic_mask.tiff
Created /mnt/data1/UniBe-swiss-ndvi/data/tiffs_historic_v7_compr/20210601_historic.tiff
Created /mnt/data1/UniBe-swiss-ndvi/data/tiffs_historic_v7_compr/20210601_historic_mask.tiff
Created /mnt/data1/UniBe-swiss-ndvi/data/tiffs_historic_v7_compr/20210602_historic.tiff
Created /mnt/data1/UniBe-swiss-ndvi/data/tiffs_historic_v7_compr/20210602_historic_mask.tiff
Created /mnt/data1/UniBe-swiss-ndvi/data/tiffs_historic_v7_compr/20210603_historic.tiff
Created /mnt/data1/UniBe-swiss-ndvi/data/tiffs_historic_v7_compr/20210603_historic_mask.tiff
Created /mnt/data1/UniBe-swiss-ndvi/data/tiffs_historic_v7_compr/20210604_historic.tiff
Created /mnt/data1/UniBe-swiss-ndvi/data/tiffs_historic_v7_compr/20210604_historic_mask.tiff
Created /mnt/data1/UniBe-swiss-ndvi/data/tiffs_historic_v7_compr/20210605_historic.tiff
Created /mnt/data1/UniBe-swiss-ndvi/data/tiffs_historic_v7_compr/20210605_historic_mask.tiff
Created /mnt/data1/UniBe-swiss-ndvi/data/tiffs_historic_v7_compr/20210606_historic.tiff
Created /mnt/data1/UniBe-swiss-ndvi/data/tiffs_historic_v7_compr/20210606_historic_mask.tiff
Created /mnt/data1/UniBe-swiss-ndvi/data/tiffs_historic_v7_compr/20210607_historic.tiff
Created /mnt/data1/UniBe-swiss-ndvi/data/tiffs_historic_v7_compr/20210607_historic_mask.tiff
Created /mnt/data1/UniBe-swiss-ndvi/data/tiffs_historic_v7_compr/20210608_historic.tiff
Created /mnt/data1/UniBe-swiss-ndvi/data/tiffs_historic_v7_compr/20210608_historic_mask.tiff
Created /mnt/data1/UniBe-swiss-ndvi/data/tiffs_historic_v7_compr/20210609_historic.tiff
Created /mnt/data1/UniBe-swiss-ndvi/data/tiffs_historic_v7_compr/20210609_historic_mask.tiff
Created /mnt/data1/UniBe-swiss-ndvi/data/tiffs_historic_v7_compr/20210610_historic.tiff
Created /mnt/data1/UniBe-swiss-ndvi/data/tiffs_historic_v7_compr/20210610_historic_mask.tiff
Created /mnt/data1/UniBe-swiss-ndvi/data/tiffs_historic_v7_compr/20210611_historic.tiff
Created /mnt/data1/UniBe-swiss-ndvi/data/tiffs_historic_v7_compr/20210611_historic_mask.tiff
Created /mnt/data1/UniBe-swiss-ndvi/data/tiffs_historic_v7_compr/20210612_historic.tiff
Created /mnt/data1/UniBe-swiss-ndvi/data/tiffs_historic_v7_compr/20210612_historic_mask.tiff
Created /mnt/data1/UniBe-swiss-ndvi/data/tiffs_historic_v7_compr/20210613_historic.tiff
Created /mnt/data1/UniBe-swiss-ndvi/data/tiffs_historic_v7_compr/20210613_historic_mask.tiff
Created /mnt/data1/UniBe-swiss-ndvi/data/tiffs_historic_v7_compr/20210614_historic.tiff
Created /mnt/data1/UniBe-swiss-ndvi/data/tiffs_historic_v7_compr/20210614_historic_mask.tiff
Created /mnt/data1/UniBe-swiss-ndvi/data/tiffs_historic_v7_compr/20210615_historic.tiff
Created /mnt/data1/UniBe-swiss-ndvi/data/tiffs_historic_v7_compr/20210615_historic_mask.tiff
Created /mnt/data1/UniBe-swiss-ndvi/data/tiffs_historic_v7_compr/20210616_historic.tiff
Created /mnt/data1/UniBe-swiss-ndvi/data/tiffs_historic_v7_compr/20210616_historic_mask.tiff
Created /mnt/data1/UniBe-swiss-ndvi/data/tiffs_historic_v7_compr/20210617_historic.tiff
Created /mnt/data1/UniBe-swiss-ndvi/data/tiffs_historic_v7_compr/20210617_historic_mask.tiff
Created /mnt/data1/UniBe-swiss-ndvi/data/tiffs_historic_v7_compr/20210618_historic.tiff
Created /mnt/data1/UniBe-swiss-ndvi/data/tiffs_historic_v7_compr/20210618_historic_mask.tiff
Created /mnt/data1/UniBe-swiss-ndvi/data/tiffs_historic_v7_compr/20210619_historic.tiff
Created /mnt/data1/UniBe-swiss-ndvi/data/tiffs_historic_v7_compr/20210619_historic_mask.tiff
Created /mnt/data1/UniBe-swiss-ndvi/data/tiffs_historic_v7_compr/20210620_historic.tiff
Created /mnt/data1/UniBe-swiss-ndvi/data/tiffs_historic_v7_compr/20210620_historic_mask.tiff
Created /mnt/data1/UniBe-swiss-ndvi/data/tiffs_historic_v7_compr/20210621_historic.tiff
Created /mnt/data1/UniBe-swiss-ndvi/data/tiffs_historic_v7_compr/20210621_historic_mask.tiff
Created /mnt/data1/UniBe-swiss-ndvi/data/tiffs_historic_v7_compr/20210622_historic.tiff
Created /mnt/data1/UniBe-swiss-ndvi/data/tiffs_historic_v7_compr/20210622_historic_mask.tiff
Created /mnt/data1/UniBe-swiss-ndvi/data/tiffs_historic_v7_compr/20210623_historic.tiff
Created /mnt/data1/UniBe-swiss-ndvi/data/tiffs_historic_v7_compr/20210623_historic_mask.tiff
Created /mnt/data1/UniBe-swiss-ndvi/data/tiffs_historic_v7_compr/20210624_historic.tiff
Created /mnt/data1/UniBe-swiss-ndvi/data/tiffs_historic_v7_compr/20210624_historic_mask.tiff
Created /mnt/data1/UniBe-swiss-ndvi/data/tiffs_historic_v7_compr/20210625_historic.tiff
Created /mnt/data1/UniBe-swiss-ndvi/data/tiffs_historic_v7_compr/20210625_historic_mask.tiff
Created /mnt/data1/UniBe-swiss-ndvi/data/tiffs_historic_v7_compr/20210626_historic.tiff
Created /mnt/data1/UniBe-swiss-ndvi/data/tiffs_historic_v7_compr/20210626_historic_mask.tiff
Created /mnt/data1/UniBe-swiss-ndvi/data/tiffs_historic_v7_compr/20210627_historic.tiff
Created /mnt/data1/UniBe-swiss-ndvi/data/tiffs_historic_v7_compr/20210627_historic_mask.tiff
Created /mnt/data1/UniBe-swiss-ndvi/data/tiffs_historic_v7_compr/20210628_historic.tiff
Created /mnt/data1/UniBe-swiss-ndvi/data/tiffs_historic_v7_compr/20210628_historic_mask.tiff
Created /mnt/data1/UniBe-swiss-ndvi/data/tiffs_historic_v7_compr/20210629_historic.tiff
Created /mnt/data1/UniBe-swiss-ndvi/data/tiffs_historic_v7_compr/20210629_historic_mask.tiff
Created /mnt/data1/UniBe-swiss-ndvi/data/tiffs_historic_v7_compr/20210630_historic.tiff
Created /mnt/data1/UniBe-swiss-ndvi/data/tiffs_historic_v7_compr/20210630_historic_mask.tiff
Created /mnt/data1/UniBe-swiss-ndvi/data/tiffs_historic_v7_compr/20210701_historic.tiff
Created /mnt/data1/UniBe-swiss-ndvi/data/tiffs_historic_v7_compr/20210701_historic_mask.tiff
Created /mnt/data1/UniBe-swiss-ndvi/data/tiffs_historic_v7_compr/20210702_historic.tiff
Created /mnt/data1/UniBe-swiss-ndvi/data/tiffs_historic_v7_compr/20210702_historic_mask.tiff
Created /mnt/data1/UniBe-swiss-ndvi/data/tiffs_historic_v7_compr/20210703_historic.tiff
Created /mnt/data1/UniBe-swiss-ndvi/data/tiffs_historic_v7_compr/20210703_historic_mask.tiff
Created /mnt/data1/UniBe-swiss-ndvi/data/tiffs_historic_v7_compr/20210704_historic.tiff
Created /mnt/data1/UniBe-swiss-ndvi/data/tiffs_historic_v7_compr/20210704_historic_mask.tiff
Created /mnt/data1/UniBe-swiss-ndvi/data/tiffs_historic_v7_compr/20210705_historic.tiff
Created /mnt/data1/UniBe-swiss-ndvi/data/tiffs_historic_v7_compr/20210705_historic_mask.tiff
Created /mnt/data1/UniBe-swiss-ndvi/data/tiffs_historic_v7_compr/20210706_historic.tiff
Created /mnt/data1/UniBe-swiss-ndvi/data/tiffs_historic_v7_compr/20210706_historic_mask.tiff
Created /mnt/data1/UniBe-swiss-ndvi/data/tiffs_historic_v7_compr/20210707_historic.tiff
Created /mnt/data1/UniBe-swiss-ndvi/data/tiffs_historic_v7_compr/20210707_historic_mask.tiff
Created /mnt/data1/UniBe-swiss-ndvi/data/tiffs_historic_v7_compr/20210708_historic.tiff
Created /mnt/data1/UniBe-swiss-ndvi/data/tiffs_historic_v7_compr/20210708_historic_mask.tiff
Created /mnt/data1/UniBe-swiss-ndvi/data/tiffs_historic_v7_compr/20210709_historic.tiff
Created /mnt/data1/UniBe-swiss-ndvi/data/tiffs_historic_v7_compr/20210709_historic_mask.tiff
Created /mnt/data1/UniBe-swiss-ndvi/data/tiffs_historic_v7_compr/20210710_historic.tiff
Created /mnt/data1/UniBe-swiss-ndvi/data/tiffs_historic_v7_compr/20210710_historic_mask.tiff
Created /mnt/data1/UniBe-swiss-ndvi/data/tiffs_historic_v7_compr/20210711_historic.tiff
Created /mnt/data1/UniBe-swiss-ndvi/data/tiffs_historic_v7_compr/20210711_historic_mask.tiff
Created /mnt/data1/UniBe-swiss-ndvi/data/tiffs_historic_v7_compr/20210712_historic.tiff
Created /mnt/data1/UniBe-swiss-ndvi/data/tiffs_historic_v7_compr/20210712_historic_mask.tiff
Created /mnt/data1/UniBe-swiss-ndvi/data/tiffs_historic_v7_compr/20210713_historic.tiff
Created /mnt/data1/UniBe-swiss-ndvi/data/tiffs_historic_v7_compr/20210713_historic_mask.tiff
Created /mnt/data1/UniBe-swiss-ndvi/data/tiffs_historic_v7_compr/20210714_historic.tiff
Created /mnt/data1/UniBe-swiss-ndvi/data/tiffs_historic_v7_compr/20210714_historic_mask.tiff
Created /mnt/data1/UniBe-swiss-ndvi/data/tiffs_historic_v7_compr/20210715_historic.tiff
Created /mnt/data1/UniBe-swiss-ndvi/data/tiffs_historic_v7_compr/20210715_historic_mask.tiff
Created /mnt/data1/UniBe-swiss-ndvi/data/tiffs_historic_v7_compr/20210716_historic.tiff
Created /mnt/data1/UniBe-swiss-ndvi/data/tiffs_historic_v7_compr/20210716_historic_mask.tiff
Created /mnt/data1/UniBe-swiss-ndvi/data/tiffs_historic_v7_compr/20210717_historic.tiff
Created /mnt/data1/UniBe-swiss-ndvi/data/tiffs_historic_v7_compr/20210717_historic_mask.tiff
Created /mnt/data1/UniBe-swiss-ndvi/data/tiffs_historic_v7_compr/20210718_historic.tiff
Created /mnt/data1/UniBe-swiss-ndvi/data/tiffs_historic_v7_compr/20210718_historic_mask.tiff
Created /mnt/data1/UniBe-swiss-ndvi/data/tiffs_historic_v7_compr/20210719_historic.tiff
Created /mnt/data1/UniBe-swiss-ndvi/data/tiffs_historic_v7_compr/20210719_historic_mask.tiff
Created /mnt/data1/UniBe-swiss-ndvi/data/tiffs_historic_v7_compr/20210720_historic.tiff
Created /mnt/data1/UniBe-swiss-ndvi/data/tiffs_historic_v7_compr/20210720_historic_mask.tiff
Created /mnt/data1/UniBe-swiss-ndvi/data/tiffs_historic_v7_compr/20210721_historic.tiff
Created /mnt/data1/UniBe-swiss-ndvi/data/tiffs_historic_v7_compr/20210721_historic_mask.tiff
Created /mnt/data1/UniBe-swiss-ndvi/data/tiffs_historic_v7_compr/20210722_historic.tiff
Created /mnt/data1/UniBe-swiss-ndvi/data/tiffs_historic_v7_compr/20210722_historic_mask.tiff
Created /mnt/data1/UniBe-swiss-ndvi/data/tiffs_historic_v7_compr/20210723_historic.tiff
Created /mnt/data1/UniBe-swiss-ndvi/data/tiffs_historic_v7_compr/20210723_historic_mask.tiff
Created /mnt/data1/UniBe-swiss-ndvi/data/tiffs_historic_v7_compr/20210724_historic.tiff
Created /mnt/data1/UniBe-swiss-ndvi/data/tiffs_historic_v7_compr/20210724_historic_mask.tiff
Created /mnt/data1/UniBe-swiss-ndvi/data/tiffs_historic_v7_compr/20210725_historic.tiff
Created /mnt/data1/UniBe-swiss-ndvi/data/tiffs_historic_v7_compr/20210725_historic_mask.tiff
Created /mnt/data1/UniBe-swiss-ndvi/data/tiffs_historic_v7_compr/20210726_historic.tiff
Created /mnt/data1/UniBe-swiss-ndvi/data/tiffs_historic_v7_compr/20210726_historic_mask.tiff
Created /mnt/data1/UniBe-swiss-ndvi/data/tiffs_historic_v7_compr/20210727_historic.tiff
Created /mnt/data1/UniBe-swiss-ndvi/data/tiffs_historic_v7_compr/20210727_historic_mask.tiff
Created /mnt/data1/UniBe-swiss-ndvi/data/tiffs_historic_v7_compr/20210728_historic.tiff
Created /mnt/data1/UniBe-swiss-ndvi/data/tiffs_historic_v7_compr/20210728_historic_mask.tiff
Created /mnt/data1/UniBe-swiss-ndvi/data/tiffs_historic_v7_compr/20210729_historic.tiff
Created /mnt/data1/UniBe-swiss-ndvi/data/tiffs_historic_v7_compr/20210729_historic_mask.tiff
Created /mnt/data1/UniBe-swiss-ndvi/data/tiffs_historic_v7_compr/20210730_historic.tiff
Created /mnt/data1/UniBe-swiss-ndvi/data/tiffs_historic_v7_compr/20210730_historic_mask.tiff
Created /mnt/data1/UniBe-swiss-ndvi/data/tiffs_historic_v7_compr/20210731_historic.tiff
Created /mnt/data1/UniBe-swiss-ndvi/data/tiffs_historic_v7_compr/20210731_historic_mask.tiff
Created /mnt/data1/UniBe-swiss-ndvi/data/tiffs_historic_v7_compr/20210801_historic.tiff
Created /mnt/data1/UniBe-swiss-ndvi/data/tiffs_historic_v7_compr/20210801_historic_mask.tiff
Created /mnt/data1/UniBe-swiss-ndvi/data/tiffs_historic_v7_compr/20210802_historic.tiff
Created /mnt/data1/UniBe-swiss-ndvi/data/tiffs_historic_v7_compr/20210802_historic_mask.tiff
Created /mnt/data1/UniBe-swiss-ndvi/data/tiffs_historic_v7_compr/20210803_historic.tiff
Created /mnt/data1/UniBe-swiss-ndvi/data/tiffs_historic_v7_compr/20210803_historic_mask.tiff
Created /mnt/data1/UniBe-swiss-ndvi/data/tiffs_historic_v7_compr/20210804_historic.tiff
Created /mnt/data1/UniBe-swiss-ndvi/data/tiffs_historic_v7_compr/20210804_historic_mask.tiff
Created /mnt/data1/UniBe-swiss-ndvi/data/tiffs_historic_v7_compr/20210805_historic.tiff
Created /mnt/data1/UniBe-swiss-ndvi/data/tiffs_historic_v7_compr/20210805_historic_mask.tiff
Created /mnt/data1/UniBe-swiss-ndvi/data/tiffs_historic_v7_compr/20210806_historic.tiff
Created /mnt/data1/UniBe-swiss-ndvi/data/tiffs_historic_v7_compr/20210806_historic_mask.tiff
Created /mnt/data1/UniBe-swiss-ndvi/data/tiffs_historic_v7_compr/20210807_historic.tiff
Created /mnt/data1/UniBe-swiss-ndvi/data/tiffs_historic_v7_compr/20210807_historic_mask.tiff
Created /mnt/data1/UniBe-swiss-ndvi/data/tiffs_historic_v7_compr/20210808_historic.tiff
Created /mnt/data1/UniBe-swiss-ndvi/data/tiffs_historic_v7_compr/20210808_historic_mask.tiff
Created /mnt/data1/UniBe-swiss-ndvi/data/tiffs_historic_v7_compr/20210809_historic.tiff
Created /mnt/data1/UniBe-swiss-ndvi/data/tiffs_historic_v7_compr/20210809_historic_mask.tiff
Created /mnt/data1/UniBe-swiss-ndvi/data/tiffs_historic_v7_compr/20210810_historic.tiff
Created /mnt/data1/UniBe-swiss-ndvi/data/tiffs_historic_v7_compr/20210810_historic_mask.tiff
Created /mnt/data1/UniBe-swiss-ndvi/data/tiffs_historic_v7_compr/20210811_historic.tiff
Created /mnt/data1/UniBe-swiss-ndvi/data/tiffs_historic_v7_compr/20210811_historic_mask.tiff
Created /mnt/data1/UniBe-swiss-ndvi/data/tiffs_historic_v7_compr/20210812_historic.tiff
Created /mnt/data1/UniBe-swiss-ndvi/data/tiffs_historic_v7_compr/20210812_historic_mask.tiff
Created /mnt/data1/UniBe-swiss-ndvi/data/tiffs_historic_v7_compr/20210813_historic.tiff
Created /mnt/data1/UniBe-swiss-ndvi/data/tiffs_historic_v7_compr/20210813_historic_mask.tiff
Created /mnt/data1/UniBe-swiss-ndvi/data/tiffs_historic_v7_compr/20210814_historic.tiff
Created /mnt/data1/UniBe-swiss-ndvi/data/tiffs_historic_v7_compr/20210814_historic_mask.tiff
Created /mnt/data1/UniBe-swiss-ndvi/data/tiffs_historic_v7_compr/20210815_historic.tiff
Created /mnt/data1/UniBe-swiss-ndvi/data/tiffs_historic_v7_compr/20210815_historic_mask.tiff
Created /mnt/data1/UniBe-swiss-ndvi/data/tiffs_historic_v7_compr/20210816_historic.tiff
Created /mnt/data1/UniBe-swiss-ndvi/data/tiffs_historic_v7_compr/20210816_historic_mask.tiff
Created /mnt/data1/UniBe-swiss-ndvi/data/tiffs_historic_v7_compr/20210817_historic.tiff
Created /mnt/data1/UniBe-swiss-ndvi/data/tiffs_historic_v7_compr/20210817_historic_mask.tiff
Created /mnt/data1/UniBe-swiss-ndvi/data/tiffs_historic_v7_compr/20210818_historic.tiff
Created /mnt/data1/UniBe-swiss-ndvi/data/tiffs_historic_v7_compr/20210818_historic_mask.tiff
Created /mnt/data1/UniBe-swiss-ndvi/data/tiffs_historic_v7_compr/20210819_historic.tiff
Created /mnt/data1/UniBe-swiss-ndvi/data/tiffs_historic_v7_compr/20210819_historic_mask.tiff
Created /mnt/data1/UniBe-swiss-ndvi/data/tiffs_historic_v7_compr/20210820_historic.tiff
Created /mnt/data1/UniBe-swiss-ndvi/data/tiffs_historic_v7_compr/20210820_historic_mask.tiff
Created /mnt/data1/UniBe-swiss-ndvi/data/tiffs_historic_v7_compr/20210821_historic.tiff
Created /mnt/data1/UniBe-swiss-ndvi/data/tiffs_historic_v7_compr/20210821_historic_mask.tiff
Created /mnt/data1/UniBe-swiss-ndvi/data/tiffs_historic_v7_compr/20210822_historic.tiff
Created /mnt/data1/UniBe-swiss-ndvi/data/tiffs_historic_v7_compr/20210822_historic_mask.tiff
Created /mnt/data1/UniBe-swiss-ndvi/data/tiffs_historic_v7_compr/20210823_historic.tiff
Created /mnt/data1/UniBe-swiss-ndvi/data/tiffs_historic_v7_compr/20210823_historic_mask.tiff
Created /mnt/data1/UniBe-swiss-ndvi/data/tiffs_historic_v7_compr/20210824_historic.tiff
Created /mnt/data1/UniBe-swiss-ndvi/data/tiffs_historic_v7_compr/20210824_historic_mask.tiff
Created /mnt/data1/UniBe-swiss-ndvi/data/tiffs_historic_v7_compr/20210825_historic.tiff
Created /mnt/data1/UniBe-swiss-ndvi/data/tiffs_historic_v7_compr/20210825_historic_mask.tiff
Created /mnt/data1/UniBe-swiss-ndvi/data/tiffs_historic_v7_compr/20210826_historic.tiff
Created /mnt/data1/UniBe-swiss-ndvi/data/tiffs_historic_v7_compr/20210826_historic_mask.tiff
Created /mnt/data1/UniBe-swiss-ndvi/data/tiffs_historic_v7_compr/20210827_historic.tiff
Created /mnt/data1/UniBe-swiss-ndvi/data/tiffs_historic_v7_compr/20210827_historic_mask.tiff
Created /mnt/data1/UniBe-swiss-ndvi/data/tiffs_historic_v7_compr/20210828_historic.tiff
Created /mnt/data1/UniBe-swiss-ndvi/data/tiffs_historic_v7_compr/20210828_historic_mask.tiff
Created /mnt/data1/UniBe-swiss-ndvi/data/tiffs_historic_v7_compr/20210829_historic.tiff
Created /mnt/data1/UniBe-swiss-ndvi/data/tiffs_historic_v7_compr/20210829_historic_mask.tiff
Created /mnt/data1/UniBe-swiss-ndvi/data/tiffs_historic_v7_compr/20210830_historic.tiff
Created /mnt/data1/UniBe-swiss-ndvi/data/tiffs_historic_v7_compr/20210830_historic_mask.tiff
Created /mnt/data1/UniBe-swiss-ndvi/data/tiffs_historic_v7_compr/20210831_historic.tiff
Created /mnt/data1/UniBe-swiss-ndvi/data/tiffs_historic_v7_compr/20210831_historic_mask.tiff
Created /mnt/data1/UniBe-swiss-ndvi/data/tiffs_historic_v7_compr/20210901_historic.tiff
Created /mnt/data1/UniBe-swiss-ndvi/data/tiffs_historic_v7_compr/20210901_historic_mask.tiff
Created /mnt/data1/UniBe-swiss-ndvi/data/tiffs_historic_v7_compr/20210902_historic.tiff
Created /mnt/data1/UniBe-swiss-ndvi/data/tiffs_historic_v7_compr/20210902_historic_mask.tiff
Created /mnt/data1/UniBe-swiss-ndvi/data/tiffs_historic_v7_compr/20210903_historic.tiff
Created /mnt/data1/UniBe-swiss-ndvi/data/tiffs_historic_v7_compr/20210903_historic_mask.tiff
Created /mnt/data1/UniBe-swiss-ndvi/data/tiffs_historic_v7_compr/20210904_historic.tiff
Created /mnt/data1/UniBe-swiss-ndvi/data/tiffs_historic_v7_compr/20210904_historic_mask.tiff
Created /mnt/data1/UniBe-swiss-ndvi/data/tiffs_historic_v7_compr/20210905_historic.tiff
Created /mnt/data1/UniBe-swiss-ndvi/data/tiffs_historic_v7_compr/20210905_historic_mask.tiff
Created /mnt/data1/UniBe-swiss-ndvi/data/tiffs_historic_v7_compr/20210906_historic.tiff
Created /mnt/data1/UniBe-swiss-ndvi/data/tiffs_historic_v7_compr/20210906_historic_mask.tiff
Created /mnt/data1/UniBe-swiss-ndvi/data/tiffs_historic_v7_compr/20210907_historic.tiff
Created /mnt/data1/UniBe-swiss-ndvi/data/tiffs_historic_v7_compr/20210907_historic_mask.tiff
Created /mnt/data1/UniBe-swiss-ndvi/data/tiffs_historic_v7_compr/20210908_historic.tiff
Created /mnt/data1/UniBe-swiss-ndvi/data/tiffs_historic_v7_compr/20210908_historic_mask.tiff
Created /mnt/data1/UniBe-swiss-ndvi/data/tiffs_historic_v7_compr/20210909_historic.tiff
Created /mnt/data1/UniBe-swiss-ndvi/data/tiffs_historic_v7_compr/20210909_historic_mask.tiff
Created /mnt/data1/UniBe-swiss-ndvi/data/tiffs_historic_v7_compr/20210910_historic.tiff
Created /mnt/data1/UniBe-swiss-ndvi/data/tiffs_historic_v7_compr/20210910_historic_mask.tiff
Created /mnt/data1/UniBe-swiss-ndvi/data/tiffs_historic_v7_compr/20210911_historic.tiff
Created /mnt/data1/UniBe-swiss-ndvi/data/tiffs_historic_v7_compr/20210911_historic_mask.tiff
Created /mnt/data1/UniBe-swiss-ndvi/data/tiffs_historic_v7_compr/20210912_historic.tiff
Created /mnt/data1/UniBe-swiss-ndvi/data/tiffs_historic_v7_compr/20210912_historic_mask.tiff
Created /mnt/data1/UniBe-swiss-ndvi/data/tiffs_historic_v7_compr/20210913_historic.tiff
Created /mnt/data1/UniBe-swiss-ndvi/data/tiffs_historic_v7_compr/20210913_historic_mask.tiff
Created /mnt/data1/UniBe-swiss-ndvi/data/tiffs_historic_v7_compr/20210914_historic.tiff
Created /mnt/data1/UniBe-swiss-ndvi/data/tiffs_historic_v7_compr/20210914_historic_mask.tiff
Created /mnt/data1/UniBe-swiss-ndvi/data/tiffs_historic_v7_compr/20210915_historic.tiff
Created /mnt/data1/UniBe-swiss-ndvi/data/tiffs_historic_v7_compr/20210915_historic_mask.tiff
Created /mnt/data1/UniBe-swiss-ndvi/data/tiffs_historic_v7_compr/20210916_historic.tiff
Created /mnt/data1/UniBe-swiss-ndvi/data/tiffs_historic_v7_compr/20210916_historic_mask.tiff
Created /mnt/data1/UniBe-swiss-ndvi/data/tiffs_historic_v7_compr/20210917_historic.tiff
Created /mnt/data1/UniBe-swiss-ndvi/data/tiffs_historic_v7_compr/20210917_historic_mask.tiff
Created /mnt/data1/UniBe-swiss-ndvi/data/tiffs_historic_v7_compr/20210918_historic.tiff
Created /mnt/data1/UniBe-swiss-ndvi/data/tiffs_historic_v7_compr/20210918_historic_mask.tiff
Created /mnt/data1/UniBe-swiss-ndvi/data/tiffs_historic_v7_compr/20210919_historic.tiff
Created /mnt/data1/UniBe-swiss-ndvi/data/tiffs_historic_v7_compr/20210919_historic_mask.tiff
Created /mnt/data1/UniBe-swiss-ndvi/data/tiffs_historic_v7_compr/20210920_historic.tiff
Created /mnt/data1/UniBe-swiss-ndvi/data/tiffs_historic_v7_compr/20210920_historic_mask.tiff
Created /mnt/data1/UniBe-swiss-ndvi/data/tiffs_historic_v7_compr/20210921_historic.tiff
Created /mnt/data1/UniBe-swiss-ndvi/data/tiffs_historic_v7_compr/20210921_historic_mask.tiff
Created /mnt/data1/UniBe-swiss-ndvi/data/tiffs_historic_v7_compr/20210922_historic.tiff
Created /mnt/data1/UniBe-swiss-ndvi/data/tiffs_historic_v7_compr/20210922_historic_mask.tiff
Created /mnt/data1/UniBe-swiss-ndvi/data/tiffs_historic_v7_compr/20210923_historic.tiff
Created /mnt/data1/UniBe-swiss-ndvi/data/tiffs_historic_v7_compr/20210923_historic_mask.tiff
Created /mnt/data1/UniBe-swiss-ndvi/data/tiffs_historic_v7_compr/20210924_historic.tiff
Created /mnt/data1/UniBe-swiss-ndvi/data/tiffs_historic_v7_compr/20210924_historic_mask.tiff
Created /mnt/data1/UniBe-swiss-ndvi/data/tiffs_historic_v7_compr/20210925_historic.tiff
Created /mnt/data1/UniBe-swiss-ndvi/data/tiffs_historic_v7_compr/20210925_historic_mask.tiff
Created /mnt/data1/UniBe-swiss-ndvi/data/tiffs_historic_v7_compr/20210926_historic.tiff
Created /mnt/data1/UniBe-swiss-ndvi/data/tiffs_historic_v7_compr/20210926_historic_mask.tiff
Created /mnt/data1/UniBe-swiss-ndvi/data/tiffs_historic_v7_compr/20210927_historic.tiff
Created /mnt/data1/UniBe-swiss-ndvi/data/tiffs_historic_v7_compr/20210927_historic_mask.tiff
Created /mnt/data1/UniBe-swiss-ndvi/data/tiffs_historic_v7_compr/20210928_historic.tiff
Created /mnt/data1/UniBe-swiss-ndvi/data/tiffs_historic_v7_compr/20210928_historic_mask.tiff
Created /mnt/data1/UniBe-swiss-ndvi/data/tiffs_historic_v7_compr/20210929_historic.tiff
Created /mnt/data1/UniBe-swiss-ndvi/data/tiffs_historic_v7_compr/20210929_historic_mask.tiff
Created /mnt/data1/UniBe-swiss-ndvi/data/tiffs_historic_v7_compr/20210930_historic.tiff
Created /mnt/data1/UniBe-swiss-ndvi/data/tiffs_historic_v7_compr/20210930_historic_mask.tiff
Created /mnt/data1/UniBe-swiss-ndvi/data/tiffs_historic_v7_compr/20211001_historic.tiff
Created /mnt/data1/UniBe-swiss-ndvi/data/tiffs_historic_v7_compr/20211001_historic_mask.tiff
Created /mnt/data1/UniBe-swiss-ndvi/data/tiffs_historic_v7_compr/20211002_historic.tiff
Created /mnt/data1/UniBe-swiss-ndvi/data/tiffs_historic_v7_compr/20211002_historic_mask.tiff
Created /mnt/data1/UniBe-swiss-ndvi/data/tiffs_historic_v7_compr/20211003_historic.tiff
Created /mnt/data1/UniBe-swiss-ndvi/data/tiffs_historic_v7_compr/20211003_historic_mask.tiff
Created /mnt/data1/UniBe-swiss-ndvi/data/tiffs_historic_v7_compr/20211004_historic.tiff
Created /mnt/data1/UniBe-swiss-ndvi/data/tiffs_historic_v7_compr/20211004_historic_mask.tiff
Created /mnt/data1/UniBe-swiss-ndvi/data/tiffs_historic_v7_compr/20211005_historic.tiff
Created /mnt/data1/UniBe-swiss-ndvi/data/tiffs_historic_v7_compr/20211005_historic_mask.tiff
Created /mnt/data1/UniBe-swiss-ndvi/data/tiffs_historic_v7_compr/20211006_historic.tiff
Created /mnt/data1/UniBe-swiss-ndvi/data/tiffs_historic_v7_compr/20211006_historic_mask.tiff
Created /mnt/data1/UniBe-swiss-ndvi/data/tiffs_historic_v7_compr/20211007_historic.tiff
Created /mnt/data1/UniBe-swiss-ndvi/data/tiffs_historic_v7_compr/20211007_historic_mask.tiff
Created /mnt/data1/UniBe-swiss-ndvi/data/tiffs_historic_v7_compr/20211008_historic.tiff
Created /mnt/data1/UniBe-swiss-ndvi/data/tiffs_historic_v7_compr/20211008_historic_mask.tiff
Created /mnt/data1/UniBe-swiss-ndvi/data/tiffs_historic_v7_compr/20211009_historic.tiff
Created /mnt/data1/UniBe-swiss-ndvi/data/tiffs_historic_v7_compr/20211009_historic_mask.tiff
Created /mnt/data1/UniBe-swiss-ndvi/data/tiffs_historic_v7_compr/20211010_historic.tiff
Created /mnt/data1/UniBe-swiss-ndvi/data/tiffs_historic_v7_compr/20211010_historic_mask.tiff
Created /mnt/data1/UniBe-swiss-ndvi/data/tiffs_historic_v7_compr/20211011_historic.tiff
Created /mnt/data1/UniBe-swiss-ndvi/data/tiffs_historic_v7_compr/20211011_historic_mask.tiff
Created /mnt/data1/UniBe-swiss-ndvi/data/tiffs_historic_v7_compr/20211012_historic.tiff
Created /mnt/data1/UniBe-swiss-ndvi/data/tiffs_historic_v7_compr/20211012_historic_mask.tiff
Created /mnt/data1/UniBe-swiss-ndvi/data/tiffs_historic_v7_compr/20211013_historic.tiff
Created /mnt/data1/UniBe-swiss-ndvi/data/tiffs_historic_v7_compr/20211013_historic_mask.tiff
Created /mnt/data1/UniBe-swiss-ndvi/data/tiffs_historic_v7_compr/20211014_historic.tiff
Created /mnt/data1/UniBe-swiss-ndvi/data/tiffs_historic_v7_compr/20211014_historic_mask.tiff
Created /mnt/data1/UniBe-swiss-ndvi/data/tiffs_historic_v7_compr/20211015_historic.tiff
Created /mnt/data1/UniBe-swiss-ndvi/data/tiffs_historic_v7_compr/20211015_historic_mask.tiff
Created /mnt/data1/UniBe-swiss-ndvi/data/tiffs_historic_v7_compr/20211016_historic.tiff
Created /mnt/data1/UniBe-swiss-ndvi/data/tiffs_historic_v7_compr/20211016_historic_mask.tiff
Created /mnt/data1/UniBe-swiss-ndvi/data/tiffs_historic_v7_compr/20211017_historic.tiff
Created /mnt/data1/UniBe-swiss-ndvi/data/tiffs_historic_v7_compr/20211017_historic_mask.tiff
Created /mnt/data1/UniBe-swiss-ndvi/data/tiffs_historic_v7_compr/20211018_historic.tiff
Created /mnt/data1/UniBe-swiss-ndvi/data/tiffs_historic_v7_compr/20211018_historic_mask.tiff
Created /mnt/data1/UniBe-swiss-ndvi/data/tiffs_historic_v7_compr/20211019_historic.tiff
Created /mnt/data1/UniBe-swiss-ndvi/data/tiffs_historic_v7_compr/20211019_historic_mask.tiff
Created /mnt/data1/UniBe-swiss-ndvi/data/tiffs_historic_v7_compr/20211020_historic.tiff
Created /mnt/data1/UniBe-swiss-ndvi/data/tiffs_historic_v7_compr/20211020_historic_mask.tiff
Created /mnt/data1/UniBe-swiss-ndvi/data/tiffs_historic_v7_compr/20211021_historic.tiff
Created /mnt/data1/UniBe-swiss-ndvi/data/tiffs_historic_v7_compr/20211021_historic_mask.tiff
Created /mnt/data1/UniBe-swiss-ndvi/data/tiffs_historic_v7_compr/20211022_historic.tiff
Created /mnt/data1/UniBe-swiss-ndvi/data/tiffs_historic_v7_compr/20211022_historic_mask.tiff
Created /mnt/data1/UniBe-swiss-ndvi/data/tiffs_historic_v7_compr/20211023_historic.tiff
Created /mnt/data1/UniBe-swiss-ndvi/data/tiffs_historic_v7_compr/20211023_historic_mask.tiff
Created /mnt/data1/UniBe-swiss-ndvi/data/tiffs_historic_v7_compr/20211024_historic.tiff
Created /mnt/data1/UniBe-swiss-ndvi/data/tiffs_historic_v7_compr/20211024_historic_mask.tiff
Created /mnt/data1/UniBe-swiss-ndvi/data/tiffs_historic_v7_compr/20211025_historic.tiff
Created /mnt/data1/UniBe-swiss-ndvi/data/tiffs_historic_v7_compr/20211025_historic_mask.tiff
Created /mnt/data1/UniBe-swiss-ndvi/data/tiffs_historic_v7_compr/20211026_historic.tiff
Created /mnt/data1/UniBe-swiss-ndvi/data/tiffs_historic_v7_compr/20211026_historic_mask.tiff
Created /mnt/data1/UniBe-swiss-ndvi/data/tiffs_historic_v7_compr/20211027_historic.tiff
Created /mnt/data1/UniBe-swiss-ndvi/data/tiffs_historic_v7_compr/20211027_historic_mask.tiff
Created /mnt/data1/UniBe-swiss-ndvi/data/tiffs_historic_v7_compr/20211028_historic.tiff
Created /mnt/data1/UniBe-swiss-ndvi/data/tiffs_historic_v7_compr/20211028_historic_mask.tiff
Created /mnt/data1/UniBe-swiss-ndvi/data/tiffs_historic_v7_compr/20211029_historic.tiff
Created /mnt/data1/UniBe-swiss-ndvi/data/tiffs_historic_v7_compr/20211029_historic_mask.tiff
Created /mnt/data1/UniBe-swiss-ndvi/data/tiffs_historic_v7_compr/20211030_historic.tiff
Created /mnt/data1/UniBe-swiss-ndvi/data/tiffs_historic_v7_compr/20211030_historic_mask.tiff
Created /mnt/data1/UniBe-swiss-ndvi/data/tiffs_historic_v7_compr/20211031_historic.tiff
Created /mnt/data1/UniBe-swiss-ndvi/data/tiffs_historic_v7_compr/20211031_historic_mask.tiff
Created /mnt/data1/UniBe-swiss-ndvi/data/tiffs_historic_v7_compr/20211101_historic.tiff
Created /mnt/data1/UniBe-swiss-ndvi/data/tiffs_historic_v7_compr/20211101_historic_mask.tiff
Created /mnt/data1/UniBe-swiss-ndvi/data/tiffs_historic_v7_compr/20211102_historic.tiff
Created /mnt/data1/UniBe-swiss-ndvi/data/tiffs_historic_v7_compr/20211102_historic_mask.tiff
Created /mnt/data1/UniBe-swiss-ndvi/data/tiffs_historic_v7_compr/20211103_historic.tiff
Created /mnt/data1/UniBe-swiss-ndvi/data/tiffs_historic_v7_compr/20211103_historic_mask.tiff
Created /mnt/data1/UniBe-swiss-ndvi/data/tiffs_historic_v7_compr/20211104_historic.tiff
Created /mnt/data1/UniBe-swiss-ndvi/data/tiffs_historic_v7_compr/20211104_historic_mask.tiff
Created /mnt/data1/UniBe-swiss-ndvi/data/tiffs_historic_v7_compr/20211105_historic.tiff
Created /mnt/data1/UniBe-swiss-ndvi/data/tiffs_historic_v7_compr/20211105_historic_mask.tiff
Created /mnt/data1/UniBe-swiss-ndvi/data/tiffs_historic_v7_compr/20211106_historic.tiff
Created /mnt/data1/UniBe-swiss-ndvi/data/tiffs_historic_v7_compr/20211106_historic_mask.tiff
Created /mnt/data1/UniBe-swiss-ndvi/data/tiffs_historic_v7_compr/20211107_historic.tiff
Created /mnt/data1/UniBe-swiss-ndvi/data/tiffs_historic_v7_compr/20211107_historic_mask.tiff
Created /mnt/data1/UniBe-swiss-ndvi/data/tiffs_historic_v7_compr/20211108_historic.tiff
Created /mnt/data1/UniBe-swiss-ndvi/data/tiffs_historic_v7_compr/20211108_historic_mask.tiff
Created /mnt/data1/UniBe-swiss-ndvi/data/tiffs_historic_v7_compr/20211109_historic.tiff
Created /mnt/data1/UniBe-swiss-ndvi/data/tiffs_historic_v7_compr/20211109_historic_mask.tiff
Created /mnt/data1/UniBe-swiss-ndvi/data/tiffs_historic_v7_compr/20211110_historic.tiff
Created /mnt/data1/UniBe-swiss-ndvi/data/tiffs_historic_v7_compr/20211110_historic_mask.tiff
Created /mnt/data1/UniBe-swiss-ndvi/data/tiffs_historic_v7_compr/20211111_historic.tiff
Created /mnt/data1/UniBe-swiss-ndvi/data/tiffs_historic_v7_compr/20211111_historic_mask.tiff
Created /mnt/data1/UniBe-swiss-ndvi/data/tiffs_historic_v7_compr/20211112_historic.tiff
Created /mnt/data1/UniBe-swiss-ndvi/data/tiffs_historic_v7_compr/20211112_historic_mask.tiff
Created /mnt/data1/UniBe-swiss-ndvi/data/tiffs_historic_v7_compr/20211113_historic.tiff
Created /mnt/data1/UniBe-swiss-ndvi/data/tiffs_historic_v7_compr/20211113_historic_mask.tiff
Created /mnt/data1/UniBe-swiss-ndvi/data/tiffs_historic_v7_compr/20211114_historic.tiff
Created /mnt/data1/UniBe-swiss-ndvi/data/tiffs_historic_v7_compr/20211114_historic_mask.tiff
Created /mnt/data1/UniBe-swiss-ndvi/data/tiffs_historic_v7_compr/20211115_historic.tiff
Created /mnt/data1/UniBe-swiss-ndvi/data/tiffs_historic_v7_compr/20211115_historic_mask.tiff
Created /mnt/data1/UniBe-swiss-ndvi/data/tiffs_historic_v7_compr/20211116_historic.tiff
Created /mnt/data1/UniBe-swiss-ndvi/data/tiffs_historic_v7_compr/20211116_historic_mask.tiff
Created /mnt/data1/UniBe-swiss-ndvi/data/tiffs_historic_v7_compr/20211117_historic.tiff
Created /mnt/data1/UniBe-swiss-ndvi/data/tiffs_historic_v7_compr/20211117_historic_mask.tiff
Created /mnt/data1/UniBe-swiss-ndvi/data/tiffs_historic_v7_compr/20211118_historic.tiff
Created /mnt/data1/UniBe-swiss-ndvi/data/tiffs_historic_v7_compr/20211118_historic_mask.tiff
Created /mnt/data1/UniBe-swiss-ndvi/data/tiffs_historic_v7_compr/20211119_historic.tiff
Created /mnt/data1/UniBe-swiss-ndvi/data/tiffs_historic_v7_compr/20211119_historic_mask.tiff
Created /mnt/data1/UniBe-swiss-ndvi/data/tiffs_historic_v7_compr/20211120_historic.tiff
Created /mnt/data1/UniBe-swiss-ndvi/data/tiffs_historic_v7_compr/20211120_historic_mask.tiff
Created /mnt/data1/UniBe-swiss-ndvi/data/tiffs_historic_v7_compr/20211121_historic.tiff
Created /mnt/data1/UniBe-swiss-ndvi/data/tiffs_historic_v7_compr/20211121_historic_mask.tiff
Created /mnt/data1/UniBe-swiss-ndvi/data/tiffs_historic_v7_compr/20211122_historic.tiff
Created /mnt/data1/UniBe-swiss-ndvi/data/tiffs_historic_v7_compr/20211122_historic_mask.tiff
Created /mnt/data1/UniBe-swiss-ndvi/data/tiffs_historic_v7_compr/20211123_historic.tiff
Created /mnt/data1/UniBe-swiss-ndvi/data/tiffs_historic_v7_compr/20211123_historic_mask.tiff
Created /mnt/data1/UniBe-swiss-ndvi/data/tiffs_historic_v7_compr/20211124_historic.tiff
Created /mnt/data1/UniBe-swiss-ndvi/data/tiffs_historic_v7_compr/20211124_historic_mask.tiff
Created /mnt/data1/UniBe-swiss-ndvi/data/tiffs_historic_v7_compr/20211125_historic.tiff
Created /mnt/data1/UniBe-swiss-ndvi/data/tiffs_historic_v7_compr/20211125_historic_mask.tiff
Created /mnt/data1/UniBe-swiss-ndvi/data/tiffs_historic_v7_compr/20211126_historic.tiff
Created /mnt/data1/UniBe-swiss-ndvi/data/tiffs_historic_v7_compr/20211126_historic_mask.tiff
Created /mnt/data1/UniBe-swiss-ndvi/data/tiffs_historic_v7_compr/20211127_historic.tiff
Created /mnt/data1/UniBe-swiss-ndvi/data/tiffs_historic_v7_compr/20211127_historic_mask.tiff
Created /mnt/data1/UniBe-swiss-ndvi/data/tiffs_historic_v7_compr/20211128_historic.tiff
Created /mnt/data1/UniBe-swiss-ndvi/data/tiffs_historic_v7_compr/20211128_historic_mask.tiff
Created /mnt/data1/UniBe-swiss-ndvi/data/tiffs_historic_v7_compr/20211129_historic.tiff
Created /mnt/data1/UniBe-swiss-ndvi/data/tiffs_historic_v7_compr/20211129_historic_mask.tiff
Created /mnt/data1/UniBe-swiss-ndvi/data/tiffs_historic_v7_compr/20211130_historic.tiff
Created /mnt/data1/UniBe-swiss-ndvi/data/tiffs_historic_v7_compr/20211130_historic_mask.tiff
Created /mnt/data1/UniBe-swiss-ndvi/data/tiffs_historic_v7_compr/20211201_historic.tiff
Created /mnt/data1/UniBe-swiss-ndvi/data/tiffs_historic_v7_compr/20211201_historic_mask.tiff
Created /mnt/data1/UniBe-swiss-ndvi/data/tiffs_historic_v7_compr/20211202_historic.tiff
Created /mnt/data1/UniBe-swiss-ndvi/data/tiffs_historic_v7_compr/20211202_historic_mask.tiff
Created /mnt/data1/UniBe-swiss-ndvi/data/tiffs_historic_v7_compr/20211203_historic.tiff
Created /mnt/data1/UniBe-swiss-ndvi/data/tiffs_historic_v7_compr/20211203_historic_mask.tiff
Created /mnt/data1/UniBe-swiss-ndvi/data/tiffs_historic_v7_compr/20211204_historic.tiff
Created /mnt/data1/UniBe-swiss-ndvi/data/tiffs_historic_v7_compr/20211204_historic_mask.tiff
Created /mnt/data1/UniBe-swiss-ndvi/data/tiffs_historic_v7_compr/20211205_historic.tiff
Created /mnt/data1/UniBe-swiss-ndvi/data/tiffs_historic_v7_compr/20211205_historic_mask.tiff
Created /mnt/data1/UniBe-swiss-ndvi/data/tiffs_historic_v7_compr/20211206_historic.tiff
Created /mnt/data1/UniBe-swiss-ndvi/data/tiffs_historic_v7_compr/20211206_historic_mask.tiff
Created /mnt/data1/UniBe-swiss-ndvi/data/tiffs_historic_v7_compr/20211207_historic.tiff
Created /mnt/data1/UniBe-swiss-ndvi/data/tiffs_historic_v7_compr/20211207_historic_mask.tiff
Created /mnt/data1/UniBe-swiss-ndvi/data/tiffs_historic_v7_compr/20211208_historic.tiff
Created /mnt/data1/UniBe-swiss-ndvi/data/tiffs_historic_v7_compr/20211208_historic_mask.tiff
Created /mnt/data1/UniBe-swiss-ndvi/data/tiffs_historic_v7_compr/20211209_historic.tiff
Created /mnt/data1/UniBe-swiss-ndvi/data/tiffs_historic_v7_compr/20211209_historic_mask.tiff
Created /mnt/data1/UniBe-swiss-ndvi/data/tiffs_historic_v7_compr/20211210_historic.tiff
Created /mnt/data1/UniBe-swiss-ndvi/data/tiffs_historic_v7_compr/20211210_historic_mask.tiff
Created /mnt/data1/UniBe-swiss-ndvi/data/tiffs_historic_v7_compr/20211211_historic.tiff
Created /mnt/data1/UniBe-swiss-ndvi/data/tiffs_historic_v7_compr/20211211_historic_mask.tiff
Created /mnt/data1/UniBe-swiss-ndvi/data/tiffs_historic_v7_compr/20211212_historic.tiff
Created /mnt/data1/UniBe-swiss-ndvi/data/tiffs_historic_v7_compr/20211212_historic_mask.tiff
Created /mnt/data1/UniBe-swiss-ndvi/data/tiffs_historic_v7_compr/20211213_historic.tiff
Created /mnt/data1/UniBe-swiss-ndvi/data/tiffs_historic_v7_compr/20211213_historic_mask.tiff
Created /mnt/data1/UniBe-swiss-ndvi/data/tiffs_historic_v7_compr/20211214_historic.tiff
Created /mnt/data1/UniBe-swiss-ndvi/data/tiffs_historic_v7_compr/20211214_historic_mask.tiff
Created /mnt/data1/UniBe-swiss-ndvi/data/tiffs_historic_v7_compr/20211215_historic.tiff
Created /mnt/data1/UniBe-swiss-ndvi/data/tiffs_historic_v7_compr/20211215_historic_mask.tiff
Created /mnt/data1/UniBe-swiss-ndvi/data/tiffs_historic_v7_compr/20211216_historic.tiff
Created /mnt/data1/UniBe-swiss-ndvi/data/tiffs_historic_v7_compr/20211216_historic_mask.tiff
Created /mnt/data1/UniBe-swiss-ndvi/data/tiffs_historic_v7_compr/20211217_historic.tiff
Created /mnt/data1/UniBe-swiss-ndvi/data/tiffs_historic_v7_compr/20211217_historic_mask.tiff
Created /mnt/data1/UniBe-swiss-ndvi/data/tiffs_historic_v7_compr/20211218_historic.tiff
Created /mnt/data1/UniBe-swiss-ndvi/data/tiffs_historic_v7_compr/20211218_historic_mask.tiff
Created /mnt/data1/UniBe-swiss-ndvi/data/tiffs_historic_v7_compr/20211219_historic.tiff
Created /mnt/data1/UniBe-swiss-ndvi/data/tiffs_historic_v7_compr/20211219_historic_mask.tiff
Created /mnt/data1/UniBe-swiss-ndvi/data/tiffs_historic_v7_compr/20211220_historic.tiff
Created /mnt/data1/UniBe-swiss-ndvi/data/tiffs_historic_v7_compr/20211220_historic_mask.tiff
Created /mnt/data1/UniBe-swiss-ndvi/data/tiffs_historic_v7_compr/20211221_historic.tiff
Created /mnt/data1/UniBe-swiss-ndvi/data/tiffs_historic_v7_compr/20211221_historic_mask.tiff
Created /mnt/data1/UniBe-swiss-ndvi/data/tiffs_historic_v7_compr/20211222_historic.tiff
Created /mnt/data1/UniBe-swiss-ndvi/data/tiffs_historic_v7_compr/20211222_historic_mask.tiff
Created /mnt/data1/UniBe-swiss-ndvi/data/tiffs_historic_v7_compr/20211223_historic.tiff
Created /mnt/data1/UniBe-swiss-ndvi/data/tiffs_historic_v7_compr/20211223_historic_mask.tiff
Created /mnt/data1/UniBe-swiss-ndvi/data/tiffs_historic_v7_compr/20211224_historic.tiff
Created /mnt/data1/UniBe-swiss-ndvi/data/tiffs_historic_v7_compr/20211224_historic_mask.tiff
Created /mnt/data1/UniBe-swiss-ndvi/data/tiffs_historic_v7_compr/20211225_historic.tiff
Created /mnt/data1/UniBe-swiss-ndvi/data/tiffs_historic_v7_compr/20211225_historic_mask.tiff
Created /mnt/data1/UniBe-swiss-ndvi/data/tiffs_historic_v7_compr/20211226_historic.tiff
Created /mnt/data1/UniBe-swiss-ndvi/data/tiffs_historic_v7_compr/20211226_historic_mask.tiff
Created /mnt/data1/UniBe-swiss-ndvi/data/tiffs_historic_v7_compr/20211227_historic.tiff
Created /mnt/data1/UniBe-swiss-ndvi/data/tiffs_historic_v7_compr/20211227_historic_mask.tiff
Created /mnt/data1/UniBe-swiss-ndvi/data/tiffs_historic_v7_compr/20211228_historic.tiff
Created /mnt/data1/UniBe-swiss-ndvi/data/tiffs_historic_v7_compr/20211228_historic_mask.tiff
Created /mnt/data1/UniBe-swiss-ndvi/data/tiffs_historic_v7_compr/20211229_historic.tiff
Created /mnt/data1/UniBe-swiss-ndvi/data/tiffs_historic_v7_compr/20211229_historic_mask.tiff
Created /mnt/data1/UniBe-swiss-ndvi/data/tiffs_historic_v7_compr/20211230_historic.tiff
Created /mnt/data1/UniBe-swiss-ndvi/data/tiffs_historic_v7_compr/20211230_historic_mask.tiff
Created /mnt/data1/UniBe-swiss-ndvi/data/tiffs_historic_v7_compr/20211231_historic.tiff
Created /mnt/data1/UniBe-swiss-ndvi/data/tiffs_historic_v7_compr/20211231_historic_mask.tiff
Created /mnt/data1/UniBe-swiss-ndvi/data/tiffs_historic_v7_compr/20220101_historic.tiff
Created /mnt/data1/UniBe-swiss-ndvi/data/tiffs_historic_v7_compr/20220101_historic_mask.tiff
Created /mnt/data1/UniBe-swiss-ndvi/data/tiffs_historic_v7_compr/20220102_historic.tiff
Created /mnt/data1/UniBe-swiss-ndvi/data/tiffs_historic_v7_compr/20220102_historic_mask.tiff
Created /mnt/data1/UniBe-swiss-ndvi/data/tiffs_historic_v7_compr/20220103_historic.tiff
Created /mnt/data1/UniBe-swiss-ndvi/data/tiffs_historic_v7_compr/20220103_historic_mask.tiff
Created /mnt/data1/UniBe-swiss-ndvi/data/tiffs_historic_v7_compr/20220104_historic.tiff
Created /mnt/data1/UniBe-swiss-ndvi/data/tiffs_historic_v7_compr/20220104_historic_mask.tiff
Created /mnt/data1/UniBe-swiss-ndvi/data/tiffs_historic_v7_compr/20220105_historic.tiff
Created /mnt/data1/UniBe-swiss-ndvi/data/tiffs_historic_v7_compr/20220105_historic_mask.tiff
Created /mnt/data1/UniBe-swiss-ndvi/data/tiffs_historic_v7_compr/20220106_historic.tiff
Created /mnt/data1/UniBe-swiss-ndvi/data/tiffs_historic_v7_compr/20220106_historic_mask.tiff
Created /mnt/data1/UniBe-swiss-ndvi/data/tiffs_historic_v7_compr/20220107_historic.tiff
Created /mnt/data1/UniBe-swiss-ndvi/data/tiffs_historic_v7_compr/20220107_historic_mask.tiff
Created /mnt/data1/UniBe-swiss-ndvi/data/tiffs_historic_v7_compr/20220108_historic.tiff
Created /mnt/data1/UniBe-swiss-ndvi/data/tiffs_historic_v7_compr/20220108_historic_mask.tiff
Created /mnt/data1/UniBe-swiss-ndvi/data/tiffs_historic_v7_compr/20220109_historic.tiff
Created /mnt/data1/UniBe-swiss-ndvi/data/tiffs_historic_v7_compr/20220109_historic_mask.tiff
Created /mnt/data1/UniBe-swiss-ndvi/data/tiffs_historic_v7_compr/20220110_historic.tiff
Created /mnt/data1/UniBe-swiss-ndvi/data/tiffs_historic_v7_compr/20220110_historic_mask.tiff
Created /mnt/data1/UniBe-swiss-ndvi/data/tiffs_historic_v7_compr/20220111_historic.tiff
Created /mnt/data1/UniBe-swiss-ndvi/data/tiffs_historic_v7_compr/20220111_historic_mask.tiff
Created /mnt/data1/UniBe-swiss-ndvi/data/tiffs_historic_v7_compr/20220112_historic.tiff
Created /mnt/data1/UniBe-swiss-ndvi/data/tiffs_historic_v7_compr/20220112_historic_mask.tiff
Created /mnt/data1/UniBe-swiss-ndvi/data/tiffs_historic_v7_compr/20220113_historic.tiff
Created /mnt/data1/UniBe-swiss-ndvi/data/tiffs_historic_v7_compr/20220113_historic_mask.tiff
Created /mnt/data1/UniBe-swiss-ndvi/data/tiffs_historic_v7_compr/20220114_historic.tiff
Created /mnt/data1/UniBe-swiss-ndvi/data/tiffs_historic_v7_compr/20220114_historic_mask.tiff
Created /mnt/data1/UniBe-swiss-ndvi/data/tiffs_historic_v7_compr/20220115_historic.tiff
Created /mnt/data1/UniBe-swiss-ndvi/data/tiffs_historic_v7_compr/20220115_historic_mask.tiff
Created /mnt/data1/UniBe-swiss-ndvi/data/tiffs_historic_v7_compr/20220116_historic.tiff
Created /mnt/data1/UniBe-swiss-ndvi/data/tiffs_historic_v7_compr/20220116_historic_mask.tiff
Created /mnt/data1/UniBe-swiss-ndvi/data/tiffs_historic_v7_compr/20220117_historic.tiff
Created /mnt/data1/UniBe-swiss-ndvi/data/tiffs_historic_v7_compr/20220117_historic_mask.tiff
Created /mnt/data1/UniBe-swiss-ndvi/data/tiffs_historic_v7_compr/20220118_historic.tiff
Created /mnt/data1/UniBe-swiss-ndvi/data/tiffs_historic_v7_compr/20220118_historic_mask.tiff
Created /mnt/data1/UniBe-swiss-ndvi/data/tiffs_historic_v7_compr/20220119_historic.tiff
Created /mnt/data1/UniBe-swiss-ndvi/data/tiffs_historic_v7_compr/20220119_historic_mask.tiff
Created /mnt/data1/UniBe-swiss-ndvi/data/tiffs_historic_v7_compr/20220120_historic.tiff
Created /mnt/data1/UniBe-swiss-ndvi/data/tiffs_historic_v7_compr/20220120_historic_mask.tiff
Created /mnt/data1/UniBe-swiss-ndvi/data/tiffs_historic_v7_compr/20220121_historic.tiff
Created /mnt/data1/UniBe-swiss-ndvi/data/tiffs_historic_v7_compr/20220121_historic_mask.tiff
Created /mnt/data1/UniBe-swiss-ndvi/data/tiffs_historic_v7_compr/20220122_historic.tiff
Created /mnt/data1/UniBe-swiss-ndvi/data/tiffs_historic_v7_compr/20220122_historic_mask.tiff
Created /mnt/data1/UniBe-swiss-ndvi/data/tiffs_historic_v7_compr/20220123_historic.tiff
Created /mnt/data1/UniBe-swiss-ndvi/data/tiffs_historic_v7_compr/20220123_historic_mask.tiff
Created /mnt/data1/UniBe-swiss-ndvi/data/tiffs_historic_v7_compr/20220124_historic.tiff
Created /mnt/data1/UniBe-swiss-ndvi/data/tiffs_historic_v7_compr/20220124_historic_mask.tiff
Created /mnt/data1/UniBe-swiss-ndvi/data/tiffs_historic_v7_compr/20220125_historic.tiff
Created /mnt/data1/UniBe-swiss-ndvi/data/tiffs_historic_v7_compr/20220125_historic_mask.tiff
Created /mnt/data1/UniBe-swiss-ndvi/data/tiffs_historic_v7_compr/20220126_historic.tiff
Created /mnt/data1/UniBe-swiss-ndvi/data/tiffs_historic_v7_compr/20220126_historic_mask.tiff
Created /mnt/data1/UniBe-swiss-ndvi/data/tiffs_historic_v7_compr/20220127_historic.tiff
Created /mnt/data1/UniBe-swiss-ndvi/data/tiffs_historic_v7_compr/20220127_historic_mask.tiff
Created /mnt/data1/UniBe-swiss-ndvi/data/tiffs_historic_v7_compr/20220128_historic.tiff
Created /mnt/data1/UniBe-swiss-ndvi/data/tiffs_historic_v7_compr/20220128_historic_mask.tiff
Created /mnt/data1/UniBe-swiss-ndvi/data/tiffs_historic_v7_compr/20220129_historic.tiff
Created /mnt/data1/UniBe-swiss-ndvi/data/tiffs_historic_v7_compr/20220129_historic_mask.tiff
Created /mnt/data1/UniBe-swiss-ndvi/data/tiffs_historic_v7_compr/20220130_historic.tiff
Created /mnt/data1/UniBe-swiss-ndvi/data/tiffs_historic_v7_compr/20220130_historic_mask.tiff
Created /mnt/data1/UniBe-swiss-ndvi/data/tiffs_historic_v7_compr/20220131_historic.tiff
Created /mnt/data1/UniBe-swiss-ndvi/data/tiffs_historic_v7_compr/20220131_historic_mask.tiff
Created /mnt/data1/UniBe-swiss-ndvi/data/tiffs_historic_v7_compr/20220201_historic.tiff
Created /mnt/data1/UniBe-swiss-ndvi/data/tiffs_historic_v7_compr/20220201_historic_mask.tiff
Created /mnt/data1/UniBe-swiss-ndvi/data/tiffs_historic_v7_compr/20220202_historic.tiff
Created /mnt/data1/UniBe-swiss-ndvi/data/tiffs_historic_v7_compr/20220202_historic_mask.tiff
Created /mnt/data1/UniBe-swiss-ndvi/data/tiffs_historic_v7_compr/20220203_historic.tiff
Created /mnt/data1/UniBe-swiss-ndvi/data/tiffs_historic_v7_compr/20220203_historic_mask.tiff
Created /mnt/data1/UniBe-swiss-ndvi/data/tiffs_historic_v7_compr/20220204_historic.tiff
Created /mnt/data1/UniBe-swiss-ndvi/data/tiffs_historic_v7_compr/20220204_historic_mask.tiff
Created /mnt/data1/UniBe-swiss-ndvi/data/tiffs_historic_v7_compr/20220205_historic.tiff
Created /mnt/data1/UniBe-swiss-ndvi/data/tiffs_historic_v7_compr/20220205_historic_mask.tiff
Created /mnt/data1/UniBe-swiss-ndvi/data/tiffs_historic_v7_compr/20220206_historic.tiff
Created /mnt/data1/UniBe-swiss-ndvi/data/tiffs_historic_v7_compr/20220206_historic_mask.tiff
Created /mnt/data1/UniBe-swiss-ndvi/data/tiffs_historic_v7_compr/20220207_historic.tiff
Created /mnt/data1/UniBe-swiss-ndvi/data/tiffs_historic_v7_compr/20220207_historic_mask.tiff
Created /mnt/data1/UniBe-swiss-ndvi/data/tiffs_historic_v7_compr/20220208_historic.tiff
Created /mnt/data1/UniBe-swiss-ndvi/data/tiffs_historic_v7_compr/20220208_historic_mask.tiff
Created /mnt/data1/UniBe-swiss-ndvi/data/tiffs_historic_v7_compr/20220209_historic.tiff
Created /mnt/data1/UniBe-swiss-ndvi/data/tiffs_historic_v7_compr/20220209_historic_mask.tiff
Created /mnt/data1/UniBe-swiss-ndvi/data/tiffs_historic_v7_compr/20220210_historic.tiff
Created /mnt/data1/UniBe-swiss-ndvi/data/tiffs_historic_v7_compr/20220210_historic_mask.tiff
Created /mnt/data1/UniBe-swiss-ndvi/data/tiffs_historic_v7_compr/20220211_historic.tiff
Created /mnt/data1/UniBe-swiss-ndvi/data/tiffs_historic_v7_compr/20220211_historic_mask.tiff
Created /mnt/data1/UniBe-swiss-ndvi/data/tiffs_historic_v7_compr/20220212_historic.tiff
Created /mnt/data1/UniBe-swiss-ndvi/data/tiffs_historic_v7_compr/20220212_historic_mask.tiff
Created /mnt/data1/UniBe-swiss-ndvi/data/tiffs_historic_v7_compr/20220213_historic.tiff
Created /mnt/data1/UniBe-swiss-ndvi/data/tiffs_historic_v7_compr/20220213_historic_mask.tiff
Created /mnt/data1/UniBe-swiss-ndvi/data/tiffs_historic_v7_compr/20220214_historic.tiff
Created /mnt/data1/UniBe-swiss-ndvi/data/tiffs_historic_v7_compr/20220214_historic_mask.tiff
Created /mnt/data1/UniBe-swiss-ndvi/data/tiffs_historic_v7_compr/20220215_historic.tiff
Created /mnt/data1/UniBe-swiss-ndvi/data/tiffs_historic_v7_compr/20220215_historic_mask.tiff
Created /mnt/data1/UniBe-swiss-ndvi/data/tiffs_historic_v7_compr/20220216_historic.tiff
Created /mnt/data1/UniBe-swiss-ndvi/data/tiffs_historic_v7_compr/20220216_historic_mask.tiff
Created /mnt/data1/UniBe-swiss-ndvi/data/tiffs_historic_v7_compr/20220217_historic.tiff
Created /mnt/data1/UniBe-swiss-ndvi/data/tiffs_historic_v7_compr/20220217_historic_mask.tiff
Created /mnt/data1/UniBe-swiss-ndvi/data/tiffs_historic_v7_compr/20220218_historic.tiff
Created /mnt/data1/UniBe-swiss-ndvi/data/tiffs_historic_v7_compr/20220218_historic_mask.tiff
Created /mnt/data1/UniBe-swiss-ndvi/data/tiffs_historic_v7_compr/20220219_historic.tiff
Created /mnt/data1/UniBe-swiss-ndvi/data/tiffs_historic_v7_compr/20220219_historic_mask.tiff
Created /mnt/data1/UniBe-swiss-ndvi/data/tiffs_historic_v7_compr/20220220_historic.tiff
Created /mnt/data1/UniBe-swiss-ndvi/data/tiffs_historic_v7_compr/20220220_historic_mask.tiff
Created /mnt/data1/UniBe-swiss-ndvi/data/tiffs_historic_v7_compr/20220221_historic.tiff
Created /mnt/data1/UniBe-swiss-ndvi/data/tiffs_historic_v7_compr/20220221_historic_mask.tiff
Created /mnt/data1/UniBe-swiss-ndvi/data/tiffs_historic_v7_compr/20220222_historic.tiff
Created /mnt/data1/UniBe-swiss-ndvi/data/tiffs_historic_v7_compr/20220222_historic_mask.tiff
Created /mnt/data1/UniBe-swiss-ndvi/data/tiffs_historic_v7_compr/20220223_historic.tiff
Created /mnt/data1/UniBe-swiss-ndvi/data/tiffs_historic_v7_compr/20220223_historic_mask.tiff
Created /mnt/data1/UniBe-swiss-ndvi/data/tiffs_historic_v7_compr/20220224_historic.tiff
Created /mnt/data1/UniBe-swiss-ndvi/data/tiffs_historic_v7_compr/20220224_historic_mask.tiff
Created /mnt/data1/UniBe-swiss-ndvi/data/tiffs_historic_v7_compr/20220225_historic.tiff
Created /mnt/data1/UniBe-swiss-ndvi/data/tiffs_historic_v7_compr/20220225_historic_mask.tiff
Created /mnt/data1/UniBe-swiss-ndvi/data/tiffs_historic_v7_compr/20220226_historic.tiff
Created /mnt/data1/UniBe-swiss-ndvi/data/tiffs_historic_v7_compr/20220226_historic_mask.tiff
Created /mnt/data1/UniBe-swiss-ndvi/data/tiffs_historic_v7_compr/20220227_historic.tiff
Created /mnt/data1/UniBe-swiss-ndvi/data/tiffs_historic_v7_compr/20220227_historic_mask.tiff
Created /mnt/data1/UniBe-swiss-ndvi/data/tiffs_historic_v7_compr/20220228_historic.tiff
Created /mnt/data1/UniBe-swiss-ndvi/data/tiffs_historic_v7_compr/20220228_historic_mask.tiff
Created /mnt/data1/UniBe-swiss-ndvi/data/tiffs_historic_v7_compr/20220301_historic.tiff
Created /mnt/data1/UniBe-swiss-ndvi/data/tiffs_historic_v7_compr/20220301_historic_mask.tiff
Created /mnt/data1/UniBe-swiss-ndvi/data/tiffs_historic_v7_compr/20220302_historic.tiff
Created /mnt/data1/UniBe-swiss-ndvi/data/tiffs_historic_v7_compr/20220302_historic_mask.tiff
Created /mnt/data1/UniBe-swiss-ndvi/data/tiffs_historic_v7_compr/20220303_historic.tiff
Created /mnt/data1/UniBe-swiss-ndvi/data/tiffs_historic_v7_compr/20220303_historic_mask.tiff
Created /mnt/data1/UniBe-swiss-ndvi/data/tiffs_historic_v7_compr/20220304_historic.tiff
Created /mnt/data1/UniBe-swiss-ndvi/data/tiffs_historic_v7_compr/20220304_historic_mask.tiff
Created /mnt/data1/UniBe-swiss-ndvi/data/tiffs_historic_v7_compr/20220305_historic.tiff
Created /mnt/data1/UniBe-swiss-ndvi/data/tiffs_historic_v7_compr/20220305_historic_mask.tiff
Created /mnt/data1/UniBe-swiss-ndvi/data/tiffs_historic_v7_compr/20220306_historic.tiff
Created /mnt/data1/UniBe-swiss-ndvi/data/tiffs_historic_v7_compr/20220306_historic_mask.tiff
Created /mnt/data1/UniBe-swiss-ndvi/data/tiffs_historic_v7_compr/20220307_historic.tiff
Created /mnt/data1/UniBe-swiss-ndvi/data/tiffs_historic_v7_compr/20220307_historic_mask.tiff
Created /mnt/data1/UniBe-swiss-ndvi/data/tiffs_historic_v7_compr/20220308_historic.tiff
Created /mnt/data1/UniBe-swiss-ndvi/data/tiffs_historic_v7_compr/20220308_historic_mask.tiff
Created /mnt/data1/UniBe-swiss-ndvi/data/tiffs_historic_v7_compr/20220309_historic.tiff
Created /mnt/data1/UniBe-swiss-ndvi/data/tiffs_historic_v7_compr/20220309_historic_mask.tiff
Created /mnt/data1/UniBe-swiss-ndvi/data/tiffs_historic_v7_compr/20220310_historic.tiff
Created /mnt/data1/UniBe-swiss-ndvi/data/tiffs_historic_v7_compr/20220310_historic_mask.tiff
Created /mnt/data1/UniBe-swiss-ndvi/data/tiffs_historic_v7_compr/20220311_historic.tiff
Created /mnt/data1/UniBe-swiss-ndvi/data/tiffs_historic_v7_compr/20220311_historic_mask.tiff
Created /mnt/data1/UniBe-swiss-ndvi/data/tiffs_historic_v7_compr/20220312_historic.tiff
Created /mnt/data1/UniBe-swiss-ndvi/data/tiffs_historic_v7_compr/20220312_historic_mask.tiff
Created /mnt/data1/UniBe-swiss-ndvi/data/tiffs_historic_v7_compr/20220313_historic.tiff
Created /mnt/data1/UniBe-swiss-ndvi/data/tiffs_historic_v7_compr/20220313_historic_mask.tiff
Created /mnt/data1/UniBe-swiss-ndvi/data/tiffs_historic_v7_compr/20220314_historic.tiff
Created /mnt/data1/UniBe-swiss-ndvi/data/tiffs_historic_v7_compr/20220314_historic_mask.tiff
Created /mnt/data1/UniBe-swiss-ndvi/data/tiffs_historic_v7_compr/20220315_historic.tiff
Created /mnt/data1/UniBe-swiss-ndvi/data/tiffs_historic_v7_compr/20220315_historic_mask.tiff
Created /mnt/data1/UniBe-swiss-ndvi/data/tiffs_historic_v7_compr/20220316_historic.tiff
Created /mnt/data1/UniBe-swiss-ndvi/data/tiffs_historic_v7_compr/20220316_historic_mask.tiff
Created /mnt/data1/UniBe-swiss-ndvi/data/tiffs_historic_v7_compr/20220317_historic.tiff
Created /mnt/data1/UniBe-swiss-ndvi/data/tiffs_historic_v7_compr/20220317_historic_mask.tiff
Created /mnt/data1/UniBe-swiss-ndvi/data/tiffs_historic_v7_compr/20220318_historic.tiff
Created /mnt/data1/UniBe-swiss-ndvi/data/tiffs_historic_v7_compr/20220318_historic_mask.tiff
Created /mnt/data1/UniBe-swiss-ndvi/data/tiffs_historic_v7_compr/20220319_historic.tiff
Created /mnt/data1/UniBe-swiss-ndvi/data/tiffs_historic_v7_compr/20220319_historic_mask.tiff
Created /mnt/data1/UniBe-swiss-ndvi/data/tiffs_historic_v7_compr/20220320_historic.tiff
Created /mnt/data1/UniBe-swiss-ndvi/data/tiffs_historic_v7_compr/20220320_historic_mask.tiff
Created /mnt/data1/UniBe-swiss-ndvi/data/tiffs_historic_v7_compr/20220321_historic.tiff
Created /mnt/data1/UniBe-swiss-ndvi/data/tiffs_historic_v7_compr/20220321_historic_mask.tiff
Created /mnt/data1/UniBe-swiss-ndvi/data/tiffs_historic_v7_compr/20220322_historic.tiff
Created /mnt/data1/UniBe-swiss-ndvi/data/tiffs_historic_v7_compr/20220322_historic_mask.tiff
Created /mnt/data1/UniBe-swiss-ndvi/data/tiffs_historic_v7_compr/20220323_historic.tiff
Created /mnt/data1/UniBe-swiss-ndvi/data/tiffs_historic_v7_compr/20220323_historic_mask.tiff
Created /mnt/data1/UniBe-swiss-ndvi/data/tiffs_historic_v7_compr/20220324_historic.tiff
Created /mnt/data1/UniBe-swiss-ndvi/data/tiffs_historic_v7_compr/20220324_historic_mask.tiff
Created /mnt/data1/UniBe-swiss-ndvi/data/tiffs_historic_v7_compr/20220325_historic.tiff
Created /mnt/data1/UniBe-swiss-ndvi/data/tiffs_historic_v7_compr/20220325_historic_mask.tiff
Created /mnt/data1/UniBe-swiss-ndvi/data/tiffs_historic_v7_compr/20220326_historic.tiff
Created /mnt/data1/UniBe-swiss-ndvi/data/tiffs_historic_v7_compr/20220326_historic_mask.tiff
Created /mnt/data1/UniBe-swiss-ndvi/data/tiffs_historic_v7_compr/20220327_historic.tiff
Created /mnt/data1/UniBe-swiss-ndvi/data/tiffs_historic_v7_compr/20220327_historic_mask.tiff
Created /mnt/data1/UniBe-swiss-ndvi/data/tiffs_historic_v7_compr/20220328_historic.tiff
Created /mnt/data1/UniBe-swiss-ndvi/data/tiffs_historic_v7_compr/20220328_historic_mask.tiff
Created /mnt/data1/UniBe-swiss-ndvi/data/tiffs_historic_v7_compr/20220329_historic.tiff
Created /mnt/data1/UniBe-swiss-ndvi/data/tiffs_historic_v7_compr/20220329_historic_mask.tiff
Created /mnt/data1/UniBe-swiss-ndvi/data/tiffs_historic_v7_compr/20220330_historic.tiff
Created /mnt/data1/UniBe-swiss-ndvi/data/tiffs_historic_v7_compr/20220330_historic_mask.tiff
Created /mnt/data1/UniBe-swiss-ndvi/data/tiffs_historic_v7_compr/20220331_historic.tiff
Created /mnt/data1/UniBe-swiss-ndvi/data/tiffs_historic_v7_compr/20220331_historic_mask.tiff
Created /mnt/data1/UniBe-swiss-ndvi/data/tiffs_historic_v7_compr/20220401_historic.tiff
Created /mnt/data1/UniBe-swiss-ndvi/data/tiffs_historic_v7_compr/20220401_historic_mask.tiff
Created /mnt/data1/UniBe-swiss-ndvi/data/tiffs_historic_v7_compr/20220402_historic.tiff
Created /mnt/data1/UniBe-swiss-ndvi/data/tiffs_historic_v7_compr/20220402_historic_mask.tiff
Created /mnt/data1/UniBe-swiss-ndvi/data/tiffs_historic_v7_compr/20220403_historic.tiff
Created /mnt/data1/UniBe-swiss-ndvi/data/tiffs_historic_v7_compr/20220403_historic_mask.tiff
Created /mnt/data1/UniBe-swiss-ndvi/data/tiffs_historic_v7_compr/20220404_historic.tiff
Created /mnt/data1/UniBe-swiss-ndvi/data/tiffs_historic_v7_compr/20220404_historic_mask.tiff
Created /mnt/data1/UniBe-swiss-ndvi/data/tiffs_historic_v7_compr/20220405_historic.tiff
Created /mnt/data1/UniBe-swiss-ndvi/data/tiffs_historic_v7_compr/20220405_historic_mask.tiff
Created /mnt/data1/UniBe-swiss-ndvi/data/tiffs_historic_v7_compr/20220406_historic.tiff
Created /mnt/data1/UniBe-swiss-ndvi/data/tiffs_historic_v7_compr/20220406_historic_mask.tiff
Created /mnt/data1/UniBe-swiss-ndvi/data/tiffs_historic_v7_compr/20220407_historic.tiff
Created /mnt/data1/UniBe-swiss-ndvi/data/tiffs_historic_v7_compr/20220407_historic_mask.tiff
Created /mnt/data1/UniBe-swiss-ndvi/data/tiffs_historic_v7_compr/20220408_historic.tiff
Created /mnt/data1/UniBe-swiss-ndvi/data/tiffs_historic_v7_compr/20220408_historic_mask.tiff
Created /mnt/data1/UniBe-swiss-ndvi/data/tiffs_historic_v7_compr/20220409_historic.tiff
Created /mnt/data1/UniBe-swiss-ndvi/data/tiffs_historic_v7_compr/20220409_historic_mask.tiff
Created /mnt/data1/UniBe-swiss-ndvi/data/tiffs_historic_v7_compr/20220410_historic.tiff
Created /mnt/data1/UniBe-swiss-ndvi/data/tiffs_historic_v7_compr/20220410_historic_mask.tiff
Created /mnt/data1/UniBe-swiss-ndvi/data/tiffs_historic_v7_compr/20220411_historic.tiff
Created /mnt/data1/UniBe-swiss-ndvi/data/tiffs_historic_v7_compr/20220411_historic_mask.tiff
Created /mnt/data1/UniBe-swiss-ndvi/data/tiffs_historic_v7_compr/20220412_historic.tiff
Created /mnt/data1/UniBe-swiss-ndvi/data/tiffs_historic_v7_compr/20220412_historic_mask.tiff
Created /mnt/data1/UniBe-swiss-ndvi/data/tiffs_historic_v7_compr/20220413_historic.tiff
Created /mnt/data1/UniBe-swiss-ndvi/data/tiffs_historic_v7_compr/20220413_historic_mask.tiff
Created /mnt/data1/UniBe-swiss-ndvi/data/tiffs_historic_v7_compr/20220414_historic.tiff
Created /mnt/data1/UniBe-swiss-ndvi/data/tiffs_historic_v7_compr/20220414_historic_mask.tiff
Created /mnt/data1/UniBe-swiss-ndvi/data/tiffs_historic_v7_compr/20220415_historic.tiff
Created /mnt/data1/UniBe-swiss-ndvi/data/tiffs_historic_v7_compr/20220415_historic_mask.tiff
Created /mnt/data1/UniBe-swiss-ndvi/data/tiffs_historic_v7_compr/20220416_historic.tiff
Created /mnt/data1/UniBe-swiss-ndvi/data/tiffs_historic_v7_compr/20220416_historic_mask.tiff
Created /mnt/data1/UniBe-swiss-ndvi/data/tiffs_historic_v7_compr/20220417_historic.tiff
Created /mnt/data1/UniBe-swiss-ndvi/data/tiffs_historic_v7_compr/20220417_historic_mask.tiff
Created /mnt/data1/UniBe-swiss-ndvi/data/tiffs_historic_v7_compr/20220418_historic.tiff
Created /mnt/data1/UniBe-swiss-ndvi/data/tiffs_historic_v7_compr/20220418_historic_mask.tiff
Created /mnt/data1/UniBe-swiss-ndvi/data/tiffs_historic_v7_compr/20220419_historic.tiff
Created /mnt/data1/UniBe-swiss-ndvi/data/tiffs_historic_v7_compr/20220419_historic_mask.tiff
Created /mnt/data1/UniBe-swiss-ndvi/data/tiffs_historic_v7_compr/20220420_historic.tiff
Created /mnt/data1/UniBe-swiss-ndvi/data/tiffs_historic_v7_compr/20220420_historic_mask.tiff
Created /mnt/data1/UniBe-swiss-ndvi/data/tiffs_historic_v7_compr/20220421_historic.tiff
Created /mnt/data1/UniBe-swiss-ndvi/data/tiffs_historic_v7_compr/20220421_historic_mask.tiff
Created /mnt/data1/UniBe-swiss-ndvi/data/tiffs_historic_v7_compr/20220422_historic.tiff
Created /mnt/data1/UniBe-swiss-ndvi/data/tiffs_historic_v7_compr/20220422_historic_mask.tiff
Created /mnt/data1/UniBe-swiss-ndvi/data/tiffs_historic_v7_compr/20220423_historic.tiff
Created /mnt/data1/UniBe-swiss-ndvi/data/tiffs_historic_v7_compr/20220423_historic_mask.tiff
Created /mnt/data1/UniBe-swiss-ndvi/data/tiffs_historic_v7_compr/20220424_historic.tiff
Created /mnt/data1/UniBe-swiss-ndvi/data/tiffs_historic_v7_compr/20220424_historic_mask.tiff
Created /mnt/data1/UniBe-swiss-ndvi/data/tiffs_historic_v7_compr/20220425_historic.tiff
Created /mnt/data1/UniBe-swiss-ndvi/data/tiffs_historic_v7_compr/20220425_historic_mask.tiff
Created /mnt/data1/UniBe-swiss-ndvi/data/tiffs_historic_v7_compr/20220426_historic.tiff
Created /mnt/data1/UniBe-swiss-ndvi/data/tiffs_historic_v7_compr/20220426_historic_mask.tiff
Created /mnt/data1/UniBe-swiss-ndvi/data/tiffs_historic_v7_compr/20220427_historic.tiff
Created /mnt/data1/UniBe-swiss-ndvi/data/tiffs_historic_v7_compr/20220427_historic_mask.tiff
Created /mnt/data1/UniBe-swiss-ndvi/data/tiffs_historic_v7_compr/20220428_historic.tiff
Created /mnt/data1/UniBe-swiss-ndvi/data/tiffs_historic_v7_compr/20220428_historic_mask.tiff
Created /mnt/data1/UniBe-swiss-ndvi/data/tiffs_historic_v7_compr/20220429_historic.tiff
Created /mnt/data1/UniBe-swiss-ndvi/data/tiffs_historic_v7_compr/20220429_historic_mask.tiff
Created /mnt/data1/UniBe-swiss-ndvi/data/tiffs_historic_v7_compr/20220430_historic.tiff
Created /mnt/data1/UniBe-swiss-ndvi/data/tiffs_historic_v7_compr/20220430_historic_mask.tiff
Created /mnt/data1/UniBe-swiss-ndvi/data/tiffs_historic_v7_compr/20220501_historic.tiff
Created /mnt/data1/UniBe-swiss-ndvi/data/tiffs_historic_v7_compr/20220501_historic_mask.tiff
Created /mnt/data1/UniBe-swiss-ndvi/data/tiffs_historic_v7_compr/20220502_historic.tiff
Created /mnt/data1/UniBe-swiss-ndvi/data/tiffs_historic_v7_compr/20220502_historic_mask.tiff
Created /mnt/data1/UniBe-swiss-ndvi/data/tiffs_historic_v7_compr/20220503_historic.tiff
Created /mnt/data1/UniBe-swiss-ndvi/data/tiffs_historic_v7_compr/20220503_historic_mask.tiff
Created /mnt/data1/UniBe-swiss-ndvi/data/tiffs_historic_v7_compr/20220504_historic.tiff
Created /mnt/data1/UniBe-swiss-ndvi/data/tiffs_historic_v7_compr/20220504_historic_mask.tiff
Created /mnt/data1/UniBe-swiss-ndvi/data/tiffs_historic_v7_compr/20220505_historic.tiff
Created /mnt/data1/UniBe-swiss-ndvi/data/tiffs_historic_v7_compr/20220505_historic_mask.tiff
Created /mnt/data1/UniBe-swiss-ndvi/data/tiffs_historic_v7_compr/20220506_historic.tiff
Created /mnt/data1/UniBe-swiss-ndvi/data/tiffs_historic_v7_compr/20220506_historic_mask.tiff
Created /mnt/data1/UniBe-swiss-ndvi/data/tiffs_historic_v7_compr/20220507_historic.tiff
Created /mnt/data1/UniBe-swiss-ndvi/data/tiffs_historic_v7_compr/20220507_historic_mask.tiff
Created /mnt/data1/UniBe-swiss-ndvi/data/tiffs_historic_v7_compr/20220508_historic.tiff
Created /mnt/data1/UniBe-swiss-ndvi/data/tiffs_historic_v7_compr/20220508_historic_mask.tiff
Created /mnt/data1/UniBe-swiss-ndvi/data/tiffs_historic_v7_compr/20220509_historic.tiff
Created /mnt/data1/UniBe-swiss-ndvi/data/tiffs_historic_v7_compr/20220509_historic_mask.tiff
Created /mnt/data1/UniBe-swiss-ndvi/data/tiffs_historic_v7_compr/20220510_historic.tiff
Created /mnt/data1/UniBe-swiss-ndvi/data/tiffs_historic_v7_compr/20220510_historic_mask.tiff
Created /mnt/data1/UniBe-swiss-ndvi/data/tiffs_historic_v7_compr/20220511_historic.tiff
Created /mnt/data1/UniBe-swiss-ndvi/data/tiffs_historic_v7_compr/20220511_historic_mask.tiff
Created /mnt/data1/UniBe-swiss-ndvi/data/tiffs_historic_v7_compr/20220512_historic.tiff
Created /mnt/data1/UniBe-swiss-ndvi/data/tiffs_historic_v7_compr/20220512_historic_mask.tiff
Created /mnt/data1/UniBe-swiss-ndvi/data/tiffs_historic_v7_compr/20220513_historic.tiff
Created /mnt/data1/UniBe-swiss-ndvi/data/tiffs_historic_v7_compr/20220513_historic_mask.tiff
Created /mnt/data1/UniBe-swiss-ndvi/data/tiffs_historic_v7_compr/20220514_historic.tiff
Created /mnt/data1/UniBe-swiss-ndvi/data/tiffs_historic_v7_compr/20220514_historic_mask.tiff
Created /mnt/data1/UniBe-swiss-ndvi/data/tiffs_historic_v7_compr/20220515_historic.tiff
Created /mnt/data1/UniBe-swiss-ndvi/data/tiffs_historic_v7_compr/20220515_historic_mask.tiff
Created /mnt/data1/UniBe-swiss-ndvi/data/tiffs_historic_v7_compr/20220516_historic.tiff
Created /mnt/data1/UniBe-swiss-ndvi/data/tiffs_historic_v7_compr/20220516_historic_mask.tiff
Created /mnt/data1/UniBe-swiss-ndvi/data/tiffs_historic_v7_compr/20220517_historic.tiff
Created /mnt/data1/UniBe-swiss-ndvi/data/tiffs_historic_v7_compr/20220517_historic_mask.tiff
Created /mnt/data1/UniBe-swiss-ndvi/data/tiffs_historic_v7_compr/20220518_historic.tiff
Created /mnt/data1/UniBe-swiss-ndvi/data/tiffs_historic_v7_compr/20220518_historic_mask.tiff
Created /mnt/data1/UniBe-swiss-ndvi/data/tiffs_historic_v7_compr/20220519_historic.tiff
Created /mnt/data1/UniBe-swiss-ndvi/data/tiffs_historic_v7_compr/20220519_historic_mask.tiff
Created /mnt/data1/UniBe-swiss-ndvi/data/tiffs_historic_v7_compr/20220520_historic.tiff
Created /mnt/data1/UniBe-swiss-ndvi/data/tiffs_historic_v7_compr/20220520_historic_mask.tiff
Created /mnt/data1/UniBe-swiss-ndvi/data/tiffs_historic_v7_compr/20220521_historic.tiff
Created /mnt/data1/UniBe-swiss-ndvi/data/tiffs_historic_v7_compr/20220521_historic_mask.tiff
Created /mnt/data1/UniBe-swiss-ndvi/data/tiffs_historic_v7_compr/20220522_historic.tiff
Created /mnt/data1/UniBe-swiss-ndvi/data/tiffs_historic_v7_compr/20220522_historic_mask.tiff
Created /mnt/data1/UniBe-swiss-ndvi/data/tiffs_historic_v7_compr/20220523_historic.tiff
Created /mnt/data1/UniBe-swiss-ndvi/data/tiffs_historic_v7_compr/20220523_historic_mask.tiff
Created /mnt/data1/UniBe-swiss-ndvi/data/tiffs_historic_v7_compr/20220524_historic.tiff
Created /mnt/data1/UniBe-swiss-ndvi/data/tiffs_historic_v7_compr/20220524_historic_mask.tiff
Created /mnt/data1/UniBe-swiss-ndvi/data/tiffs_historic_v7_compr/20220525_historic.tiff
Created /mnt/data1/UniBe-swiss-ndvi/data/tiffs_historic_v7_compr/20220525_historic_mask.tiff
Created /mnt/data1/UniBe-swiss-ndvi/data/tiffs_historic_v7_compr/20220526_historic.tiff
Created /mnt/data1/UniBe-swiss-ndvi/data/tiffs_historic_v7_compr/20220526_historic_mask.tiff
Created /mnt/data1/UniBe-swiss-ndvi/data/tiffs_historic_v7_compr/20220527_historic.tiff
Created /mnt/data1/UniBe-swiss-ndvi/data/tiffs_historic_v7_compr/20220527_historic_mask.tiff
Created /mnt/data1/UniBe-swiss-ndvi/data/tiffs_historic_v7_compr/20220528_historic.tiff
Created /mnt/data1/UniBe-swiss-ndvi/data/tiffs_historic_v7_compr/20220528_historic_mask.tiff
Created /mnt/data1/UniBe-swiss-ndvi/data/tiffs_historic_v7_compr/20220529_historic.tiff
Created /mnt/data1/UniBe-swiss-ndvi/data/tiffs_historic_v7_compr/20220529_historic_mask.tiff
Created /mnt/data1/UniBe-swiss-ndvi/data/tiffs_historic_v7_compr/20220530_historic.tiff
Created /mnt/data1/UniBe-swiss-ndvi/data/tiffs_historic_v7_compr/20220530_historic_mask.tiff
Created /mnt/data1/UniBe-swiss-ndvi/data/tiffs_historic_v7_compr/20220531_historic.tiff
Created /mnt/data1/UniBe-swiss-ndvi/data/tiffs_historic_v7_compr/20220531_historic_mask.tiff
Created /mnt/data1/UniBe-swiss-ndvi/data/tiffs_historic_v7_compr/20220601_historic.tiff
Created /mnt/data1/UniBe-swiss-ndvi/data/tiffs_historic_v7_compr/20220601_historic_mask.tiff
Created /mnt/data1/UniBe-swiss-ndvi/data/tiffs_historic_v7_compr/20220602_historic.tiff
Created /mnt/data1/UniBe-swiss-ndvi/data/tiffs_historic_v7_compr/20220602_historic_mask.tiff
Created /mnt/data1/UniBe-swiss-ndvi/data/tiffs_historic_v7_compr/20220603_historic.tiff
Created /mnt/data1/UniBe-swiss-ndvi/data/tiffs_historic_v7_compr/20220603_historic_mask.tiff
Created /mnt/data1/UniBe-swiss-ndvi/data/tiffs_historic_v7_compr/20220604_historic.tiff
Created /mnt/data1/UniBe-swiss-ndvi/data/tiffs_historic_v7_compr/20220604_historic_mask.tiff
Created /mnt/data1/UniBe-swiss-ndvi/data/tiffs_historic_v7_compr/20220605_historic.tiff
Created /mnt/data1/UniBe-swiss-ndvi/data/tiffs_historic_v7_compr/20220605_historic_mask.tiff
Created /mnt/data1/UniBe-swiss-ndvi/data/tiffs_historic_v7_compr/20220606_historic.tiff
Created /mnt/data1/UniBe-swiss-ndvi/data/tiffs_historic_v7_compr/20220606_historic_mask.tiff
Created /mnt/data1/UniBe-swiss-ndvi/data/tiffs_historic_v7_compr/20220607_historic.tiff
Created /mnt/data1/UniBe-swiss-ndvi/data/tiffs_historic_v7_compr/20220607_historic_mask.tiff
Created /mnt/data1/UniBe-swiss-ndvi/data/tiffs_historic_v7_compr/20220608_historic.tiff
Created /mnt/data1/UniBe-swiss-ndvi/data/tiffs_historic_v7_compr/20220608_historic_mask.tiff
Created /mnt/data1/UniBe-swiss-ndvi/data/tiffs_historic_v7_compr/20220609_historic.tiff
Created /mnt/data1/UniBe-swiss-ndvi/data/tiffs_historic_v7_compr/20220609_historic_mask.tiff
Created /mnt/data1/UniBe-swiss-ndvi/data/tiffs_historic_v7_compr/20220610_historic.tiff
Created /mnt/data1/UniBe-swiss-ndvi/data/tiffs_historic_v7_compr/20220610_historic_mask.tiff
Created /mnt/data1/UniBe-swiss-ndvi/data/tiffs_historic_v7_compr/20220611_historic.tiff
Created /mnt/data1/UniBe-swiss-ndvi/data/tiffs_historic_v7_compr/20220611_historic_mask.tiff
Created /mnt/data1/UniBe-swiss-ndvi/data/tiffs_historic_v7_compr/20220612_historic.tiff
Created /mnt/data1/UniBe-swiss-ndvi/data/tiffs_historic_v7_compr/20220612_historic_mask.tiff
Created /mnt/data1/UniBe-swiss-ndvi/data/tiffs_historic_v7_compr/20220613_historic.tiff
Created /mnt/data1/UniBe-swiss-ndvi/data/tiffs_historic_v7_compr/20220613_historic_mask.tiff
Created /mnt/data1/UniBe-swiss-ndvi/data/tiffs_historic_v7_compr/20220614_historic.tiff
Created /mnt/data1/UniBe-swiss-ndvi/data/tiffs_historic_v7_compr/20220614_historic_mask.tiff
Created /mnt/data1/UniBe-swiss-ndvi/data/tiffs_historic_v7_compr/20220615_historic.tiff
Created /mnt/data1/UniBe-swiss-ndvi/data/tiffs_historic_v7_compr/20220615_historic_mask.tiff
Created /mnt/data1/UniBe-swiss-ndvi/data/tiffs_historic_v7_compr/20220616_historic.tiff
Created /mnt/data1/UniBe-swiss-ndvi/data/tiffs_historic_v7_compr/20220616_historic_mask.tiff
Created /mnt/data1/UniBe-swiss-ndvi/data/tiffs_historic_v7_compr/20220617_historic.tiff
Created /mnt/data1/UniBe-swiss-ndvi/data/tiffs_historic_v7_compr/20220617_historic_mask.tiff
Created /mnt/data1/UniBe-swiss-ndvi/data/tiffs_historic_v7_compr/20220618_historic.tiff
Created /mnt/data1/UniBe-swiss-ndvi/data/tiffs_historic_v7_compr/20220618_historic_mask.tiff
Created /mnt/data1/UniBe-swiss-ndvi/data/tiffs_historic_v7_compr/20220619_historic.tiff
Created /mnt/data1/UniBe-swiss-ndvi/data/tiffs_historic_v7_compr/20220619_historic_mask.tiff
Created /mnt/data1/UniBe-swiss-ndvi/data/tiffs_historic_v7_compr/20220620_historic.tiff
Created /mnt/data1/UniBe-swiss-ndvi/data/tiffs_historic_v7_compr/20220620_historic_mask.tiff
Created /mnt/data1/UniBe-swiss-ndvi/data/tiffs_historic_v7_compr/20220621_historic.tiff
Created /mnt/data1/UniBe-swiss-ndvi/data/tiffs_historic_v7_compr/20220621_historic_mask.tiff
Created /mnt/data1/UniBe-swiss-ndvi/data/tiffs_historic_v7_compr/20220622_historic.tiff
Created /mnt/data1/UniBe-swiss-ndvi/data/tiffs_historic_v7_compr/20220622_historic_mask.tiff
Created /mnt/data1/UniBe-swiss-ndvi/data/tiffs_historic_v7_compr/20220623_historic.tiff
Created /mnt/data1/UniBe-swiss-ndvi/data/tiffs_historic_v7_compr/20220623_historic_mask.tiff
Created /mnt/data1/UniBe-swiss-ndvi/data/tiffs_historic_v7_compr/20220624_historic.tiff
Created /mnt/data1/UniBe-swiss-ndvi/data/tiffs_historic_v7_compr/20220624_historic_mask.tiff
Created /mnt/data1/UniBe-swiss-ndvi/data/tiffs_historic_v7_compr/20220625_historic.tiff
Created /mnt/data1/UniBe-swiss-ndvi/data/tiffs_historic_v7_compr/20220625_historic_mask.tiff
Created /mnt/data1/UniBe-swiss-ndvi/data/tiffs_historic_v7_compr/20220626_historic.tiff
Created /mnt/data1/UniBe-swiss-ndvi/data/tiffs_historic_v7_compr/20220626_historic_mask.tiff
Created /mnt/data1/UniBe-swiss-ndvi/data/tiffs_historic_v7_compr/20220627_historic.tiff
Created /mnt/data1/UniBe-swiss-ndvi/data/tiffs_historic_v7_compr/20220627_historic_mask.tiff
Created /mnt/data1/UniBe-swiss-ndvi/data/tiffs_historic_v7_compr/20220628_historic.tiff
Created /mnt/data1/UniBe-swiss-ndvi/data/tiffs_historic_v7_compr/20220628_historic_mask.tiff
Created /mnt/data1/UniBe-swiss-ndvi/data/tiffs_historic_v7_compr/20220629_historic.tiff
Created /mnt/data1/UniBe-swiss-ndvi/data/tiffs_historic_v7_compr/20220629_historic_mask.tiff
Created /mnt/data1/UniBe-swiss-ndvi/data/tiffs_historic_v7_compr/20220630_historic.tiff
Created /mnt/data1/UniBe-swiss-ndvi/data/tiffs_historic_v7_compr/20220630_historic_mask.tiff
Created /mnt/data1/UniBe-swiss-ndvi/data/tiffs_historic_v7_compr/20220701_historic.tiff
Created /mnt/data1/UniBe-swiss-ndvi/data/tiffs_historic_v7_compr/20220701_historic_mask.tiff
Created /mnt/data1/UniBe-swiss-ndvi/data/tiffs_historic_v7_compr/20220702_historic.tiff
Created /mnt/data1/UniBe-swiss-ndvi/data/tiffs_historic_v7_compr/20220702_historic_mask.tiff
Created /mnt/data1/UniBe-swiss-ndvi/data/tiffs_historic_v7_compr/20220703_historic.tiff
Created /mnt/data1/UniBe-swiss-ndvi/data/tiffs_historic_v7_compr/20220703_historic_mask.tiff
Created /mnt/data1/UniBe-swiss-ndvi/data/tiffs_historic_v7_compr/20220704_historic.tiff
Created /mnt/data1/UniBe-swiss-ndvi/data/tiffs_historic_v7_compr/20220704_historic_mask.tiff
Created /mnt/data1/UniBe-swiss-ndvi/data/tiffs_historic_v7_compr/20220705_historic.tiff
Created /mnt/data1/UniBe-swiss-ndvi/data/tiffs_historic_v7_compr/20220705_historic_mask.tiff
Created /mnt/data1/UniBe-swiss-ndvi/data/tiffs_historic_v7_compr/20220706_historic.tiff
Created /mnt/data1/UniBe-swiss-ndvi/data/tiffs_historic_v7_compr/20220706_historic_mask.tiff
Created /mnt/data1/UniBe-swiss-ndvi/data/tiffs_historic_v7_compr/20220707_historic.tiff
Created /mnt/data1/UniBe-swiss-ndvi/data/tiffs_historic_v7_compr/20220707_historic_mask.tiff
Created /mnt/data1/UniBe-swiss-ndvi/data/tiffs_historic_v7_compr/20220708_historic.tiff
Created /mnt/data1/UniBe-swiss-ndvi/data/tiffs_historic_v7_compr/20220708_historic_mask.tiff
Created /mnt/data1/UniBe-swiss-ndvi/data/tiffs_historic_v7_compr/20220709_historic.tiff
Created /mnt/data1/UniBe-swiss-ndvi/data/tiffs_historic_v7_compr/20220709_historic_mask.tiff
Created /mnt/data1/UniBe-swiss-ndvi/data/tiffs_historic_v7_compr/20220710_historic.tiff
Created /mnt/data1/UniBe-swiss-ndvi/data/tiffs_historic_v7_compr/20220710_historic_mask.tiff
Created /mnt/data1/UniBe-swiss-ndvi/data/tiffs_historic_v7_compr/20220711_historic.tiff
Created /mnt/data1/UniBe-swiss-ndvi/data/tiffs_historic_v7_compr/20220711_historic_mask.tiff
Created /mnt/data1/UniBe-swiss-ndvi/data/tiffs_historic_v7_compr/20220712_historic.tiff
Created /mnt/data1/UniBe-swiss-ndvi/data/tiffs_historic_v7_compr/20220712_historic_mask.tiff
Created /mnt/data1/UniBe-swiss-ndvi/data/tiffs_historic_v7_compr/20220713_historic.tiff
Created /mnt/data1/UniBe-swiss-ndvi/data/tiffs_historic_v7_compr/20220713_historic_mask.tiff
Created /mnt/data1/UniBe-swiss-ndvi/data/tiffs_historic_v7_compr/20220714_historic.tiff
Created /mnt/data1/UniBe-swiss-ndvi/data/tiffs_historic_v7_compr/20220714_historic_mask.tiff
Created /mnt/data1/UniBe-swiss-ndvi/data/tiffs_historic_v7_compr/20220715_historic.tiff
Created /mnt/data1/UniBe-swiss-ndvi/data/tiffs_historic_v7_compr/20220715_historic_mask.tiff
Created /mnt/data1/UniBe-swiss-ndvi/data/tiffs_historic_v7_compr/20220716_historic.tiff
Created /mnt/data1/UniBe-swiss-ndvi/data/tiffs_historic_v7_compr/20220716_historic_mask.tiff
Created /mnt/data1/UniBe-swiss-ndvi/data/tiffs_historic_v7_compr/20220717_historic.tiff
Created /mnt/data1/UniBe-swiss-ndvi/data/tiffs_historic_v7_compr/20220717_historic_mask.tiff
Created /mnt/data1/UniBe-swiss-ndvi/data/tiffs_historic_v7_compr/20220718_historic.tiff
Created /mnt/data1/UniBe-swiss-ndvi/data/tiffs_historic_v7_compr/20220718_historic_mask.tiff
Created /mnt/data1/UniBe-swiss-ndvi/data/tiffs_historic_v7_compr/20220719_historic.tiff
Created /mnt/data1/UniBe-swiss-ndvi/data/tiffs_historic_v7_compr/20220719_historic_mask.tiff
Created /mnt/data1/UniBe-swiss-ndvi/data/tiffs_historic_v7_compr/20220720_historic.tiff
Created /mnt/data1/UniBe-swiss-ndvi/data/tiffs_historic_v7_compr/20220720_historic_mask.tiff
Created /mnt/data1/UniBe-swiss-ndvi/data/tiffs_historic_v7_compr/20220721_historic.tiff
Created /mnt/data1/UniBe-swiss-ndvi/data/tiffs_historic_v7_compr/20220721_historic_mask.tiff
Created /mnt/data1/UniBe-swiss-ndvi/data/tiffs_historic_v7_compr/20220722_historic.tiff
Created /mnt/data1/UniBe-swiss-ndvi/data/tiffs_historic_v7_compr/20220722_historic_mask.tiff
Created /mnt/data1/UniBe-swiss-ndvi/data/tiffs_historic_v7_compr/20220723_historic.tiff
Created /mnt/data1/UniBe-swiss-ndvi/data/tiffs_historic_v7_compr/20220723_historic_mask.tiff
Created /mnt/data1/UniBe-swiss-ndvi/data/tiffs_historic_v7_compr/20220724_historic.tiff
Created /mnt/data1/UniBe-swiss-ndvi/data/tiffs_historic_v7_compr/20220724_historic_mask.tiff
Created /mnt/data1/UniBe-swiss-ndvi/data/tiffs_historic_v7_compr/20220725_historic.tiff
Created /mnt/data1/UniBe-swiss-ndvi/data/tiffs_historic_v7_compr/20220725_historic_mask.tiff
Created /mnt/data1/UniBe-swiss-ndvi/data/tiffs_historic_v7_compr/20220726_historic.tiff
Created /mnt/data1/UniBe-swiss-ndvi/data/tiffs_historic_v7_compr/20220726_historic_mask.tiff
Created /mnt/data1/UniBe-swiss-ndvi/data/tiffs_historic_v7_compr/20220727_historic.tiff
Created /mnt/data1/UniBe-swiss-ndvi/data/tiffs_historic_v7_compr/20220727_historic_mask.tiff
Created /mnt/data1/UniBe-swiss-ndvi/data/tiffs_historic_v7_compr/20220728_historic.tiff
Created /mnt/data1/UniBe-swiss-ndvi/data/tiffs_historic_v7_compr/20220728_historic_mask.tiff
Created /mnt/data1/UniBe-swiss-ndvi/data/tiffs_historic_v7_compr/20220729_historic.tiff
Created /mnt/data1/UniBe-swiss-ndvi/data/tiffs_historic_v7_compr/20220729_historic_mask.tiff
Created /mnt/data1/UniBe-swiss-ndvi/data/tiffs_historic_v7_compr/20220730_historic.tiff
Created /mnt/data1/UniBe-swiss-ndvi/data/tiffs_historic_v7_compr/20220730_historic_mask.tiff
Created /mnt/data1/UniBe-swiss-ndvi/data/tiffs_historic_v7_compr/20220731_historic.tiff
Created /mnt/data1/UniBe-swiss-ndvi/data/tiffs_historic_v7_compr/20220731_historic_mask.tiff
Created /mnt/data1/UniBe-swiss-ndvi/data/tiffs_historic_v7_compr/20220801_historic.tiff
Created /mnt/data1/UniBe-swiss-ndvi/data/tiffs_historic_v7_compr/20220801_historic_mask.tiff
Created /mnt/data1/UniBe-swiss-ndvi/data/tiffs_historic_v7_compr/20220802_historic.tiff
Created /mnt/data1/UniBe-swiss-ndvi/data/tiffs_historic_v7_compr/20220802_historic_mask.tiff
Created /mnt/data1/UniBe-swiss-ndvi/data/tiffs_historic_v7_compr/20220803_historic.tiff
Created /mnt/data1/UniBe-swiss-ndvi/data/tiffs_historic_v7_compr/20220803_historic_mask.tiff
Created /mnt/data1/UniBe-swiss-ndvi/data/tiffs_historic_v7_compr/20220804_historic.tiff
Created /mnt/data1/UniBe-swiss-ndvi/data/tiffs_historic_v7_compr/20220804_historic_mask.tiff
Created /mnt/data1/UniBe-swiss-ndvi/data/tiffs_historic_v7_compr/20220805_historic.tiff
Created /mnt/data1/UniBe-swiss-ndvi/data/tiffs_historic_v7_compr/20220805_historic_mask.tiff
Created /mnt/data1/UniBe-swiss-ndvi/data/tiffs_historic_v7_compr/20220806_historic.tiff
Created /mnt/data1/UniBe-swiss-ndvi/data/tiffs_historic_v7_compr/20220806_historic_mask.tiff
Created /mnt/data1/UniBe-swiss-ndvi/data/tiffs_historic_v7_compr/20220807_historic.tiff
Created /mnt/data1/UniBe-swiss-ndvi/data/tiffs_historic_v7_compr/20220807_historic_mask.tiff
Created /mnt/data1/UniBe-swiss-ndvi/data/tiffs_historic_v7_compr/20220808_historic.tiff
Created /mnt/data1/UniBe-swiss-ndvi/data/tiffs_historic_v7_compr/20220808_historic_mask.tiff
Created /mnt/data1/UniBe-swiss-ndvi/data/tiffs_historic_v7_compr/20220809_historic.tiff
Created /mnt/data1/UniBe-swiss-ndvi/data/tiffs_historic_v7_compr/20220809_historic_mask.tiff
Created /mnt/data1/UniBe-swiss-ndvi/data/tiffs_historic_v7_compr/20220810_historic.tiff
Created /mnt/data1/UniBe-swiss-ndvi/data/tiffs_historic_v7_compr/20220810_historic_mask.tiff
Created /mnt/data1/UniBe-swiss-ndvi/data/tiffs_historic_v7_compr/20220811_historic.tiff
Created /mnt/data1/UniBe-swiss-ndvi/data/tiffs_historic_v7_compr/20220811_historic_mask.tiff
Created /mnt/data1/UniBe-swiss-ndvi/data/tiffs_historic_v7_compr/20220812_historic.tiff
Created /mnt/data1/UniBe-swiss-ndvi/data/tiffs_historic_v7_compr/20220812_historic_mask.tiff
Created /mnt/data1/UniBe-swiss-ndvi/data/tiffs_historic_v7_compr/20220813_historic.tiff
Created /mnt/data1/UniBe-swiss-ndvi/data/tiffs_historic_v7_compr/20220813_historic_mask.tiff
Created /mnt/data1/UniBe-swiss-ndvi/data/tiffs_historic_v7_compr/20220814_historic.tiff
Created /mnt/data1/UniBe-swiss-ndvi/data/tiffs_historic_v7_compr/20220814_historic_mask.tiff
Created /mnt/data1/UniBe-swiss-ndvi/data/tiffs_historic_v7_compr/20220815_historic.tiff
Created /mnt/data1/UniBe-swiss-ndvi/data/tiffs_historic_v7_compr/20220815_historic_mask.tiff
Created /mnt/data1/UniBe-swiss-ndvi/data/tiffs_historic_v7_compr/20220816_historic.tiff
Created /mnt/data1/UniBe-swiss-ndvi/data/tiffs_historic_v7_compr/20220816_historic_mask.tiff
Created /mnt/data1/UniBe-swiss-ndvi/data/tiffs_historic_v7_compr/20220817_historic.tiff
Created /mnt/data1/UniBe-swiss-ndvi/data/tiffs_historic_v7_compr/20220817_historic_mask.tiff
Created /mnt/data1/UniBe-swiss-ndvi/data/tiffs_historic_v7_compr/20220818_historic.tiff
Created /mnt/data1/UniBe-swiss-ndvi/data/tiffs_historic_v7_compr/20220818_historic_mask.tiff
Created /mnt/data1/UniBe-swiss-ndvi/data/tiffs_historic_v7_compr/20220819_historic.tiff
Created /mnt/data1/UniBe-swiss-ndvi/data/tiffs_historic_v7_compr/20220819_historic_mask.tiff
Created /mnt/data1/UniBe-swiss-ndvi/data/tiffs_historic_v7_compr/20220820_historic.tiff
Created /mnt/data1/UniBe-swiss-ndvi/data/tiffs_historic_v7_compr/20220820_historic_mask.tiff
Created /mnt/data1/UniBe-swiss-ndvi/data/tiffs_historic_v7_compr/20220821_historic.tiff
Created /mnt/data1/UniBe-swiss-ndvi/data/tiffs_historic_v7_compr/20220821_historic_mask.tiff
Created /mnt/data1/UniBe-swiss-ndvi/data/tiffs_historic_v7_compr/20220822_historic.tiff
Created /mnt/data1/UniBe-swiss-ndvi/data/tiffs_historic_v7_compr/20220822_historic_mask.tiff
Created /mnt/data1/UniBe-swiss-ndvi/data/tiffs_historic_v7_compr/20220823_historic.tiff
Created /mnt/data1/UniBe-swiss-ndvi/data/tiffs_historic_v7_compr/20220823_historic_mask.tiff
Created /mnt/data1/UniBe-swiss-ndvi/data/tiffs_historic_v7_compr/20220824_historic.tiff
Created /mnt/data1/UniBe-swiss-ndvi/data/tiffs_historic_v7_compr/20220824_historic_mask.tiff
Created /mnt/data1/UniBe-swiss-ndvi/data/tiffs_historic_v7_compr/20220825_historic.tiff
Created /mnt/data1/UniBe-swiss-ndvi/data/tiffs_historic_v7_compr/20220825_historic_mask.tiff
Created /mnt/data1/UniBe-swiss-ndvi/data/tiffs_historic_v7_compr/20220826_historic.tiff
Created /mnt/data1/UniBe-swiss-ndvi/data/tiffs_historic_v7_compr/20220826_historic_mask.tiff
Created /mnt/data1/UniBe-swiss-ndvi/data/tiffs_historic_v7_compr/20220827_historic.tiff
Created /mnt/data1/UniBe-swiss-ndvi/data/tiffs_historic_v7_compr/20220827_historic_mask.tiff
Created /mnt/data1/UniBe-swiss-ndvi/data/tiffs_historic_v7_compr/20220828_historic.tiff
Created /mnt/data1/UniBe-swiss-ndvi/data/tiffs_historic_v7_compr/20220828_historic_mask.tiff
Created /mnt/data1/UniBe-swiss-ndvi/data/tiffs_historic_v7_compr/20220829_historic.tiff
Created /mnt/data1/UniBe-swiss-ndvi/data/tiffs_historic_v7_compr/20220829_historic_mask.tiff
Created /mnt/data1/UniBe-swiss-ndvi/data/tiffs_historic_v7_compr/20220830_historic.tiff
Created /mnt/data1/UniBe-swiss-ndvi/data/tiffs_historic_v7_compr/20220830_historic_mask.tiff
Created /mnt/data1/UniBe-swiss-ndvi/data/tiffs_historic_v7_compr/20220831_historic.tiff
Created /mnt/data1/UniBe-swiss-ndvi/data/tiffs_historic_v7_compr/20220831_historic_mask.tiff
Created /mnt/data1/UniBe-swiss-ndvi/data/tiffs_historic_v7_compr/20220901_historic.tiff
Created /mnt/data1/UniBe-swiss-ndvi/data/tiffs_historic_v7_compr/20220901_historic_mask.tiff
Created /mnt/data1/UniBe-swiss-ndvi/data/tiffs_historic_v7_compr/20220902_historic.tiff
Created /mnt/data1/UniBe-swiss-ndvi/data/tiffs_historic_v7_compr/20220902_historic_mask.tiff
Created /mnt/data1/UniBe-swiss-ndvi/data/tiffs_historic_v7_compr/20220903_historic.tiff
Created /mnt/data1/UniBe-swiss-ndvi/data/tiffs_historic_v7_compr/20220903_historic_mask.tiff
Created /mnt/data1/UniBe-swiss-ndvi/data/tiffs_historic_v7_compr/20220904_historic.tiff
Created /mnt/data1/UniBe-swiss-ndvi/data/tiffs_historic_v7_compr/20220904_historic_mask.tiff
Created /mnt/data1/UniBe-swiss-ndvi/data/tiffs_historic_v7_compr/20220905_historic.tiff
Created /mnt/data1/UniBe-swiss-ndvi/data/tiffs_historic_v7_compr/20220905_historic_mask.tiff
Created /mnt/data1/UniBe-swiss-ndvi/data/tiffs_historic_v7_compr/20220906_historic.tiff
Created /mnt/data1/UniBe-swiss-ndvi/data/tiffs_historic_v7_compr/20220906_historic_mask.tiff
Created /mnt/data1/UniBe-swiss-ndvi/data/tiffs_historic_v7_compr/20220907_historic.tiff
Created /mnt/data1/UniBe-swiss-ndvi/data/tiffs_historic_v7_compr/20220907_historic_mask.tiff
Created /mnt/data1/UniBe-swiss-ndvi/data/tiffs_historic_v7_compr/20220908_historic.tiff
Created /mnt/data1/UniBe-swiss-ndvi/data/tiffs_historic_v7_compr/20220908_historic_mask.tiff
Created /mnt/data1/UniBe-swiss-ndvi/data/tiffs_historic_v7_compr/20220909_historic.tiff
Created /mnt/data1/UniBe-swiss-ndvi/data/tiffs_historic_v7_compr/20220909_historic_mask.tiff
Created /mnt/data1/UniBe-swiss-ndvi/data/tiffs_historic_v7_compr/20220910_historic.tiff
Created /mnt/data1/UniBe-swiss-ndvi/data/tiffs_historic_v7_compr/20220910_historic_mask.tiff
Created /mnt/data1/UniBe-swiss-ndvi/data/tiffs_historic_v7_compr/20220911_historic.tiff
Created /mnt/data1/UniBe-swiss-ndvi/data/tiffs_historic_v7_compr/20220911_historic_mask.tiff
Created /mnt/data1/UniBe-swiss-ndvi/data/tiffs_historic_v7_compr/20220912_historic.tiff
Created /mnt/data1/UniBe-swiss-ndvi/data/tiffs_historic_v7_compr/20220912_historic_mask.tiff
Created /mnt/data1/UniBe-swiss-ndvi/data/tiffs_historic_v7_compr/20220913_historic.tiff
Created /mnt/data1/UniBe-swiss-ndvi/data/tiffs_historic_v7_compr/20220913_historic_mask.tiff
Created /mnt/data1/UniBe-swiss-ndvi/data/tiffs_historic_v7_compr/20220914_historic.tiff
Created /mnt/data1/UniBe-swiss-ndvi/data/tiffs_historic_v7_compr/20220914_historic_mask.tiff
Created /mnt/data1/UniBe-swiss-ndvi/data/tiffs_historic_v7_compr/20220915_historic.tiff
Created /mnt/data1/UniBe-swiss-ndvi/data/tiffs_historic_v7_compr/20220915_historic_mask.tiff
Created /mnt/data1/UniBe-swiss-ndvi/data/tiffs_historic_v7_compr/20220916_historic.tiff
Created /mnt/data1/UniBe-swiss-ndvi/data/tiffs_historic_v7_compr/20220916_historic_mask.tiff
Created /mnt/data1/UniBe-swiss-ndvi/data/tiffs_historic_v7_compr/20220917_historic.tiff
Created /mnt/data1/UniBe-swiss-ndvi/data/tiffs_historic_v7_compr/20220917_historic_mask.tiff
Created /mnt/data1/UniBe-swiss-ndvi/data/tiffs_historic_v7_compr/20220918_historic.tiff
Created /mnt/data1/UniBe-swiss-ndvi/data/tiffs_historic_v7_compr/20220918_historic_mask.tiff
Created /mnt/data1/UniBe-swiss-ndvi/data/tiffs_historic_v7_compr/20220919_historic.tiff
Created /mnt/data1/UniBe-swiss-ndvi/data/tiffs_historic_v7_compr/20220919_historic_mask.tiff
Created /mnt/data1/UniBe-swiss-ndvi/data/tiffs_historic_v7_compr/20220920_historic.tiff
Created /mnt/data1/UniBe-swiss-ndvi/data/tiffs_historic_v7_compr/20220920_historic_mask.tiff
Created /mnt/data1/UniBe-swiss-ndvi/data/tiffs_historic_v7_compr/20220921_historic.tiff
Created /mnt/data1/UniBe-swiss-ndvi/data/tiffs_historic_v7_compr/20220921_historic_mask.tiff
Created /mnt/data1/UniBe-swiss-ndvi/data/tiffs_historic_v7_compr/20220922_historic.tiff
Created /mnt/data1/UniBe-swiss-ndvi/data/tiffs_historic_v7_compr/20220922_historic_mask.tiff
Created /mnt/data1/UniBe-swiss-ndvi/data/tiffs_historic_v7_compr/20220923_historic.tiff
Created /mnt/data1/UniBe-swiss-ndvi/data/tiffs_historic_v7_compr/20220923_historic_mask.tiff
Created /mnt/data1/UniBe-swiss-ndvi/data/tiffs_historic_v7_compr/20220924_historic.tiff
Created /mnt/data1/UniBe-swiss-ndvi/data/tiffs_historic_v7_compr/20220924_historic_mask.tiff
Created /mnt/data1/UniBe-swiss-ndvi/data/tiffs_historic_v7_compr/20220925_historic.tiff
Created /mnt/data1/UniBe-swiss-ndvi/data/tiffs_historic_v7_compr/20220925_historic_mask.tiff
Created /mnt/data1/UniBe-swiss-ndvi/data/tiffs_historic_v7_compr/20220926_historic.tiff
Created /mnt/data1/UniBe-swiss-ndvi/data/tiffs_historic_v7_compr/20220926_historic_mask.tiff
Created /mnt/data1/UniBe-swiss-ndvi/data/tiffs_historic_v7_compr/20220927_historic.tiff
Created /mnt/data1/UniBe-swiss-ndvi/data/tiffs_historic_v7_compr/20220927_historic_mask.tiff
Created /mnt/data1/UniBe-swiss-ndvi/data/tiffs_historic_v7_compr/20220928_historic.tiff
Created /mnt/data1/UniBe-swiss-ndvi/data/tiffs_historic_v7_compr/20220928_historic_mask.tiff
Created /mnt/data1/UniBe-swiss-ndvi/data/tiffs_historic_v7_compr/20220929_historic.tiff
Created /mnt/data1/UniBe-swiss-ndvi/data/tiffs_historic_v7_compr/20220929_historic_mask.tiff
Created /mnt/data1/UniBe-swiss-ndvi/data/tiffs_historic_v7_compr/20220930_historic.tiff
Created /mnt/data1/UniBe-swiss-ndvi/data/tiffs_historic_v7_compr/20220930_historic_mask.tiff
Created /mnt/data1/UniBe-swiss-ndvi/data/tiffs_historic_v7_compr/20221001_historic.tiff
Created /mnt/data1/UniBe-swiss-ndvi/data/tiffs_historic_v7_compr/20221001_historic_mask.tiff
Created /mnt/data1/UniBe-swiss-ndvi/data/tiffs_historic_v7_compr/20221002_historic.tiff
Created /mnt/data1/UniBe-swiss-ndvi/data/tiffs_historic_v7_compr/20221002_historic_mask.tiff
Created /mnt/data1/UniBe-swiss-ndvi/data/tiffs_historic_v7_compr/20221003_historic.tiff
Created /mnt/data1/UniBe-swiss-ndvi/data/tiffs_historic_v7_compr/20221003_historic_mask.tiff
Created /mnt/data1/UniBe-swiss-ndvi/data/tiffs_historic_v7_compr/20221004_historic.tiff
Created /mnt/data1/UniBe-swiss-ndvi/data/tiffs_historic_v7_compr/20221004_historic_mask.tiff
Created /mnt/data1/UniBe-swiss-ndvi/data/tiffs_historic_v7_compr/20221005_historic.tiff
Created /mnt/data1/UniBe-swiss-ndvi/data/tiffs_historic_v7_compr/20221005_historic_mask.tiff
Created /mnt/data1/UniBe-swiss-ndvi/data/tiffs_historic_v7_compr/20221006_historic.tiff
Created /mnt/data1/UniBe-swiss-ndvi/data/tiffs_historic_v7_compr/20221006_historic_mask.tiff
Created /mnt/data1/UniBe-swiss-ndvi/data/tiffs_historic_v7_compr/20221007_historic.tiff
Created /mnt/data1/UniBe-swiss-ndvi/data/tiffs_historic_v7_compr/20221007_historic_mask.tiff
Created /mnt/data1/UniBe-swiss-ndvi/data/tiffs_historic_v7_compr/20221008_historic.tiff
Created /mnt/data1/UniBe-swiss-ndvi/data/tiffs_historic_v7_compr/20221008_historic_mask.tiff
Created /mnt/data1/UniBe-swiss-ndvi/data/tiffs_historic_v7_compr/20221009_historic.tiff
Created /mnt/data1/UniBe-swiss-ndvi/data/tiffs_historic_v7_compr/20221009_historic_mask.tiff
Created /mnt/data1/UniBe-swiss-ndvi/data/tiffs_historic_v7_compr/20221010_historic.tiff
Created /mnt/data1/UniBe-swiss-ndvi/data/tiffs_historic_v7_compr/20221010_historic_mask.tiff
Created /mnt/data1/UniBe-swiss-ndvi/data/tiffs_historic_v7_compr/20221011_historic.tiff
Created /mnt/data1/UniBe-swiss-ndvi/data/tiffs_historic_v7_compr/20221011_historic_mask.tiff
Created /mnt/data1/UniBe-swiss-ndvi/data/tiffs_historic_v7_compr/20221012_historic.tiff
Created /mnt/data1/UniBe-swiss-ndvi/data/tiffs_historic_v7_compr/20221012_historic_mask.tiff
Created /mnt/data1/UniBe-swiss-ndvi/data/tiffs_historic_v7_compr/20221013_historic.tiff
Created /mnt/data1/UniBe-swiss-ndvi/data/tiffs_historic_v7_compr/20221013_historic_mask.tiff
Created /mnt/data1/UniBe-swiss-ndvi/data/tiffs_historic_v7_compr/20221014_historic.tiff
Created /mnt/data1/UniBe-swiss-ndvi/data/tiffs_historic_v7_compr/20221014_historic_mask.tiff
Created /mnt/data1/UniBe-swiss-ndvi/data/tiffs_historic_v7_compr/20221015_historic.tiff
Created /mnt/data1/UniBe-swiss-ndvi/data/tiffs_historic_v7_compr/20221015_historic_mask.tiff
Created /mnt/data1/UniBe-swiss-ndvi/data/tiffs_historic_v7_compr/20221016_historic.tiff
Created /mnt/data1/UniBe-swiss-ndvi/data/tiffs_historic_v7_compr/20221016_historic_mask.tiff
Created /mnt/data1/UniBe-swiss-ndvi/data/tiffs_historic_v7_compr/20221017_historic.tiff
Created /mnt/data1/UniBe-swiss-ndvi/data/tiffs_historic_v7_compr/20221017_historic_mask.tiff
Created /mnt/data1/UniBe-swiss-ndvi/data/tiffs_historic_v7_compr/20221018_historic.tiff
Created /mnt/data1/UniBe-swiss-ndvi/data/tiffs_historic_v7_compr/20221018_historic_mask.tiff
Created /mnt/data1/UniBe-swiss-ndvi/data/tiffs_historic_v7_compr/20221019_historic.tiff
Created /mnt/data1/UniBe-swiss-ndvi/data/tiffs_historic_v7_compr/20221019_historic_mask.tiff
Created /mnt/data1/UniBe-swiss-ndvi/data/tiffs_historic_v7_compr/20221020_historic.tiff
Created /mnt/data1/UniBe-swiss-ndvi/data/tiffs_historic_v7_compr/20221020_historic_mask.tiff
Created /mnt/data1/UniBe-swiss-ndvi/data/tiffs_historic_v7_compr/20221021_historic.tiff
Created /mnt/data1/UniBe-swiss-ndvi/data/tiffs_historic_v7_compr/20221021_historic_mask.tiff
Created /mnt/data1/UniBe-swiss-ndvi/data/tiffs_historic_v7_compr/20221022_historic.tiff
Created /mnt/data1/UniBe-swiss-ndvi/data/tiffs_historic_v7_compr/20221022_historic_mask.tiff
Created /mnt/data1/UniBe-swiss-ndvi/data/tiffs_historic_v7_compr/20221023_historic.tiff
Created /mnt/data1/UniBe-swiss-ndvi/data/tiffs_historic_v7_compr/20221023_historic_mask.tiff
Created /mnt/data1/UniBe-swiss-ndvi/data/tiffs_historic_v7_compr/20221024_historic.tiff
Created /mnt/data1/UniBe-swiss-ndvi/data/tiffs_historic_v7_compr/20221024_historic_mask.tiff
Created /mnt/data1/UniBe-swiss-ndvi/data/tiffs_historic_v7_compr/20221025_historic.tiff
Created /mnt/data1/UniBe-swiss-ndvi/data/tiffs_historic_v7_compr/20221025_historic_mask.tiff
Created /mnt/data1/UniBe-swiss-ndvi/data/tiffs_historic_v7_compr/20221026_historic.tiff
Created /mnt/data1/UniBe-swiss-ndvi/data/tiffs_historic_v7_compr/20221026_historic_mask.tiff
Created /mnt/data1/UniBe-swiss-ndvi/data/tiffs_historic_v7_compr/20221027_historic.tiff
Created /mnt/data1/UniBe-swiss-ndvi/data/tiffs_historic_v7_compr/20221027_historic_mask.tiff
Created /mnt/data1/UniBe-swiss-ndvi/data/tiffs_historic_v7_compr/20221028_historic.tiff
Created /mnt/data1/UniBe-swiss-ndvi/data/tiffs_historic_v7_compr/20221028_historic_mask.tiff
Created /mnt/data1/UniBe-swiss-ndvi/data/tiffs_historic_v7_compr/20221029_historic.tiff
Created /mnt/data1/UniBe-swiss-ndvi/data/tiffs_historic_v7_compr/20221029_historic_mask.tiff
Created /mnt/data1/UniBe-swiss-ndvi/data/tiffs_historic_v7_compr/20221030_historic.tiff
Created /mnt/data1/UniBe-swiss-ndvi/data/tiffs_historic_v7_compr/20221030_historic_mask.tiff
Created /mnt/data1/UniBe-swiss-ndvi/data/tiffs_historic_v7_compr/20221031_historic.tiff
Created /mnt/data1/UniBe-swiss-ndvi/data/tiffs_historic_v7_compr/20221031_historic_mask.tiff
Created /mnt/data1/UniBe-swiss-ndvi/data/tiffs_historic_v7_compr/20221101_historic.tiff
Created /mnt/data1/UniBe-swiss-ndvi/data/tiffs_historic_v7_compr/20221101_historic_mask.tiff
Created /mnt/data1/UniBe-swiss-ndvi/data/tiffs_historic_v7_compr/20221102_historic.tiff
Created /mnt/data1/UniBe-swiss-ndvi/data/tiffs_historic_v7_compr/20221102_historic_mask.tiff
Created /mnt/data1/UniBe-swiss-ndvi/data/tiffs_historic_v7_compr/20221103_historic.tiff
Created /mnt/data1/UniBe-swiss-ndvi/data/tiffs_historic_v7_compr/20221103_historic_mask.tiff
Created /mnt/data1/UniBe-swiss-ndvi/data/tiffs_historic_v7_compr/20221104_historic.tiff
Created /mnt/data1/UniBe-swiss-ndvi/data/tiffs_historic_v7_compr/20221104_historic_mask.tiff
Created /mnt/data1/UniBe-swiss-ndvi/data/tiffs_historic_v7_compr/20221105_historic.tiff
Created /mnt/data1/UniBe-swiss-ndvi/data/tiffs_historic_v7_compr/20221105_historic_mask.tiff
Created /mnt/data1/UniBe-swiss-ndvi/data/tiffs_historic_v7_compr/20221106_historic.tiff
Created /mnt/data1/UniBe-swiss-ndvi/data/tiffs_historic_v7_compr/20221106_historic_mask.tiff
Created /mnt/data1/UniBe-swiss-ndvi/data/tiffs_historic_v7_compr/20221107_historic.tiff
Created /mnt/data1/UniBe-swiss-ndvi/data/tiffs_historic_v7_compr/20221107_historic_mask.tiff
Created /mnt/data1/UniBe-swiss-ndvi/data/tiffs_historic_v7_compr/20221108_historic.tiff
Created /mnt/data1/UniBe-swiss-ndvi/data/tiffs_historic_v7_compr/20221108_historic_mask.tiff
Created /mnt/data1/UniBe-swiss-ndvi/data/tiffs_historic_v7_compr/20221109_historic.tiff
Created /mnt/data1/UniBe-swiss-ndvi/data/tiffs_historic_v7_compr/20221109_historic_mask.tiff
Created /mnt/data1/UniBe-swiss-ndvi/data/tiffs_historic_v7_compr/20221110_historic.tiff
Created /mnt/data1/UniBe-swiss-ndvi/data/tiffs_historic_v7_compr/20221110_historic_mask.tiff
Created /mnt/data1/UniBe-swiss-ndvi/data/tiffs_historic_v7_compr/20221111_historic.tiff
Created /mnt/data1/UniBe-swiss-ndvi/data/tiffs_historic_v7_compr/20221111_historic_mask.tiff
Created /mnt/data1/UniBe-swiss-ndvi/data/tiffs_historic_v7_compr/20221112_historic.tiff
Created /mnt/data1/UniBe-swiss-ndvi/data/tiffs_historic_v7_compr/20221112_historic_mask.tiff
Created /mnt/data1/UniBe-swiss-ndvi/data/tiffs_historic_v7_compr/20221113_historic.tiff
Created /mnt/data1/UniBe-swiss-ndvi/data/tiffs_historic_v7_compr/20221113_historic_mask.tiff
Created /mnt/data1/UniBe-swiss-ndvi/data/tiffs_historic_v7_compr/20221114_historic.tiff
Created /mnt/data1/UniBe-swiss-ndvi/data/tiffs_historic_v7_compr/20221114_historic_mask.tiff
Created /mnt/data1/UniBe-swiss-ndvi/data/tiffs_historic_v7_compr/20221115_historic.tiff
Created /mnt/data1/UniBe-swiss-ndvi/data/tiffs_historic_v7_compr/20221115_historic_mask.tiff
Created /mnt/data1/UniBe-swiss-ndvi/data/tiffs_historic_v7_compr/20221116_historic.tiff
Created /mnt/data1/UniBe-swiss-ndvi/data/tiffs_historic_v7_compr/20221116_historic_mask.tiff
Created /mnt/data1/UniBe-swiss-ndvi/data/tiffs_historic_v7_compr/20221117_historic.tiff
Created /mnt/data1/UniBe-swiss-ndvi/data/tiffs_historic_v7_compr/20221117_historic_mask.tiff
Created /mnt/data1/UniBe-swiss-ndvi/data/tiffs_historic_v7_compr/20221118_historic.tiff
Created /mnt/data1/UniBe-swiss-ndvi/data/tiffs_historic_v7_compr/20221118_historic_mask.tiff
Created /mnt/data1/UniBe-swiss-ndvi/data/tiffs_historic_v7_compr/20221119_historic.tiff
Created /mnt/data1/UniBe-swiss-ndvi/data/tiffs_historic_v7_compr/20221119_historic_mask.tiff
Created /mnt/data1/UniBe-swiss-ndvi/data/tiffs_historic_v7_compr/20221120_historic.tiff
Created /mnt/data1/UniBe-swiss-ndvi/data/tiffs_historic_v7_compr/20221120_historic_mask.tiff
Created /mnt/data1/UniBe-swiss-ndvi/data/tiffs_historic_v7_compr/20221121_historic.tiff
Created /mnt/data1/UniBe-swiss-ndvi/data/tiffs_historic_v7_compr/20221121_historic_mask.tiff
Created /mnt/data1/UniBe-swiss-ndvi/data/tiffs_historic_v7_compr/20221122_historic.tiff
Created /mnt/data1/UniBe-swiss-ndvi/data/tiffs_historic_v7_compr/20221122_historic_mask.tiff
Created /mnt/data1/UniBe-swiss-ndvi/data/tiffs_historic_v7_compr/20221123_historic.tiff
Created /mnt/data1/UniBe-swiss-ndvi/data/tiffs_historic_v7_compr/20221123_historic_mask.tiff
Created /mnt/data1/UniBe-swiss-ndvi/data/tiffs_historic_v7_compr/20221124_historic.tiff
Created /mnt/data1/UniBe-swiss-ndvi/data/tiffs_historic_v7_compr/20221124_historic_mask.tiff
Created /mnt/data1/UniBe-swiss-ndvi/data/tiffs_historic_v7_compr/20221125_historic.tiff
Created /mnt/data1/UniBe-swiss-ndvi/data/tiffs_historic_v7_compr/20221125_historic_mask.tiff
Created /mnt/data1/UniBe-swiss-ndvi/data/tiffs_historic_v7_compr/20221126_historic.tiff
Created /mnt/data1/UniBe-swiss-ndvi/data/tiffs_historic_v7_compr/20221126_historic_mask.tiff
Created /mnt/data1/UniBe-swiss-ndvi/data/tiffs_historic_v7_compr/20221127_historic.tiff
Created /mnt/data1/UniBe-swiss-ndvi/data/tiffs_historic_v7_compr/20221127_historic_mask.tiff
Created /mnt/data1/UniBe-swiss-ndvi/data/tiffs_historic_v7_compr/20221128_historic.tiff
Created /mnt/data1/UniBe-swiss-ndvi/data/tiffs_historic_v7_compr/20221128_historic_mask.tiff
Created /mnt/data1/UniBe-swiss-ndvi/data/tiffs_historic_v7_compr/20221129_historic.tiff
Created /mnt/data1/UniBe-swiss-ndvi/data/tiffs_historic_v7_compr/20221129_historic_mask.tiff
Created /mnt/data1/UniBe-swiss-ndvi/data/tiffs_historic_v7_compr/20221130_historic.tiff
Created /mnt/data1/UniBe-swiss-ndvi/data/tiffs_historic_v7_compr/20221130_historic_mask.tiff
Created /mnt/data1/UniBe-swiss-ndvi/data/tiffs_historic_v7_compr/20221201_historic.tiff
Created /mnt/data1/UniBe-swiss-ndvi/data/tiffs_historic_v7_compr/20221201_historic_mask.tiff
Created /mnt/data1/UniBe-swiss-ndvi/data/tiffs_historic_v7_compr/20221202_historic.tiff
Created /mnt/data1/UniBe-swiss-ndvi/data/tiffs_historic_v7_compr/20221202_historic_mask.tiff
Created /mnt/data1/UniBe-swiss-ndvi/data/tiffs_historic_v7_compr/20221203_historic.tiff
Created /mnt/data1/UniBe-swiss-ndvi/data/tiffs_historic_v7_compr/20221203_historic_mask.tiff
Created /mnt/data1/UniBe-swiss-ndvi/data/tiffs_historic_v7_compr/20221204_historic.tiff
Created /mnt/data1/UniBe-swiss-ndvi/data/tiffs_historic_v7_compr/20221204_historic_mask.tiff
Created /mnt/data1/UniBe-swiss-ndvi/data/tiffs_historic_v7_compr/20221205_historic.tiff
Created /mnt/data1/UniBe-swiss-ndvi/data/tiffs_historic_v7_compr/20221205_historic_mask.tiff
Created /mnt/data1/UniBe-swiss-ndvi/data/tiffs_historic_v7_compr/20221206_historic.tiff
Created /mnt/data1/UniBe-swiss-ndvi/data/tiffs_historic_v7_compr/20221206_historic_mask.tiff
Created /mnt/data1/UniBe-swiss-ndvi/data/tiffs_historic_v7_compr/20221207_historic.tiff
Created /mnt/data1/UniBe-swiss-ndvi/data/tiffs_historic_v7_compr/20221207_historic_mask.tiff
Created /mnt/data1/UniBe-swiss-ndvi/data/tiffs_historic_v7_compr/20221208_historic.tiff
Created /mnt/data1/UniBe-swiss-ndvi/data/tiffs_historic_v7_compr/20221208_historic_mask.tiff
Created /mnt/data1/UniBe-swiss-ndvi/data/tiffs_historic_v7_compr/20221209_historic.tiff
Created /mnt/data1/UniBe-swiss-ndvi/data/tiffs_historic_v7_compr/20221209_historic_mask.tiff
Created /mnt/data1/UniBe-swiss-ndvi/data/tiffs_historic_v7_compr/20221210_historic.tiff
Created /mnt/data1/UniBe-swiss-ndvi/data/tiffs_historic_v7_compr/20221210_historic_mask.tiff
Created /mnt/data1/UniBe-swiss-ndvi/data/tiffs_historic_v7_compr/20221211_historic.tiff
Created /mnt/data1/UniBe-swiss-ndvi/data/tiffs_historic_v7_compr/20221211_historic_mask.tiff
Created /mnt/data1/UniBe-swiss-ndvi/data/tiffs_historic_v7_compr/20221212_historic.tiff
Created /mnt/data1/UniBe-swiss-ndvi/data/tiffs_historic_v7_compr/20221212_historic_mask.tiff
Created /mnt/data1/UniBe-swiss-ndvi/data/tiffs_historic_v7_compr/20221213_historic.tiff
Created /mnt/data1/UniBe-swiss-ndvi/data/tiffs_historic_v7_compr/20221213_historic_mask.tiff
Created /mnt/data1/UniBe-swiss-ndvi/data/tiffs_historic_v7_compr/20221214_historic.tiff
Created /mnt/data1/UniBe-swiss-ndvi/data/tiffs_historic_v7_compr/20221214_historic_mask.tiff
Created /mnt/data1/UniBe-swiss-ndvi/data/tiffs_historic_v7_compr/20221215_historic.tiff
Created /mnt/data1/UniBe-swiss-ndvi/data/tiffs_historic_v7_compr/20221215_historic_mask.tiff
Created /mnt/data1/UniBe-swiss-ndvi/data/tiffs_historic_v7_compr/20221216_historic.tiff
Created /mnt/data1/UniBe-swiss-ndvi/data/tiffs_historic_v7_compr/20221216_historic_mask.tiff
Created /mnt/data1/UniBe-swiss-ndvi/data/tiffs_historic_v7_compr/20221217_historic.tiff
Created /mnt/data1/UniBe-swiss-ndvi/data/tiffs_historic_v7_compr/20221217_historic_mask.tiff
Created /mnt/data1/UniBe-swiss-ndvi/data/tiffs_historic_v7_compr/20221218_historic.tiff
Created /mnt/data1/UniBe-swiss-ndvi/data/tiffs_historic_v7_compr/20221218_historic_mask.tiff
Created /mnt/data1/UniBe-swiss-ndvi/data/tiffs_historic_v7_compr/20221219_historic.tiff
Created /mnt/data1/UniBe-swiss-ndvi/data/tiffs_historic_v7_compr/20221219_historic_mask.tiff
Created /mnt/data1/UniBe-swiss-ndvi/data/tiffs_historic_v7_compr/20221220_historic.tiff
Created /mnt/data1/UniBe-swiss-ndvi/data/tiffs_historic_v7_compr/20221220_historic_mask.tiff
Created /mnt/data1/UniBe-swiss-ndvi/data/tiffs_historic_v7_compr/20221221_historic.tiff
Created /mnt/data1/UniBe-swiss-ndvi/data/tiffs_historic_v7_compr/20221221_historic_mask.tiff
Created /mnt/data1/UniBe-swiss-ndvi/data/tiffs_historic_v7_compr/20221222_historic.tiff
Created /mnt/data1/UniBe-swiss-ndvi/data/tiffs_historic_v7_compr/20221222_historic_mask.tiff
Created /mnt/data1/UniBe-swiss-ndvi/data/tiffs_historic_v7_compr/20221223_historic.tiff
Created /mnt/data1/UniBe-swiss-ndvi/data/tiffs_historic_v7_compr/20221223_historic_mask.tiff
Created /mnt/data1/UniBe-swiss-ndvi/data/tiffs_historic_v7_compr/20221224_historic.tiff
Created /mnt/data1/UniBe-swiss-ndvi/data/tiffs_historic_v7_compr/20221224_historic_mask.tiff
Created /mnt/data1/UniBe-swiss-ndvi/data/tiffs_historic_v7_compr/20221225_historic.tiff
Created /mnt/data1/UniBe-swiss-ndvi/data/tiffs_historic_v7_compr/20221225_historic_mask.tiff
Created /mnt/data1/UniBe-swiss-ndvi/data/tiffs_historic_v7_compr/20221226_historic.tiff
Created /mnt/data1/UniBe-swiss-ndvi/data/tiffs_historic_v7_compr/20221226_historic_mask.tiff
Created /mnt/data1/UniBe-swiss-ndvi/data/tiffs_historic_v7_compr/20221227_historic.tiff
Created /mnt/data1/UniBe-swiss-ndvi/data/tiffs_historic_v7_compr/20221227_historic_mask.tiff
Created /mnt/data1/UniBe-swiss-ndvi/data/tiffs_historic_v7_compr/20221228_historic.tiff
Created /mnt/data1/UniBe-swiss-ndvi/data/tiffs_historic_v7_compr/20221228_historic_mask.tiff
Created /mnt/data1/UniBe-swiss-ndvi/data/tiffs_historic_v7_compr/20221229_historic.tiff
Created /mnt/data1/UniBe-swiss-ndvi/data/tiffs_historic_v7_compr/20221229_historic_mask.tiff
Created /mnt/data1/UniBe-swiss-ndvi/data/tiffs_historic_v7_compr/20221230_historic.tiff
Created /mnt/data1/UniBe-swiss-ndvi/data/tiffs_historic_v7_compr/20221230_historic_mask.tiff
Created /mnt/data1/UniBe-swiss-ndvi/data/tiffs_historic_v7_compr/20221231_historic.tiff
Created /mnt/data1/UniBe-swiss-ndvi/data/tiffs_historic_v7_compr/20221231_historic_mask.tiff
Created /mnt/data1/UniBe-swiss-ndvi/data/tiffs_historic_v7_compr/20230101_historic.tiff
Created /mnt/data1/UniBe-swiss-ndvi/data/tiffs_historic_v7_compr/20230101_historic_mask.tiff
Created /mnt/data1/UniBe-swiss-ndvi/data/tiffs_historic_v7_compr/20230102_historic.tiff
Created /mnt/data1/UniBe-swiss-ndvi/data/tiffs_historic_v7_compr/20230102_historic_mask.tiff
Created /mnt/data1/UniBe-swiss-ndvi/data/tiffs_historic_v7_compr/20230103_historic.tiff
Created /mnt/data1/UniBe-swiss-ndvi/data/tiffs_historic_v7_compr/20230103_historic_mask.tiff
Created /mnt/data1/UniBe-swiss-ndvi/data/tiffs_historic_v7_compr/20230104_historic.tiff
Created /mnt/data1/UniBe-swiss-ndvi/data/tiffs_historic_v7_compr/20230104_historic_mask.tiff
Created /mnt/data1/UniBe-swiss-ndvi/data/tiffs_historic_v7_compr/20230105_historic.tiff
Created /mnt/data1/UniBe-swiss-ndvi/data/tiffs_historic_v7_compr/20230105_historic_mask.tiff
Created /mnt/data1/UniBe-swiss-ndvi/data/tiffs_historic_v7_compr/20230106_historic.tiff
Created /mnt/data1/UniBe-swiss-ndvi/data/tiffs_historic_v7_compr/20230106_historic_mask.tiff
Created /mnt/data1/UniBe-swiss-ndvi/data/tiffs_historic_v7_compr/20230107_historic.tiff
Created /mnt/data1/UniBe-swiss-ndvi/data/tiffs_historic_v7_compr/20230107_historic_mask.tiff
Created /mnt/data1/UniBe-swiss-ndvi/data/tiffs_historic_v7_compr/20230108_historic.tiff
Created /mnt/data1/UniBe-swiss-ndvi/data/tiffs_historic_v7_compr/20230108_historic_mask.tiff
Created /mnt/data1/UniBe-swiss-ndvi/data/tiffs_historic_v7_compr/20230109_historic.tiff
Created /mnt/data1/UniBe-swiss-ndvi/data/tiffs_historic_v7_compr/20230109_historic_mask.tiff
Created /mnt/data1/UniBe-swiss-ndvi/data/tiffs_historic_v7_compr/20230110_historic.tiff
Created /mnt/data1/UniBe-swiss-ndvi/data/tiffs_historic_v7_compr/20230110_historic_mask.tiff
Created /mnt/data1/UniBe-swiss-ndvi/data/tiffs_historic_v7_compr/20230111_historic.tiff
Created /mnt/data1/UniBe-swiss-ndvi/data/tiffs_historic_v7_compr/20230111_historic_mask.tiff
Created /mnt/data1/UniBe-swiss-ndvi/data/tiffs_historic_v7_compr/20230112_historic.tiff
Created /mnt/data1/UniBe-swiss-ndvi/data/tiffs_historic_v7_compr/20230112_historic_mask.tiff
Created /mnt/data1/UniBe-swiss-ndvi/data/tiffs_historic_v7_compr/20230113_historic.tiff
Created /mnt/data1/UniBe-swiss-ndvi/data/tiffs_historic_v7_compr/20230113_historic_mask.tiff
Created /mnt/data1/UniBe-swiss-ndvi/data/tiffs_historic_v7_compr/20230114_historic.tiff
Created /mnt/data1/UniBe-swiss-ndvi/data/tiffs_historic_v7_compr/20230114_historic_mask.tiff
Created /mnt/data1/UniBe-swiss-ndvi/data/tiffs_historic_v7_compr/20230115_historic.tiff
Created /mnt/data1/UniBe-swiss-ndvi/data/tiffs_historic_v7_compr/20230115_historic_mask.tiff
Created /mnt/data1/UniBe-swiss-ndvi/data/tiffs_historic_v7_compr/20230116_historic.tiff
Created /mnt/data1/UniBe-swiss-ndvi/data/tiffs_historic_v7_compr/20230116_historic_mask.tiff
Created /mnt/data1/UniBe-swiss-ndvi/data/tiffs_historic_v7_compr/20230117_historic.tiff
Created /mnt/data1/UniBe-swiss-ndvi/data/tiffs_historic_v7_compr/20230117_historic_mask.tiff
Created /mnt/data1/UniBe-swiss-ndvi/data/tiffs_historic_v7_compr/20230118_historic.tiff
Created /mnt/data1/UniBe-swiss-ndvi/data/tiffs_historic_v7_compr/20230118_historic_mask.tiff
Created /mnt/data1/UniBe-swiss-ndvi/data/tiffs_historic_v7_compr/20230119_historic.tiff
Created /mnt/data1/UniBe-swiss-ndvi/data/tiffs_historic_v7_compr/20230119_historic_mask.tiff
Created /mnt/data1/UniBe-swiss-ndvi/data/tiffs_historic_v7_compr/20230120_historic.tiff
Created /mnt/data1/UniBe-swiss-ndvi/data/tiffs_historic_v7_compr/20230120_historic_mask.tiff
Created /mnt/data1/UniBe-swiss-ndvi/data/tiffs_historic_v7_compr/20230121_historic.tiff
Created /mnt/data1/UniBe-swiss-ndvi/data/tiffs_historic_v7_compr/20230121_historic_mask.tiff
Created /mnt/data1/UniBe-swiss-ndvi/data/tiffs_historic_v7_compr/20230122_historic.tiff
Created /mnt/data1/UniBe-swiss-ndvi/data/tiffs_historic_v7_compr/20230122_historic_mask.tiff
Created /mnt/data1/UniBe-swiss-ndvi/data/tiffs_historic_v7_compr/20230123_historic.tiff
Created /mnt/data1/UniBe-swiss-ndvi/data/tiffs_historic_v7_compr/20230123_historic_mask.tiff
Created /mnt/data1/UniBe-swiss-ndvi/data/tiffs_historic_v7_compr/20230124_historic.tiff
Created /mnt/data1/UniBe-swiss-ndvi/data/tiffs_historic_v7_compr/20230124_historic_mask.tiff
Created /mnt/data1/UniBe-swiss-ndvi/data/tiffs_historic_v7_compr/20230125_historic.tiff
Created /mnt/data1/UniBe-swiss-ndvi/data/tiffs_historic_v7_compr/20230125_historic_mask.tiff
Created /mnt/data1/UniBe-swiss-ndvi/data/tiffs_historic_v7_compr/20230126_historic.tiff
Created /mnt/data1/UniBe-swiss-ndvi/data/tiffs_historic_v7_compr/20230126_historic_mask.tiff
Created /mnt/data1/UniBe-swiss-ndvi/data/tiffs_historic_v7_compr/20230127_historic.tiff
Created /mnt/data1/UniBe-swiss-ndvi/data/tiffs_historic_v7_compr/20230127_historic_mask.tiff
Created /mnt/data1/UniBe-swiss-ndvi/data/tiffs_historic_v7_compr/20230128_historic.tiff
Created /mnt/data1/UniBe-swiss-ndvi/data/tiffs_historic_v7_compr/20230128_historic_mask.tiff
Created /mnt/data1/UniBe-swiss-ndvi/data/tiffs_historic_v7_compr/20230129_historic.tiff
Created /mnt/data1/UniBe-swiss-ndvi/data/tiffs_historic_v7_compr/20230129_historic_mask.tiff
Created /mnt/data1/UniBe-swiss-ndvi/data/tiffs_historic_v7_compr/20230130_historic.tiff
Created /mnt/data1/UniBe-swiss-ndvi/data/tiffs_historic_v7_compr/20230130_historic_mask.tiff
Created /mnt/data1/UniBe-swiss-ndvi/data/tiffs_historic_v7_compr/20230131_historic.tiff
Created /mnt/data1/UniBe-swiss-ndvi/data/tiffs_historic_v7_compr/20230131_historic_mask.tiff
Created /mnt/data1/UniBe-swiss-ndvi/data/tiffs_historic_v7_compr/20230201_historic.tiff
Created /mnt/data1/UniBe-swiss-ndvi/data/tiffs_historic_v7_compr/20230201_historic_mask.tiff
Created /mnt/data1/UniBe-swiss-ndvi/data/tiffs_historic_v7_compr/20230202_historic.tiff
Created /mnt/data1/UniBe-swiss-ndvi/data/tiffs_historic_v7_compr/20230202_historic_mask.tiff
Created /mnt/data1/UniBe-swiss-ndvi/data/tiffs_historic_v7_compr/20230203_historic.tiff
Created /mnt/data1/UniBe-swiss-ndvi/data/tiffs_historic_v7_compr/20230203_historic_mask.tiff
Created /mnt/data1/UniBe-swiss-ndvi/data/tiffs_historic_v7_compr/20230204_historic.tiff
Created /mnt/data1/UniBe-swiss-ndvi/data/tiffs_historic_v7_compr/20230204_historic_mask.tiff
Created /mnt/data1/UniBe-swiss-ndvi/data/tiffs_historic_v7_compr/20230205_historic.tiff
Created /mnt/data1/UniBe-swiss-ndvi/data/tiffs_historic_v7_compr/20230205_historic_mask.tiff
Created /mnt/data1/UniBe-swiss-ndvi/data/tiffs_historic_v7_compr/20230206_historic.tiff
Created /mnt/data1/UniBe-swiss-ndvi/data/tiffs_historic_v7_compr/20230206_historic_mask.tiff
Created /mnt/data1/UniBe-swiss-ndvi/data/tiffs_historic_v7_compr/20230207_historic.tiff
Created /mnt/data1/UniBe-swiss-ndvi/data/tiffs_historic_v7_compr/20230207_historic_mask.tiff
Created /mnt/data1/UniBe-swiss-ndvi/data/tiffs_historic_v7_compr/20230208_historic.tiff
Created /mnt/data1/UniBe-swiss-ndvi/data/tiffs_historic_v7_compr/20230208_historic_mask.tiff
Created /mnt/data1/UniBe-swiss-ndvi/data/tiffs_historic_v7_compr/20230209_historic.tiff
Created /mnt/data1/UniBe-swiss-ndvi/data/tiffs_historic_v7_compr/20230209_historic_mask.tiff
Created /mnt/data1/UniBe-swiss-ndvi/data/tiffs_historic_v7_compr/20230210_historic.tiff
Created /mnt/data1/UniBe-swiss-ndvi/data/tiffs_historic_v7_compr/20230210_historic_mask.tiff
Created /mnt/data1/UniBe-swiss-ndvi/data/tiffs_historic_v7_compr/20230211_historic.tiff
Created /mnt/data1/UniBe-swiss-ndvi/data/tiffs_historic_v7_compr/20230211_historic_mask.tiff
Created /mnt/data1/UniBe-swiss-ndvi/data/tiffs_historic_v7_compr/20230212_historic.tiff
Created /mnt/data1/UniBe-swiss-ndvi/data/tiffs_historic_v7_compr/20230212_historic_mask.tiff
Created /mnt/data1/UniBe-swiss-ndvi/data/tiffs_historic_v7_compr/20230213_historic.tiff
Created /mnt/data1/UniBe-swiss-ndvi/data/tiffs_historic_v7_compr/20230213_historic_mask.tiff
Created /mnt/data1/UniBe-swiss-ndvi/data/tiffs_historic_v7_compr/20230214_historic.tiff
Created /mnt/data1/UniBe-swiss-ndvi/data/tiffs_historic_v7_compr/20230214_historic_mask.tiff
Created /mnt/data1/UniBe-swiss-ndvi/data/tiffs_historic_v7_compr/20230215_historic.tiff
Created /mnt/data1/UniBe-swiss-ndvi/data/tiffs_historic_v7_compr/20230215_historic_mask.tiff
Created /mnt/data1/UniBe-swiss-ndvi/data/tiffs_historic_v7_compr/20230216_historic.tiff
Created /mnt/data1/UniBe-swiss-ndvi/data/tiffs_historic_v7_compr/20230216_historic_mask.tiff
Created /mnt/data1/UniBe-swiss-ndvi/data/tiffs_historic_v7_compr/20230217_historic.tiff
Created /mnt/data1/UniBe-swiss-ndvi/data/tiffs_historic_v7_compr/20230217_historic_mask.tiff
Created /mnt/data1/UniBe-swiss-ndvi/data/tiffs_historic_v7_compr/20230218_historic.tiff
Created /mnt/data1/UniBe-swiss-ndvi/data/tiffs_historic_v7_compr/20230218_historic_mask.tiff
Created /mnt/data1/UniBe-swiss-ndvi/data/tiffs_historic_v7_compr/20230219_historic.tiff
Created /mnt/data1/UniBe-swiss-ndvi/data/tiffs_historic_v7_compr/20230219_historic_mask.tiff
Created /mnt/data1/UniBe-swiss-ndvi/data/tiffs_historic_v7_compr/20230220_historic.tiff
Created /mnt/data1/UniBe-swiss-ndvi/data/tiffs_historic_v7_compr/20230220_historic_mask.tiff
Created /mnt/data1/UniBe-swiss-ndvi/data/tiffs_historic_v7_compr/20230221_historic.tiff
Created /mnt/data1/UniBe-swiss-ndvi/data/tiffs_historic_v7_compr/20230221_historic_mask.tiff
Created /mnt/data1/UniBe-swiss-ndvi/data/tiffs_historic_v7_compr/20230222_historic.tiff
Created /mnt/data1/UniBe-swiss-ndvi/data/tiffs_historic_v7_compr/20230222_historic_mask.tiff
Created /mnt/data1/UniBe-swiss-ndvi/data/tiffs_historic_v7_compr/20230223_historic.tiff
Created /mnt/data1/UniBe-swiss-ndvi/data/tiffs_historic_v7_compr/20230223_historic_mask.tiff
Created /mnt/data1/UniBe-swiss-ndvi/data/tiffs_historic_v7_compr/20230224_historic.tiff
Created /mnt/data1/UniBe-swiss-ndvi/data/tiffs_historic_v7_compr/20230224_historic_mask.tiff
Created /mnt/data1/UniBe-swiss-ndvi/data/tiffs_historic_v7_compr/20230225_historic.tiff
Created /mnt/data1/UniBe-swiss-ndvi/data/tiffs_historic_v7_compr/20230225_historic_mask.tiff
Created /mnt/data1/UniBe-swiss-ndvi/data/tiffs_historic_v7_compr/20230226_historic.tiff
Created /mnt/data1/UniBe-swiss-ndvi/data/tiffs_historic_v7_compr/20230226_historic_mask.tiff
Created /mnt/data1/UniBe-swiss-ndvi/data/tiffs_historic_v7_compr/20230227_historic.tiff
Created /mnt/data1/UniBe-swiss-ndvi/data/tiffs_historic_v7_compr/20230227_historic_mask.tiff
Created /mnt/data1/UniBe-swiss-ndvi/data/tiffs_historic_v7_compr/20230228_historic.tiff
Created /mnt/data1/UniBe-swiss-ndvi/data/tiffs_historic_v7_compr/20230228_historic_mask.tiff
Created /mnt/data1/UniBe-swiss-ndvi/data/tiffs_historic_v7_compr/20230301_historic.tiff
Created /mnt/data1/UniBe-swiss-ndvi/data/tiffs_historic_v7_compr/20230301_historic_mask.tiff
Created /mnt/data1/UniBe-swiss-ndvi/data/tiffs_historic_v7_compr/20230302_historic.tiff
Created /mnt/data1/UniBe-swiss-ndvi/data/tiffs_historic_v7_compr/20230302_historic_mask.tiff
Created /mnt/data1/UniBe-swiss-ndvi/data/tiffs_historic_v7_compr/20230303_historic.tiff
Created /mnt/data1/UniBe-swiss-ndvi/data/tiffs_historic_v7_compr/20230303_historic_mask.tiff
Created /mnt/data1/UniBe-swiss-ndvi/data/tiffs_historic_v7_compr/20230304_historic.tiff
Created /mnt/data1/UniBe-swiss-ndvi/data/tiffs_historic_v7_compr/20230304_historic_mask.tiff
Created /mnt/data1/UniBe-swiss-ndvi/data/tiffs_historic_v7_compr/20230305_historic.tiff
Created /mnt/data1/UniBe-swiss-ndvi/data/tiffs_historic_v7_compr/20230305_historic_mask.tiff
Created /mnt/data1/UniBe-swiss-ndvi/data/tiffs_historic_v7_compr/20230306_historic.tiff
Created /mnt/data1/UniBe-swiss-ndvi/data/tiffs_historic_v7_compr/20230306_historic_mask.tiff
Created /mnt/data1/UniBe-swiss-ndvi/data/tiffs_historic_v7_compr/20230307_historic.tiff
Created /mnt/data1/UniBe-swiss-ndvi/data/tiffs_historic_v7_compr/20230307_historic_mask.tiff
Created /mnt/data1/UniBe-swiss-ndvi/data/tiffs_historic_v7_compr/20230308_historic.tiff
Created /mnt/data1/UniBe-swiss-ndvi/data/tiffs_historic_v7_compr/20230308_historic_mask.tiff
Created /mnt/data1/UniBe-swiss-ndvi/data/tiffs_historic_v7_compr/20230309_historic.tiff
Created /mnt/data1/UniBe-swiss-ndvi/data/tiffs_historic_v7_compr/20230309_historic_mask.tiff
Created /mnt/data1/UniBe-swiss-ndvi/data/tiffs_historic_v7_compr/20230310_historic.tiff
Created /mnt/data1/UniBe-swiss-ndvi/data/tiffs_historic_v7_compr/20230310_historic_mask.tiff
Created /mnt/data1/UniBe-swiss-ndvi/data/tiffs_historic_v7_compr/20230311_historic.tiff
Created /mnt/data1/UniBe-swiss-ndvi/data/tiffs_historic_v7_compr/20230311_historic_mask.tiff
Created /mnt/data1/UniBe-swiss-ndvi/data/tiffs_historic_v7_compr/20230312_historic.tiff
Created /mnt/data1/UniBe-swiss-ndvi/data/tiffs_historic_v7_compr/20230312_historic_mask.tiff
Created /mnt/data1/UniBe-swiss-ndvi/data/tiffs_historic_v7_compr/20230313_historic.tiff
Created /mnt/data1/UniBe-swiss-ndvi/data/tiffs_historic_v7_compr/20230313_historic_mask.tiff
Created /mnt/data1/UniBe-swiss-ndvi/data/tiffs_historic_v7_compr/20230314_historic.tiff
Created /mnt/data1/UniBe-swiss-ndvi/data/tiffs_historic_v7_compr/20230314_historic_mask.tiff
Created /mnt/data1/UniBe-swiss-ndvi/data/tiffs_historic_v7_compr/20230315_historic.tiff
Created /mnt/data1/UniBe-swiss-ndvi/data/tiffs_historic_v7_compr/20230315_historic_mask.tiff
Created /mnt/data1/UniBe-swiss-ndvi/data/tiffs_historic_v7_compr/20230316_historic.tiff
Created /mnt/data1/UniBe-swiss-ndvi/data/tiffs_historic_v7_compr/20230316_historic_mask.tiff
Created /mnt/data1/UniBe-swiss-ndvi/data/tiffs_historic_v7_compr/20230317_historic.tiff
Created /mnt/data1/UniBe-swiss-ndvi/data/tiffs_historic_v7_compr/20230317_historic_mask.tiff
Created /mnt/data1/UniBe-swiss-ndvi/data/tiffs_historic_v7_compr/20230318_historic.tiff
Created /mnt/data1/UniBe-swiss-ndvi/data/tiffs_historic_v7_compr/20230318_historic_mask.tiff
Created /mnt/data1/UniBe-swiss-ndvi/data/tiffs_historic_v7_compr/20230319_historic.tiff
Created /mnt/data1/UniBe-swiss-ndvi/data/tiffs_historic_v7_compr/20230319_historic_mask.tiff
Created /mnt/data1/UniBe-swiss-ndvi/data/tiffs_historic_v7_compr/20230320_historic.tiff
Created /mnt/data1/UniBe-swiss-ndvi/data/tiffs_historic_v7_compr/20230320_historic_mask.tiff
Created /mnt/data1/UniBe-swiss-ndvi/data/tiffs_historic_v7_compr/20230321_historic.tiff
Created /mnt/data1/UniBe-swiss-ndvi/data/tiffs_historic_v7_compr/20230321_historic_mask.tiff
Created /mnt/data1/UniBe-swiss-ndvi/data/tiffs_historic_v7_compr/20230322_historic.tiff
Created /mnt/data1/UniBe-swiss-ndvi/data/tiffs_historic_v7_compr/20230322_historic_mask.tiff
Created /mnt/data1/UniBe-swiss-ndvi/data/tiffs_historic_v7_compr/20230323_historic.tiff
Created /mnt/data1/UniBe-swiss-ndvi/data/tiffs_historic_v7_compr/20230323_historic_mask.tiff
Created /mnt/data1/UniBe-swiss-ndvi/data/tiffs_historic_v7_compr/20230324_historic.tiff
Created /mnt/data1/UniBe-swiss-ndvi/data/tiffs_historic_v7_compr/20230324_historic_mask.tiff
Created /mnt/data1/UniBe-swiss-ndvi/data/tiffs_historic_v7_compr/20230325_historic.tiff
Created /mnt/data1/UniBe-swiss-ndvi/data/tiffs_historic_v7_compr/20230325_historic_mask.tiff
Created /mnt/data1/UniBe-swiss-ndvi/data/tiffs_historic_v7_compr/20230326_historic.tiff
Created /mnt/data1/UniBe-swiss-ndvi/data/tiffs_historic_v7_compr/20230326_historic_mask.tiff
Created /mnt/data1/UniBe-swiss-ndvi/data/tiffs_historic_v7_compr/20230327_historic.tiff
Created /mnt/data1/UniBe-swiss-ndvi/data/tiffs_historic_v7_compr/20230327_historic_mask.tiff
Created /mnt/data1/UniBe-swiss-ndvi/data/tiffs_historic_v7_compr/20230328_historic.tiff
Created /mnt/data1/UniBe-swiss-ndvi/data/tiffs_historic_v7_compr/20230328_historic_mask.tiff
Created /mnt/data1/UniBe-swiss-ndvi/data/tiffs_historic_v7_compr/20230329_historic.tiff
Created /mnt/data1/UniBe-swiss-ndvi/data/tiffs_historic_v7_compr/20230329_historic_mask.tiff
Created /mnt/data1/UniBe-swiss-ndvi/data/tiffs_historic_v7_compr/20230330_historic.tiff
Created /mnt/data1/UniBe-swiss-ndvi/data/tiffs_historic_v7_compr/20230330_historic_mask.tiff
Created /mnt/data1/UniBe-swiss-ndvi/data/tiffs_historic_v7_compr/20230331_historic.tiff
Created /mnt/data1/UniBe-swiss-ndvi/data/tiffs_historic_v7_compr/20230331_historic_mask.tiff
Created /mnt/data1/UniBe-swiss-ndvi/data/tiffs_historic_v7_compr/20230401_historic.tiff
Created /mnt/data1/UniBe-swiss-ndvi/data/tiffs_historic_v7_compr/20230401_historic_mask.tiff
Created /mnt/data1/UniBe-swiss-ndvi/data/tiffs_historic_v7_compr/20230402_historic.tiff
Created /mnt/data1/UniBe-swiss-ndvi/data/tiffs_historic_v7_compr/20230402_historic_mask.tiff
Created /mnt/data1/UniBe-swiss-ndvi/data/tiffs_historic_v7_compr/20230403_historic.tiff
Created /mnt/data1/UniBe-swiss-ndvi/data/tiffs_historic_v7_compr/20230403_historic_mask.tiff
Created /mnt/data1/UniBe-swiss-ndvi/data/tiffs_historic_v7_compr/20230404_historic.tiff
Created /mnt/data1/UniBe-swiss-ndvi/data/tiffs_historic_v7_compr/20230404_historic_mask.tiff
Created /mnt/data1/UniBe-swiss-ndvi/data/tiffs_historic_v7_compr/20230405_historic.tiff
Created /mnt/data1/UniBe-swiss-ndvi/data/tiffs_historic_v7_compr/20230405_historic_mask.tiff
Created /mnt/data1/UniBe-swiss-ndvi/data/tiffs_historic_v7_compr/20230406_historic.tiff
Created /mnt/data1/UniBe-swiss-ndvi/data/tiffs_historic_v7_compr/20230406_historic_mask.tiff
Created /mnt/data1/UniBe-swiss-ndvi/data/tiffs_historic_v7_compr/20230407_historic.tiff
Created /mnt/data1/UniBe-swiss-ndvi/data/tiffs_historic_v7_compr/20230407_historic_mask.tiff
Created /mnt/data1/UniBe-swiss-ndvi/data/tiffs_historic_v7_compr/20230408_historic.tiff
Created /mnt/data1/UniBe-swiss-ndvi/data/tiffs_historic_v7_compr/20230408_historic_mask.tiff
Created /mnt/data1/UniBe-swiss-ndvi/data/tiffs_historic_v7_compr/20230409_historic.tiff
Created /mnt/data1/UniBe-swiss-ndvi/data/tiffs_historic_v7_compr/20230409_historic_mask.tiff
Created /mnt/data1/UniBe-swiss-ndvi/data/tiffs_historic_v7_compr/20230410_historic.tiff
Created /mnt/data1/UniBe-swiss-ndvi/data/tiffs_historic_v7_compr/20230410_historic_mask.tiff
Created /mnt/data1/UniBe-swiss-ndvi/data/tiffs_historic_v7_compr/20230411_historic.tiff
Created /mnt/data1/UniBe-swiss-ndvi/data/tiffs_historic_v7_compr/20230411_historic_mask.tiff
Created /mnt/data1/UniBe-swiss-ndvi/data/tiffs_historic_v7_compr/20230412_historic.tiff
Created /mnt/data1/UniBe-swiss-ndvi/data/tiffs_historic_v7_compr/20230412_historic_mask.tiff
Created /mnt/data1/UniBe-swiss-ndvi/data/tiffs_historic_v7_compr/20230413_historic.tiff
Created /mnt/data1/UniBe-swiss-ndvi/data/tiffs_historic_v7_compr/20230413_historic_mask.tiff
Created /mnt/data1/UniBe-swiss-ndvi/data/tiffs_historic_v7_compr/20230414_historic.tiff
Created /mnt/data1/UniBe-swiss-ndvi/data/tiffs_historic_v7_compr/20230414_historic_mask.tiff
Created /mnt/data1/UniBe-swiss-ndvi/data/tiffs_historic_v7_compr/20230415_historic.tiff
Created /mnt/data1/UniBe-swiss-ndvi/data/tiffs_historic_v7_compr/20230415_historic_mask.tiff
Created /mnt/data1/UniBe-swiss-ndvi/data/tiffs_historic_v7_compr/20230416_historic.tiff
Created /mnt/data1/UniBe-swiss-ndvi/data/tiffs_historic_v7_compr/20230416_historic_mask.tiff
Created /mnt/data1/UniBe-swiss-ndvi/data/tiffs_historic_v7_compr/20230417_historic.tiff
Created /mnt/data1/UniBe-swiss-ndvi/data/tiffs_historic_v7_compr/20230417_historic_mask.tiff
Created /mnt/data1/UniBe-swiss-ndvi/data/tiffs_historic_v7_compr/20230418_historic.tiff
Created /mnt/data1/UniBe-swiss-ndvi/data/tiffs_historic_v7_compr/20230418_historic_mask.tiff
Created /mnt/data1/UniBe-swiss-ndvi/data/tiffs_historic_v7_compr/20230419_historic.tiff
Created /mnt/data1/UniBe-swiss-ndvi/data/tiffs_historic_v7_compr/20230419_historic_mask.tiff
Created /mnt/data1/UniBe-swiss-ndvi/data/tiffs_historic_v7_compr/20230420_historic.tiff
Created /mnt/data1/UniBe-swiss-ndvi/data/tiffs_historic_v7_compr/20230420_historic_mask.tiff
Created /mnt/data1/UniBe-swiss-ndvi/data/tiffs_historic_v7_compr/20230421_historic.tiff
Created /mnt/data1/UniBe-swiss-ndvi/data/tiffs_historic_v7_compr/20230421_historic_mask.tiff
Created /mnt/data1/UniBe-swiss-ndvi/data/tiffs_historic_v7_compr/20230422_historic.tiff
Created /mnt/data1/UniBe-swiss-ndvi/data/tiffs_historic_v7_compr/20230422_historic_mask.tiff
Created /mnt/data1/UniBe-swiss-ndvi/data/tiffs_historic_v7_compr/20230423_historic.tiff
Created /mnt/data1/UniBe-swiss-ndvi/data/tiffs_historic_v7_compr/20230423_historic_mask.tiff
Created /mnt/data1/UniBe-swiss-ndvi/data/tiffs_historic_v7_compr/20230424_historic.tiff
Created /mnt/data1/UniBe-swiss-ndvi/data/tiffs_historic_v7_compr/20230424_historic_mask.tiff
Created /mnt/data1/UniBe-swiss-ndvi/data/tiffs_historic_v7_compr/20230425_historic.tiff
Created /mnt/data1/UniBe-swiss-ndvi/data/tiffs_historic_v7_compr/20230425_historic_mask.tiff
Created /mnt/data1/UniBe-swiss-ndvi/data/tiffs_historic_v7_compr/20230426_historic.tiff
Created /mnt/data1/UniBe-swiss-ndvi/data/tiffs_historic_v7_compr/20230426_historic_mask.tiff
Created /mnt/data1/UniBe-swiss-ndvi/data/tiffs_historic_v7_compr/20230427_historic.tiff
Created /mnt/data1/UniBe-swiss-ndvi/data/tiffs_historic_v7_compr/20230427_historic_mask.tiff
Created /mnt/data1/UniBe-swiss-ndvi/data/tiffs_historic_v7_compr/20230428_historic.tiff
Created /mnt/data1/UniBe-swiss-ndvi/data/tiffs_historic_v7_compr/20230428_historic_mask.tiff
Created /mnt/data1/UniBe-swiss-ndvi/data/tiffs_historic_v7_compr/20230429_historic.tiff
Created /mnt/data1/UniBe-swiss-ndvi/data/tiffs_historic_v7_compr/20230429_historic_mask.tiff
Created /mnt/data1/UniBe-swiss-ndvi/data/tiffs_historic_v7_compr/20230430_historic.tiff
Created /mnt/data1/UniBe-swiss-ndvi/data/tiffs_historic_v7_compr/20230430_historic_mask.tiff
Created /mnt/data1/UniBe-swiss-ndvi/data/tiffs_historic_v7_compr/20230501_historic.tiff
Created /mnt/data1/UniBe-swiss-ndvi/data/tiffs_historic_v7_compr/20230501_historic_mask.tiff
Created /mnt/data1/UniBe-swiss-ndvi/data/tiffs_historic_v7_compr/20230502_historic.tiff
Created /mnt/data1/UniBe-swiss-ndvi/data/tiffs_historic_v7_compr/20230502_historic_mask.tiff
Created /mnt/data1/UniBe-swiss-ndvi/data/tiffs_historic_v7_compr/20230503_historic.tiff
Created /mnt/data1/UniBe-swiss-ndvi/data/tiffs_historic_v7_compr/20230503_historic_mask.tiff
Created /mnt/data1/UniBe-swiss-ndvi/data/tiffs_historic_v7_compr/20230504_historic.tiff
Created /mnt/data1/UniBe-swiss-ndvi/data/tiffs_historic_v7_compr/20230504_historic_mask.tiff
Created /mnt/data1/UniBe-swiss-ndvi/data/tiffs_historic_v7_compr/20230505_historic.tiff
Created /mnt/data1/UniBe-swiss-ndvi/data/tiffs_historic_v7_compr/20230505_historic_mask.tiff
Created /mnt/data1/UniBe-swiss-ndvi/data/tiffs_historic_v7_compr/20230506_historic.tiff
Created /mnt/data1/UniBe-swiss-ndvi/data/tiffs_historic_v7_compr/20230506_historic_mask.tiff
Created /mnt/data1/UniBe-swiss-ndvi/data/tiffs_historic_v7_compr/20230507_historic.tiff
Created /mnt/data1/UniBe-swiss-ndvi/data/tiffs_historic_v7_compr/20230507_historic_mask.tiff
Created /mnt/data1/UniBe-swiss-ndvi/data/tiffs_historic_v7_compr/20230508_historic.tiff
Created /mnt/data1/UniBe-swiss-ndvi/data/tiffs_historic_v7_compr/20230508_historic_mask.tiff
Created /mnt/data1/UniBe-swiss-ndvi/data/tiffs_historic_v7_compr/20230509_historic.tiff
Created /mnt/data1/UniBe-swiss-ndvi/data/tiffs_historic_v7_compr/20230509_historic_mask.tiff
Created /mnt/data1/UniBe-swiss-ndvi/data/tiffs_historic_v7_compr/20230510_historic.tiff
Created /mnt/data1/UniBe-swiss-ndvi/data/tiffs_historic_v7_compr/20230510_historic_mask.tiff
Created /mnt/data1/UniBe-swiss-ndvi/data/tiffs_historic_v7_compr/20230511_historic.tiff
Created /mnt/data1/UniBe-swiss-ndvi/data/tiffs_historic_v7_compr/20230511_historic_mask.tiff
Created /mnt/data1/UniBe-swiss-ndvi/data/tiffs_historic_v7_compr/20230512_historic.tiff
Created /mnt/data1/UniBe-swiss-ndvi/data/tiffs_historic_v7_compr/20230512_historic_mask.tiff
Created /mnt/data1/UniBe-swiss-ndvi/data/tiffs_historic_v7_compr/20230513_historic.tiff
Created /mnt/data1/UniBe-swiss-ndvi/data/tiffs_historic_v7_compr/20230513_historic_mask.tiff
Created /mnt/data1/UniBe-swiss-ndvi/data/tiffs_historic_v7_compr/20230514_historic.tiff
Created /mnt/data1/UniBe-swiss-ndvi/data/tiffs_historic_v7_compr/20230514_historic_mask.tiff
Created /mnt/data1/UniBe-swiss-ndvi/data/tiffs_historic_v7_compr/20230515_historic.tiff
Created /mnt/data1/UniBe-swiss-ndvi/data/tiffs_historic_v7_compr/20230515_historic_mask.tiff
Created /mnt/data1/UniBe-swiss-ndvi/data/tiffs_historic_v7_compr/20230516_historic.tiff
Created /mnt/data1/UniBe-swiss-ndvi/data/tiffs_historic_v7_compr/20230516_historic_mask.tiff
Created /mnt/data1/UniBe-swiss-ndvi/data/tiffs_historic_v7_compr/20230517_historic.tiff
Created /mnt/data1/UniBe-swiss-ndvi/data/tiffs_historic_v7_compr/20230517_historic_mask.tiff
Created /mnt/data1/UniBe-swiss-ndvi/data/tiffs_historic_v7_compr/20230518_historic.tiff
Created /mnt/data1/UniBe-swiss-ndvi/data/tiffs_historic_v7_compr/20230518_historic_mask.tiff
Created /mnt/data1/UniBe-swiss-ndvi/data/tiffs_historic_v7_compr/20230519_historic.tiff
Created /mnt/data1/UniBe-swiss-ndvi/data/tiffs_historic_v7_compr/20230519_historic_mask.tiff
Created /mnt/data1/UniBe-swiss-ndvi/data/tiffs_historic_v7_compr/20230520_historic.tiff
Created /mnt/data1/UniBe-swiss-ndvi/data/tiffs_historic_v7_compr/20230520_historic_mask.tiff
Created /mnt/data1/UniBe-swiss-ndvi/data/tiffs_historic_v7_compr/20230521_historic.tiff
Created /mnt/data1/UniBe-swiss-ndvi/data/tiffs_historic_v7_compr/20230521_historic_mask.tiff
Created /mnt/data1/UniBe-swiss-ndvi/data/tiffs_historic_v7_compr/20230522_historic.tiff
Created /mnt/data1/UniBe-swiss-ndvi/data/tiffs_historic_v7_compr/20230522_historic_mask.tiff
Created /mnt/data1/UniBe-swiss-ndvi/data/tiffs_historic_v7_compr/20230523_historic.tiff
Created /mnt/data1/UniBe-swiss-ndvi/data/tiffs_historic_v7_compr/20230523_historic_mask.tiff
Created /mnt/data1/UniBe-swiss-ndvi/data/tiffs_historic_v7_compr/20230524_historic.tiff
Created /mnt/data1/UniBe-swiss-ndvi/data/tiffs_historic_v7_compr/20230524_historic_mask.tiff
Created /mnt/data1/UniBe-swiss-ndvi/data/tiffs_historic_v7_compr/20230525_historic.tiff
Created /mnt/data1/UniBe-swiss-ndvi/data/tiffs_historic_v7_compr/20230525_historic_mask.tiff
Created /mnt/data1/UniBe-swiss-ndvi/data/tiffs_historic_v7_compr/20230526_historic.tiff
Created /mnt/data1/UniBe-swiss-ndvi/data/tiffs_historic_v7_compr/20230526_historic_mask.tiff
Created /mnt/data1/UniBe-swiss-ndvi/data/tiffs_historic_v7_compr/20230527_historic.tiff
Created /mnt/data1/UniBe-swiss-ndvi/data/tiffs_historic_v7_compr/20230527_historic_mask.tiff
Created /mnt/data1/UniBe-swiss-ndvi/data/tiffs_historic_v7_compr/20230528_historic.tiff
Created /mnt/data1/UniBe-swiss-ndvi/data/tiffs_historic_v7_compr/20230528_historic_mask.tiff
Created /mnt/data1/UniBe-swiss-ndvi/data/tiffs_historic_v7_compr/20230529_historic.tiff
Created /mnt/data1/UniBe-swiss-ndvi/data/tiffs_historic_v7_compr/20230529_historic_mask.tiff
Created /mnt/data1/UniBe-swiss-ndvi/data/tiffs_historic_v7_compr/20230530_historic.tiff
Created /mnt/data1/UniBe-swiss-ndvi/data/tiffs_historic_v7_compr/20230530_historic_mask.tiff
Created /mnt/data1/UniBe-swiss-ndvi/data/tiffs_historic_v7_compr/20230531_historic.tiff
Created /mnt/data1/UniBe-swiss-ndvi/data/tiffs_historic_v7_compr/20230531_historic_mask.tiff
Created /mnt/data1/UniBe-swiss-ndvi/data/tiffs_historic_v7_compr/20230601_historic.tiff
Created /mnt/data1/UniBe-swiss-ndvi/data/tiffs_historic_v7_compr/20230601_historic_mask.tiff
Created /mnt/data1/UniBe-swiss-ndvi/data/tiffs_historic_v7_compr/20230602_historic.tiff
Created /mnt/data1/UniBe-swiss-ndvi/data/tiffs_historic_v7_compr/20230602_historic_mask.tiff
Created /mnt/data1/UniBe-swiss-ndvi/data/tiffs_historic_v7_compr/20230603_historic.tiff
Created /mnt/data1/UniBe-swiss-ndvi/data/tiffs_historic_v7_compr/20230603_historic_mask.tiff
Created /mnt/data1/UniBe-swiss-ndvi/data/tiffs_historic_v7_compr/20230604_historic.tiff
Created /mnt/data1/UniBe-swiss-ndvi/data/tiffs_historic_v7_compr/20230604_historic_mask.tiff
Created /mnt/data1/UniBe-swiss-ndvi/data/tiffs_historic_v7_compr/20230605_historic.tiff
Created /mnt/data1/UniBe-swiss-ndvi/data/tiffs_historic_v7_compr/20230605_historic_mask.tiff
Created /mnt/data1/UniBe-swiss-ndvi/data/tiffs_historic_v7_compr/20230606_historic.tiff
Created /mnt/data1/UniBe-swiss-ndvi/data/tiffs_historic_v7_compr/20230606_historic_mask.tiff
Created /mnt/data1/UniBe-swiss-ndvi/data/tiffs_historic_v7_compr/20230607_historic.tiff
Created /mnt/data1/UniBe-swiss-ndvi/data/tiffs_historic_v7_compr/20230607_historic_mask.tiff
Created /mnt/data1/UniBe-swiss-ndvi/data/tiffs_historic_v7_compr/20230608_historic.tiff
Created /mnt/data1/UniBe-swiss-ndvi/data/tiffs_historic_v7_compr/20230608_historic_mask.tiff
Created /mnt/data1/UniBe-swiss-ndvi/data/tiffs_historic_v7_compr/20230609_historic.tiff
Created /mnt/data1/UniBe-swiss-ndvi/data/tiffs_historic_v7_compr/20230609_historic_mask.tiff
Created /mnt/data1/UniBe-swiss-ndvi/data/tiffs_historic_v7_compr/20230610_historic.tiff
Created /mnt/data1/UniBe-swiss-ndvi/data/tiffs_historic_v7_compr/20230610_historic_mask.tiff
Created /mnt/data1/UniBe-swiss-ndvi/data/tiffs_historic_v7_compr/20230611_historic.tiff
Created /mnt/data1/UniBe-swiss-ndvi/data/tiffs_historic_v7_compr/20230611_historic_mask.tiff
Created /mnt/data1/UniBe-swiss-ndvi/data/tiffs_historic_v7_compr/20230612_historic.tiff
Created /mnt/data1/UniBe-swiss-ndvi/data/tiffs_historic_v7_compr/20230612_historic_mask.tiff
Created /mnt/data1/UniBe-swiss-ndvi/data/tiffs_historic_v7_compr/20230613_historic.tiff
Created /mnt/data1/UniBe-swiss-ndvi/data/tiffs_historic_v7_compr/20230613_historic_mask.tiff
Created /mnt/data1/UniBe-swiss-ndvi/data/tiffs_historic_v7_compr/20230614_historic.tiff
Created /mnt/data1/UniBe-swiss-ndvi/data/tiffs_historic_v7_compr/20230614_historic_mask.tiff
Created /mnt/data1/UniBe-swiss-ndvi/data/tiffs_historic_v7_compr/20230615_historic.tiff
Created /mnt/data1/UniBe-swiss-ndvi/data/tiffs_historic_v7_compr/20230615_historic_mask.tiff
Created /mnt/data1/UniBe-swiss-ndvi/data/tiffs_historic_v7_compr/20230616_historic.tiff
Created /mnt/data1/UniBe-swiss-ndvi/data/tiffs_historic_v7_compr/20230616_historic_mask.tiff
Created /mnt/data1/UniBe-swiss-ndvi/data/tiffs_historic_v7_compr/20230617_historic.tiff
Created /mnt/data1/UniBe-swiss-ndvi/data/tiffs_historic_v7_compr/20230617_historic_mask.tiff
Created /mnt/data1/UniBe-swiss-ndvi/data/tiffs_historic_v7_compr/20230618_historic.tiff
Created /mnt/data1/UniBe-swiss-ndvi/data/tiffs_historic_v7_compr/20230618_historic_mask.tiff
Created /mnt/data1/UniBe-swiss-ndvi/data/tiffs_historic_v7_compr/20230619_historic.tiff
Created /mnt/data1/UniBe-swiss-ndvi/data/tiffs_historic_v7_compr/20230619_historic_mask.tiff
Created /mnt/data1/UniBe-swiss-ndvi/data/tiffs_historic_v7_compr/20230620_historic.tiff
Created /mnt/data1/UniBe-swiss-ndvi/data/tiffs_historic_v7_compr/20230620_historic_mask.tiff
Created /mnt/data1/UniBe-swiss-ndvi/data/tiffs_historic_v7_compr/20230621_historic.tiff
Created /mnt/data1/UniBe-swiss-ndvi/data/tiffs_historic_v7_compr/20230621_historic_mask.tiff
Created /mnt/data1/UniBe-swiss-ndvi/data/tiffs_historic_v7_compr/20230622_historic.tiff
Created /mnt/data1/UniBe-swiss-ndvi/data/tiffs_historic_v7_compr/20230622_historic_mask.tiff
Created /mnt/data1/UniBe-swiss-ndvi/data/tiffs_historic_v7_compr/20230623_historic.tiff
Created /mnt/data1/UniBe-swiss-ndvi/data/tiffs_historic_v7_compr/20230623_historic_mask.tiff
Created /mnt/data1/UniBe-swiss-ndvi/data/tiffs_historic_v7_compr/20230624_historic.tiff
Created /mnt/data1/UniBe-swiss-ndvi/data/tiffs_historic_v7_compr/20230624_historic_mask.tiff
Created /mnt/data1/UniBe-swiss-ndvi/data/tiffs_historic_v7_compr/20230625_historic.tiff
Created /mnt/data1/UniBe-swiss-ndvi/data/tiffs_historic_v7_compr/20230625_historic_mask.tiff
Created /mnt/data1/UniBe-swiss-ndvi/data/tiffs_historic_v7_compr/20230626_historic.tiff
Created /mnt/data1/UniBe-swiss-ndvi/data/tiffs_historic_v7_compr/20230626_historic_mask.tiff
Created /mnt/data1/UniBe-swiss-ndvi/data/tiffs_historic_v7_compr/20230627_historic.tiff
Created /mnt/data1/UniBe-swiss-ndvi/data/tiffs_historic_v7_compr/20230627_historic_mask.tiff
Created /mnt/data1/UniBe-swiss-ndvi/data/tiffs_historic_v7_compr/20230628_historic.tiff
Created /mnt/data1/UniBe-swiss-ndvi/data/tiffs_historic_v7_compr/20230628_historic_mask.tiff
Created /mnt/data1/UniBe-swiss-ndvi/data/tiffs_historic_v7_compr/20230629_historic.tiff
Created /mnt/data1/UniBe-swiss-ndvi/data/tiffs_historic_v7_compr/20230629_historic_mask.tiff
Created /mnt/data1/UniBe-swiss-ndvi/data/tiffs_historic_v7_compr/20230630_historic.tiff
Created /mnt/data1/UniBe-swiss-ndvi/data/tiffs_historic_v7_compr/20230630_historic_mask.tiff
Created /mnt/data1/UniBe-swiss-ndvi/data/tiffs_historic_v7_compr/20230701_historic.tiff
Created /mnt/data1/UniBe-swiss-ndvi/data/tiffs_historic_v7_compr/20230701_historic_mask.tiff
Created /mnt/data1/UniBe-swiss-ndvi/data/tiffs_historic_v7_compr/20230702_historic.tiff
Created /mnt/data1/UniBe-swiss-ndvi/data/tiffs_historic_v7_compr/20230702_historic_mask.tiff
Created /mnt/data1/UniBe-swiss-ndvi/data/tiffs_historic_v7_compr/20230703_historic.tiff
Created /mnt/data1/UniBe-swiss-ndvi/data/tiffs_historic_v7_compr/20230703_historic_mask.tiff
Created /mnt/data1/UniBe-swiss-ndvi/data/tiffs_historic_v7_compr/20230704_historic.tiff
Created /mnt/data1/UniBe-swiss-ndvi/data/tiffs_historic_v7_compr/20230704_historic_mask.tiff
Created /mnt/data1/UniBe-swiss-ndvi/data/tiffs_historic_v7_compr/20230705_historic.tiff
Created /mnt/data1/UniBe-swiss-ndvi/data/tiffs_historic_v7_compr/20230705_historic_mask.tiff
Created /mnt/data1/UniBe-swiss-ndvi/data/tiffs_historic_v7_compr/20230706_historic.tiff
Created /mnt/data1/UniBe-swiss-ndvi/data/tiffs_historic_v7_compr/20230706_historic_mask.tiff
Created /mnt/data1/UniBe-swiss-ndvi/data/tiffs_historic_v7_compr/20230707_historic.tiff
Created /mnt/data1/UniBe-swiss-ndvi/data/tiffs_historic_v7_compr/20230707_historic_mask.tiff
Created /mnt/data1/UniBe-swiss-ndvi/data/tiffs_historic_v7_compr/20230708_historic.tiff
Created /mnt/data1/UniBe-swiss-ndvi/data/tiffs_historic_v7_compr/20230708_historic_mask.tiff
Created /mnt/data1/UniBe-swiss-ndvi/data/tiffs_historic_v7_compr/20230709_historic.tiff
Created /mnt/data1/UniBe-swiss-ndvi/data/tiffs_historic_v7_compr/20230709_historic_mask.tiff
Created /mnt/data1/UniBe-swiss-ndvi/data/tiffs_historic_v7_compr/20230710_historic.tiff
Created /mnt/data1/UniBe-swiss-ndvi/data/tiffs_historic_v7_compr/20230710_historic_mask.tiff
Created /mnt/data1/UniBe-swiss-ndvi/data/tiffs_historic_v7_compr/20230711_historic.tiff
Created /mnt/data1/UniBe-swiss-ndvi/data/tiffs_historic_v7_compr/20230711_historic_mask.tiff
Created /mnt/data1/UniBe-swiss-ndvi/data/tiffs_historic_v7_compr/20230712_historic.tiff
Created /mnt/data1/UniBe-swiss-ndvi/data/tiffs_historic_v7_compr/20230712_historic_mask.tiff
Created /mnt/data1/UniBe-swiss-ndvi/data/tiffs_historic_v7_compr/20230713_historic.tiff
Created /mnt/data1/UniBe-swiss-ndvi/data/tiffs_historic_v7_compr/20230713_historic_mask.tiff
Created /mnt/data1/UniBe-swiss-ndvi/data/tiffs_historic_v7_compr/20230714_historic.tiff
Created /mnt/data1/UniBe-swiss-ndvi/data/tiffs_historic_v7_compr/20230714_historic_mask.tiff
Created /mnt/data1/UniBe-swiss-ndvi/data/tiffs_historic_v7_compr/20230715_historic.tiff
Created /mnt/data1/UniBe-swiss-ndvi/data/tiffs_historic_v7_compr/20230715_historic_mask.tiff
Created /mnt/data1/UniBe-swiss-ndvi/data/tiffs_historic_v7_compr/20230716_historic.tiff
Created /mnt/data1/UniBe-swiss-ndvi/data/tiffs_historic_v7_compr/20230716_historic_mask.tiff
Created /mnt/data1/UniBe-swiss-ndvi/data/tiffs_historic_v7_compr/20230717_historic.tiff
Created /mnt/data1/UniBe-swiss-ndvi/data/tiffs_historic_v7_compr/20230717_historic_mask.tiff
Created /mnt/data1/UniBe-swiss-ndvi/data/tiffs_historic_v7_compr/20230718_historic.tiff
Created /mnt/data1/UniBe-swiss-ndvi/data/tiffs_historic_v7_compr/20230718_historic_mask.tiff
Created /mnt/data1/UniBe-swiss-ndvi/data/tiffs_historic_v7_compr/20230719_historic.tiff
Created /mnt/data1/UniBe-swiss-ndvi/data/tiffs_historic_v7_compr/20230719_historic_mask.tiff
Created /mnt/data1/UniBe-swiss-ndvi/data/tiffs_historic_v7_compr/20230720_historic.tiff
Created /mnt/data1/UniBe-swiss-ndvi/data/tiffs_historic_v7_compr/20230720_historic_mask.tiff
Created /mnt/data1/UniBe-swiss-ndvi/data/tiffs_historic_v7_compr/20230721_historic.tiff
Created /mnt/data1/UniBe-swiss-ndvi/data/tiffs_historic_v7_compr/20230721_historic_mask.tiff
Created /mnt/data1/UniBe-swiss-ndvi/data/tiffs_historic_v7_compr/20230722_historic.tiff
Created /mnt/data1/UniBe-swiss-ndvi/data/tiffs_historic_v7_compr/20230722_historic_mask.tiff
Created /mnt/data1/UniBe-swiss-ndvi/data/tiffs_historic_v7_compr/20230723_historic.tiff
Created /mnt/data1/UniBe-swiss-ndvi/data/tiffs_historic_v7_compr/20230723_historic_mask.tiff
Created /mnt/data1/UniBe-swiss-ndvi/data/tiffs_historic_v7_compr/20230724_historic.tiff
Created /mnt/data1/UniBe-swiss-ndvi/data/tiffs_historic_v7_compr/20230724_historic_mask.tiff
Created /mnt/data1/UniBe-swiss-ndvi/data/tiffs_historic_v7_compr/20230725_historic.tiff
Created /mnt/data1/UniBe-swiss-ndvi/data/tiffs_historic_v7_compr/20230725_historic_mask.tiff
Created /mnt/data1/UniBe-swiss-ndvi/data/tiffs_historic_v7_compr/20230726_historic.tiff
Created /mnt/data1/UniBe-swiss-ndvi/data/tiffs_historic_v7_compr/20230726_historic_mask.tiff
Created /mnt/data1/UniBe-swiss-ndvi/data/tiffs_historic_v7_compr/20230727_historic.tiff
Created /mnt/data1/UniBe-swiss-ndvi/data/tiffs_historic_v7_compr/20230727_historic_mask.tiff
Created /mnt/data1/UniBe-swiss-ndvi/data/tiffs_historic_v7_compr/20230728_historic.tiff
Created /mnt/data1/UniBe-swiss-ndvi/data/tiffs_historic_v7_compr/20230728_historic_mask.tiff
Created /mnt/data1/UniBe-swiss-ndvi/data/tiffs_historic_v7_compr/20230729_historic.tiff
Created /mnt/data1/UniBe-swiss-ndvi/data/tiffs_historic_v7_compr/20230729_historic_mask.tiff
Created /mnt/data1/UniBe-swiss-ndvi/data/tiffs_historic_v7_compr/20230730_historic.tiff
Created /mnt/data1/UniBe-swiss-ndvi/data/tiffs_historic_v7_compr/20230730_historic_mask.tiff
Created /mnt/data1/UniBe-swiss-ndvi/data/tiffs_historic_v7_compr/20230731_historic.tiff
Created /mnt/data1/UniBe-swiss-ndvi/data/tiffs_historic_v7_compr/20230731_historic_mask.tiff
Created /mnt/data1/UniBe-swiss-ndvi/data/tiffs_historic_v7_compr/20230801_historic.tiff
Created /mnt/data1/UniBe-swiss-ndvi/data/tiffs_historic_v7_compr/20230801_historic_mask.tiff
Created /mnt/data1/UniBe-swiss-ndvi/data/tiffs_historic_v7_compr/20230802_historic.tiff
Created /mnt/data1/UniBe-swiss-ndvi/data/tiffs_historic_v7_compr/20230802_historic_mask.tiff
Created /mnt/data1/UniBe-swiss-ndvi/data/tiffs_historic_v7_compr/20230803_historic.tiff
Created /mnt/data1/UniBe-swiss-ndvi/data/tiffs_historic_v7_compr/20230803_historic_mask.tiff
Created /mnt/data1/UniBe-swiss-ndvi/data/tiffs_historic_v7_compr/20230804_historic.tiff
Created /mnt/data1/UniBe-swiss-ndvi/data/tiffs_historic_v7_compr/20230804_historic_mask.tiff
Created /mnt/data1/UniBe-swiss-ndvi/data/tiffs_historic_v7_compr/20230805_historic.tiff
Created /mnt/data1/UniBe-swiss-ndvi/data/tiffs_historic_v7_compr/20230805_historic_mask.tiff
Created /mnt/data1/UniBe-swiss-ndvi/data/tiffs_historic_v7_compr/20230806_historic.tiff
Created /mnt/data1/UniBe-swiss-ndvi/data/tiffs_historic_v7_compr/20230806_historic_mask.tiff
Created /mnt/data1/UniBe-swiss-ndvi/data/tiffs_historic_v7_compr/20230807_historic.tiff
Created /mnt/data1/UniBe-swiss-ndvi/data/tiffs_historic_v7_compr/20230807_historic_mask.tiff
Created /mnt/data1/UniBe-swiss-ndvi/data/tiffs_historic_v7_compr/20230808_historic.tiff
Created /mnt/data1/UniBe-swiss-ndvi/data/tiffs_historic_v7_compr/20230808_historic_mask.tiff
Created /mnt/data1/UniBe-swiss-ndvi/data/tiffs_historic_v7_compr/20230809_historic.tiff
Created /mnt/data1/UniBe-swiss-ndvi/data/tiffs_historic_v7_compr/20230809_historic_mask.tiff
Created /mnt/data1/UniBe-swiss-ndvi/data/tiffs_historic_v7_compr/20230810_historic.tiff
Created /mnt/data1/UniBe-swiss-ndvi/data/tiffs_historic_v7_compr/20230810_historic_mask.tiff
Created /mnt/data1/UniBe-swiss-ndvi/data/tiffs_historic_v7_compr/20230811_historic.tiff
Created /mnt/data1/UniBe-swiss-ndvi/data/tiffs_historic_v7_compr/20230811_historic_mask.tiff
Created /mnt/data1/UniBe-swiss-ndvi/data/tiffs_historic_v7_compr/20230812_historic.tiff
Created /mnt/data1/UniBe-swiss-ndvi/data/tiffs_historic_v7_compr/20230812_historic_mask.tiff
Created /mnt/data1/UniBe-swiss-ndvi/data/tiffs_historic_v7_compr/20230813_historic.tiff
Created /mnt/data1/UniBe-swiss-ndvi/data/tiffs_historic_v7_compr/20230813_historic_mask.tiff
Created /mnt/data1/UniBe-swiss-ndvi/data/tiffs_historic_v7_compr/20230814_historic.tiff
Created /mnt/data1/UniBe-swiss-ndvi/data/tiffs_historic_v7_compr/20230814_historic_mask.tiff
Created /mnt/data1/UniBe-swiss-ndvi/data/tiffs_historic_v7_compr/20230815_historic.tiff
Created /mnt/data1/UniBe-swiss-ndvi/data/tiffs_historic_v7_compr/20230815_historic_mask.tiff
Created /mnt/data1/UniBe-swiss-ndvi/data/tiffs_historic_v7_compr/20230816_historic.tiff
Created /mnt/data1/UniBe-swiss-ndvi/data/tiffs_historic_v7_compr/20230816_historic_mask.tiff
Created /mnt/data1/UniBe-swiss-ndvi/data/tiffs_historic_v7_compr/20230817_historic.tiff
Created /mnt/data1/UniBe-swiss-ndvi/data/tiffs_historic_v7_compr/20230817_historic_mask.tiff
Created /mnt/data1/UniBe-swiss-ndvi/data/tiffs_historic_v7_compr/20230818_historic.tiff
Created /mnt/data1/UniBe-swiss-ndvi/data/tiffs_historic_v7_compr/20230818_historic_mask.tiff
Created /mnt/data1/UniBe-swiss-ndvi/data/tiffs_historic_v7_compr/20230819_historic.tiff
Created /mnt/data1/UniBe-swiss-ndvi/data/tiffs_historic_v7_compr/20230819_historic_mask.tiff
Created /mnt/data1/UniBe-swiss-ndvi/data/tiffs_historic_v7_compr/20230820_historic.tiff
Created /mnt/data1/UniBe-swiss-ndvi/data/tiffs_historic_v7_compr/20230820_historic_mask.tiff
Created /mnt/data1/UniBe-swiss-ndvi/data/tiffs_historic_v7_compr/20230821_historic.tiff
Created /mnt/data1/UniBe-swiss-ndvi/data/tiffs_historic_v7_compr/20230821_historic_mask.tiff
Created /mnt/data1/UniBe-swiss-ndvi/data/tiffs_historic_v7_compr/20230822_historic.tiff
Created /mnt/data1/UniBe-swiss-ndvi/data/tiffs_historic_v7_compr/20230822_historic_mask.tiff
Created /mnt/data1/UniBe-swiss-ndvi/data/tiffs_historic_v7_compr/20230823_historic.tiff
Created /mnt/data1/UniBe-swiss-ndvi/data/tiffs_historic_v7_compr/20230823_historic_mask.tiff
Created /mnt/data1/UniBe-swiss-ndvi/data/tiffs_historic_v7_compr/20230824_historic.tiff
Created /mnt/data1/UniBe-swiss-ndvi/data/tiffs_historic_v7_compr/20230824_historic_mask.tiff
Created /mnt/data1/UniBe-swiss-ndvi/data/tiffs_historic_v7_compr/20230825_historic.tiff
Created /mnt/data1/UniBe-swiss-ndvi/data/tiffs_historic_v7_compr/20230825_historic_mask.tiff
Created /mnt/data1/UniBe-swiss-ndvi/data/tiffs_historic_v7_compr/20230826_historic.tiff
Created /mnt/data1/UniBe-swiss-ndvi/data/tiffs_historic_v7_compr/20230826_historic_mask.tiff
Created /mnt/data1/UniBe-swiss-ndvi/data/tiffs_historic_v7_compr/20230827_historic.tiff
Created /mnt/data1/UniBe-swiss-ndvi/data/tiffs_historic_v7_compr/20230827_historic_mask.tiff
Created /mnt/data1/UniBe-swiss-ndvi/data/tiffs_historic_v7_compr/20230828_historic.tiff
Created /mnt/data1/UniBe-swiss-ndvi/data/tiffs_historic_v7_compr/20230828_historic_mask.tiff
Created /mnt/data1/UniBe-swiss-ndvi/data/tiffs_historic_v7_compr/20230829_historic.tiff
Created /mnt/data1/UniBe-swiss-ndvi/data/tiffs_historic_v7_compr/20230829_historic_mask.tiff
Created /mnt/data1/UniBe-swiss-ndvi/data/tiffs_historic_v7_compr/20230830_historic.tiff
Created /mnt/data1/UniBe-swiss-ndvi/data/tiffs_historic_v7_compr/20230830_historic_mask.tiff
Created /mnt/data1/UniBe-swiss-ndvi/data/tiffs_historic_v7_compr/20230831_historic.tiff
Created /mnt/data1/UniBe-swiss-ndvi/data/tiffs_historic_v7_compr/20230831_historic_mask.tiff
Created /mnt/data1/UniBe-swiss-ndvi/data/tiffs_historic_v7_compr/20230901_historic.tiff
Created /mnt/data1/UniBe-swiss-ndvi/data/tiffs_historic_v7_compr/20230901_historic_mask.tiff
Created /mnt/data1/UniBe-swiss-ndvi/data/tiffs_historic_v7_compr/20230902_historic.tiff
Created /mnt/data1/UniBe-swiss-ndvi/data/tiffs_historic_v7_compr/20230902_historic_mask.tiff
Created /mnt/data1/UniBe-swiss-ndvi/data/tiffs_historic_v7_compr/20230903_historic.tiff
Created /mnt/data1/UniBe-swiss-ndvi/data/tiffs_historic_v7_compr/20230903_historic_mask.tiff
Created /mnt/data1/UniBe-swiss-ndvi/data/tiffs_historic_v7_compr/20230904_historic.tiff
Created /mnt/data1/UniBe-swiss-ndvi/data/tiffs_historic_v7_compr/20230904_historic_mask.tiff
Created /mnt/data1/UniBe-swiss-ndvi/data/tiffs_historic_v7_compr/20230905_historic.tiff
Created /mnt/data1/UniBe-swiss-ndvi/data/tiffs_historic_v7_compr/20230905_historic_mask.tiff
Created /mnt/data1/UniBe-swiss-ndvi/data/tiffs_historic_v7_compr/20230906_historic.tiff
Created /mnt/data1/UniBe-swiss-ndvi/data/tiffs_historic_v7_compr/20230906_historic_mask.tiff
Created /mnt/data1/UniBe-swiss-ndvi/data/tiffs_historic_v7_compr/20230907_historic.tiff
Created /mnt/data1/UniBe-swiss-ndvi/data/tiffs_historic_v7_compr/20230907_historic_mask.tiff
Created /mnt/data1/UniBe-swiss-ndvi/data/tiffs_historic_v7_compr/20230908_historic.tiff
Created /mnt/data1/UniBe-swiss-ndvi/data/tiffs_historic_v7_compr/20230908_historic_mask.tiff
Created /mnt/data1/UniBe-swiss-ndvi/data/tiffs_historic_v7_compr/20230909_historic.tiff
Created /mnt/data1/UniBe-swiss-ndvi/data/tiffs_historic_v7_compr/20230909_historic_mask.tiff
Created /mnt/data1/UniBe-swiss-ndvi/data/tiffs_historic_v7_compr/20230910_historic.tiff
Created /mnt/data1/UniBe-swiss-ndvi/data/tiffs_historic_v7_compr/20230910_historic_mask.tiff
Created /mnt/data1/UniBe-swiss-ndvi/data/tiffs_historic_v7_compr/20230911_historic.tiff
Created /mnt/data1/UniBe-swiss-ndvi/data/tiffs_historic_v7_compr/20230911_historic_mask.tiff
Created /mnt/data1/UniBe-swiss-ndvi/data/tiffs_historic_v7_compr/20230912_historic.tiff
Created /mnt/data1/UniBe-swiss-ndvi/data/tiffs_historic_v7_compr/20230912_historic_mask.tiff
Created /mnt/data1/UniBe-swiss-ndvi/data/tiffs_historic_v7_compr/20230913_historic.tiff
Created /mnt/data1/UniBe-swiss-ndvi/data/tiffs_historic_v7_compr/20230913_historic_mask.tiff
Created /mnt/data1/UniBe-swiss-ndvi/data/tiffs_historic_v7_compr/20230914_historic.tiff
Created /mnt/data1/UniBe-swiss-ndvi/data/tiffs_historic_v7_compr/20230914_historic_mask.tiff
Created /mnt/data1/UniBe-swiss-ndvi/data/tiffs_historic_v7_compr/20230915_historic.tiff
Created /mnt/data1/UniBe-swiss-ndvi/data/tiffs_historic_v7_compr/20230915_historic_mask.tiff
Created /mnt/data1/UniBe-swiss-ndvi/data/tiffs_historic_v7_compr/20230916_historic.tiff
Created /mnt/data1/UniBe-swiss-ndvi/data/tiffs_historic_v7_compr/20230916_historic_mask.tiff
Created /mnt/data1/UniBe-swiss-ndvi/data/tiffs_historic_v7_compr/20230917_historic.tiff
Created /mnt/data1/UniBe-swiss-ndvi/data/tiffs_historic_v7_compr/20230917_historic_mask.tiff
Created /mnt/data1/UniBe-swiss-ndvi/data/tiffs_historic_v7_compr/20230918_historic.tiff
Created /mnt/data1/UniBe-swiss-ndvi/data/tiffs_historic_v7_compr/20230918_historic_mask.tiff
Created /mnt/data1/UniBe-swiss-ndvi/data/tiffs_historic_v7_compr/20230919_historic.tiff
Created /mnt/data1/UniBe-swiss-ndvi/data/tiffs_historic_v7_compr/20230919_historic_mask.tiff
Created /mnt/data1/UniBe-swiss-ndvi/data/tiffs_historic_v7_compr/20230920_historic.tiff
Created /mnt/data1/UniBe-swiss-ndvi/data/tiffs_historic_v7_compr/20230920_historic_mask.tiff
Created /mnt/data1/UniBe-swiss-ndvi/data/tiffs_historic_v7_compr/20230921_historic.tiff
Created /mnt/data1/UniBe-swiss-ndvi/data/tiffs_historic_v7_compr/20230921_historic_mask.tiff
Created /mnt/data1/UniBe-swiss-ndvi/data/tiffs_historic_v7_compr/20230922_historic.tiff
Created /mnt/data1/UniBe-swiss-ndvi/data/tiffs_historic_v7_compr/20230922_historic_mask.tiff
Created /mnt/data1/UniBe-swiss-ndvi/data/tiffs_historic_v7_compr/20230923_historic.tiff
Created /mnt/data1/UniBe-swiss-ndvi/data/tiffs_historic_v7_compr/20230923_historic_mask.tiff
Created /mnt/data1/UniBe-swiss-ndvi/data/tiffs_historic_v7_compr/20230924_historic.tiff
Created /mnt/data1/UniBe-swiss-ndvi/data/tiffs_historic_v7_compr/20230924_historic_mask.tiff
Created /mnt/data1/UniBe-swiss-ndvi/data/tiffs_historic_v7_compr/20230925_historic.tiff
Created /mnt/data1/UniBe-swiss-ndvi/data/tiffs_historic_v7_compr/20230925_historic_mask.tiff
Created /mnt/data1/UniBe-swiss-ndvi/data/tiffs_historic_v7_compr/20230926_historic.tiff
Created /mnt/data1/UniBe-swiss-ndvi/data/tiffs_historic_v7_compr/20230926_historic_mask.tiff
Created /mnt/data1/UniBe-swiss-ndvi/data/tiffs_historic_v7_compr/20230927_historic.tiff
Created /mnt/data1/UniBe-swiss-ndvi/data/tiffs_historic_v7_compr/20230927_historic_mask.tiff
Created /mnt/data1/UniBe-swiss-ndvi/data/tiffs_historic_v7_compr/20230928_historic.tiff
Created /mnt/data1/UniBe-swiss-ndvi/data/tiffs_historic_v7_compr/20230928_historic_mask.tiff
Created /mnt/data1/UniBe-swiss-ndvi/data/tiffs_historic_v7_compr/20230929_historic.tiff
Created /mnt/data1/UniBe-swiss-ndvi/data/tiffs_historic_v7_compr/20230929_historic_mask.tiff
Created /mnt/data1/UniBe-swiss-ndvi/data/tiffs_historic_v7_compr/20230930_historic.tiff
Created /mnt/data1/UniBe-swiss-ndvi/data/tiffs_historic_v7_compr/20230930_historic_mask.tiff
Created /mnt/data1/UniBe-swiss-ndvi/data/tiffs_historic_v7_compr/20231001_historic.tiff
Created /mnt/data1/UniBe-swiss-ndvi/data/tiffs_historic_v7_compr/20231001_historic_mask.tiff
Created /mnt/data1/UniBe-swiss-ndvi/data/tiffs_historic_v7_compr/20231002_historic.tiff
Created /mnt/data1/UniBe-swiss-ndvi/data/tiffs_historic_v7_compr/20231002_historic_mask.tiff
Created /mnt/data1/UniBe-swiss-ndvi/data/tiffs_historic_v7_compr/20231003_historic.tiff
Created /mnt/data1/UniBe-swiss-ndvi/data/tiffs_historic_v7_compr/20231003_historic_mask.tiff
Created /mnt/data1/UniBe-swiss-ndvi/data/tiffs_historic_v7_compr/20231004_historic.tiff
Created /mnt/data1/UniBe-swiss-ndvi/data/tiffs_historic_v7_compr/20231004_historic_mask.tiff
Created /mnt/data1/UniBe-swiss-ndvi/data/tiffs_historic_v7_compr/20231005_historic.tiff
Created /mnt/data1/UniBe-swiss-ndvi/data/tiffs_historic_v7_compr/20231005_historic_mask.tiff
Created /mnt/data1/UniBe-swiss-ndvi/data/tiffs_historic_v7_compr/20231006_historic.tiff
Created /mnt/data1/UniBe-swiss-ndvi/data/tiffs_historic_v7_compr/20231006_historic_mask.tiff
Created /mnt/data1/UniBe-swiss-ndvi/data/tiffs_historic_v7_compr/20231007_historic.tiff
Created /mnt/data1/UniBe-swiss-ndvi/data/tiffs_historic_v7_compr/20231007_historic_mask.tiff
Created /mnt/data1/UniBe-swiss-ndvi/data/tiffs_historic_v7_compr/20231008_historic.tiff
Created /mnt/data1/UniBe-swiss-ndvi/data/tiffs_historic_v7_compr/20231008_historic_mask.tiff
Created /mnt/data1/UniBe-swiss-ndvi/data/tiffs_historic_v7_compr/20231009_historic.tiff
Created /mnt/data1/UniBe-swiss-ndvi/data/tiffs_historic_v7_compr/20231009_historic_mask.tiff
Created /mnt/data1/UniBe-swiss-ndvi/data/tiffs_historic_v7_compr/20231010_historic.tiff
Created /mnt/data1/UniBe-swiss-ndvi/data/tiffs_historic_v7_compr/20231010_historic_mask.tiff
Created /mnt/data1/UniBe-swiss-ndvi/data/tiffs_historic_v7_compr/20231011_historic.tiff
Created /mnt/data1/UniBe-swiss-ndvi/data/tiffs_historic_v7_compr/20231011_historic_mask.tiff
Created /mnt/data1/UniBe-swiss-ndvi/data/tiffs_historic_v7_compr/20231012_historic.tiff
Created /mnt/data1/UniBe-swiss-ndvi/data/tiffs_historic_v7_compr/20231012_historic_mask.tiff
Created /mnt/data1/UniBe-swiss-ndvi/data/tiffs_historic_v7_compr/20231013_historic.tiff
Created /mnt/data1/UniBe-swiss-ndvi/data/tiffs_historic_v7_compr/20231013_historic_mask.tiff
Created /mnt/data1/UniBe-swiss-ndvi/data/tiffs_historic_v7_compr/20231014_historic.tiff
Created /mnt/data1/UniBe-swiss-ndvi/data/tiffs_historic_v7_compr/20231014_historic_mask.tiff
Created /mnt/data1/UniBe-swiss-ndvi/data/tiffs_historic_v7_compr/20231015_historic.tiff
Created /mnt/data1/UniBe-swiss-ndvi/data/tiffs_historic_v7_compr/20231015_historic_mask.tiff
Created /mnt/data1/UniBe-swiss-ndvi/data/tiffs_historic_v7_compr/20231016_historic.tiff
Created /mnt/data1/UniBe-swiss-ndvi/data/tiffs_historic_v7_compr/20231016_historic_mask.tiff
Created /mnt/data1/UniBe-swiss-ndvi/data/tiffs_historic_v7_compr/20231017_historic.tiff
Created /mnt/data1/UniBe-swiss-ndvi/data/tiffs_historic_v7_compr/20231017_historic_mask.tiff
Created /mnt/data1/UniBe-swiss-ndvi/data/tiffs_historic_v7_compr/20231018_historic.tiff
Created /mnt/data1/UniBe-swiss-ndvi/data/tiffs_historic_v7_compr/20231018_historic_mask.tiff
Created /mnt/data1/UniBe-swiss-ndvi/data/tiffs_historic_v7_compr/20231019_historic.tiff
Created /mnt/data1/UniBe-swiss-ndvi/data/tiffs_historic_v7_compr/20231019_historic_mask.tiff
Created /mnt/data1/UniBe-swiss-ndvi/data/tiffs_historic_v7_compr/20231020_historic.tiff
Created /mnt/data1/UniBe-swiss-ndvi/data/tiffs_historic_v7_compr/20231020_historic_mask.tiff
Created /mnt/data1/UniBe-swiss-ndvi/data/tiffs_historic_v7_compr/20231021_historic.tiff
Created /mnt/data1/UniBe-swiss-ndvi/data/tiffs_historic_v7_compr/20231021_historic_mask.tiff
Created /mnt/data1/UniBe-swiss-ndvi/data/tiffs_historic_v7_compr/20231022_historic.tiff
Created /mnt/data1/UniBe-swiss-ndvi/data/tiffs_historic_v7_compr/20231022_historic_mask.tiff
Created /mnt/data1/UniBe-swiss-ndvi/data/tiffs_historic_v7_compr/20231023_historic.tiff
Created /mnt/data1/UniBe-swiss-ndvi/data/tiffs_historic_v7_compr/20231023_historic_mask.tiff
Created /mnt/data1/UniBe-swiss-ndvi/data/tiffs_historic_v7_compr/20231024_historic.tiff
Created /mnt/data1/UniBe-swiss-ndvi/data/tiffs_historic_v7_compr/20231024_historic_mask.tiff
Created /mnt/data1/UniBe-swiss-ndvi/data/tiffs_historic_v7_compr/20231025_historic.tiff
Created /mnt/data1/UniBe-swiss-ndvi/data/tiffs_historic_v7_compr/20231025_historic_mask.tiff
Created /mnt/data1/UniBe-swiss-ndvi/data/tiffs_historic_v7_compr/20231026_historic.tiff
Created /mnt/data1/UniBe-swiss-ndvi/data/tiffs_historic_v7_compr/20231026_historic_mask.tiff
Created /mnt/data1/UniBe-swiss-ndvi/data/tiffs_historic_v7_compr/20231027_historic.tiff
Created /mnt/data1/UniBe-swiss-ndvi/data/tiffs_historic_v7_compr/20231027_historic_mask.tiff
Created /mnt/data1/UniBe-swiss-ndvi/data/tiffs_historic_v7_compr/20231028_historic.tiff
Created /mnt/data1/UniBe-swiss-ndvi/data/tiffs_historic_v7_compr/20231028_historic_mask.tiff
Created /mnt/data1/UniBe-swiss-ndvi/data/tiffs_historic_v7_compr/20231029_historic.tiff
Created /mnt/data1/UniBe-swiss-ndvi/data/tiffs_historic_v7_compr/20231029_historic_mask.tiff
Created /mnt/data1/UniBe-swiss-ndvi/data/tiffs_historic_v7_compr/20231030_historic.tiff
Created /mnt/data1/UniBe-swiss-ndvi/data/tiffs_historic_v7_compr/20231030_historic_mask.tiff
Created /mnt/data1/UniBe-swiss-ndvi/data/tiffs_historic_v7_compr/20231031_historic.tiff
Created /mnt/data1/UniBe-swiss-ndvi/data/tiffs_historic_v7_compr/20231031_historic_mask.tiff
Created /mnt/data1/UniBe-swiss-ndvi/data/tiffs_historic_v7_compr/20231101_historic.tiff
Created /mnt/data1/UniBe-swiss-ndvi/data/tiffs_historic_v7_compr/20231101_historic_mask.tiff
Created /mnt/data1/UniBe-swiss-ndvi/data/tiffs_historic_v7_compr/20231102_historic.tiff
Created /mnt/data1/UniBe-swiss-ndvi/data/tiffs_historic_v7_compr/20231102_historic_mask.tiff
Created /mnt/data1/UniBe-swiss-ndvi/data/tiffs_historic_v7_compr/20231103_historic.tiff
Created /mnt/data1/UniBe-swiss-ndvi/data/tiffs_historic_v7_compr/20231103_historic_mask.tiff
Created /mnt/data1/UniBe-swiss-ndvi/data/tiffs_historic_v7_compr/20231104_historic.tiff
Created /mnt/data1/UniBe-swiss-ndvi/data/tiffs_historic_v7_compr/20231104_historic_mask.tiff
Created /mnt/data1/UniBe-swiss-ndvi/data/tiffs_historic_v7_compr/20231105_historic.tiff
Created /mnt/data1/UniBe-swiss-ndvi/data/tiffs_historic_v7_compr/20231105_historic_mask.tiff
Created /mnt/data1/UniBe-swiss-ndvi/data/tiffs_historic_v7_compr/20231106_historic.tiff
Created /mnt/data1/UniBe-swiss-ndvi/data/tiffs_historic_v7_compr/20231106_historic_mask.tiff
Created /mnt/data1/UniBe-swiss-ndvi/data/tiffs_historic_v7_compr/20231107_historic.tiff
Created /mnt/data1/UniBe-swiss-ndvi/data/tiffs_historic_v7_compr/20231107_historic_mask.tiff
Created /mnt/data1/UniBe-swiss-ndvi/data/tiffs_historic_v7_compr/20231108_historic.tiff
Created /mnt/data1/UniBe-swiss-ndvi/data/tiffs_historic_v7_compr/20231108_historic_mask.tiff
Created /mnt/data1/UniBe-swiss-ndvi/data/tiffs_historic_v7_compr/20231109_historic.tiff
Created /mnt/data1/UniBe-swiss-ndvi/data/tiffs_historic_v7_compr/20231109_historic_mask.tiff
Created /mnt/data1/UniBe-swiss-ndvi/data/tiffs_historic_v7_compr/20231110_historic.tiff
Created /mnt/data1/UniBe-swiss-ndvi/data/tiffs_historic_v7_compr/20231110_historic_mask.tiff
Created /mnt/data1/UniBe-swiss-ndvi/data/tiffs_historic_v7_compr/20231111_historic.tiff
Created /mnt/data1/UniBe-swiss-ndvi/data/tiffs_historic_v7_compr/20231111_historic_mask.tiff
Created /mnt/data1/UniBe-swiss-ndvi/data/tiffs_historic_v7_compr/20231112_historic.tiff
Created /mnt/data1/UniBe-swiss-ndvi/data/tiffs_historic_v7_compr/20231112_historic_mask.tiff
Created /mnt/data1/UniBe-swiss-ndvi/data/tiffs_historic_v7_compr/20231113_historic.tiff
Created /mnt/data1/UniBe-swiss-ndvi/data/tiffs_historic_v7_compr/20231113_historic_mask.tiff
Created /mnt/data1/UniBe-swiss-ndvi/data/tiffs_historic_v7_compr/20231114_historic.tiff
Created /mnt/data1/UniBe-swiss-ndvi/data/tiffs_historic_v7_compr/20231114_historic_mask.tiff
Created /mnt/data1/UniBe-swiss-ndvi/data/tiffs_historic_v7_compr/20231115_historic.tiff
Created /mnt/data1/UniBe-swiss-ndvi/data/tiffs_historic_v7_compr/20231115_historic_mask.tiff
Created /mnt/data1/UniBe-swiss-ndvi/data/tiffs_historic_v7_compr/20231116_historic.tiff
Created /mnt/data1/UniBe-swiss-ndvi/data/tiffs_historic_v7_compr/20231116_historic_mask.tiff
Created /mnt/data1/UniBe-swiss-ndvi/data/tiffs_historic_v7_compr/20231117_historic.tiff
Created /mnt/data1/UniBe-swiss-ndvi/data/tiffs_historic_v7_compr/20231117_historic_mask.tiff
Created /mnt/data1/UniBe-swiss-ndvi/data/tiffs_historic_v7_compr/20231118_historic.tiff
Created /mnt/data1/UniBe-swiss-ndvi/data/tiffs_historic_v7_compr/20231118_historic_mask.tiff
Created /mnt/data1/UniBe-swiss-ndvi/data/tiffs_historic_v7_compr/20231119_historic.tiff
Created /mnt/data1/UniBe-swiss-ndvi/data/tiffs_historic_v7_compr/20231119_historic_mask.tiff
Created /mnt/data1/UniBe-swiss-ndvi/data/tiffs_historic_v7_compr/20231120_historic.tiff
Created /mnt/data1/UniBe-swiss-ndvi/data/tiffs_historic_v7_compr/20231120_historic_mask.tiff
Created /mnt/data1/UniBe-swiss-ndvi/data/tiffs_historic_v7_compr/20231121_historic.tiff
Created /mnt/data1/UniBe-swiss-ndvi/data/tiffs_historic_v7_compr/20231121_historic_mask.tiff
Created /mnt/data1/UniBe-swiss-ndvi/data/tiffs_historic_v7_compr/20231122_historic.tiff
Created /mnt/data1/UniBe-swiss-ndvi/data/tiffs_historic_v7_compr/20231122_historic_mask.tiff
Created /mnt/data1/UniBe-swiss-ndvi/data/tiffs_historic_v7_compr/20231123_historic.tiff
Created /mnt/data1/UniBe-swiss-ndvi/data/tiffs_historic_v7_compr/20231123_historic_mask.tiff
Created /mnt/data1/UniBe-swiss-ndvi/data/tiffs_historic_v7_compr/20231124_historic.tiff
Created /mnt/data1/UniBe-swiss-ndvi/data/tiffs_historic_v7_compr/20231124_historic_mask.tiff
Created /mnt/data1/UniBe-swiss-ndvi/data/tiffs_historic_v7_compr/20231125_historic.tiff
Created /mnt/data1/UniBe-swiss-ndvi/data/tiffs_historic_v7_compr/20231125_historic_mask.tiff
Created /mnt/data1/UniBe-swiss-ndvi/data/tiffs_historic_v7_compr/20231126_historic.tiff
Created /mnt/data1/UniBe-swiss-ndvi/data/tiffs_historic_v7_compr/20231126_historic_mask.tiff
Created /mnt/data1/UniBe-swiss-ndvi/data/tiffs_historic_v7_compr/20231127_historic.tiff
Created /mnt/data1/UniBe-swiss-ndvi/data/tiffs_historic_v7_compr/20231127_historic_mask.tiff
Created /mnt/data1/UniBe-swiss-ndvi/data/tiffs_historic_v7_compr/20231128_historic.tiff
Created /mnt/data1/UniBe-swiss-ndvi/data/tiffs_historic_v7_compr/20231128_historic_mask.tiff
Created /mnt/data1/UniBe-swiss-ndvi/data/tiffs_historic_v7_compr/20231129_historic.tiff
Created /mnt/data1/UniBe-swiss-ndvi/data/tiffs_historic_v7_compr/20231129_historic_mask.tiff
Created /mnt/data1/UniBe-swiss-ndvi/data/tiffs_historic_v7_compr/20231130_historic.tiff
Created /mnt/data1/UniBe-swiss-ndvi/data/tiffs_historic_v7_compr/20231130_historic_mask.tiff
Created /mnt/data1/UniBe-swiss-ndvi/data/tiffs_historic_v7_compr/20231201_historic.tiff
Created /mnt/data1/UniBe-swiss-ndvi/data/tiffs_historic_v7_compr/20231201_historic_mask.tiff
Created /mnt/data1/UniBe-swiss-ndvi/data/tiffs_historic_v7_compr/20231202_historic.tiff
Created /mnt/data1/UniBe-swiss-ndvi/data/tiffs_historic_v7_compr/20231202_historic_mask.tiff
Created /mnt/data1/UniBe-swiss-ndvi/data/tiffs_historic_v7_compr/20231203_historic.tiff
Created /mnt/data1/UniBe-swiss-ndvi/data/tiffs_historic_v7_compr/20231203_historic_mask.tiff
Created /mnt/data1/UniBe-swiss-ndvi/data/tiffs_historic_v7_compr/20231204_historic.tiff
Created /mnt/data1/UniBe-swiss-ndvi/data/tiffs_historic_v7_compr/20231204_historic_mask.tiff
Created /mnt/data1/UniBe-swiss-ndvi/data/tiffs_historic_v7_compr/20231205_historic.tiff
Created /mnt/data1/UniBe-swiss-ndvi/data/tiffs_historic_v7_compr/20231205_historic_mask.tiff
Created /mnt/data1/UniBe-swiss-ndvi/data/tiffs_historic_v7_compr/20231206_historic.tiff
Created /mnt/data1/UniBe-swiss-ndvi/data/tiffs_historic_v7_compr/20231206_historic_mask.tiff
Created /mnt/data1/UniBe-swiss-ndvi/data/tiffs_historic_v7_compr/20231207_historic.tiff
Created /mnt/data1/UniBe-swiss-ndvi/data/tiffs_historic_v7_compr/20231207_historic_mask.tiff
Created /mnt/data1/UniBe-swiss-ndvi/data/tiffs_historic_v7_compr/20231208_historic.tiff
Created /mnt/data1/UniBe-swiss-ndvi/data/tiffs_historic_v7_compr/20231208_historic_mask.tiff
Created /mnt/data1/UniBe-swiss-ndvi/data/tiffs_historic_v7_compr/20231209_historic.tiff
Created /mnt/data1/UniBe-swiss-ndvi/data/tiffs_historic_v7_compr/20231209_historic_mask.tiff
Created /mnt/data1/UniBe-swiss-ndvi/data/tiffs_historic_v7_compr/20231210_historic.tiff
Created /mnt/data1/UniBe-swiss-ndvi/data/tiffs_historic_v7_compr/20231210_historic_mask.tiff
Created /mnt/data1/UniBe-swiss-ndvi/data/tiffs_historic_v7_compr/20231211_historic.tiff
Created /mnt/data1/UniBe-swiss-ndvi/data/tiffs_historic_v7_compr/20231211_historic_mask.tiff
Created /mnt/data1/UniBe-swiss-ndvi/data/tiffs_historic_v7_compr/20231212_historic.tiff
Created /mnt/data1/UniBe-swiss-ndvi/data/tiffs_historic_v7_compr/20231212_historic_mask.tiff
Created /mnt/data1/UniBe-swiss-ndvi/data/tiffs_historic_v7_compr/20231213_historic.tiff
Created /mnt/data1/UniBe-swiss-ndvi/data/tiffs_historic_v7_compr/20231213_historic_mask.tiff
Created /mnt/data1/UniBe-swiss-ndvi/data/tiffs_historic_v7_compr/20231214_historic.tiff
Created /mnt/data1/UniBe-swiss-ndvi/data/tiffs_historic_v7_compr/20231214_historic_mask.tiff
Created /mnt/data1/UniBe-swiss-ndvi/data/tiffs_historic_v7_compr/20231215_historic.tiff
Created /mnt/data1/UniBe-swiss-ndvi/data/tiffs_historic_v7_compr/20231215_historic_mask.tiff
Created /mnt/data1/UniBe-swiss-ndvi/data/tiffs_historic_v7_compr/20231216_historic.tiff
Created /mnt/data1/UniBe-swiss-ndvi/data/tiffs_historic_v7_compr/20231216_historic_mask.tiff
Created /mnt/data1/UniBe-swiss-ndvi/data/tiffs_historic_v7_compr/20231217_historic.tiff
Created /mnt/data1/UniBe-swiss-ndvi/data/tiffs_historic_v7_compr/20231217_historic_mask.tiff
Created /mnt/data1/UniBe-swiss-ndvi/data/tiffs_historic_v7_compr/20231218_historic.tiff
Created /mnt/data1/UniBe-swiss-ndvi/data/tiffs_historic_v7_compr/20231218_historic_mask.tiff
Created /mnt/data1/UniBe-swiss-ndvi/data/tiffs_historic_v7_compr/20231219_historic.tiff
Created /mnt/data1/UniBe-swiss-ndvi/data/tiffs_historic_v7_compr/20231219_historic_mask.tiff
Created /mnt/data1/UniBe-swiss-ndvi/data/tiffs_historic_v7_compr/20231220_historic.tiff
Created /mnt/data1/UniBe-swiss-ndvi/data/tiffs_historic_v7_compr/20231220_historic_mask.tiff
Created /mnt/data1/UniBe-swiss-ndvi/data/tiffs_historic_v7_compr/20231221_historic.tiff
Created /mnt/data1/UniBe-swiss-ndvi/data/tiffs_historic_v7_compr/20231221_historic_mask.tiff
Created /mnt/data1/UniBe-swiss-ndvi/data/tiffs_historic_v7_compr/20231222_historic.tiff
Created /mnt/data1/UniBe-swiss-ndvi/data/tiffs_historic_v7_compr/20231222_historic_mask.tiff
Created /mnt/data1/UniBe-swiss-ndvi/data/tiffs_historic_v7_compr/20231223_historic.tiff
Created /mnt/data1/UniBe-swiss-ndvi/data/tiffs_historic_v7_compr/20231223_historic_mask.tiff
Created /mnt/data1/UniBe-swiss-ndvi/data/tiffs_historic_v7_compr/20231224_historic.tiff
Created /mnt/data1/UniBe-swiss-ndvi/data/tiffs_historic_v7_compr/20231224_historic_mask.tiff
Created /mnt/data1/UniBe-swiss-ndvi/data/tiffs_historic_v7_compr/20231225_historic.tiff
Created /mnt/data1/UniBe-swiss-ndvi/data/tiffs_historic_v7_compr/20231225_historic_mask.tiff
Created /mnt/data1/UniBe-swiss-ndvi/data/tiffs_historic_v7_compr/20231226_historic.tiff
Created /mnt/data1/UniBe-swiss-ndvi/data/tiffs_historic_v7_compr/20231226_historic_mask.tiff
Created /mnt/data1/UniBe-swiss-ndvi/data/tiffs_historic_v7_compr/20231227_historic.tiff
Created /mnt/data1/UniBe-swiss-ndvi/data/tiffs_historic_v7_compr/20231227_historic_mask.tiff
Created /mnt/data1/UniBe-swiss-ndvi/data/tiffs_historic_v7_compr/20231228_historic.tiff
Created /mnt/data1/UniBe-swiss-ndvi/data/tiffs_historic_v7_compr/20231228_historic_mask.tiff
Created /mnt/data1/UniBe-swiss-ndvi/data/tiffs_historic_v7_compr/20231229_historic.tiff
Created /mnt/data1/UniBe-swiss-ndvi/data/tiffs_historic_v7_compr/20231229_historic_mask.tiff
Created /mnt/data1/UniBe-swiss-ndvi/data/tiffs_historic_v7_compr/20231230_historic.tiff
Created /mnt/data1/UniBe-swiss-ndvi/data/tiffs_historic_v7_compr/20231230_historic_mask.tiff
Created /mnt/data1/UniBe-swiss-ndvi/data/tiffs_historic_v7_compr/20231231_historic.tiff
Created /mnt/data1/UniBe-swiss-ndvi/data/tiffs_historic_v7_compr/20231231_historic_mask.tiff
Created /mnt/data1/UniBe-swiss-ndvi/data/tiffs_historic_v7_compr/20240101_historic.tiff
Created /mnt/data1/UniBe-swiss-ndvi/data/tiffs_historic_v7_compr/20240101_historic_mask.tiff
Created /mnt/data1/UniBe-swiss-ndvi/data/tiffs_historic_v7_compr/20240102_historic.tiff
Created /mnt/data1/UniBe-swiss-ndvi/data/tiffs_historic_v7_compr/20240102_historic_mask.tiff
Created /mnt/data1/UniBe-swiss-ndvi/data/tiffs_historic_v7_compr/20240103_historic.tiff
Created /mnt/data1/UniBe-swiss-ndvi/data/tiffs_historic_v7_compr/20240103_historic_mask.tiff
Created /mnt/data1/UniBe-swiss-ndvi/data/tiffs_historic_v7_compr/20240104_historic.tiff
Created /mnt/data1/UniBe-swiss-ndvi/data/tiffs_historic_v7_compr/20240104_historic_mask.tiff
Created /mnt/data1/UniBe-swiss-ndvi/data/tiffs_historic_v7_compr/20240105_historic.tiff
Created /mnt/data1/UniBe-swiss-ndvi/data/tiffs_historic_v7_compr/20240105_historic_mask.tiff
Created /mnt/data1/UniBe-swiss-ndvi/data/tiffs_historic_v7_compr/20240106_historic.tiff
Created /mnt/data1/UniBe-swiss-ndvi/data/tiffs_historic_v7_compr/20240106_historic_mask.tiff
Created /mnt/data1/UniBe-swiss-ndvi/data/tiffs_historic_v7_compr/20240107_historic.tiff
Created /mnt/data1/UniBe-swiss-ndvi/data/tiffs_historic_v7_compr/20240107_historic_mask.tiff
Created /mnt/data1/UniBe-swiss-ndvi/data/tiffs_historic_v7_compr/20240108_historic.tiff
Created /mnt/data1/UniBe-swiss-ndvi/data/tiffs_historic_v7_compr/20240108_historic_mask.tiff
Created /mnt/data1/UniBe-swiss-ndvi/data/tiffs_historic_v7_compr/20240109_historic.tiff
Created /mnt/data1/UniBe-swiss-ndvi/data/tiffs_historic_v7_compr/20240109_historic_mask.tiff
Created /mnt/data1/UniBe-swiss-ndvi/data/tiffs_historic_v7_compr/20240110_historic.tiff
Created /mnt/data1/UniBe-swiss-ndvi/data/tiffs_historic_v7_compr/20240110_historic_mask.tiff
Created /mnt/data1/UniBe-swiss-ndvi/data/tiffs_historic_v7_compr/20240111_historic.tiff
Created /mnt/data1/UniBe-swiss-ndvi/data/tiffs_historic_v7_compr/20240111_historic_mask.tiff
Created /mnt/data1/UniBe-swiss-ndvi/data/tiffs_historic_v7_compr/20240112_historic.tiff
Created /mnt/data1/UniBe-swiss-ndvi/data/tiffs_historic_v7_compr/20240112_historic_mask.tiff
Created /mnt/data1/UniBe-swiss-ndvi/data/tiffs_historic_v7_compr/20240113_historic.tiff
Created /mnt/data1/UniBe-swiss-ndvi/data/tiffs_historic_v7_compr/20240113_historic_mask.tiff
Created /mnt/data1/UniBe-swiss-ndvi/data/tiffs_historic_v7_compr/20240114_historic.tiff
Created /mnt/data1/UniBe-swiss-ndvi/data/tiffs_historic_v7_compr/20240114_historic_mask.tiff
Created /mnt/data1/UniBe-swiss-ndvi/data/tiffs_historic_v7_compr/20240115_historic.tiff
Created /mnt/data1/UniBe-swiss-ndvi/data/tiffs_historic_v7_compr/20240115_historic_mask.tiff
Created /mnt/data1/UniBe-swiss-ndvi/data/tiffs_historic_v7_compr/20240116_historic.tiff
Created /mnt/data1/UniBe-swiss-ndvi/data/tiffs_historic_v7_compr/20240116_historic_mask.tiff
Created /mnt/data1/UniBe-swiss-ndvi/data/tiffs_historic_v7_compr/20240117_historic.tiff
Created /mnt/data1/UniBe-swiss-ndvi/data/tiffs_historic_v7_compr/20240117_historic_mask.tiff
Created /mnt/data1/UniBe-swiss-ndvi/data/tiffs_historic_v7_compr/20240118_historic.tiff
Created /mnt/data1/UniBe-swiss-ndvi/data/tiffs_historic_v7_compr/20240118_historic_mask.tiff
Created /mnt/data1/UniBe-swiss-ndvi/data/tiffs_historic_v7_compr/20240119_historic.tiff
Created /mnt/data1/UniBe-swiss-ndvi/data/tiffs_historic_v7_compr/20240119_historic_mask.tiff
Created /mnt/data1/UniBe-swiss-ndvi/data/tiffs_historic_v7_compr/20240120_historic.tiff
Created /mnt/data1/UniBe-swiss-ndvi/data/tiffs_historic_v7_compr/20240120_historic_mask.tiff
Created /mnt/data1/UniBe-swiss-ndvi/data/tiffs_historic_v7_compr/20240121_historic.tiff
Created /mnt/data1/UniBe-swiss-ndvi/data/tiffs_historic_v7_compr/20240121_historic_mask.tiff
Created /mnt/data1/UniBe-swiss-ndvi/data/tiffs_historic_v7_compr/20240122_historic.tiff
Created /mnt/data1/UniBe-swiss-ndvi/data/tiffs_historic_v7_compr/20240122_historic_mask.tiff
Created /mnt/data1/UniBe-swiss-ndvi/data/tiffs_historic_v7_compr/20240123_historic.tiff
Created /mnt/data1/UniBe-swiss-ndvi/data/tiffs_historic_v7_compr/20240123_historic_mask.tiff
Created /mnt/data1/UniBe-swiss-ndvi/data/tiffs_historic_v7_compr/20240124_historic.tiff
Created /mnt/data1/UniBe-swiss-ndvi/data/tiffs_historic_v7_compr/20240124_historic_mask.tiff
Created /mnt/data1/UniBe-swiss-ndvi/data/tiffs_historic_v7_compr/20240125_historic.tiff
Created /mnt/data1/UniBe-swiss-ndvi/data/tiffs_historic_v7_compr/20240125_historic_mask.tiff
Created /mnt/data1/UniBe-swiss-ndvi/data/tiffs_historic_v7_compr/20240126_historic.tiff
Created /mnt/data1/UniBe-swiss-ndvi/data/tiffs_historic_v7_compr/20240126_historic_mask.tiff
Created /mnt/data1/UniBe-swiss-ndvi/data/tiffs_historic_v7_compr/20240127_historic.tiff
Created /mnt/data1/UniBe-swiss-ndvi/data/tiffs_historic_v7_compr/20240127_historic_mask.tiff
Created /mnt/data1/UniBe-swiss-ndvi/data/tiffs_historic_v7_compr/20240128_historic.tiff
Created /mnt/data1/UniBe-swiss-ndvi/data/tiffs_historic_v7_compr/20240128_historic_mask.tiff
Created /mnt/data1/UniBe-swiss-ndvi/data/tiffs_historic_v7_compr/20240129_historic.tiff
Created /mnt/data1/UniBe-swiss-ndvi/data/tiffs_historic_v7_compr/20240129_historic_mask.tiff
Created /mnt/data1/UniBe-swiss-ndvi/data/tiffs_historic_v7_compr/20240130_historic.tiff
Created /mnt/data1/UniBe-swiss-ndvi/data/tiffs_historic_v7_compr/20240130_historic_mask.tiff
Created /mnt/data1/UniBe-swiss-ndvi/data/tiffs_historic_v7_compr/20240131_historic.tiff
Created /mnt/data1/UniBe-swiss-ndvi/data/tiffs_historic_v7_compr/20240131_historic_mask.tiff
Created /mnt/data1/UniBe-swiss-ndvi/data/tiffs_historic_v7_compr/20240201_historic.tiff
Created /mnt/data1/UniBe-swiss-ndvi/data/tiffs_historic_v7_compr/20240201_historic_mask.tiff
Created /mnt/data1/UniBe-swiss-ndvi/data/tiffs_historic_v7_compr/20240202_historic.tiff
Created /mnt/data1/UniBe-swiss-ndvi/data/tiffs_historic_v7_compr/20240202_historic_mask.tiff
Created /mnt/data1/UniBe-swiss-ndvi/data/tiffs_historic_v7_compr/20240203_historic.tiff
Created /mnt/data1/UniBe-swiss-ndvi/data/tiffs_historic_v7_compr/20240203_historic_mask.tiff
Created /mnt/data1/UniBe-swiss-ndvi/data/tiffs_historic_v7_compr/20240204_historic.tiff
Created /mnt/data1/UniBe-swiss-ndvi/data/tiffs_historic_v7_compr/20240204_historic_mask.tiff
Created /mnt/data1/UniBe-swiss-ndvi/data/tiffs_historic_v7_compr/20240205_historic.tiff
Created /mnt/data1/UniBe-swiss-ndvi/data/tiffs_historic_v7_compr/20240205_historic_mask.tiff
Created /mnt/data1/UniBe-swiss-ndvi/data/tiffs_historic_v7_compr/20240206_historic.tiff
Created /mnt/data1/UniBe-swiss-ndvi/data/tiffs_historic_v7_compr/20240206_historic_mask.tiff
Created /mnt/data1/UniBe-swiss-ndvi/data/tiffs_historic_v7_compr/20240207_historic.tiff
Created /mnt/data1/UniBe-swiss-ndvi/data/tiffs_historic_v7_compr/20240207_historic_mask.tiff
Created /mnt/data1/UniBe-swiss-ndvi/data/tiffs_historic_v7_compr/20240208_historic.tiff
Created /mnt/data1/UniBe-swiss-ndvi/data/tiffs_historic_v7_compr/20240208_historic_mask.tiff
Created /mnt/data1/UniBe-swiss-ndvi/data/tiffs_historic_v7_compr/20240209_historic.tiff
Created /mnt/data1/UniBe-swiss-ndvi/data/tiffs_historic_v7_compr/20240209_historic_mask.tiff
Created /mnt/data1/UniBe-swiss-ndvi/data/tiffs_historic_v7_compr/20240210_historic.tiff
Created /mnt/data1/UniBe-swiss-ndvi/data/tiffs_historic_v7_compr/20240210_historic_mask.tiff
Created /mnt/data1/UniBe-swiss-ndvi/data/tiffs_historic_v7_compr/20240211_historic.tiff
Created /mnt/data1/UniBe-swiss-ndvi/data/tiffs_historic_v7_compr/20240211_historic_mask.tiff
Created /mnt/data1/UniBe-swiss-ndvi/data/tiffs_historic_v7_compr/20240212_historic.tiff
Created /mnt/data1/UniBe-swiss-ndvi/data/tiffs_historic_v7_compr/20240212_historic_mask.tiff
Created /mnt/data1/UniBe-swiss-ndvi/data/tiffs_historic_v7_compr/20240213_historic.tiff
Created /mnt/data1/UniBe-swiss-ndvi/data/tiffs_historic_v7_compr/20240213_historic_mask.tiff
Created /mnt/data1/UniBe-swiss-ndvi/data/tiffs_historic_v7_compr/20240214_historic.tiff
Created /mnt/data1/UniBe-swiss-ndvi/data/tiffs_historic_v7_compr/20240214_historic_mask.tiff
Created /mnt/data1/UniBe-swiss-ndvi/data/tiffs_historic_v7_compr/20240215_historic.tiff
Created /mnt/data1/UniBe-swiss-ndvi/data/tiffs_historic_v7_compr/20240215_historic_mask.tiff
Created /mnt/data1/UniBe-swiss-ndvi/data/tiffs_historic_v7_compr/20240216_historic.tiff
Created /mnt/data1/UniBe-swiss-ndvi/data/tiffs_historic_v7_compr/20240216_historic_mask.tiff
Created /mnt/data1/UniBe-swiss-ndvi/data/tiffs_historic_v7_compr/20240217_historic.tiff
Created /mnt/data1/UniBe-swiss-ndvi/data/tiffs_historic_v7_compr/20240217_historic_mask.tiff
Created /mnt/data1/UniBe-swiss-ndvi/data/tiffs_historic_v7_compr/20240218_historic.tiff
Created /mnt/data1/UniBe-swiss-ndvi/data/tiffs_historic_v7_compr/20240218_historic_mask.tiff
Created /mnt/data1/UniBe-swiss-ndvi/data/tiffs_historic_v7_compr/20240219_historic.tiff
Created /mnt/data1/UniBe-swiss-ndvi/data/tiffs_historic_v7_compr/20240219_historic_mask.tiff
Created /mnt/data1/UniBe-swiss-ndvi/data/tiffs_historic_v7_compr/20240220_historic.tiff
Created /mnt/data1/UniBe-swiss-ndvi/data/tiffs_historic_v7_compr/20240220_historic_mask.tiff
Created /mnt/data1/UniBe-swiss-ndvi/data/tiffs_historic_v7_compr/20240221_historic.tiff
Created /mnt/data1/UniBe-swiss-ndvi/data/tiffs_historic_v7_compr/20240221_historic_mask.tiff
Created /mnt/data1/UniBe-swiss-ndvi/data/tiffs_historic_v7_compr/20240222_historic.tiff
Created /mnt/data1/UniBe-swiss-ndvi/data/tiffs_historic_v7_compr/20240222_historic_mask.tiff
Created /mnt/data1/UniBe-swiss-ndvi/data/tiffs_historic_v7_compr/20240223_historic.tiff
Created /mnt/data1/UniBe-swiss-ndvi/data/tiffs_historic_v7_compr/20240223_historic_mask.tiff
Created /mnt/data1/UniBe-swiss-ndvi/data/tiffs_historic_v7_compr/20240224_historic.tiff
Created /mnt/data1/UniBe-swiss-ndvi/data/tiffs_historic_v7_compr/20240224_historic_mask.tiff
Created /mnt/data1/UniBe-swiss-ndvi/data/tiffs_historic_v7_compr/20240225_historic.tiff
Created /mnt/data1/UniBe-swiss-ndvi/data/tiffs_historic_v7_compr/20240225_historic_mask.tiff
Created /mnt/data1/UniBe-swiss-ndvi/data/tiffs_historic_v7_compr/20240226_historic.tiff
Created /mnt/data1/UniBe-swiss-ndvi/data/tiffs_historic_v7_compr/20240226_historic_mask.tiff
Created /mnt/data1/UniBe-swiss-ndvi/data/tiffs_historic_v7_compr/20240227_historic.tiff
Created /mnt/data1/UniBe-swiss-ndvi/data/tiffs_historic_v7_compr/20240227_historic_mask.tiff
Created /mnt/data1/UniBe-swiss-ndvi/data/tiffs_historic_v7_compr/20240228_historic.tiff
Created /mnt/data1/UniBe-swiss-ndvi/data/tiffs_historic_v7_compr/20240228_historic_mask.tiff
Created /mnt/data1/UniBe-swiss-ndvi/data/tiffs_historic_v7_compr/20240229_historic.tiff
Created /mnt/data1/UniBe-swiss-ndvi/data/tiffs_historic_v7_compr/20240229_historic_mask.tiff
Created /mnt/data1/UniBe-swiss-ndvi/data/tiffs_historic_v7_compr/20240301_historic.tiff
Created /mnt/data1/UniBe-swiss-ndvi/data/tiffs_historic_v7_compr/20240301_historic_mask.tiff
Created /mnt/data1/UniBe-swiss-ndvi/data/tiffs_historic_v7_compr/20240302_historic.tiff
Created /mnt/data1/UniBe-swiss-ndvi/data/tiffs_historic_v7_compr/20240302_historic_mask.tiff
Created /mnt/data1/UniBe-swiss-ndvi/data/tiffs_historic_v7_compr/20240303_historic.tiff
Created /mnt/data1/UniBe-swiss-ndvi/data/tiffs_historic_v7_compr/20240303_historic_mask.tiff
Created /mnt/data1/UniBe-swiss-ndvi/data/tiffs_historic_v7_compr/20240304_historic.tiff
Created /mnt/data1/UniBe-swiss-ndvi/data/tiffs_historic_v7_compr/20240304_historic_mask.tiff
Created /mnt/data1/UniBe-swiss-ndvi/data/tiffs_historic_v7_compr/20240305_historic.tiff
Created /mnt/data1/UniBe-swiss-ndvi/data/tiffs_historic_v7_compr/20240305_historic_mask.tiff
Created /mnt/data1/UniBe-swiss-ndvi/data/tiffs_historic_v7_compr/20240306_historic.tiff
Created /mnt/data1/UniBe-swiss-ndvi/data/tiffs_historic_v7_compr/20240306_historic_mask.tiff
Created /mnt/data1/UniBe-swiss-ndvi/data/tiffs_historic_v7_compr/20240307_historic.tiff
Created /mnt/data1/UniBe-swiss-ndvi/data/tiffs_historic_v7_compr/20240307_historic_mask.tiff
Created /mnt/data1/UniBe-swiss-ndvi/data/tiffs_historic_v7_compr/20240308_historic.tiff
Created /mnt/data1/UniBe-swiss-ndvi/data/tiffs_historic_v7_compr/20240308_historic_mask.tiff
Created /mnt/data1/UniBe-swiss-ndvi/data/tiffs_historic_v7_compr/20240309_historic.tiff
Created /mnt/data1/UniBe-swiss-ndvi/data/tiffs_historic_v7_compr/20240309_historic_mask.tiff
Created /mnt/data1/UniBe-swiss-ndvi/data/tiffs_historic_v7_compr/20240310_historic.tiff
Created /mnt/data1/UniBe-swiss-ndvi/data/tiffs_historic_v7_compr/20240310_historic_mask.tiff
Created /mnt/data1/UniBe-swiss-ndvi/data/tiffs_historic_v7_compr/20240311_historic.tiff
Created /mnt/data1/UniBe-swiss-ndvi/data/tiffs_historic_v7_compr/20240311_historic_mask.tiff
Created /mnt/data1/UniBe-swiss-ndvi/data/tiffs_historic_v7_compr/20240312_historic.tiff
Created /mnt/data1/UniBe-swiss-ndvi/data/tiffs_historic_v7_compr/20240312_historic_mask.tiff
Created /mnt/data1/UniBe-swiss-ndvi/data/tiffs_historic_v7_compr/20240313_historic.tiff
Created /mnt/data1/UniBe-swiss-ndvi/data/tiffs_historic_v7_compr/20240313_historic_mask.tiff
Created /mnt/data1/UniBe-swiss-ndvi/data/tiffs_historic_v7_compr/20240314_historic.tiff
Created /mnt/data1/UniBe-swiss-ndvi/data/tiffs_historic_v7_compr/20240314_historic_mask.tiff
Created /mnt/data1/UniBe-swiss-ndvi/data/tiffs_historic_v7_compr/20240315_historic.tiff
Created /mnt/data1/UniBe-swiss-ndvi/data/tiffs_historic_v7_compr/20240315_historic_mask.tiff
Created /mnt/data1/UniBe-swiss-ndvi/data/tiffs_historic_v7_compr/20240316_historic.tiff
Created /mnt/data1/UniBe-swiss-ndvi/data/tiffs_historic_v7_compr/20240316_historic_mask.tiff
Created /mnt/data1/UniBe-swiss-ndvi/data/tiffs_historic_v7_compr/20240317_historic.tiff
Created /mnt/data1/UniBe-swiss-ndvi/data/tiffs_historic_v7_compr/20240317_historic_mask.tiff
Created /mnt/data1/UniBe-swiss-ndvi/data/tiffs_historic_v7_compr/20240318_historic.tiff
Created /mnt/data1/UniBe-swiss-ndvi/data/tiffs_historic_v7_compr/20240318_historic_mask.tiff
Created /mnt/data1/UniBe-swiss-ndvi/data/tiffs_historic_v7_compr/20240319_historic.tiff
Created /mnt/data1/UniBe-swiss-ndvi/data/tiffs_historic_v7_compr/20240319_historic_mask.tiff
Created /mnt/data1/UniBe-swiss-ndvi/data/tiffs_historic_v7_compr/20240320_historic.tiff
Created /mnt/data1/UniBe-swiss-ndvi/data/tiffs_historic_v7_compr/20240320_historic_mask.tiff
Created /mnt/data1/UniBe-swiss-ndvi/data/tiffs_historic_v7_compr/20240321_historic.tiff
Created /mnt/data1/UniBe-swiss-ndvi/data/tiffs_historic_v7_compr/20240321_historic_mask.tiff
Created /mnt/data1/UniBe-swiss-ndvi/data/tiffs_historic_v7_compr/20240322_historic.tiff
Created /mnt/data1/UniBe-swiss-ndvi/data/tiffs_historic_v7_compr/20240322_historic_mask.tiff
Created /mnt/data1/UniBe-swiss-ndvi/data/tiffs_historic_v7_compr/20240323_historic.tiff
Created /mnt/data1/UniBe-swiss-ndvi/data/tiffs_historic_v7_compr/20240323_historic_mask.tiff
Created /mnt/data1/UniBe-swiss-ndvi/data/tiffs_historic_v7_compr/20240324_historic.tiff
Created /mnt/data1/UniBe-swiss-ndvi/data/tiffs_historic_v7_compr/20240324_historic_mask.tiff
Created /mnt/data1/UniBe-swiss-ndvi/data/tiffs_historic_v7_compr/20240325_historic.tiff
Created /mnt/data1/UniBe-swiss-ndvi/data/tiffs_historic_v7_compr/20240325_historic_mask.tiff
Created /mnt/data1/UniBe-swiss-ndvi/data/tiffs_historic_v7_compr/20240326_historic.tiff
Created /mnt/data1/UniBe-swiss-ndvi/data/tiffs_historic_v7_compr/20240326_historic_mask.tiff
Created /mnt/data1/UniBe-swiss-ndvi/data/tiffs_historic_v7_compr/20240327_historic.tiff
Created /mnt/data1/UniBe-swiss-ndvi/data/tiffs_historic_v7_compr/20240327_historic_mask.tiff
Created /mnt/data1/UniBe-swiss-ndvi/data/tiffs_historic_v7_compr/20240328_historic.tiff
Created /mnt/data1/UniBe-swiss-ndvi/data/tiffs_historic_v7_compr/20240328_historic_mask.tiff
Created /mnt/data1/UniBe-swiss-ndvi/data/tiffs_historic_v7_compr/20240329_historic.tiff
Created /mnt/data1/UniBe-swiss-ndvi/data/tiffs_historic_v7_compr/20240329_historic_mask.tiff
Created /mnt/data1/UniBe-swiss-ndvi/data/tiffs_historic_v7_compr/20240330_historic.tiff
Created /mnt/data1/UniBe-swiss-ndvi/data/tiffs_historic_v7_compr/20240330_historic_mask.tiff
Created /mnt/data1/UniBe-swiss-ndvi/data/tiffs_historic_v7_compr/20240331_historic.tiff
Created /mnt/data1/UniBe-swiss-ndvi/data/tiffs_historic_v7_compr/20240331_historic_mask.tiff
Created /mnt/data1/UniBe-swiss-ndvi/data/tiffs_historic_v7_compr/20240401_historic.tiff
Created /mnt/data1/UniBe-swiss-ndvi/data/tiffs_historic_v7_compr/20240401_historic_mask.tiff
Created /mnt/data1/UniBe-swiss-ndvi/data/tiffs_historic_v7_compr/20240402_historic.tiff
Created /mnt/data1/UniBe-swiss-ndvi/data/tiffs_historic_v7_compr/20240402_historic_mask.tiff
Created /mnt/data1/UniBe-swiss-ndvi/data/tiffs_historic_v7_compr/20240403_historic.tiff
Created /mnt/data1/UniBe-swiss-ndvi/data/tiffs_historic_v7_compr/20240403_historic_mask.tiff
Created /mnt/data1/UniBe-swiss-ndvi/data/tiffs_historic_v7_compr/20240404_historic.tiff
Created /mnt/data1/UniBe-swiss-ndvi/data/tiffs_historic_v7_compr/20240404_historic_mask.tiff
Created /mnt/data1/UniBe-swiss-ndvi/data/tiffs_historic_v7_compr/20240405_historic.tiff
Created /mnt/data1/UniBe-swiss-ndvi/data/tiffs_historic_v7_compr/20240405_historic_mask.tiff
Created /mnt/data1/UniBe-swiss-ndvi/data/tiffs_historic_v7_compr/20240406_historic.tiff
Created /mnt/data1/UniBe-swiss-ndvi/data/tiffs_historic_v7_compr/20240406_historic_mask.tiff
Created /mnt/data1/UniBe-swiss-ndvi/data/tiffs_historic_v7_compr/20240407_historic.tiff
Created /mnt/data1/UniBe-swiss-ndvi/data/tiffs_historic_v7_compr/20240407_historic_mask.tiff
Created /mnt/data1/UniBe-swiss-ndvi/data/tiffs_historic_v7_compr/20240408_historic.tiff
Created /mnt/data1/UniBe-swiss-ndvi/data/tiffs_historic_v7_compr/20240408_historic_mask.tiff
Created /mnt/data1/UniBe-swiss-ndvi/data/tiffs_historic_v7_compr/20240409_historic.tiff
Created /mnt/data1/UniBe-swiss-ndvi/data/tiffs_historic_v7_compr/20240409_historic_mask.tiff
Created /mnt/data1/UniBe-swiss-ndvi/data/tiffs_historic_v7_compr/20240410_historic.tiff
Created /mnt/data1/UniBe-swiss-ndvi/data/tiffs_historic_v7_compr/20240410_historic_mask.tiff
Created /mnt/data1/UniBe-swiss-ndvi/data/tiffs_historic_v7_compr/20240411_historic.tiff
Created /mnt/data1/UniBe-swiss-ndvi/data/tiffs_historic_v7_compr/20240411_historic_mask.tiff
Created /mnt/data1/UniBe-swiss-ndvi/data/tiffs_historic_v7_compr/20240412_historic.tiff
Created /mnt/data1/UniBe-swiss-ndvi/data/tiffs_historic_v7_compr/20240412_historic_mask.tiff
Created /mnt/data1/UniBe-swiss-ndvi/data/tiffs_historic_v7_compr/20240413_historic.tiff
Created /mnt/data1/UniBe-swiss-ndvi/data/tiffs_historic_v7_compr/20240413_historic_mask.tiff
Created /mnt/data1/UniBe-swiss-ndvi/data/tiffs_historic_v7_compr/20240414_historic.tiff
Created /mnt/data1/UniBe-swiss-ndvi/data/tiffs_historic_v7_compr/20240414_historic_mask.tiff
Created /mnt/data1/UniBe-swiss-ndvi/data/tiffs_historic_v7_compr/20240415_historic.tiff
Created /mnt/data1/UniBe-swiss-ndvi/data/tiffs_historic_v7_compr/20240415_historic_mask.tiff
Created /mnt/data1/UniBe-swiss-ndvi/data/tiffs_historic_v7_compr/20240416_historic.tiff
Created /mnt/data1/UniBe-swiss-ndvi/data/tiffs_historic_v7_compr/20240416_historic_mask.tiff
Created /mnt/data1/UniBe-swiss-ndvi/data/tiffs_historic_v7_compr/20240417_historic.tiff
Created /mnt/data1/UniBe-swiss-ndvi/data/tiffs_historic_v7_compr/20240417_historic_mask.tiff
Created /mnt/data1/UniBe-swiss-ndvi/data/tiffs_historic_v7_compr/20240418_historic.tiff
Created /mnt/data1/UniBe-swiss-ndvi/data/tiffs_historic_v7_compr/20240418_historic_mask.tiff
Created /mnt/data1/UniBe-swiss-ndvi/data/tiffs_historic_v7_compr/20240419_historic.tiff
Created /mnt/data1/UniBe-swiss-ndvi/data/tiffs_historic_v7_compr/20240419_historic_mask.tiff
Created /mnt/data1/UniBe-swiss-ndvi/data/tiffs_historic_v7_compr/20240420_historic.tiff
Created /mnt/data1/UniBe-swiss-ndvi/data/tiffs_historic_v7_compr/20240420_historic_mask.tiff
Created /mnt/data1/UniBe-swiss-ndvi/data/tiffs_historic_v7_compr/20240421_historic.tiff
Created /mnt/data1/UniBe-swiss-ndvi/data/tiffs_historic_v7_compr/20240421_historic_mask.tiff
Created /mnt/data1/UniBe-swiss-ndvi/data/tiffs_historic_v7_compr/20240422_historic.tiff
Created /mnt/data1/UniBe-swiss-ndvi/data/tiffs_historic_v7_compr/20240422_historic_mask.tiff
Created /mnt/data1/UniBe-swiss-ndvi/data/tiffs_historic_v7_compr/20240423_historic.tiff
Created /mnt/data1/UniBe-swiss-ndvi/data/tiffs_historic_v7_compr/20240423_historic_mask.tiff
Created /mnt/data1/UniBe-swiss-ndvi/data/tiffs_historic_v7_compr/20240424_historic.tiff
Created /mnt/data1/UniBe-swiss-ndvi/data/tiffs_historic_v7_compr/20240424_historic_mask.tiff
Created /mnt/data1/UniBe-swiss-ndvi/data/tiffs_historic_v7_compr/20240425_historic.tiff
Created /mnt/data1/UniBe-swiss-ndvi/data/tiffs_historic_v7_compr/20240425_historic_mask.tiff
Created /mnt/data1/UniBe-swiss-ndvi/data/tiffs_historic_v7_compr/20240426_historic.tiff
Created /mnt/data1/UniBe-swiss-ndvi/data/tiffs_historic_v7_compr/20240426_historic_mask.tiff
Created /mnt/data1/UniBe-swiss-ndvi/data/tiffs_historic_v7_compr/20240427_historic.tiff
Created /mnt/data1/UniBe-swiss-ndvi/data/tiffs_historic_v7_compr/20240427_historic_mask.tiff
Created /mnt/data1/UniBe-swiss-ndvi/data/tiffs_historic_v7_compr/20240428_historic.tiff
Created /mnt/data1/UniBe-swiss-ndvi/data/tiffs_historic_v7_compr/20240428_historic_mask.tiff
Created /mnt/data1/UniBe-swiss-ndvi/data/tiffs_historic_v7_compr/20240429_historic.tiff
Created /mnt/data1/UniBe-swiss-ndvi/data/tiffs_historic_v7_compr/20240429_historic_mask.tiff
Created /mnt/data1/UniBe-swiss-ndvi/data/tiffs_historic_v7_compr/20240430_historic.tiff
Created /mnt/data1/UniBe-swiss-ndvi/data/tiffs_historic_v7_compr/20240430_historic_mask.tiff
Created /mnt/data1/UniBe-swiss-ndvi/data/tiffs_historic_v7_compr/20240501_historic.tiff
Created /mnt/data1/UniBe-swiss-ndvi/data/tiffs_historic_v7_compr/20240501_historic_mask.tiff
Created /mnt/data1/UniBe-swiss-ndvi/data/tiffs_historic_v7_compr/20240502_historic.tiff
Created /mnt/data1/UniBe-swiss-ndvi/data/tiffs_historic_v7_compr/20240502_historic_mask.tiff
Created /mnt/data1/UniBe-swiss-ndvi/data/tiffs_historic_v7_compr/20240503_historic.tiff
Created /mnt/data1/UniBe-swiss-ndvi/data/tiffs_historic_v7_compr/20240503_historic_mask.tiff
Created /mnt/data1/UniBe-swiss-ndvi/data/tiffs_historic_v7_compr/20240504_historic.tiff
Created /mnt/data1/UniBe-swiss-ndvi/data/tiffs_historic_v7_compr/20240504_historic_mask.tiff
Created /mnt/data1/UniBe-swiss-ndvi/data/tiffs_historic_v7_compr/20240505_historic.tiff
Created /mnt/data1/UniBe-swiss-ndvi/data/tiffs_historic_v7_compr/20240505_historic_mask.tiff
Created /mnt/data1/UniBe-swiss-ndvi/data/tiffs_historic_v7_compr/20240506_historic.tiff
Created /mnt/data1/UniBe-swiss-ndvi/data/tiffs_historic_v7_compr/20240506_historic_mask.tiff
Created /mnt/data1/UniBe-swiss-ndvi/data/tiffs_historic_v7_compr/20240507_historic.tiff
Created /mnt/data1/UniBe-swiss-ndvi/data/tiffs_historic_v7_compr/20240507_historic_mask.tiff
Created /mnt/data1/UniBe-swiss-ndvi/data/tiffs_historic_v7_compr/20240508_historic.tiff
Created /mnt/data1/UniBe-swiss-ndvi/data/tiffs_historic_v7_compr/20240508_historic_mask.tiff
Created /mnt/data1/UniBe-swiss-ndvi/data/tiffs_historic_v7_compr/20240509_historic.tiff
Created /mnt/data1/UniBe-swiss-ndvi/data/tiffs_historic_v7_compr/20240509_historic_mask.tiff
Created /mnt/data1/UniBe-swiss-ndvi/data/tiffs_historic_v7_compr/20240510_historic.tiff
Created /mnt/data1/UniBe-swiss-ndvi/data/tiffs_historic_v7_compr/20240510_historic_mask.tiff
Created /mnt/data1/UniBe-swiss-ndvi/data/tiffs_historic_v7_compr/20240511_historic.tiff
Created /mnt/data1/UniBe-swiss-ndvi/data/tiffs_historic_v7_compr/20240511_historic_mask.tiff
Created /mnt/data1/UniBe-swiss-ndvi/data/tiffs_historic_v7_compr/20240512_historic.tiff
Created /mnt/data1/UniBe-swiss-ndvi/data/tiffs_historic_v7_compr/20240512_historic_mask.tiff
Created /mnt/data1/UniBe-swiss-ndvi/data/tiffs_historic_v7_compr/20240513_historic.tiff
Created /mnt/data1/UniBe-swiss-ndvi/data/tiffs_historic_v7_compr/20240513_historic_mask.tiff
Created /mnt/data1/UniBe-swiss-ndvi/data/tiffs_historic_v7_compr/20240514_historic.tiff
Created /mnt/data1/UniBe-swiss-ndvi/data/tiffs_historic_v7_compr/20240514_historic_mask.tiff
Created /mnt/data1/UniBe-swiss-ndvi/data/tiffs_historic_v7_compr/20240515_historic.tiff
Created /mnt/data1/UniBe-swiss-ndvi/data/tiffs_historic_v7_compr/20240515_historic_mask.tiff
Created /mnt/data1/UniBe-swiss-ndvi/data/tiffs_historic_v7_compr/20240516_historic.tiff
Created /mnt/data1/UniBe-swiss-ndvi/data/tiffs_historic_v7_compr/20240516_historic_mask.tiff
Created /mnt/data1/UniBe-swiss-ndvi/data/tiffs_historic_v7_compr/20240517_historic.tiff
Created /mnt/data1/UniBe-swiss-ndvi/data/tiffs_historic_v7_compr/20240517_historic_mask.tiff
Created /mnt/data1/UniBe-swiss-ndvi/data/tiffs_historic_v7_compr/20240518_historic.tiff
Created /mnt/data1/UniBe-swiss-ndvi/data/tiffs_historic_v7_compr/20240518_historic_mask.tiff
Created /mnt/data1/UniBe-swiss-ndvi/data/tiffs_historic_v7_compr/20240519_historic.tiff
Created /mnt/data1/UniBe-swiss-ndvi/data/tiffs_historic_v7_compr/20240519_historic_mask.tiff
Created /mnt/data1/UniBe-swiss-ndvi/data/tiffs_historic_v7_compr/20240520_historic.tiff
Created /mnt/data1/UniBe-swiss-ndvi/data/tiffs_historic_v7_compr/20240520_historic_mask.tiff
Created /mnt/data1/UniBe-swiss-ndvi/data/tiffs_historic_v7_compr/20240521_historic.tiff
Created /mnt/data1/UniBe-swiss-ndvi/data/tiffs_historic_v7_compr/20240521_historic_mask.tiff
Created /mnt/data1/UniBe-swiss-ndvi/data/tiffs_historic_v7_compr/20240522_historic.tiff
Created /mnt/data1/UniBe-swiss-ndvi/data/tiffs_historic_v7_compr/20240522_historic_mask.tiff
Created /mnt/data1/UniBe-swiss-ndvi/data/tiffs_historic_v7_compr/20240523_historic.tiff
Created /mnt/data1/UniBe-swiss-ndvi/data/tiffs_historic_v7_compr/20240523_historic_mask.tiff
Created /mnt/data1/UniBe-swiss-ndvi/data/tiffs_historic_v7_compr/20240524_historic.tiff
Created /mnt/data1/UniBe-swiss-ndvi/data/tiffs_historic_v7_compr/20240524_historic_mask.tiff
Created /mnt/data1/UniBe-swiss-ndvi/data/tiffs_historic_v7_compr/20240525_historic.tiff
Created /mnt/data1/UniBe-swiss-ndvi/data/tiffs_historic_v7_compr/20240525_historic_mask.tiff
Created /mnt/data1/UniBe-swiss-ndvi/data/tiffs_historic_v7_compr/20240526_historic.tiff
Created /mnt/data1/UniBe-swiss-ndvi/data/tiffs_historic_v7_compr/20240526_historic_mask.tiff
Created /mnt/data1/UniBe-swiss-ndvi/data/tiffs_historic_v7_compr/20240527_historic.tiff
Created /mnt/data1/UniBe-swiss-ndvi/data/tiffs_historic_v7_compr/20240527_historic_mask.tiff
Created /mnt/data1/UniBe-swiss-ndvi/data/tiffs_historic_v7_compr/20240528_historic.tiff
Created /mnt/data1/UniBe-swiss-ndvi/data/tiffs_historic_v7_compr/20240528_historic_mask.tiff
Created /mnt/data1/UniBe-swiss-ndvi/data/tiffs_historic_v7_compr/20240529_historic.tiff
Created /mnt/data1/UniBe-swiss-ndvi/data/tiffs_historic_v7_compr/20240529_historic_mask.tiff
Created /mnt/data1/UniBe-swiss-ndvi/data/tiffs_historic_v7_compr/20240530_historic.tiff
Created /mnt/data1/UniBe-swiss-ndvi/data/tiffs_historic_v7_compr/20240530_historic_mask.tiff
Created /mnt/data1/UniBe-swiss-ndvi/data/tiffs_historic_v7_compr/20240531_historic.tiff
Created /mnt/data1/UniBe-swiss-ndvi/data/tiffs_historic_v7_compr/20240531_historic_mask.tiff
Created /mnt/data1/UniBe-swiss-ndvi/data/tiffs_historic_v7_compr/20240601_historic.tiff
Created /mnt/data1/UniBe-swiss-ndvi/data/tiffs_historic_v7_compr/20240601_historic_mask.tiff
Created /mnt/data1/UniBe-swiss-ndvi/data/tiffs_historic_v7_compr/20240602_historic.tiff
Created /mnt/data1/UniBe-swiss-ndvi/data/tiffs_historic_v7_compr/20240602_historic_mask.tiff
Created /mnt/data1/UniBe-swiss-ndvi/data/tiffs_historic_v7_compr/20240603_historic.tiff
Created /mnt/data1/UniBe-swiss-ndvi/data/tiffs_historic_v7_compr/20240603_historic_mask.tiff
Created /mnt/data1/UniBe-swiss-ndvi/data/tiffs_historic_v7_compr/20240604_historic.tiff
Created /mnt/data1/UniBe-swiss-ndvi/data/tiffs_historic_v7_compr/20240604_historic_mask.tiff
Created /mnt/data1/UniBe-swiss-ndvi/data/tiffs_historic_v7_compr/20240605_historic.tiff
Created /mnt/data1/UniBe-swiss-ndvi/data/tiffs_historic_v7_compr/20240605_historic_mask.tiff
Created /mnt/data1/UniBe-swiss-ndvi/data/tiffs_historic_v7_compr/20240606_historic.tiff
Created /mnt/data1/UniBe-swiss-ndvi/data/tiffs_historic_v7_compr/20240606_historic_mask.tiff
Created /mnt/data1/UniBe-swiss-ndvi/data/tiffs_historic_v7_compr/20240607_historic.tiff
Created /mnt/data1/UniBe-swiss-ndvi/data/tiffs_historic_v7_compr/20240607_historic_mask.tiff
Created /mnt/data1/UniBe-swiss-ndvi/data/tiffs_historic_v7_compr/20240608_historic.tiff
Created /mnt/data1/UniBe-swiss-ndvi/data/tiffs_historic_v7_compr/20240608_historic_mask.tiff
Created /mnt/data1/UniBe-swiss-ndvi/data/tiffs_historic_v7_compr/20240609_historic.tiff
Created /mnt/data1/UniBe-swiss-ndvi/data/tiffs_historic_v7_compr/20240609_historic_mask.tiff
Created /mnt/data1/UniBe-swiss-ndvi/data/tiffs_historic_v7_compr/20240610_historic.tiff
Created /mnt/data1/UniBe-swiss-ndvi/data/tiffs_historic_v7_compr/20240610_historic_mask.tiff
Created /mnt/data1/UniBe-swiss-ndvi/data/tiffs_historic_v7_compr/20240611_historic.tiff
Created /mnt/data1/UniBe-swiss-ndvi/data/tiffs_historic_v7_compr/20240611_historic_mask.tiff
Created /mnt/data1/UniBe-swiss-ndvi/data/tiffs_historic_v7_compr/20240612_historic.tiff
Created /mnt/data1/UniBe-swiss-ndvi/data/tiffs_historic_v7_compr/20240612_historic_mask.tiff
Created /mnt/data1/UniBe-swiss-ndvi/data/tiffs_historic_v7_compr/20240613_historic.tiff
Created /mnt/data1/UniBe-swiss-ndvi/data/tiffs_historic_v7_compr/20240613_historic_mask.tiff
Created /mnt/data1/UniBe-swiss-ndvi/data/tiffs_historic_v7_compr/20240614_historic.tiff
Created /mnt/data1/UniBe-swiss-ndvi/data/tiffs_historic_v7_compr/20240614_historic_mask.tiff
Created /mnt/data1/UniBe-swiss-ndvi/data/tiffs_historic_v7_compr/20240615_historic.tiff
Created /mnt/data1/UniBe-swiss-ndvi/data/tiffs_historic_v7_compr/20240615_historic_mask.tiff
Created /mnt/data1/UniBe-swiss-ndvi/data/tiffs_historic_v7_compr/20240616_historic.tiff
Created /mnt/data1/UniBe-swiss-ndvi/data/tiffs_historic_v7_compr/20240616_historic_mask.tiff
Created /mnt/data1/UniBe-swiss-ndvi/data/tiffs_historic_v7_compr/20240617_historic.tiff
Created /mnt/data1/UniBe-swiss-ndvi/data/tiffs_historic_v7_compr/20240617_historic_mask.tiff
Created /mnt/data1/UniBe-swiss-ndvi/data/tiffs_historic_v7_compr/20240618_historic.tiff
Created /mnt/data1/UniBe-swiss-ndvi/data/tiffs_historic_v7_compr/20240618_historic_mask.tiff
Created /mnt/data1/UniBe-swiss-ndvi/data/tiffs_historic_v7_compr/20240619_historic.tiff
Created /mnt/data1/UniBe-swiss-ndvi/data/tiffs_historic_v7_compr/20240619_historic_mask.tiff
Created /mnt/data1/UniBe-swiss-ndvi/data/tiffs_historic_v7_compr/20240620_historic.tiff
Created /mnt/data1/UniBe-swiss-ndvi/data/tiffs_historic_v7_compr/20240620_historic_mask.tiff
Created /mnt/data1/UniBe-swiss-ndvi/data/tiffs_historic_v7_compr/20240621_historic.tiff
Created /mnt/data1/UniBe-swiss-ndvi/data/tiffs_historic_v7_compr/20240621_historic_mask.tiff
Created /mnt/data1/UniBe-swiss-ndvi/data/tiffs_historic_v7_compr/20240622_historic.tiff
Created /mnt/data1/UniBe-swiss-ndvi/data/tiffs_historic_v7_compr/20240622_historic_mask.tiff
Created /mnt/data1/UniBe-swiss-ndvi/data/tiffs_historic_v7_compr/20240623_historic.tiff
Created /mnt/data1/UniBe-swiss-ndvi/data/tiffs_historic_v7_compr/20240623_historic_mask.tiff
Created /mnt/data1/UniBe-swiss-ndvi/data/tiffs_historic_v7_compr/20240624_historic.tiff
Created /mnt/data1/UniBe-swiss-ndvi/data/tiffs_historic_v7_compr/20240624_historic_mask.tiff
Created /mnt/data1/UniBe-swiss-ndvi/data/tiffs_historic_v7_compr/20240625_historic.tiff
Created /mnt/data1/UniBe-swiss-ndvi/data/tiffs_historic_v7_compr/20240625_historic_mask.tiff
Created /mnt/data1/UniBe-swiss-ndvi/data/tiffs_historic_v7_compr/20240626_historic.tiff
Created /mnt/data1/UniBe-swiss-ndvi/data/tiffs_historic_v7_compr/20240626_historic_mask.tiff
Created /mnt/data1/UniBe-swiss-ndvi/data/tiffs_historic_v7_compr/20240627_historic.tiff
Created /mnt/data1/UniBe-swiss-ndvi/data/tiffs_historic_v7_compr/20240627_historic_mask.tiff
Created /mnt/data1/UniBe-swiss-ndvi/data/tiffs_historic_v7_compr/20240628_historic.tiff
Created /mnt/data1/UniBe-swiss-ndvi/data/tiffs_historic_v7_compr/20240628_historic_mask.tiff
Created /mnt/data1/UniBe-swiss-ndvi/data/tiffs_historic_v7_compr/20240629_historic.tiff
Created /mnt/data1/UniBe-swiss-ndvi/data/tiffs_historic_v7_compr/20240629_historic_mask.tiff
Created /mnt/data1/UniBe-swiss-ndvi/data/tiffs_historic_v7_compr/20240630_historic.tiff
Created /mnt/data1/UniBe-swiss-ndvi/data/tiffs_historic_v7_compr/20240630_historic_mask.tiff
Created /mnt/data1/UniBe-swiss-ndvi/data/tiffs_historic_v7_compr/20240701_historic.tiff
Created /mnt/data1/UniBe-swiss-ndvi/data/tiffs_historic_v7_compr/20240701_historic_mask.tiff
Created /mnt/data1/UniBe-swiss-ndvi/data/tiffs_historic_v7_compr/20240702_historic.tiff
Created /mnt/data1/UniBe-swiss-ndvi/data/tiffs_historic_v7_compr/20240702_historic_mask.tiff
Created /mnt/data1/UniBe-swiss-ndvi/data/tiffs_historic_v7_compr/20240703_historic.tiff
Created /mnt/data1/UniBe-swiss-ndvi/data/tiffs_historic_v7_compr/20240703_historic_mask.tiff
Created /mnt/data1/UniBe-swiss-ndvi/data/tiffs_historic_v7_compr/20240704_historic.tiff
Created /mnt/data1/UniBe-swiss-ndvi/data/tiffs_historic_v7_compr/20240704_historic_mask.tiff
Created /mnt/data1/UniBe-swiss-ndvi/data/tiffs_historic_v7_compr/20240705_historic.tiff
Created /mnt/data1/UniBe-swiss-ndvi/data/tiffs_historic_v7_compr/20240705_historic_mask.tiff
Created /mnt/data1/UniBe-swiss-ndvi/data/tiffs_historic_v7_compr/20240706_historic.tiff
Created /mnt/data1/UniBe-swiss-ndvi/data/tiffs_historic_v7_compr/20240706_historic_mask.tiff
Created /mnt/data1/UniBe-swiss-ndvi/data/tiffs_historic_v7_compr/20240707_historic.tiff
Created /mnt/data1/UniBe-swiss-ndvi/data/tiffs_historic_v7_compr/20240707_historic_mask.tiff
Created /mnt/data1/UniBe-swiss-ndvi/data/tiffs_historic_v7_compr/20240708_historic.tiff
Created /mnt/data1/UniBe-swiss-ndvi/data/tiffs_historic_v7_compr/20240708_historic_mask.tiff
Created /mnt/data1/UniBe-swiss-ndvi/data/tiffs_historic_v7_compr/20240709_historic.tiff
Created /mnt/data1/UniBe-swiss-ndvi/data/tiffs_historic_v7_compr/20240709_historic_mask.tiff
Created /mnt/data1/UniBe-swiss-ndvi/data/tiffs_historic_v7_compr/20240710_historic.tiff
Created /mnt/data1/UniBe-swiss-ndvi/data/tiffs_historic_v7_compr/20240710_historic_mask.tiff
Created /mnt/data1/UniBe-swiss-ndvi/data/tiffs_historic_v7_compr/20240711_historic.tiff
Created /mnt/data1/UniBe-swiss-ndvi/data/tiffs_historic_v7_compr/20240711_historic_mask.tiff
Created /mnt/data1/UniBe-swiss-ndvi/data/tiffs_historic_v7_compr/20240712_historic.tiff
Created /mnt/data1/UniBe-swiss-ndvi/data/tiffs_historic_v7_compr/20240712_historic_mask.tiff
Created /mnt/data1/UniBe-swiss-ndvi/data/tiffs_historic_v7_compr/20240713_historic.tiff
Created /mnt/data1/UniBe-swiss-ndvi/data/tiffs_historic_v7_compr/20240713_historic_mask.tiff
Created /mnt/data1/UniBe-swiss-ndvi/data/tiffs_historic_v7_compr/20240714_historic.tiff
Created /mnt/data1/UniBe-swiss-ndvi/data/tiffs_historic_v7_compr/20240714_historic_mask.tiff
Created /mnt/data1/UniBe-swiss-ndvi/data/tiffs_historic_v7_compr/20240715_historic.tiff
Created /mnt/data1/UniBe-swiss-ndvi/data/tiffs_historic_v7_compr/20240715_historic_mask.tiff
Created /mnt/data1/UniBe-swiss-ndvi/data/tiffs_historic_v7_compr/20240716_historic.tiff
Created /mnt/data1/UniBe-swiss-ndvi/data/tiffs_historic_v7_compr/20240716_historic_mask.tiff
Created /mnt/data1/UniBe-swiss-ndvi/data/tiffs_historic_v7_compr/20240717_historic.tiff
Created /mnt/data1/UniBe-swiss-ndvi/data/tiffs_historic_v7_compr/20240717_historic_mask.tiff
Created /mnt/data1/UniBe-swiss-ndvi/data/tiffs_historic_v7_compr/20240718_historic.tiff
Created /mnt/data1/UniBe-swiss-ndvi/data/tiffs_historic_v7_compr/20240718_historic_mask.tiff
Created /mnt/data1/UniBe-swiss-ndvi/data/tiffs_historic_v7_compr/20240719_historic.tiff
Created /mnt/data1/UniBe-swiss-ndvi/data/tiffs_historic_v7_compr/20240719_historic_mask.tiff
Created /mnt/data1/UniBe-swiss-ndvi/data/tiffs_historic_v7_compr/20240720_historic.tiff
Created /mnt/data1/UniBe-swiss-ndvi/data/tiffs_historic_v7_compr/20240720_historic_mask.tiff
Created /mnt/data1/UniBe-swiss-ndvi/data/tiffs_historic_v7_compr/20240721_historic.tiff
Created /mnt/data1/UniBe-swiss-ndvi/data/tiffs_historic_v7_compr/20240721_historic_mask.tiff
Created /mnt/data1/UniBe-swiss-ndvi/data/tiffs_historic_v7_compr/20240722_historic.tiff
Created /mnt/data1/UniBe-swiss-ndvi/data/tiffs_historic_v7_compr/20240722_historic_mask.tiff
Created /mnt/data1/UniBe-swiss-ndvi/data/tiffs_historic_v7_compr/20240723_historic.tiff
Created /mnt/data1/UniBe-swiss-ndvi/data/tiffs_historic_v7_compr/20240723_historic_mask.tiff
Created /mnt/data1/UniBe-swiss-ndvi/data/tiffs_historic_v7_compr/20240724_historic.tiff
Created /mnt/data1/UniBe-swiss-ndvi/data/tiffs_historic_v7_compr/20240724_historic_mask.tiff
Created /mnt/data1/UniBe-swiss-ndvi/data/tiffs_historic_v7_compr/20240725_historic.tiff
Created /mnt/data1/UniBe-swiss-ndvi/data/tiffs_historic_v7_compr/20240725_historic_mask.tiff
Created /mnt/data1/UniBe-swiss-ndvi/data/tiffs_historic_v7_compr/20240726_historic.tiff
Created /mnt/data1/UniBe-swiss-ndvi/data/tiffs_historic_v7_compr/20240726_historic_mask.tiff
Created /mnt/data1/UniBe-swiss-ndvi/data/tiffs_historic_v7_compr/20240727_historic.tiff
Created /mnt/data1/UniBe-swiss-ndvi/data/tiffs_historic_v7_compr/20240727_historic_mask.tiff
Created /mnt/data1/UniBe-swiss-ndvi/data/tiffs_historic_v7_compr/20240728_historic.tiff
Created /mnt/data1/UniBe-swiss-ndvi/data/tiffs_historic_v7_compr/20240728_historic_mask.tiff
Created /mnt/data1/UniBe-swiss-ndvi/data/tiffs_historic_v7_compr/20240729_historic.tiff
Created /mnt/data1/UniBe-swiss-ndvi/data/tiffs_historic_v7_compr/20240729_historic_mask.tiff
Created /mnt/data1/UniBe-swiss-ndvi/data/tiffs_historic_v7_compr/20240730_historic.tiff
Created /mnt/data1/UniBe-swiss-ndvi/data/tiffs_historic_v7_compr/20240730_historic_mask.tiff
Skipping file (already exported): 20240731_historic.tiff
Created /mnt/data1/UniBe-swiss-ndvi/data/tiffs_historic_v7_compr/20240801_historic.tiff
Created /mnt/data1/UniBe-swiss-ndvi/data/tiffs_historic_v7_compr/20240801_historic_mask.tiff
Created /mnt/data1/UniBe-swiss-ndvi/data/tiffs_historic_v7_compr/20240802_historic.tiff
Created /mnt/data1/UniBe-swiss-ndvi/data/tiffs_historic_v7_compr/20240802_historic_mask.tiff
Created /mnt/data1/UniBe-swiss-ndvi/data/tiffs_historic_v7_compr/20240803_historic.tiff
Created /mnt/data1/UniBe-swiss-ndvi/data/tiffs_historic_v7_compr/20240803_historic_mask.tiff
Created /mnt/data1/UniBe-swiss-ndvi/data/tiffs_historic_v7_compr/20240804_historic.tiff
Created /mnt/data1/UniBe-swiss-ndvi/data/tiffs_historic_v7_compr/20240804_historic_mask.tiff
Created /mnt/data1/UniBe-swiss-ndvi/data/tiffs_historic_v7_compr/20240805_historic.tiff
Created /mnt/data1/UniBe-swiss-ndvi/data/tiffs_historic_v7_compr/20240805_historic_mask.tiff
Created /mnt/data1/UniBe-swiss-ndvi/data/tiffs_historic_v7_compr/20240806_historic.tiff
Created /mnt/data1/UniBe-swiss-ndvi/data/tiffs_historic_v7_compr/20240806_historic_mask.tiff
Created /mnt/data1/UniBe-swiss-ndvi/data/tiffs_historic_v7_compr/20240807_historic.tiff
Created /mnt/data1/UniBe-swiss-ndvi/data/tiffs_historic_v7_compr/20240807_historic_mask.tiff
Created /mnt/data1/UniBe-swiss-ndvi/data/tiffs_historic_v7_compr/20240808_historic.tiff
Created /mnt/data1/UniBe-swiss-ndvi/data/tiffs_historic_v7_compr/20240808_historic_mask.tiff
Created /mnt/data1/UniBe-swiss-ndvi/data/tiffs_historic_v7_compr/20240809_historic.tiff
Created /mnt/data1/UniBe-swiss-ndvi/data/tiffs_historic_v7_compr/20240809_historic_mask.tiff
Created /mnt/data1/UniBe-swiss-ndvi/data/tiffs_historic_v7_compr/20240810_historic.tiff
Created /mnt/data1/UniBe-swiss-ndvi/data/tiffs_historic_v7_compr/20240810_historic_mask.tiff
Created /mnt/data1/UniBe-swiss-ndvi/data/tiffs_historic_v7_compr/20240811_historic.tiff
Created /mnt/data1/UniBe-swiss-ndvi/data/tiffs_historic_v7_compr/20240811_historic_mask.tiff
Created /mnt/data1/UniBe-swiss-ndvi/data/tiffs_historic_v7_compr/20240812_historic.tiff
Created /mnt/data1/UniBe-swiss-ndvi/data/tiffs_historic_v7_compr/20240812_historic_mask.tiff
Created /mnt/data1/UniBe-swiss-ndvi/data/tiffs_historic_v7_compr/20240813_historic.tiff
Created /mnt/data1/UniBe-swiss-ndvi/data/tiffs_historic_v7_compr/20240813_historic_mask.tiff
Created /mnt/data1/UniBe-swiss-ndvi/data/tiffs_historic_v7_compr/20240814_historic.tiff
Created /mnt/data1/UniBe-swiss-ndvi/data/tiffs_historic_v7_compr/20240814_historic_mask.tiff
Created /mnt/data1/UniBe-swiss-ndvi/data/tiffs_historic_v7_compr/20240815_historic.tiff
Created /mnt/data1/UniBe-swiss-ndvi/data/tiffs_historic_v7_compr/20240815_historic_mask.tiff
Created /mnt/data1/UniBe-swiss-ndvi/data/tiffs_historic_v7_compr/20240816_historic.tiff
Created /mnt/data1/UniBe-swiss-ndvi/data/tiffs_historic_v7_compr/20240816_historic_mask.tiff
Created /mnt/data1/UniBe-swiss-ndvi/data/tiffs_historic_v7_compr/20240817_historic.tiff
Created /mnt/data1/UniBe-swiss-ndvi/data/tiffs_historic_v7_compr/20240817_historic_mask.tiff
Created /mnt/data1/UniBe-swiss-ndvi/data/tiffs_historic_v7_compr/20240818_historic.tiff
Created /mnt/data1/UniBe-swiss-ndvi/data/tiffs_historic_v7_compr/20240818_historic_mask.tiff
Created /mnt/data1/UniBe-swiss-ndvi/data/tiffs_historic_v7_compr/20240819_historic.tiff
Created /mnt/data1/UniBe-swiss-ndvi/data/tiffs_historic_v7_compr/20240819_historic_mask.tiff
Created /mnt/data1/UniBe-swiss-ndvi/data/tiffs_historic_v7_compr/20240820_historic.tiff
Created /mnt/data1/UniBe-swiss-ndvi/data/tiffs_historic_v7_compr/20240820_historic_mask.tiff
Created /mnt/data1/UniBe-swiss-ndvi/data/tiffs_historic_v7_compr/20240821_historic.tiff
Created /mnt/data1/UniBe-swiss-ndvi/data/tiffs_historic_v7_compr/20240821_historic_mask.tiff
Created /mnt/data1/UniBe-swiss-ndvi/data/tiffs_historic_v7_compr/20240822_historic.tiff
Created /mnt/data1/UniBe-swiss-ndvi/data/tiffs_historic_v7_compr/20240822_historic_mask.tiff
Created /mnt/data1/UniBe-swiss-ndvi/data/tiffs_historic_v7_compr/20240823_historic.tiff
Created /mnt/data1/UniBe-swiss-ndvi/data/tiffs_historic_v7_compr/20240823_historic_mask.tiff
Created /mnt/data1/UniBe-swiss-ndvi/data/tiffs_historic_v7_compr/20240824_historic.tiff
Created /mnt/data1/UniBe-swiss-ndvi/data/tiffs_historic_v7_compr/20240824_historic_mask.tiff
Created /mnt/data1/UniBe-swiss-ndvi/data/tiffs_historic_v7_compr/20240825_historic.tiff
Created /mnt/data1/UniBe-swiss-ndvi/data/tiffs_historic_v7_compr/20240825_historic_mask.tiff
Created /mnt/data1/UniBe-swiss-ndvi/data/tiffs_historic_v7_compr/20240826_historic.tiff
Created /mnt/data1/UniBe-swiss-ndvi/data/tiffs_historic_v7_compr/20240826_historic_mask.tiff
Created /mnt/data1/UniBe-swiss-ndvi/data/tiffs_historic_v7_compr/20240827_historic.tiff
Created /mnt/data1/UniBe-swiss-ndvi/data/tiffs_historic_v7_compr/20240827_historic_mask.tiff
Created /mnt/data1/UniBe-swiss-ndvi/data/tiffs_historic_v7_compr/20240828_historic.tiff
Created /mnt/data1/UniBe-swiss-ndvi/data/tiffs_historic_v7_compr/20240828_historic_mask.tiff
Created /mnt/data1/UniBe-swiss-ndvi/data/tiffs_historic_v7_compr/20240829_historic.tiff
Created /mnt/data1/UniBe-swiss-ndvi/data/tiffs_historic_v7_compr/20240829_historic_mask.tiff
Created /mnt/data1/UniBe-swiss-ndvi/data/tiffs_historic_v7_compr/20240830_historic.tiff
Created /mnt/data1/UniBe-swiss-ndvi/data/tiffs_historic_v7_compr/20240830_historic_mask.tiff
Created /mnt/data1/UniBe-swiss-ndvi/data/tiffs_historic_v7_compr/20240831_historic.tiff
Created /mnt/data1/UniBe-swiss-ndvi/data/tiffs_historic_v7_compr/20240831_historic_mask.tiff
Created /mnt/data1/UniBe-swiss-ndvi/data/tiffs_historic_v7_compr/20240901_historic.tiff
Created /mnt/data1/UniBe-swiss-ndvi/data/tiffs_historic_v7_compr/20240901_historic_mask.tiff
Created /mnt/data1/UniBe-swiss-ndvi/data/tiffs_historic_v7_compr/20240902_historic.tiff
Created /mnt/data1/UniBe-swiss-ndvi/data/tiffs_historic_v7_compr/20240902_historic_mask.tiff
Created /mnt/data1/UniBe-swiss-ndvi/data/tiffs_historic_v7_compr/20240903_historic.tiff
Created /mnt/data1/UniBe-swiss-ndvi/data/tiffs_historic_v7_compr/20240903_historic_mask.tiff
Created /mnt/data1/UniBe-swiss-ndvi/data/tiffs_historic_v7_compr/20240904_historic.tiff
Created /mnt/data1/UniBe-swiss-ndvi/data/tiffs_historic_v7_compr/20240904_historic_mask.tiff
Created /mnt/data1/UniBe-swiss-ndvi/data/tiffs_historic_v7_compr/20240905_historic.tiff
Created /mnt/data1/UniBe-swiss-ndvi/data/tiffs_historic_v7_compr/20240905_historic_mask.tiff
Created /mnt/data1/UniBe-swiss-ndvi/data/tiffs_historic_v7_compr/20240906_historic.tiff
Created /mnt/data1/UniBe-swiss-ndvi/data/tiffs_historic_v7_compr/20240906_historic_mask.tiff
Created /mnt/data1/UniBe-swiss-ndvi/data/tiffs_historic_v7_compr/20240907_historic.tiff
Created /mnt/data1/UniBe-swiss-ndvi/data/tiffs_historic_v7_compr/20240907_historic_mask.tiff
Created /mnt/data1/UniBe-swiss-ndvi/data/tiffs_historic_v7_compr/20240908_historic.tiff
Created /mnt/data1/UniBe-swiss-ndvi/data/tiffs_historic_v7_compr/20240908_historic_mask.tiff
Created /mnt/data1/UniBe-swiss-ndvi/data/tiffs_historic_v7_compr/20240909_historic.tiff
Created /mnt/data1/UniBe-swiss-ndvi/data/tiffs_historic_v7_compr/20240909_historic_mask.tiff
Created /mnt/data1/UniBe-swiss-ndvi/data/tiffs_historic_v7_compr/20240910_historic.tiff
Created /mnt/data1/UniBe-swiss-ndvi/data/tiffs_historic_v7_compr/20240910_historic_mask.tiff
Created /mnt/data1/UniBe-swiss-ndvi/data/tiffs_historic_v7_compr/20240911_historic.tiff
Created /mnt/data1/UniBe-swiss-ndvi/data/tiffs_historic_v7_compr/20240911_historic_mask.tiff
Created /mnt/data1/UniBe-swiss-ndvi/data/tiffs_historic_v7_compr/20240912_historic.tiff
Created /mnt/data1/UniBe-swiss-ndvi/data/tiffs_historic_v7_compr/20240912_historic_mask.tiff
Created /mnt/data1/UniBe-swiss-ndvi/data/tiffs_historic_v7_compr/20240913_historic.tiff
Created /mnt/data1/UniBe-swiss-ndvi/data/tiffs_historic_v7_compr/20240913_historic_mask.tiff
Created /mnt/data1/UniBe-swiss-ndvi/data/tiffs_historic_v7_compr/20240914_historic.tiff
Created /mnt/data1/UniBe-swiss-ndvi/data/tiffs_historic_v7_compr/20240914_historic_mask.tiff
Created /mnt/data1/UniBe-swiss-ndvi/data/tiffs_historic_v7_compr/20240915_historic.tiff
Created /mnt/data1/UniBe-swiss-ndvi/data/tiffs_historic_v7_compr/20240915_historic_mask.tiff
Created /mnt/data1/UniBe-swiss-ndvi/data/tiffs_historic_v7_compr/20240916_historic.tiff
Created /mnt/data1/UniBe-swiss-ndvi/data/tiffs_historic_v7_compr/20240916_historic_mask.tiff
Created /mnt/data1/UniBe-swiss-ndvi/data/tiffs_historic_v7_compr/20240917_historic.tiff
Created /mnt/data1/UniBe-swiss-ndvi/data/tiffs_historic_v7_compr/20240917_historic_mask.tiff
Created /mnt/data1/UniBe-swiss-ndvi/data/tiffs_historic_v7_compr/20240918_historic.tiff
Created /mnt/data1/UniBe-swiss-ndvi/data/tiffs_historic_v7_compr/20240918_historic_mask.tiff
Created /mnt/data1/UniBe-swiss-ndvi/data/tiffs_historic_v7_compr/20240919_historic.tiff
Created /mnt/data1/UniBe-swiss-ndvi/data/tiffs_historic_v7_compr/20240919_historic_mask.tiff
Created /mnt/data1/UniBe-swiss-ndvi/data/tiffs_historic_v7_compr/20240920_historic.tiff
Created /mnt/data1/UniBe-swiss-ndvi/data/tiffs_historic_v7_compr/20240920_historic_mask.tiff
Created /mnt/data1/UniBe-swiss-ndvi/data/tiffs_historic_v7_compr/20240921_historic.tiff
Created /mnt/data1/UniBe-swiss-ndvi/data/tiffs_historic_v7_compr/20240921_historic_mask.tiff
Created /mnt/data1/UniBe-swiss-ndvi/data/tiffs_historic_v7_compr/20240922_historic.tiff
Created /mnt/data1/UniBe-swiss-ndvi/data/tiffs_historic_v7_compr/20240922_historic_mask.tiff
Created /mnt/data1/UniBe-swiss-ndvi/data/tiffs_historic_v7_compr/20240923_historic.tiff
Created /mnt/data1/UniBe-swiss-ndvi/data/tiffs_historic_v7_compr/20240923_historic_mask.tiff
Created /mnt/data1/UniBe-swiss-ndvi/data/tiffs_historic_v7_compr/20240924_historic.tiff
Created /mnt/data1/UniBe-swiss-ndvi/data/tiffs_historic_v7_compr/20240924_historic_mask.tiff
Created /mnt/data1/UniBe-swiss-ndvi/data/tiffs_historic_v7_compr/20240925_historic.tiff
Created /mnt/data1/UniBe-swiss-ndvi/data/tiffs_historic_v7_compr/20240925_historic_mask.tiff
Created /mnt/data1/UniBe-swiss-ndvi/data/tiffs_historic_v7_compr/20240926_historic.tiff
Created /mnt/data1/UniBe-swiss-ndvi/data/tiffs_historic_v7_compr/20240926_historic_mask.tiff
Created /mnt/data1/UniBe-swiss-ndvi/data/tiffs_historic_v7_compr/20240927_historic.tiff
Created /mnt/data1/UniBe-swiss-ndvi/data/tiffs_historic_v7_compr/20240927_historic_mask.tiff
Created /mnt/data1/UniBe-swiss-ndvi/data/tiffs_historic_v7_compr/20240928_historic.tiff
Created /mnt/data1/UniBe-swiss-ndvi/data/tiffs_historic_v7_compr/20240928_historic_mask.tiff
Created /mnt/data1/UniBe-swiss-ndvi/data/tiffs_historic_v7_compr/20240929_historic.tiff
Created /mnt/data1/UniBe-swiss-ndvi/data/tiffs_historic_v7_compr/20240929_historic_mask.tiff
Created /mnt/data1/UniBe-swiss-ndvi/data/tiffs_historic_v7_compr/20240930_historic.tiff
Created /mnt/data1/UniBe-swiss-ndvi/data/tiffs_historic_v7_compr/20240930_historic_mask.tiff
Created /mnt/data1/UniBe-swiss-ndvi/data/tiffs_historic_v7_compr/20241001_historic.tiff
Created /mnt/data1/UniBe-swiss-ndvi/data/tiffs_historic_v7_compr/20241001_historic_mask.tiff
Created /mnt/data1/UniBe-swiss-ndvi/data/tiffs_historic_v7_compr/20241002_historic.tiff
Created /mnt/data1/UniBe-swiss-ndvi/data/tiffs_historic_v7_compr/20241002_historic_mask.tiff
Created /mnt/data1/UniBe-swiss-ndvi/data/tiffs_historic_v7_compr/20241003_historic.tiff
Created /mnt/data1/UniBe-swiss-ndvi/data/tiffs_historic_v7_compr/20241003_historic_mask.tiff
Created /mnt/data1/UniBe-swiss-ndvi/data/tiffs_historic_v7_compr/20241004_historic.tiff
Created /mnt/data1/UniBe-swiss-ndvi/data/tiffs_historic_v7_compr/20241004_historic_mask.tiff
Created /mnt/data1/UniBe-swiss-ndvi/data/tiffs_historic_v7_compr/20241005_historic.tiff
Created /mnt/data1/UniBe-swiss-ndvi/data/tiffs_historic_v7_compr/20241005_historic_mask.tiff
Created /mnt/data1/UniBe-swiss-ndvi/data/tiffs_historic_v7_compr/20241006_historic.tiff
Created /mnt/data1/UniBe-swiss-ndvi/data/tiffs_historic_v7_compr/20241006_historic_mask.tiff
Created /mnt/data1/UniBe-swiss-ndvi/data/tiffs_historic_v7_compr/20241007_historic.tiff
Created /mnt/data1/UniBe-swiss-ndvi/data/tiffs_historic_v7_compr/20241007_historic_mask.tiff
Created /mnt/data1/UniBe-swiss-ndvi/data/tiffs_historic_v7_compr/20241008_historic.tiff
Created /mnt/data1/UniBe-swiss-ndvi/data/tiffs_historic_v7_compr/20241008_historic_mask.tiff
Created /mnt/data1/UniBe-swiss-ndvi/data/tiffs_historic_v7_compr/20241009_historic.tiff
Created /mnt/data1/UniBe-swiss-ndvi/data/tiffs_historic_v7_compr/20241009_historic_mask.tiff
Created /mnt/data1/UniBe-swiss-ndvi/data/tiffs_historic_v7_compr/20241010_historic.tiff
Created /mnt/data1/UniBe-swiss-ndvi/data/tiffs_historic_v7_compr/20241010_historic_mask.tiff
Created /mnt/data1/UniBe-swiss-ndvi/data/tiffs_historic_v7_compr/20241011_historic.tiff
Created /mnt/data1/UniBe-swiss-ndvi/data/tiffs_historic_v7_compr/20241011_historic_mask.tiff
Created /mnt/data1/UniBe-swiss-ndvi/data/tiffs_historic_v7_compr/20241012_historic.tiff
Created /mnt/data1/UniBe-swiss-ndvi/data/tiffs_historic_v7_compr/20241012_historic_mask.tiff
Created /mnt/data1/UniBe-swiss-ndvi/data/tiffs_historic_v7_compr/20241013_historic.tiff
Created /mnt/data1/UniBe-swiss-ndvi/data/tiffs_historic_v7_compr/20241013_historic_mask.tiff
Created /mnt/data1/UniBe-swiss-ndvi/data/tiffs_historic_v7_compr/20241014_historic.tiff
Created /mnt/data1/UniBe-swiss-ndvi/data/tiffs_historic_v7_compr/20241014_historic_mask.tiff
Created /mnt/data1/UniBe-swiss-ndvi/data/tiffs_historic_v7_compr/20241015_historic.tiff
Created /mnt/data1/UniBe-swiss-ndvi/data/tiffs_historic_v7_compr/20241015_historic_mask.tiff
Created /mnt/data1/UniBe-swiss-ndvi/data/tiffs_historic_v7_compr/20241016_historic.tiff
Created /mnt/data1/UniBe-swiss-ndvi/data/tiffs_historic_v7_compr/20241016_historic_mask.tiff
Created /mnt/data1/UniBe-swiss-ndvi/data/tiffs_historic_v7_compr/20241017_historic.tiff
Created /mnt/data1/UniBe-swiss-ndvi/data/tiffs_historic_v7_compr/20241017_historic_mask.tiff
Created /mnt/data1/UniBe-swiss-ndvi/data/tiffs_historic_v7_compr/20241018_historic.tiff
Created /mnt/data1/UniBe-swiss-ndvi/data/tiffs_historic_v7_compr/20241018_historic_mask.tiff
Created /mnt/data1/UniBe-swiss-ndvi/data/tiffs_historic_v7_compr/20241019_historic.tiff
Created /mnt/data1/UniBe-swiss-ndvi/data/tiffs_historic_v7_compr/20241019_historic_mask.tiff
Created /mnt/data1/UniBe-swiss-ndvi/data/tiffs_historic_v7_compr/20241020_historic.tiff
Created /mnt/data1/UniBe-swiss-ndvi/data/tiffs_historic_v7_compr/20241020_historic_mask.tiff
Created /mnt/data1/UniBe-swiss-ndvi/data/tiffs_historic_v7_compr/20241021_historic.tiff
Created /mnt/data1/UniBe-swiss-ndvi/data/tiffs_historic_v7_compr/20241021_historic_mask.tiff
Created /mnt/data1/UniBe-swiss-ndvi/data/tiffs_historic_v7_compr/20241022_historic.tiff
Created /mnt/data1/UniBe-swiss-ndvi/data/tiffs_historic_v7_compr/20241022_historic_mask.tiff
Created /mnt/data1/UniBe-swiss-ndvi/data/tiffs_historic_v7_compr/20241023_historic.tiff
Created /mnt/data1/UniBe-swiss-ndvi/data/tiffs_historic_v7_compr/20241023_historic_mask.tiff
Created /mnt/data1/UniBe-swiss-ndvi/data/tiffs_historic_v7_compr/20241024_historic.tiff
Created /mnt/data1/UniBe-swiss-ndvi/data/tiffs_historic_v7_compr/20241024_historic_mask.tiff
Created /mnt/data1/UniBe-swiss-ndvi/data/tiffs_historic_v7_compr/20241025_historic.tiff
Created /mnt/data1/UniBe-swiss-ndvi/data/tiffs_historic_v7_compr/20241025_historic_mask.tiff
Created /mnt/data1/UniBe-swiss-ndvi/data/tiffs_historic_v7_compr/20241026_historic.tiff
Created /mnt/data1/UniBe-swiss-ndvi/data/tiffs_historic_v7_compr/20241026_historic_mask.tiff
Created /mnt/data1/UniBe-swiss-ndvi/data/tiffs_historic_v7_compr/20241027_historic.tiff
Created /mnt/data1/UniBe-swiss-ndvi/data/tiffs_historic_v7_compr/20241027_historic_mask.tiff
Created /mnt/data1/UniBe-swiss-ndvi/data/tiffs_historic_v7_compr/20241028_historic.tiff
Created /mnt/data1/UniBe-swiss-ndvi/data/tiffs_historic_v7_compr/20241028_historic_mask.tiff
Created /mnt/data1/UniBe-swiss-ndvi/data/tiffs_historic_v7_compr/20241029_historic.tiff
Created /mnt/data1/UniBe-swiss-ndvi/data/tiffs_historic_v7_compr/20241029_historic_mask.tiff
Created /mnt/data1/UniBe-swiss-ndvi/data/tiffs_historic_v7_compr/20241030_historic.tiff
Created /mnt/data1/UniBe-swiss-ndvi/data/tiffs_historic_v7_compr/20241030_historic_mask.tiff
Created /mnt/data1/UniBe-swiss-ndvi/data/tiffs_historic_v7_compr/20241031_historic.tiff
Created /mnt/data1/UniBe-swiss-ndvi/data/tiffs_historic_v7_compr/20241031_historic_mask.tiff
Created /mnt/data1/UniBe-swiss-ndvi/data/tiffs_historic_v7_compr/20241101_historic.tiff
Created /mnt/data1/UniBe-swiss-ndvi/data/tiffs_historic_v7_compr/20241101_historic_mask.tiff
Created /mnt/data1/UniBe-swiss-ndvi/data/tiffs_historic_v7_compr/20241102_historic.tiff
Created /mnt/data1/UniBe-swiss-ndvi/data/tiffs_historic_v7_compr/20241102_historic_mask.tiff
Created /mnt/data1/UniBe-swiss-ndvi/data/tiffs_historic_v7_compr/20241103_historic.tiff
Created /mnt/data1/UniBe-swiss-ndvi/data/tiffs_historic_v7_compr/20241103_historic_mask.tiff
Created /mnt/data1/UniBe-swiss-ndvi/data/tiffs_historic_v7_compr/20241104_historic.tiff
Created /mnt/data1/UniBe-swiss-ndvi/data/tiffs_historic_v7_compr/20241104_historic_mask.tiff
Created /mnt/data1/UniBe-swiss-ndvi/data/tiffs_historic_v7_compr/20241105_historic.tiff
Created /mnt/data1/UniBe-swiss-ndvi/data/tiffs_historic_v7_compr/20241105_historic_mask.tiff
Created /mnt/data1/UniBe-swiss-ndvi/data/tiffs_historic_v7_compr/20241106_historic.tiff
Created /mnt/data1/UniBe-swiss-ndvi/data/tiffs_historic_v7_compr/20241106_historic_mask.tiff
Created /mnt/data1/UniBe-swiss-ndvi/data/tiffs_historic_v7_compr/20241107_historic.tiff
Created /mnt/data1/UniBe-swiss-ndvi/data/tiffs_historic_v7_compr/20241107_historic_mask.tiff
Created /mnt/data1/UniBe-swiss-ndvi/data/tiffs_historic_v7_compr/20241108_historic.tiff
Created /mnt/data1/UniBe-swiss-ndvi/data/tiffs_historic_v7_compr/20241108_historic_mask.tiff
Created /mnt/data1/UniBe-swiss-ndvi/data/tiffs_historic_v7_compr/20241109_historic.tiff
Created /mnt/data1/UniBe-swiss-ndvi/data/tiffs_historic_v7_compr/20241109_historic_mask.tiff
Created /mnt/data1/UniBe-swiss-ndvi/data/tiffs_historic_v7_compr/20241110_historic.tiff
Created /mnt/data1/UniBe-swiss-ndvi/data/tiffs_historic_v7_compr/20241110_historic_mask.tiff
Created /mnt/data1/UniBe-swiss-ndvi/data/tiffs_historic_v7_compr/20241111_historic.tiff
Created /mnt/data1/UniBe-swiss-ndvi/data/tiffs_historic_v7_compr/20241111_historic_mask.tiff
Created /mnt/data1/UniBe-swiss-ndvi/data/tiffs_historic_v7_compr/20241112_historic.tiff
Created /mnt/data1/UniBe-swiss-ndvi/data/tiffs_historic_v7_compr/20241112_historic_mask.tiff
Created /mnt/data1/UniBe-swiss-ndvi/data/tiffs_historic_v7_compr/20241113_historic.tiff
Created /mnt/data1/UniBe-swiss-ndvi/data/tiffs_historic_v7_compr/20241113_historic_mask.tiff
Created /mnt/data1/UniBe-swiss-ndvi/data/tiffs_historic_v7_compr/20241114_historic.tiff
Created /mnt/data1/UniBe-swiss-ndvi/data/tiffs_historic_v7_compr/20241114_historic_mask.tiff
Created /mnt/data1/UniBe-swiss-ndvi/data/tiffs_historic_v7_compr/20241115_historic.tiff
Created /mnt/data1/UniBe-swiss-ndvi/data/tiffs_historic_v7_compr/20241115_historic_mask.tiff
Created /mnt/data1/UniBe-swiss-ndvi/data/tiffs_historic_v7_compr/20241116_historic.tiff
Created /mnt/data1/UniBe-swiss-ndvi/data/tiffs_historic_v7_compr/20241116_historic_mask.tiff
Created /mnt/data1/UniBe-swiss-ndvi/data/tiffs_historic_v7_compr/20241117_historic.tiff
Created /mnt/data1/UniBe-swiss-ndvi/data/tiffs_historic_v7_compr/20241117_historic_mask.tiff
Created /mnt/data1/UniBe-swiss-ndvi/data/tiffs_historic_v7_compr/20241118_historic.tiff
Created /mnt/data1/UniBe-swiss-ndvi/data/tiffs_historic_v7_compr/20241118_historic_mask.tiff
Created /mnt/data1/UniBe-swiss-ndvi/data/tiffs_historic_v7_compr/20241119_historic.tiff
Created /mnt/data1/UniBe-swiss-ndvi/data/tiffs_historic_v7_compr/20241119_historic_mask.tiff
Created /mnt/data1/UniBe-swiss-ndvi/data/tiffs_historic_v7_compr/20241120_historic.tiff
Created /mnt/data1/UniBe-swiss-ndvi/data/tiffs_historic_v7_compr/20241120_historic_mask.tiff
Created /mnt/data1/UniBe-swiss-ndvi/data/tiffs_historic_v7_compr/20241121_historic.tiff
Created /mnt/data1/UniBe-swiss-ndvi/data/tiffs_historic_v7_compr/20241121_historic_mask.tiff
Created /mnt/data1/UniBe-swiss-ndvi/data/tiffs_historic_v7_compr/20241122_historic.tiff
Created /mnt/data1/UniBe-swiss-ndvi/data/tiffs_historic_v7_compr/20241122_historic_mask.tiff
Created /mnt/data1/UniBe-swiss-ndvi/data/tiffs_historic_v7_compr/20241123_historic.tiff
Created /mnt/data1/UniBe-swiss-ndvi/data/tiffs_historic_v7_compr/20241123_historic_mask.tiff
Created /mnt/data1/UniBe-swiss-ndvi/data/tiffs_historic_v7_compr/20241124_historic.tiff
Created /mnt/data1/UniBe-swiss-ndvi/data/tiffs_historic_v7_compr/20241124_historic_mask.tiff
Created /mnt/data1/UniBe-swiss-ndvi/data/tiffs_historic_v7_compr/20241125_historic.tiff
Created /mnt/data1/UniBe-swiss-ndvi/data/tiffs_historic_v7_compr/20241125_historic_mask.tiff
Created /mnt/data1/UniBe-swiss-ndvi/data/tiffs_historic_v7_compr/20241126_historic.tiff
Created /mnt/data1/UniBe-swiss-ndvi/data/tiffs_historic_v7_compr/20241126_historic_mask.tiff
Created /mnt/data1/UniBe-swiss-ndvi/data/tiffs_historic_v7_compr/20241127_historic.tiff
Created /mnt/data1/UniBe-swiss-ndvi/data/tiffs_historic_v7_compr/20241127_historic_mask.tiff
Created /mnt/data1/UniBe-swiss-ndvi/data/tiffs_historic_v7_compr/20241128_historic.tiff
Created /mnt/data1/UniBe-swiss-ndvi/data/tiffs_historic_v7_compr/20241128_historic_mask.tiff
Created /mnt/data1/UniBe-swiss-ndvi/data/tiffs_historic_v7_compr/20241129_historic.tiff
Created /mnt/data1/UniBe-swiss-ndvi/data/tiffs_historic_v7_compr/20241129_historic_mask.tiff
Created /mnt/data1/UniBe-swiss-ndvi/data/tiffs_historic_v7_compr/20241130_historic.tiff
Created /mnt/data1/UniBe-swiss-ndvi/data/tiffs_historic_v7_compr/20241130_historic_mask.tiff
Created /mnt/data1/UniBe-swiss-ndvi/data/tiffs_historic_v7_compr/20241201_historic.tiff
Created /mnt/data1/UniBe-swiss-ndvi/data/tiffs_historic_v7_compr/20241201_historic_mask.tiff
Created /mnt/data1/UniBe-swiss-ndvi/data/tiffs_historic_v7_compr/20241202_historic.tiff
Created /mnt/data1/UniBe-swiss-ndvi/data/tiffs_historic_v7_compr/20241202_historic_mask.tiff
Created /mnt/data1/UniBe-swiss-ndvi/data/tiffs_historic_v7_compr/20241203_historic.tiff
Created /mnt/data1/UniBe-swiss-ndvi/data/tiffs_historic_v7_compr/20241203_historic_mask.tiff
Created /mnt/data1/UniBe-swiss-ndvi/data/tiffs_historic_v7_compr/20241204_historic.tiff
Created /mnt/data1/UniBe-swiss-ndvi/data/tiffs_historic_v7_compr/20241204_historic_mask.tiff
Created /mnt/data1/UniBe-swiss-ndvi/data/tiffs_historic_v7_compr/20241205_historic.tiff
Created /mnt/data1/UniBe-swiss-ndvi/data/tiffs_historic_v7_compr/20241205_historic_mask.tiff
Created /mnt/data1/UniBe-swiss-ndvi/data/tiffs_historic_v7_compr/20241206_historic.tiff
Created /mnt/data1/UniBe-swiss-ndvi/data/tiffs_historic_v7_compr/20241206_historic_mask.tiff
Created /mnt/data1/UniBe-swiss-ndvi/data/tiffs_historic_v7_compr/20241207_historic.tiff
Created /mnt/data1/UniBe-swiss-ndvi/data/tiffs_historic_v7_compr/20241207_historic_mask.tiff
Created /mnt/data1/UniBe-swiss-ndvi/data/tiffs_historic_v7_compr/20241208_historic.tiff
Created /mnt/data1/UniBe-swiss-ndvi/data/tiffs_historic_v7_compr/20241208_historic_mask.tiff
Created /mnt/data1/UniBe-swiss-ndvi/data/tiffs_historic_v7_compr/20241209_historic.tiff
Created /mnt/data1/UniBe-swiss-ndvi/data/tiffs_historic_v7_compr/20241209_historic_mask.tiff
Created /mnt/data1/UniBe-swiss-ndvi/data/tiffs_historic_v7_compr/20241210_historic.tiff
Created /mnt/data1/UniBe-swiss-ndvi/data/tiffs_historic_v7_compr/20241210_historic_mask.tiff
Created /mnt/data1/UniBe-swiss-ndvi/data/tiffs_historic_v7_compr/20241211_historic.tiff
Created /mnt/data1/UniBe-swiss-ndvi/data/tiffs_historic_v7_compr/20241211_historic_mask.tiff
Created /mnt/data1/UniBe-swiss-ndvi/data/tiffs_historic_v7_compr/20241212_historic.tiff
Created /mnt/data1/UniBe-swiss-ndvi/data/tiffs_historic_v7_compr/20241212_historic_mask.tiff
Created /mnt/data1/UniBe-swiss-ndvi/data/tiffs_historic_v7_compr/20241213_historic.tiff
Created /mnt/data1/UniBe-swiss-ndvi/data/tiffs_historic_v7_compr/20241213_historic_mask.tiff
Created /mnt/data1/UniBe-swiss-ndvi/data/tiffs_historic_v7_compr/20241214_historic.tiff
Created /mnt/data1/UniBe-swiss-ndvi/data/tiffs_historic_v7_compr/20241214_historic_mask.tiff
Created /mnt/data1/UniBe-swiss-ndvi/data/tiffs_historic_v7_compr/20241215_historic.tiff
Created /mnt/data1/UniBe-swiss-ndvi/data/tiffs_historic_v7_compr/20241215_historic_mask.tiff
Created /mnt/data1/UniBe-swiss-ndvi/data/tiffs_historic_v7_compr/20241216_historic.tiff
Created /mnt/data1/UniBe-swiss-ndvi/data/tiffs_historic_v7_compr/20241216_historic_mask.tiff
Created /mnt/data1/UniBe-swiss-ndvi/data/tiffs_historic_v7_compr/20241217_historic.tiff
Created /mnt/data1/UniBe-swiss-ndvi/data/tiffs_historic_v7_compr/20241217_historic_mask.tiff
Created /mnt/data1/UniBe-swiss-ndvi/data/tiffs_historic_v7_compr/20241218_historic.tiff
Created /mnt/data1/UniBe-swiss-ndvi/data/tiffs_historic_v7_compr/20241218_historic_mask.tiff
Created /mnt/data1/UniBe-swiss-ndvi/data/tiffs_historic_v7_compr/20241219_historic.tiff
Created /mnt/data1/UniBe-swiss-ndvi/data/tiffs_historic_v7_compr/20241219_historic_mask.tiff
Created /mnt/data1/UniBe-swiss-ndvi/data/tiffs_historic_v7_compr/20241220_historic.tiff
Created /mnt/data1/UniBe-swiss-ndvi/data/tiffs_historic_v7_compr/20241220_historic_mask.tiff
Created /mnt/data1/UniBe-swiss-ndvi/data/tiffs_historic_v7_compr/20241221_historic.tiff
Created /mnt/data1/UniBe-swiss-ndvi/data/tiffs_historic_v7_compr/20241221_historic_mask.tiff
Created /mnt/data1/UniBe-swiss-ndvi/data/tiffs_historic_v7_compr/20241222_historic.tiff
Created /mnt/data1/UniBe-swiss-ndvi/data/tiffs_historic_v7_compr/20241222_historic_mask.tiff
Created /mnt/data1/UniBe-swiss-ndvi/data/tiffs_historic_v7_compr/20241223_historic.tiff
Created /mnt/data1/UniBe-swiss-ndvi/data/tiffs_historic_v7_compr/20241223_historic_mask.tiff
Created /mnt/data1/UniBe-swiss-ndvi/data/tiffs_historic_v7_compr/20241224_historic.tiff
Created /mnt/data1/UniBe-swiss-ndvi/data/tiffs_historic_v7_compr/20241224_historic_mask.tiff
Created /mnt/data1/UniBe-swiss-ndvi/data/tiffs_historic_v7_compr/20241225_historic.tiff
Created /mnt/data1/UniBe-swiss-ndvi/data/tiffs_historic_v7_compr/20241225_historic_mask.tiff
Created /mnt/data1/UniBe-swiss-ndvi/data/tiffs_historic_v7_compr/20241226_historic.tiff
Created /mnt/data1/UniBe-swiss-ndvi/data/tiffs_historic_v7_compr/20241226_historic_mask.tiff
Created /mnt/data1/UniBe-swiss-ndvi/data/tiffs_historic_v7_compr/20241227_historic.tiff
Created /mnt/data1/UniBe-swiss-ndvi/data/tiffs_historic_v7_compr/20241227_historic_mask.tiff
Created /mnt/data1/UniBe-swiss-ndvi/data/tiffs_historic_v7_compr/20241228_historic.tiff
Created /mnt/data1/UniBe-swiss-ndvi/data/tiffs_historic_v7_compr/20241228_historic_mask.tiff
Created /mnt/data1/UniBe-swiss-ndvi/data/tiffs_historic_v7_compr/20241229_historic.tiff
Created /mnt/data1/UniBe-swiss-ndvi/data/tiffs_historic_v7_compr/20241229_historic_mask.tiff
Created /mnt/data1/UniBe-swiss-ndvi/data/tiffs_historic_v7_compr/20241230_historic.tiff
Created /mnt/data1/UniBe-swiss-ndvi/data/tiffs_historic_v7_compr/20241230_historic_mask.tiff
Created /mnt/data1/UniBe-swiss-ndvi/data/tiffs_historic_v7_compr/20241231_historic.tiff
Created /mnt/data1/UniBe-swiss-ndvi/data/tiffs_historic_v7_compr/20241231_historic_mask.tiff
Created /mnt/data1/UniBe-swiss-ndvi/data/tiffs_historic_v7_compr/20250101_historic.tiff
Created /mnt/data1/UniBe-swiss-ndvi/data/tiffs_historic_v7_compr/20250101_historic_mask.tiff
Created /mnt/data1/UniBe-swiss-ndvi/data/tiffs_historic_v7_compr/20250102_historic.tiff
Created /mnt/data1/UniBe-swiss-ndvi/data/tiffs_historic_v7_compr/20250102_historic_mask.tiff
Created /mnt/data1/UniBe-swiss-ndvi/data/tiffs_historic_v7_compr/20250103_historic.tiff
Created /mnt/data1/UniBe-swiss-ndvi/data/tiffs_historic_v7_compr/20250103_historic_mask.tiff
Created /mnt/data1/UniBe-swiss-ndvi/data/tiffs_historic_v7_compr/20250104_historic.tiff
Created /mnt/data1/UniBe-swiss-ndvi/data/tiffs_historic_v7_compr/20250104_historic_mask.tiff
Created /mnt/data1/UniBe-swiss-ndvi/data/tiffs_historic_v7_compr/20250105_historic.tiff
Created /mnt/data1/UniBe-swiss-ndvi/data/tiffs_historic_v7_compr/20250105_historic_mask.tiff
Created /mnt/data1/UniBe-swiss-ndvi/data/tiffs_historic_v7_compr/20250106_historic.tiff
Created /mnt/data1/UniBe-swiss-ndvi/data/tiffs_historic_v7_compr/20250106_historic_mask.tiff
Created /mnt/data1/UniBe-swiss-ndvi/data/tiffs_historic_v7_compr/20250107_historic.tiff
Created /mnt/data1/UniBe-swiss-ndvi/data/tiffs_historic_v7_compr/20250107_historic_mask.tiff
Created /mnt/data1/UniBe-swiss-ndvi/data/tiffs_historic_v7_compr/20250108_historic.tiff
Created /mnt/data1/UniBe-swiss-ndvi/data/tiffs_historic_v7_compr/20250108_historic_mask.tiff
Created /mnt/data1/UniBe-swiss-ndvi/data/tiffs_historic_v7_compr/20250109_historic.tiff
Created /mnt/data1/UniBe-swiss-ndvi/data/tiffs_historic_v7_compr/20250109_historic_mask.tiff
Created /mnt/data1/UniBe-swiss-ndvi/data/tiffs_historic_v7_compr/20250110_historic.tiff
Created /mnt/data1/UniBe-swiss-ndvi/data/tiffs_historic_v7_compr/20250110_historic_mask.tiff
Created /mnt/data1/UniBe-swiss-ndvi/data/tiffs_historic_v7_compr/20250111_historic.tiff
Created /mnt/data1/UniBe-swiss-ndvi/data/tiffs_historic_v7_compr/20250111_historic_mask.tiff
Created /mnt/data1/UniBe-swiss-ndvi/data/tiffs_historic_v7_compr/20250112_historic.tiff
Created /mnt/data1/UniBe-swiss-ndvi/data/tiffs_historic_v7_compr/20250112_historic_mask.tiff
Created /mnt/data1/UniBe-swiss-ndvi/data/tiffs_historic_v7_compr/20250113_historic.tiff
Created /mnt/data1/UniBe-swiss-ndvi/data/tiffs_historic_v7_compr/20250113_historic_mask.tiff
Created /mnt/data1/UniBe-swiss-ndvi/data/tiffs_historic_v7_compr/20250114_historic.tiff
Created /mnt/data1/UniBe-swiss-ndvi/data/tiffs_historic_v7_compr/20250114_historic_mask.tiff
Created /mnt/data1/UniBe-swiss-ndvi/data/tiffs_historic_v7_compr/20250115_historic.tiff
Created /mnt/data1/UniBe-swiss-ndvi/data/tiffs_historic_v7_compr/20250115_historic_mask.tiff
Created /mnt/data1/UniBe-swiss-ndvi/data/tiffs_historic_v7_compr/20250116_historic.tiff
Created /mnt/data1/UniBe-swiss-ndvi/data/tiffs_historic_v7_compr/20250116_historic_mask.tiff
Created /mnt/data1/UniBe-swiss-ndvi/data/tiffs_historic_v7_compr/20250117_historic.tiff
Created /mnt/data1/UniBe-swiss-ndvi/data/tiffs_historic_v7_compr/20250117_historic_mask.tiff
Created /mnt/data1/UniBe-swiss-ndvi/data/tiffs_historic_v7_compr/20250118_historic.tiff
Created /mnt/data1/UniBe-swiss-ndvi/data/tiffs_historic_v7_compr/20250118_historic_mask.tiff
Created /mnt/data1/UniBe-swiss-ndvi/data/tiffs_historic_v7_compr/20250119_historic.tiff
Created /mnt/data1/UniBe-swiss-ndvi/data/tiffs_historic_v7_compr/20250119_historic_mask.tiff
Created /mnt/data1/UniBe-swiss-ndvi/data/tiffs_historic_v7_compr/20250120_historic.tiff
Created /mnt/data1/UniBe-swiss-ndvi/data/tiffs_historic_v7_compr/20250120_historic_mask.tiff
Created /mnt/data1/UniBe-swiss-ndvi/data/tiffs_historic_v7_compr/20250121_historic.tiff
Created /mnt/data1/UniBe-swiss-ndvi/data/tiffs_historic_v7_compr/20250121_historic_mask.tiff
Created /mnt/data1/UniBe-swiss-ndvi/data/tiffs_historic_v7_compr/20250122_historic.tiff
Created /mnt/data1/UniBe-swiss-ndvi/data/tiffs_historic_v7_compr/20250122_historic_mask.tiff
Created /mnt/data1/UniBe-swiss-ndvi/data/tiffs_historic_v7_compr/20250123_historic.tiff
Created /mnt/data1/UniBe-swiss-ndvi/data/tiffs_historic_v7_compr/20250123_historic_mask.tiff
Created /mnt/data1/UniBe-swiss-ndvi/data/tiffs_historic_v7_compr/20250124_historic.tiff
Created /mnt/data1/UniBe-swiss-ndvi/data/tiffs_historic_v7_compr/20250124_historic_mask.tiff
Created /mnt/data1/UniBe-swiss-ndvi/data/tiffs_historic_v7_compr/20250125_historic.tiff
Created /mnt/data1/UniBe-swiss-ndvi/data/tiffs_historic_v7_compr/20250125_historic_mask.tiff
Created /mnt/data1/UniBe-swiss-ndvi/data/tiffs_historic_v7_compr/20250126_historic.tiff
Created /mnt/data1/UniBe-swiss-ndvi/data/tiffs_historic_v7_compr/20250126_historic_mask.tiff
Created /mnt/data1/UniBe-swiss-ndvi/data/tiffs_historic_v7_compr/20250127_historic.tiff
Created /mnt/data1/UniBe-swiss-ndvi/data/tiffs_historic_v7_compr/20250127_historic_mask.tiff
Created /mnt/data1/UniBe-swiss-ndvi/data/tiffs_historic_v7_compr/20250128_historic.tiff
Created /mnt/data1/UniBe-swiss-ndvi/data/tiffs_historic_v7_compr/20250128_historic_mask.tiff
Created /mnt/data1/UniBe-swiss-ndvi/data/tiffs_historic_v7_compr/20250129_historic.tiff
Created /mnt/data1/UniBe-swiss-ndvi/data/tiffs_historic_v7_compr/20250129_historic_mask.tiff
Created /mnt/data1/UniBe-swiss-ndvi/data/tiffs_historic_v7_compr/20250130_historic.tiff
Created /mnt/data1/UniBe-swiss-ndvi/data/tiffs_historic_v7_compr/20250130_historic_mask.tiff
Created /mnt/data1/UniBe-swiss-ndvi/data/tiffs_historic_v7_compr/20250131_historic.tiff
Created /mnt/data1/UniBe-swiss-ndvi/data/tiffs_historic_v7_compr/20250131_historic_mask.tiff
Created /mnt/data1/UniBe-swiss-ndvi/data/tiffs_historic_v7_compr/20250201_historic.tiff
Created /mnt/data1/UniBe-swiss-ndvi/data/tiffs_historic_v7_compr/20250201_historic_mask.tiff
Created /mnt/data1/UniBe-swiss-ndvi/data/tiffs_historic_v7_compr/20250202_historic.tiff
Created /mnt/data1/UniBe-swiss-ndvi/data/tiffs_historic_v7_compr/20250202_historic_mask.tiff
Created /mnt/data1/UniBe-swiss-ndvi/data/tiffs_historic_v7_compr/20250203_historic.tiff
Created /mnt/data1/UniBe-swiss-ndvi/data/tiffs_historic_v7_compr/20250203_historic_mask.tiff
Created /mnt/data1/UniBe-swiss-ndvi/data/tiffs_historic_v7_compr/20250204_historic.tiff
Created /mnt/data1/UniBe-swiss-ndvi/data/tiffs_historic_v7_compr/20250204_historic_mask.tiff
Created /mnt/data1/UniBe-swiss-ndvi/data/tiffs_historic_v7_compr/20250205_historic.tiff
Created /mnt/data1/UniBe-swiss-ndvi/data/tiffs_historic_v7_compr/20250205_historic_mask.tiff
Created /mnt/data1/UniBe-swiss-ndvi/data/tiffs_historic_v7_compr/20250206_historic.tiff
Created /mnt/data1/UniBe-swiss-ndvi/data/tiffs_historic_v7_compr/20250206_historic_mask.tiff
Created /mnt/data1/UniBe-swiss-ndvi/data/tiffs_historic_v7_compr/20250207_historic.tiff
Created /mnt/data1/UniBe-swiss-ndvi/data/tiffs_historic_v7_compr/20250207_historic_mask.tiff
Created /mnt/data1/UniBe-swiss-ndvi/data/tiffs_historic_v7_compr/20250208_historic.tiff
Created /mnt/data1/UniBe-swiss-ndvi/data/tiffs_historic_v7_compr/20250208_historic_mask.tiff
Created /mnt/data1/UniBe-swiss-ndvi/data/tiffs_historic_v7_compr/20250209_historic.tiff
Created /mnt/data1/UniBe-swiss-ndvi/data/tiffs_historic_v7_compr/20250209_historic_mask.tiff
Created /mnt/data1/UniBe-swiss-ndvi/data/tiffs_historic_v7_compr/20250210_historic.tiff
Created /mnt/data1/UniBe-swiss-ndvi/data/tiffs_historic_v7_compr/20250210_historic_mask.tiff
Created /mnt/data1/UniBe-swiss-ndvi/data/tiffs_historic_v7_compr/20250211_historic.tiff
Created /mnt/data1/UniBe-swiss-ndvi/data/tiffs_historic_v7_compr/20250211_historic_mask.tiff
Created /mnt/data1/UniBe-swiss-ndvi/data/tiffs_historic_v7_compr/20250212_historic.tiff
Created /mnt/data1/UniBe-swiss-ndvi/data/tiffs_historic_v7_compr/20250212_historic_mask.tiff
Created /mnt/data1/UniBe-swiss-ndvi/data/tiffs_historic_v7_compr/20250213_historic.tiff
Created /mnt/data1/UniBe-swiss-ndvi/data/tiffs_historic_v7_compr/20250213_historic_mask.tiff
Created /mnt/data1/UniBe-swiss-ndvi/data/tiffs_historic_v7_compr/20250214_historic.tiff
Created /mnt/data1/UniBe-swiss-ndvi/data/tiffs_historic_v7_compr/20250214_historic_mask.tiff
Created /mnt/data1/UniBe-swiss-ndvi/data/tiffs_historic_v7_compr/20250215_historic.tiff
Created /mnt/data1/UniBe-swiss-ndvi/data/tiffs_historic_v7_compr/20250215_historic_mask.tiff
Created /mnt/data1/UniBe-swiss-ndvi/data/tiffs_historic_v7_compr/20250216_historic.tiff
Created /mnt/data1/UniBe-swiss-ndvi/data/tiffs_historic_v7_compr/20250216_historic_mask.tiff
Created /mnt/data1/UniBe-swiss-ndvi/data/tiffs_historic_v7_compr/20250217_historic.tiff
Created /mnt/data1/UniBe-swiss-ndvi/data/tiffs_historic_v7_compr/20250217_historic_mask.tiff
Created /mnt/data1/UniBe-swiss-ndvi/data/tiffs_historic_v7_compr/20250218_historic.tiff
Created /mnt/data1/UniBe-swiss-ndvi/data/tiffs_historic_v7_compr/20250218_historic_mask.tiff
Created /mnt/data1/UniBe-swiss-ndvi/data/tiffs_historic_v7_compr/20250219_historic.tiff
Created /mnt/data1/UniBe-swiss-ndvi/data/tiffs_historic_v7_compr/20250219_historic_mask.tiff
Created /mnt/data1/UniBe-swiss-ndvi/data/tiffs_historic_v7_compr/20250220_historic.tiff
Created /mnt/data1/UniBe-swiss-ndvi/data/tiffs_historic_v7_compr/20250220_historic_mask.tiff
Created /mnt/data1/UniBe-swiss-ndvi/data/tiffs_historic_v7_compr/20250221_historic.tiff
Created /mnt/data1/UniBe-swiss-ndvi/data/tiffs_historic_v7_compr/20250221_historic_mask.tiff
Created /mnt/data1/UniBe-swiss-ndvi/data/tiffs_historic_v7_compr/20250222_historic.tiff
Created /mnt/data1/UniBe-swiss-ndvi/data/tiffs_historic_v7_compr/20250222_historic_mask.tiff
Created /mnt/data1/UniBe-swiss-ndvi/data/tiffs_historic_v7_compr/20250223_historic.tiff
Created /mnt/data1/UniBe-swiss-ndvi/data/tiffs_historic_v7_compr/20250223_historic_mask.tiff
Created /mnt/data1/UniBe-swiss-ndvi/data/tiffs_historic_v7_compr/20250224_historic.tiff
Created /mnt/data1/UniBe-swiss-ndvi/data/tiffs_historic_v7_compr/20250224_historic_mask.tiff
Created /mnt/data1/UniBe-swiss-ndvi/data/tiffs_historic_v7_compr/20250225_historic.tiff
Created /mnt/data1/UniBe-swiss-ndvi/data/tiffs_historic_v7_compr/20250225_historic_mask.tiff
Created /mnt/data1/UniBe-swiss-ndvi/data/tiffs_historic_v7_compr/20250226_historic.tiff
Created /mnt/data1/UniBe-swiss-ndvi/data/tiffs_historic_v7_compr/20250226_historic_mask.tiff
Created /mnt/data1/UniBe-swiss-ndvi/data/tiffs_historic_v7_compr/20250227_historic.tiff
Created /mnt/data1/UniBe-swiss-ndvi/data/tiffs_historic_v7_compr/20250227_historic_mask.tiff
Created /mnt/data1/UniBe-swiss-ndvi/data/tiffs_historic_v7_compr/20250228_historic.tiff
Created /mnt/data1/UniBe-swiss-ndvi/data/tiffs_historic_v7_compr/20250228_historic_mask.tiff
Created /mnt/data1/UniBe-swiss-ndvi/data/tiffs_historic_v7_compr/20250301_historic.tiff
Created /mnt/data1/UniBe-swiss-ndvi/data/tiffs_historic_v7_compr/20250301_historic_mask.tiff
Created /mnt/data1/UniBe-swiss-ndvi/data/tiffs_historic_v7_compr/20250302_historic.tiff
Created /mnt/data1/UniBe-swiss-ndvi/data/tiffs_historic_v7_compr/20250302_historic_mask.tiff
Created /mnt/data1/UniBe-swiss-ndvi/data/tiffs_historic_v7_compr/20250303_historic.tiff
Created /mnt/data1/UniBe-swiss-ndvi/data/tiffs_historic_v7_compr/20250303_historic_mask.tiff
Created /mnt/data1/UniBe-swiss-ndvi/data/tiffs_historic_v7_compr/20250304_historic.tiff
Created /mnt/data1/UniBe-swiss-ndvi/data/tiffs_historic_v7_compr/20250304_historic_mask.tiff
Created /mnt/data1/UniBe-swiss-ndvi/data/tiffs_historic_v7_compr/20250305_historic.tiff
Created /mnt/data1/UniBe-swiss-ndvi/data/tiffs_historic_v7_compr/20250305_historic_mask.tiff
Created /mnt/data1/UniBe-swiss-ndvi/data/tiffs_historic_v7_compr/20250306_historic.tiff
Created /mnt/data1/UniBe-swiss-ndvi/data/tiffs_historic_v7_compr/20250306_historic_mask.tiff
Created /mnt/data1/UniBe-swiss-ndvi/data/tiffs_historic_v7_compr/20250307_historic.tiff
Created /mnt/data1/UniBe-swiss-ndvi/data/tiffs_historic_v7_compr/20250307_historic_mask.tiff
Created /mnt/data1/UniBe-swiss-ndvi/data/tiffs_historic_v7_compr/20250308_historic.tiff
Created /mnt/data1/UniBe-swiss-ndvi/data/tiffs_historic_v7_compr/20250308_historic_mask.tiff
Created /mnt/data1/UniBe-swiss-ndvi/data/tiffs_historic_v7_compr/20250309_historic.tiff
Created /mnt/data1/UniBe-swiss-ndvi/data/tiffs_historic_v7_compr/20250309_historic_mask.tiff
Created /mnt/data1/UniBe-swiss-ndvi/data/tiffs_historic_v7_compr/20250310_historic.tiff
Created /mnt/data1/UniBe-swiss-ndvi/data/tiffs_historic_v7_compr/20250310_historic_mask.tiff
Created /mnt/data1/UniBe-swiss-ndvi/data/tiffs_historic_v7_compr/20250311_historic.tiff
Created /mnt/data1/UniBe-swiss-ndvi/data/tiffs_historic_v7_compr/20250311_historic_mask.tiff
Created /mnt/data1/UniBe-swiss-ndvi/data/tiffs_historic_v7_compr/20250312_historic.tiff
Created /mnt/data1/UniBe-swiss-ndvi/data/tiffs_historic_v7_compr/20250312_historic_mask.tiff
Created /mnt/data1/UniBe-swiss-ndvi/data/tiffs_historic_v7_compr/20250313_historic.tiff
Created /mnt/data1/UniBe-swiss-ndvi/data/tiffs_historic_v7_compr/20250313_historic_mask.tiff
Created /mnt/data1/UniBe-swiss-ndvi/data/tiffs_historic_v7_compr/20250314_historic.tiff
Created /mnt/data1/UniBe-swiss-ndvi/data/tiffs_historic_v7_compr/20250314_historic_mask.tiff
Created /mnt/data1/UniBe-swiss-ndvi/data/tiffs_historic_v7_compr/20250315_historic.tiff
Created /mnt/data1/UniBe-swiss-ndvi/data/tiffs_historic_v7_compr/20250315_historic_mask.tiff
Created /mnt/data1/UniBe-swiss-ndvi/data/tiffs_historic_v7_compr/20250316_historic.tiff
Created /mnt/data1/UniBe-swiss-ndvi/data/tiffs_historic_v7_compr/20250316_historic_mask.tiff
Created /mnt/data1/UniBe-swiss-ndvi/data/tiffs_historic_v7_compr/20250317_historic.tiff
Created /mnt/data1/UniBe-swiss-ndvi/data/tiffs_historic_v7_compr/20250317_historic_mask.tiff
Created /mnt/data1/UniBe-swiss-ndvi/data/tiffs_historic_v7_compr/20250318_historic.tiff
Created /mnt/data1/UniBe-swiss-ndvi/data/tiffs_historic_v7_compr/20250318_historic_mask.tiff
Created /mnt/data1/UniBe-swiss-ndvi/data/tiffs_historic_v7_compr/20250319_historic.tiff
Created /mnt/data1/UniBe-swiss-ndvi/data/tiffs_historic_v7_compr/20250319_historic_mask.tiff
Created /mnt/data1/UniBe-swiss-ndvi/data/tiffs_historic_v7_compr/20250320_historic.tiff
Created /mnt/data1/UniBe-swiss-ndvi/data/tiffs_historic_v7_compr/20250320_historic_mask.tiff
Created /mnt/data1/UniBe-swiss-ndvi/data/tiffs_historic_v7_compr/20250321_historic.tiff
Created /mnt/data1/UniBe-swiss-ndvi/data/tiffs_historic_v7_compr/20250321_historic_mask.tiff
Created /mnt/data1/UniBe-swiss-ndvi/data/tiffs_historic_v7_compr/20250322_historic.tiff
Created /mnt/data1/UniBe-swiss-ndvi/data/tiffs_historic_v7_compr/20250322_historic_mask.tiff
Created /mnt/data1/UniBe-swiss-ndvi/data/tiffs_historic_v7_compr/20250323_historic.tiff
Created /mnt/data1/UniBe-swiss-ndvi/data/tiffs_historic_v7_compr/20250323_historic_mask.tiff
Created /mnt/data1/UniBe-swiss-ndvi/data/tiffs_historic_v7_compr/20250324_historic.tiff
Created /mnt/data1/UniBe-swiss-ndvi/data/tiffs_historic_v7_compr/20250324_historic_mask.tiff
Created /mnt/data1/UniBe-swiss-ndvi/data/tiffs_historic_v7_compr/20250325_historic.tiff
Created /mnt/data1/UniBe-swiss-ndvi/data/tiffs_historic_v7_compr/20250325_historic_mask.tiff
Created /mnt/data1/UniBe-swiss-ndvi/data/tiffs_historic_v7_compr/20250326_historic.tiff
Created /mnt/data1/UniBe-swiss-ndvi/data/tiffs_historic_v7_compr/20250326_historic_mask.tiff
Created /mnt/data1/UniBe-swiss-ndvi/data/tiffs_historic_v7_compr/20250327_historic.tiff
Created /mnt/data1/UniBe-swiss-ndvi/data/tiffs_historic_v7_compr/20250327_historic_mask.tiff
Created /mnt/data1/UniBe-swiss-ndvi/data/tiffs_historic_v7_compr/20250328_historic.tiff
Created /mnt/data1/UniBe-swiss-ndvi/data/tiffs_historic_v7_compr/20250328_historic_mask.tiff
Created /mnt/data1/UniBe-swiss-ndvi/data/tiffs_historic_v7_compr/20250329_historic.tiff
Created /mnt/data1/UniBe-swiss-ndvi/data/tiffs_historic_v7_compr/20250329_historic_mask.tiff
Created /mnt/data1/UniBe-swiss-ndvi/data/tiffs_historic_v7_compr/20250330_historic.tiff
Created /mnt/data1/UniBe-swiss-ndvi/data/tiffs_historic_v7_compr/20250330_historic_mask.tiff
Created /mnt/data1/UniBe-swiss-ndvi/data/tiffs_historic_v7_compr/20250331_historic.tiff
Created /mnt/data1/UniBe-swiss-ndvi/data/tiffs_historic_v7_compr/20250331_historic_mask.tiff
Created /mnt/data1/UniBe-swiss-ndvi/data/tiffs_historic_v7_compr/20250401_historic.tiff
Created /mnt/data1/UniBe-swiss-ndvi/data/tiffs_historic_v7_compr/20250401_historic_mask.tiff
Created /mnt/data1/UniBe-swiss-ndvi/data/tiffs_historic_v7_compr/20250402_historic.tiff
Created /mnt/data1/UniBe-swiss-ndvi/data/tiffs_historic_v7_compr/20250402_historic_mask.tiff
Created /mnt/data1/UniBe-swiss-ndvi/data/tiffs_historic_v7_compr/20250403_historic.tiff
Created /mnt/data1/UniBe-swiss-ndvi/data/tiffs_historic_v7_compr/20250403_historic_mask.tiff
Created /mnt/data1/UniBe-swiss-ndvi/data/tiffs_historic_v7_compr/20250404_historic.tiff
Created /mnt/data1/UniBe-swiss-ndvi/data/tiffs_historic_v7_compr/20250404_historic_mask.tiff
Created /mnt/data1/UniBe-swiss-ndvi/data/tiffs_historic_v7_compr/20250405_historic.tiff
Created /mnt/data1/UniBe-swiss-ndvi/data/tiffs_historic_v7_compr/20250405_historic_mask.tiff
Created /mnt/data1/UniBe-swiss-ndvi/data/tiffs_historic_v7_compr/20250406_historic.tiff
Created /mnt/data1/UniBe-swiss-ndvi/data/tiffs_historic_v7_compr/20250406_historic_mask.tiff
Created /mnt/data1/UniBe-swiss-ndvi/data/tiffs_historic_v7_compr/20250407_historic.tiff
Created /mnt/data1/UniBe-swiss-ndvi/data/tiffs_historic_v7_compr/20250407_historic_mask.tiff
Created /mnt/data1/UniBe-swiss-ndvi/data/tiffs_historic_v7_compr/20250408_historic.tiff
Created /mnt/data1/UniBe-swiss-ndvi/data/tiffs_historic_v7_compr/20250408_historic_mask.tiff
Created /mnt/data1/UniBe-swiss-ndvi/data/tiffs_historic_v7_compr/20250409_historic.tiff
Created /mnt/data1/UniBe-swiss-ndvi/data/tiffs_historic_v7_compr/20250409_historic_mask.tiff
Created /mnt/data1/UniBe-swiss-ndvi/data/tiffs_historic_v7_compr/20250410_historic.tiff
Created /mnt/data1/UniBe-swiss-ndvi/data/tiffs_historic_v7_compr/20250410_historic_mask.tiff
Created /mnt/data1/UniBe-swiss-ndvi/data/tiffs_historic_v7_compr/20250411_historic.tiff
Created /mnt/data1/UniBe-swiss-ndvi/data/tiffs_historic_v7_compr/20250411_historic_mask.tiff
Created /mnt/data1/UniBe-swiss-ndvi/data/tiffs_historic_v7_compr/20250412_historic.tiff
Created /mnt/data1/UniBe-swiss-ndvi/data/tiffs_historic_v7_compr/20250412_historic_mask.tiff
Created /mnt/data1/UniBe-swiss-ndvi/data/tiffs_historic_v7_compr/20250413_historic.tiff
Created /mnt/data1/UniBe-swiss-ndvi/data/tiffs_historic_v7_compr/20250413_historic_mask.tiff
Created /mnt/data1/UniBe-swiss-ndvi/data/tiffs_historic_v7_compr/20250414_historic.tiff
Created /mnt/data1/UniBe-swiss-ndvi/data/tiffs_historic_v7_compr/20250414_historic_mask.tiff
Created /mnt/data1/UniBe-swiss-ndvi/data/tiffs_historic_v7_compr/20250415_historic.tiff
Created /mnt/data1/UniBe-swiss-ndvi/data/tiffs_historic_v7_compr/20250415_historic_mask.tiff
Created /mnt/data1/UniBe-swiss-ndvi/data/tiffs_historic_v7_compr/20250416_historic.tiff
Created /mnt/data1/UniBe-swiss-ndvi/data/tiffs_historic_v7_compr/20250416_historic_mask.tiff
Created /mnt/data1/UniBe-swiss-ndvi/data/tiffs_historic_v7_compr/20250417_historic.tiff
Created /mnt/data1/UniBe-swiss-ndvi/data/tiffs_historic_v7_compr/20250417_historic_mask.tiff
Created /mnt/data1/UniBe-swiss-ndvi/data/tiffs_historic_v7_compr/20250418_historic.tiff
Created /mnt/data1/UniBe-swiss-ndvi/data/tiffs_historic_v7_compr/20250418_historic_mask.tiff
Created /mnt/data1/UniBe-swiss-ndvi/data/tiffs_historic_v7_compr/20250419_historic.tiff
Created /mnt/data1/UniBe-swiss-ndvi/data/tiffs_historic_v7_compr/20250419_historic_mask.tiff
Created /mnt/data1/UniBe-swiss-ndvi/data/tiffs_historic_v7_compr/20250420_historic.tiff
Created /mnt/data1/UniBe-swiss-ndvi/data/tiffs_historic_v7_compr/20250420_historic_mask.tiff
Created /mnt/data1/UniBe-swiss-ndvi/data/tiffs_historic_v7_compr/20250421_historic.tiff
Created /mnt/data1/UniBe-swiss-ndvi/data/tiffs_historic_v7_compr/20250421_historic_mask.tiff
Created /mnt/data1/UniBe-swiss-ndvi/data/tiffs_historic_v7_compr/20250422_historic.tiff
Created /mnt/data1/UniBe-swiss-ndvi/data/tiffs_historic_v7_compr/20250422_historic_mask.tiff
Created /mnt/data1/UniBe-swiss-ndvi/data/tiffs_historic_v7_compr/20250423_historic.tiff
Created /mnt/data1/UniBe-swiss-ndvi/data/tiffs_historic_v7_compr/20250423_historic_mask.tiff
Created /mnt/data1/UniBe-swiss-ndvi/data/tiffs_historic_v7_compr/20250424_historic.tiff
Created /mnt/data1/UniBe-swiss-ndvi/data/tiffs_historic_v7_compr/20250424_historic_mask.tiff
Created /mnt/data1/UniBe-swiss-ndvi/data/tiffs_historic_v7_compr/20250425_historic.tiff
Created /mnt/data1/UniBe-swiss-ndvi/data/tiffs_historic_v7_compr/20250425_historic_mask.tiff
Created /mnt/data1/UniBe-swiss-ndvi/data/tiffs_historic_v7_compr/20250426_historic.tiff
Created /mnt/data1/UniBe-swiss-ndvi/data/tiffs_historic_v7_compr/20250426_historic_mask.tiff
Created /mnt/data1/UniBe-swiss-ndvi/data/tiffs_historic_v7_compr/20250427_historic.tiff
Created /mnt/data1/UniBe-swiss-ndvi/data/tiffs_historic_v7_compr/20250427_historic_mask.tiff
Created /mnt/data1/UniBe-swiss-ndvi/data/tiffs_historic_v7_compr/20250428_historic.tiff
Created /mnt/data1/UniBe-swiss-ndvi/data/tiffs_historic_v7_compr/20250428_historic_mask.tiff
Created /mnt/data1/UniBe-swiss-ndvi/data/tiffs_historic_v7_compr/20250429_historic.tiff
Created /mnt/data1/UniBe-swiss-ndvi/data/tiffs_historic_v7_compr/20250429_historic_mask.tiff
Created /mnt/data1/UniBe-swiss-ndvi/data/tiffs_historic_v7_compr/20250430_historic.tiff
Created /mnt/data1/UniBe-swiss-ndvi/data/tiffs_historic_v7_compr/20250430_historic_mask.tiff
Created /mnt/data1/UniBe-swiss-ndvi/data/tiffs_historic_v7_compr/20250501_historic.tiff
Created /mnt/data1/UniBe-swiss-ndvi/data/tiffs_historic_v7_compr/20250501_historic_mask.tiff
Created /mnt/data1/UniBe-swiss-ndvi/data/tiffs_historic_v7_compr/20250502_historic.tiff
Created /mnt/data1/UniBe-swiss-ndvi/data/tiffs_historic_v7_compr/20250502_historic_mask.tiff
Created /mnt/data1/UniBe-swiss-ndvi/data/tiffs_historic_v7_compr/20250503_historic.tiff
Created /mnt/data1/UniBe-swiss-ndvi/data/tiffs_historic_v7_compr/20250503_historic_mask.tiff
Created /mnt/data1/UniBe-swiss-ndvi/data/tiffs_historic_v7_compr/20250504_historic.tiff
Created /mnt/data1/UniBe-swiss-ndvi/data/tiffs_historic_v7_compr/20250504_historic_mask.tiff
Created /mnt/data1/UniBe-swiss-ndvi/data/tiffs_historic_v7_compr/20250505_historic.tiff
Created /mnt/data1/UniBe-swiss-ndvi/data/tiffs_historic_v7_compr/20250505_historic_mask.tiff
Created /mnt/data1/UniBe-swiss-ndvi/data/tiffs_historic_v7_compr/20250506_historic.tiff
Created /mnt/data1/UniBe-swiss-ndvi/data/tiffs_historic_v7_compr/20250506_historic_mask.tiff
Created /mnt/data1/UniBe-swiss-ndvi/data/tiffs_historic_v7_compr/20250507_historic.tiff
Created /mnt/data1/UniBe-swiss-ndvi/data/tiffs_historic_v7_compr/20250507_historic_mask.tiff
Created /mnt/data1/UniBe-swiss-ndvi/data/tiffs_historic_v7_compr/20250508_historic.tiff
Created /mnt/data1/UniBe-swiss-ndvi/data/tiffs_historic_v7_compr/20250508_historic_mask.tiff
Created /mnt/data1/UniBe-swiss-ndvi/data/tiffs_historic_v7_compr/20250509_historic.tiff
Created /mnt/data1/UniBe-swiss-ndvi/data/tiffs_historic_v7_compr/20250509_historic_mask.tiff
Created /mnt/data1/UniBe-swiss-ndvi/data/tiffs_historic_v7_compr/20250510_historic.tiff
Created /mnt/data1/UniBe-swiss-ndvi/data/tiffs_historic_v7_compr/20250510_historic_mask.tiff
Created /mnt/data1/UniBe-swiss-ndvi/data/tiffs_historic_v7_compr/20250511_historic.tiff
Created /mnt/data1/UniBe-swiss-ndvi/data/tiffs_historic_v7_compr/20250511_historic_mask.tiff
Created /mnt/data1/UniBe-swiss-ndvi/data/tiffs_historic_v7_compr/20250512_historic.tiff
Created /mnt/data1/UniBe-swiss-ndvi/data/tiffs_historic_v7_compr/20250512_historic_mask.tiff
Created /mnt/data1/UniBe-swiss-ndvi/data/tiffs_historic_v7_compr/20250513_historic.tiff
Created /mnt/data1/UniBe-swiss-ndvi/data/tiffs_historic_v7_compr/20250513_historic_mask.tiff
Created /mnt/data1/UniBe-swiss-ndvi/data/tiffs_historic_v7_compr/20250514_historic.tiff
Created /mnt/data1/UniBe-swiss-ndvi/data/tiffs_historic_v7_compr/20250514_historic_mask.tiff
Created /mnt/data1/UniBe-swiss-ndvi/data/tiffs_historic_v7_compr/20250515_historic.tiff
Created /mnt/data1/UniBe-swiss-ndvi/data/tiffs_historic_v7_compr/20250515_historic_mask.tiff
Created /mnt/data1/UniBe-swiss-ndvi/data/tiffs_historic_v7_compr/20250516_historic.tiff
Created /mnt/data1/UniBe-swiss-ndvi/data/tiffs_historic_v7_compr/20250516_historic_mask.tiff
Created /mnt/data1/UniBe-swiss-ndvi/data/tiffs_historic_v7_compr/20250517_historic.tiff
Created /mnt/data1/UniBe-swiss-ndvi/data/tiffs_historic_v7_compr/20250517_historic_mask.tiff
Created /mnt/data1/UniBe-swiss-ndvi/data/tiffs_historic_v7_compr/20250518_historic.tiff
Created /mnt/data1/UniBe-swiss-ndvi/data/tiffs_historic_v7_compr/20250518_historic_mask.tiff
Created /mnt/data1/UniBe-swiss-ndvi/data/tiffs_historic_v7_compr/20250519_historic.tiff
Created /mnt/data1/UniBe-swiss-ndvi/data/tiffs_historic_v7_compr/20250519_historic_mask.tiff
Created /mnt/data1/UniBe-swiss-ndvi/data/tiffs_historic_v7_compr/20250520_historic.tiff
Created /mnt/data1/UniBe-swiss-ndvi/data/tiffs_historic_v7_compr/20250520_historic_mask.tiff
Created /mnt/data1/UniBe-swiss-ndvi/data/tiffs_historic_v7_compr/20250521_historic.tiff
Created /mnt/data1/UniBe-swiss-ndvi/data/tiffs_historic_v7_compr/20250521_historic_mask.tiff
Created /mnt/data1/UniBe-swiss-ndvi/data/tiffs_historic_v7_compr/20250522_historic.tiff
Created /mnt/data1/UniBe-swiss-ndvi/data/tiffs_historic_v7_compr/20250522_historic_mask.tiff
Created /mnt/data1/UniBe-swiss-ndvi/data/tiffs_historic_v7_compr/20250523_historic.tiff
Created /mnt/data1/UniBe-swiss-ndvi/data/tiffs_historic_v7_compr/20250523_historic_mask.tiff
Created /mnt/data1/UniBe-swiss-ndvi/data/tiffs_historic_v7_compr/20250524_historic.tiff
Created /mnt/data1/UniBe-swiss-ndvi/data/tiffs_historic_v7_compr/20250524_historic_mask.tiff
Created /mnt/data1/UniBe-swiss-ndvi/data/tiffs_historic_v7_compr/20250525_historic.tiff
Created /mnt/data1/UniBe-swiss-ndvi/data/tiffs_historic_v7_compr/20250525_historic_mask.tiff
Created /mnt/data1/UniBe-swiss-ndvi/data/tiffs_historic_v7_compr/20250526_historic.tiff
Created /mnt/data1/UniBe-swiss-ndvi/data/tiffs_historic_v7_compr/20250526_historic_mask.tiff
Created /mnt/data1/UniBe-swiss-ndvi/data/tiffs_historic_v7_compr/20250527_historic.tiff
Created /mnt/data1/UniBe-swiss-ndvi/data/tiffs_historic_v7_compr/20250527_historic_mask.tiff
Created /mnt/data1/UniBe-swiss-ndvi/data/tiffs_historic_v7_compr/20250528_historic.tiff
Created /mnt/data1/UniBe-swiss-ndvi/data/tiffs_historic_v7_compr/20250528_historic_mask.tiff
Created /mnt/data1/UniBe-swiss-ndvi/data/tiffs_historic_v7_compr/20250529_historic.tiff
Created /mnt/data1/UniBe-swiss-ndvi/data/tiffs_historic_v7_compr/20250529_historic_mask.tiff
Created /mnt/data1/UniBe-swiss-ndvi/data/tiffs_historic_v7_compr/20250530_historic.tiff
Created /mnt/data1/UniBe-swiss-ndvi/data/tiffs_historic_v7_compr/20250530_historic_mask.tiff
Created /mnt/data1/UniBe-swiss-ndvi/data/tiffs_historic_v7_compr/20250531_historic.tiff
Created /mnt/data1/UniBe-swiss-ndvi/data/tiffs_historic_v7_compr/20250531_historic_mask.tiff
Created /mnt/data1/UniBe-swiss-ndvi/data/tiffs_historic_v7_compr/20250601_historic.tiff
Created /mnt/data1/UniBe-swiss-ndvi/data/tiffs_historic_v7_compr/20250601_historic_mask.tiff
Created /mnt/data1/UniBe-swiss-ndvi/data/tiffs_historic_v7_compr/20250602_historic.tiff
Created /mnt/data1/UniBe-swiss-ndvi/data/tiffs_historic_v7_compr/20250602_historic_mask.tiff
Created /mnt/data1/UniBe-swiss-ndvi/data/tiffs_historic_v7_compr/20250603_historic.tiff
Created /mnt/data1/UniBe-swiss-ndvi/data/tiffs_historic_v7_compr/20250603_historic_mask.tiff
Created /mnt/data1/UniBe-swiss-ndvi/data/tiffs_historic_v7_compr/20250604_historic.tiff
Created /mnt/data1/UniBe-swiss-ndvi/data/tiffs_historic_v7_compr/20250604_historic_mask.tiff
Created /mnt/data1/UniBe-swiss-ndvi/data/tiffs_historic_v7_compr/20250605_historic.tiff
Created /mnt/data1/UniBe-swiss-ndvi/data/tiffs_historic_v7_compr/20250605_historic_mask.tiff
Created /mnt/data1/UniBe-swiss-ndvi/data/tiffs_historic_v7_compr/20250606_historic.tiff
Created /mnt/data1/UniBe-swiss-ndvi/data/tiffs_historic_v7_compr/20250606_historic_mask.tiff
Created /mnt/data1/UniBe-swiss-ndvi/data/tiffs_historic_v7_compr/20250607_historic.tiff
Created /mnt/data1/UniBe-swiss-ndvi/data/tiffs_historic_v7_compr/20250607_historic_mask.tiff
Created /mnt/data1/UniBe-swiss-ndvi/data/tiffs_historic_v7_compr/20250608_historic.tiff
Created /mnt/data1/UniBe-swiss-ndvi/data/tiffs_historic_v7_compr/20250608_historic_mask.tiff
Created /mnt/data1/UniBe-swiss-ndvi/data/tiffs_historic_v7_compr/20250609_historic.tiff
Created /mnt/data1/UniBe-swiss-ndvi/data/tiffs_historic_v7_compr/20250609_historic_mask.tiff
Created /mnt/data1/UniBe-swiss-ndvi/data/tiffs_historic_v7_compr/20250610_historic.tiff
Created /mnt/data1/UniBe-swiss-ndvi/data/tiffs_historic_v7_compr/20250610_historic_mask.tiff
Created /mnt/data1/UniBe-swiss-ndvi/data/tiffs_historic_v7_compr/20250611_historic.tiff
Created /mnt/data1/UniBe-swiss-ndvi/data/tiffs_historic_v7_compr/20250611_historic_mask.tiff
Created /mnt/data1/UniBe-swiss-ndvi/data/tiffs_historic_v7_compr/20250612_historic.tiff
Created /mnt/data1/UniBe-swiss-ndvi/data/tiffs_historic_v7_compr/20250612_historic_mask.tiff
Created /mnt/data1/UniBe-swiss-ndvi/data/tiffs_historic_v7_compr/20250613_historic.tiff
Created /mnt/data1/UniBe-swiss-ndvi/data/tiffs_historic_v7_compr/20250613_historic_mask.tiff
Created /mnt/data1/UniBe-swiss-ndvi/data/tiffs_historic_v7_compr/20250614_historic.tiff
Created /mnt/data1/UniBe-swiss-ndvi/data/tiffs_historic_v7_compr/20250614_historic_mask.tiff
Created /mnt/data1/UniBe-swiss-ndvi/data/tiffs_historic_v7_compr/20250615_historic.tiff
Created /mnt/data1/UniBe-swiss-ndvi/data/tiffs_historic_v7_compr/20250615_historic_mask.tiff
Created /mnt/data1/UniBe-swiss-ndvi/data/tiffs_historic_v7_compr/20250616_historic.tiff
Created /mnt/data1/UniBe-swiss-ndvi/data/tiffs_historic_v7_compr/20250616_historic_mask.tiff
Created /mnt/data1/UniBe-swiss-ndvi/data/tiffs_historic_v7_compr/20250617_historic.tiff
Created /mnt/data1/UniBe-swiss-ndvi/data/tiffs_historic_v7_compr/20250617_historic_mask.tiff
Created /mnt/data1/UniBe-swiss-ndvi/data/tiffs_historic_v7_compr/20250618_historic.tiff
Created /mnt/data1/UniBe-swiss-ndvi/data/tiffs_historic_v7_compr/20250618_historic_mask.tiff
Created /mnt/data1/UniBe-swiss-ndvi/data/tiffs_historic_v7_compr/20250619_historic.tiff
Created /mnt/data1/UniBe-swiss-ndvi/data/tiffs_historic_v7_compr/20250619_historic_mask.tiff
Created /mnt/data1/UniBe-swiss-ndvi/data/tiffs_historic_v7_compr/20250620_historic.tiff
Created /mnt/data1/UniBe-swiss-ndvi/data/tiffs_historic_v7_compr/20250620_historic_mask.tiff
Created /mnt/data1/UniBe-swiss-ndvi/data/tiffs_historic_v7_compr/20250621_historic.tiff
Created /mnt/data1/UniBe-swiss-ndvi/data/tiffs_historic_v7_compr/20250621_historic_mask.tiff
Created /mnt/data1/UniBe-swiss-ndvi/data/tiffs_historic_v7_compr/20250622_historic.tiff
Created /mnt/data1/UniBe-swiss-ndvi/data/tiffs_historic_v7_compr/20250622_historic_mask.tiff
Created /mnt/data1/UniBe-swiss-ndvi/data/tiffs_historic_v7_compr/20250623_historic.tiff
Created /mnt/data1/UniBe-swiss-ndvi/data/tiffs_historic_v7_compr/20250623_historic_mask.tiff
Created /mnt/data1/UniBe-swiss-ndvi/data/tiffs_historic_v7_compr/20250624_historic.tiff
Created /mnt/data1/UniBe-swiss-ndvi/data/tiffs_historic_v7_compr/20250624_historic_mask.tiff
Created /mnt/data1/UniBe-swiss-ndvi/data/tiffs_historic_v7_compr/20250625_historic.tiff
Created /mnt/data1/UniBe-swiss-ndvi/data/tiffs_historic_v7_compr/20250625_historic_mask.tiff
Created /mnt/data1/UniBe-swiss-ndvi/data/tiffs_historic_v7_compr/20250626_historic.tiff
Created /mnt/data1/UniBe-swiss-ndvi/data/tiffs_historic_v7_compr/20250626_historic_mask.tiff
Created /mnt/data1/UniBe-swiss-ndvi/data/tiffs_historic_v7_compr/20250627_historic.tiff
Created /mnt/data1/UniBe-swiss-ndvi/data/tiffs_historic_v7_compr/20250627_historic_mask.tiff
Created /mnt/data1/UniBe-swiss-ndvi/data/tiffs_historic_v7_compr/20250628_historic.tiff
Created /mnt/data1/UniBe-swiss-ndvi/data/tiffs_historic_v7_compr/20250628_historic_mask.tiff
Created /mnt/data1/UniBe-swiss-ndvi/data/tiffs_historic_v7_compr/20250629_historic.tiff
Created /mnt/data1/UniBe-swiss-ndvi/data/tiffs_historic_v7_compr/20250629_historic_mask.tiff
Created /mnt/data1/UniBe-swiss-ndvi/data/tiffs_historic_v7_compr/20250630_historic.tiff
Created /mnt/data1/UniBe-swiss-ndvi/data/tiffs_historic_v7_compr/20250630_historic_mask.tiff
Created /mnt/data1/UniBe-swiss-ndvi/data/tiffs_historic_v7_compr/20250701_historic.tiff
Created /mnt/data1/UniBe-swiss-ndvi/data/tiffs_historic_v7_compr/20250701_historic_mask.tiff
Created /mnt/data1/UniBe-swiss-ndvi/data/tiffs_historic_v7_compr/20250702_historic.tiff
Created /mnt/data1/UniBe-swiss-ndvi/data/tiffs_historic_v7_compr/20250702_historic_mask.tiff
Created /mnt/data1/UniBe-swiss-ndvi/data/tiffs_historic_v7_compr/20250703_historic.tiff
Created /mnt/data1/UniBe-swiss-ndvi/data/tiffs_historic_v7_compr/20250703_historic_mask.tiff
Created /mnt/data1/UniBe-swiss-ndvi/data/tiffs_historic_v7_compr/20250704_historic.tiff
Created /mnt/data1/UniBe-swiss-ndvi/data/tiffs_historic_v7_compr/20250704_historic_mask.tiff
Created /mnt/data1/UniBe-swiss-ndvi/data/tiffs_historic_v7_compr/20250705_historic.tiff
Created /mnt/data1/UniBe-swiss-ndvi/data/tiffs_historic_v7_compr/20250705_historic_mask.tiff
Created /mnt/data1/UniBe-swiss-ndvi/data/tiffs_historic_v7_compr/20250706_historic.tiff
Created /mnt/data1/UniBe-swiss-ndvi/data/tiffs_historic_v7_compr/20250706_historic_mask.tiff
Created /mnt/data1/UniBe-swiss-ndvi/data/tiffs_historic_v7_compr/20250707_historic.tiff
Created /mnt/data1/UniBe-swiss-ndvi/data/tiffs_historic_v7_compr/20250707_historic_mask.tiff
Created /mnt/data1/UniBe-swiss-ndvi/data/tiffs_historic_v7_compr/20250708_historic.tiff
Created /mnt/data1/UniBe-swiss-ndvi/data/tiffs_historic_v7_compr/20250708_historic_mask.tiff
Created /mnt/data1/UniBe-swiss-ndvi/data/tiffs_historic_v7_compr/20250709_historic.tiff
Created /mnt/data1/UniBe-swiss-ndvi/data/tiffs_historic_v7_compr/20250709_historic_mask.tiff
Created /mnt/data1/UniBe-swiss-ndvi/data/tiffs_historic_v7_compr/20250710_historic.tiff
Created /mnt/data1/UniBe-swiss-ndvi/data/tiffs_historic_v7_compr/20250710_historic_mask.tiff
Created /mnt/data1/UniBe-swiss-ndvi/data/tiffs_historic_v7_compr/20250711_historic.tiff
Created /mnt/data1/UniBe-swiss-ndvi/data/tiffs_historic_v7_compr/20250711_historic_mask.tiff
Created /mnt/data1/UniBe-swiss-ndvi/data/tiffs_historic_v7_compr/20250712_historic.tiff
Created /mnt/data1/UniBe-swiss-ndvi/data/tiffs_historic_v7_compr/20250712_historic_mask.tiff
Created /mnt/data1/UniBe-swiss-ndvi/data/tiffs_historic_v7_compr/20250713_historic.tiff
Created /mnt/data1/UniBe-swiss-ndvi/data/tiffs_historic_v7_compr/20250713_historic_mask.tiff
Created /mnt/data1/UniBe-swiss-ndvi/data/tiffs_historic_v7_compr/20250714_historic.tiff
Created /mnt/data1/UniBe-swiss-ndvi/data/tiffs_historic_v7_compr/20250714_historic_mask.tiff
Created /mnt/data1/UniBe-swiss-ndvi/data/tiffs_historic_v7_compr/20250715_historic.tiff
Created /mnt/data1/UniBe-swiss-ndvi/data/tiffs_historic_v7_compr/20250715_historic_mask.tiff
Created /mnt/data1/UniBe-swiss-ndvi/data/tiffs_historic_v7_compr/20250716_historic.tiff
Created /mnt/data1/UniBe-swiss-ndvi/data/tiffs_historic_v7_compr/20250716_historic_mask.tiff
Created /mnt/data1/UniBe-swiss-ndvi/data/tiffs_historic_v7_compr/20250717_historic.tiff
Created /mnt/data1/UniBe-swiss-ndvi/data/tiffs_historic_v7_compr/20250717_historic_mask.tiff
Created /mnt/data1/UniBe-swiss-ndvi/data/tiffs_historic_v7_compr/20250718_historic.tiff
Created /mnt/data1/UniBe-swiss-ndvi/data/tiffs_historic_v7_compr/20250718_historic_mask.tiff
Created /mnt/data1/UniBe-swiss-ndvi/data/tiffs_historic_v7_compr/20250719_historic.tiff
Created /mnt/data1/UniBe-swiss-ndvi/data/tiffs_historic_v7_compr/20250719_historic_mask.tiff
Created /mnt/data1/UniBe-swiss-ndvi/data/tiffs_historic_v7_compr/20250720_historic.tiff
Created /mnt/data1/UniBe-swiss-ndvi/data/tiffs_historic_v7_compr/20250720_historic_mask.tiff
Created /mnt/data1/UniBe-swiss-ndvi/data/tiffs_historic_v7_compr/20250721_historic.tiff
Created /mnt/data1/UniBe-swiss-ndvi/data/tiffs_historic_v7_compr/20250721_historic_mask.tiff
Created /mnt/data1/UniBe-swiss-ndvi/data/tiffs_historic_v7_compr/20250722_historic.tiff
Created /mnt/data1/UniBe-swiss-ndvi/data/tiffs_historic_v7_compr/20250722_historic_mask.tiff
Created /mnt/data1/UniBe-swiss-ndvi/data/tiffs_historic_v7_compr/20250723_historic.tiff
Created /mnt/data1/UniBe-swiss-ndvi/data/tiffs_historic_v7_compr/20250723_historic_mask.tiff
Created /mnt/data1/UniBe-swiss-ndvi/data/tiffs_historic_v7_compr/20250724_historic.tiff
Created /mnt/data1/UniBe-swiss-ndvi/data/tiffs_historic_v7_compr/20250724_historic_mask.tiff
Created /mnt/data1/UniBe-swiss-ndvi/data/tiffs_historic_v7_compr/20250725_historic.tiff
Created /mnt/data1/UniBe-swiss-ndvi/data/tiffs_historic_v7_compr/20250725_historic_mask.tiff
Created /mnt/data1/UniBe-swiss-ndvi/data/tiffs_historic_v7_compr/20250726_historic.tiff
Created /mnt/data1/UniBe-swiss-ndvi/data/tiffs_historic_v7_compr/20250726_historic_mask.tiff
Created /mnt/data1/UniBe-swiss-ndvi/data/tiffs_historic_v7_compr/20250727_historic.tiff
Created /mnt/data1/UniBe-swiss-ndvi/data/tiffs_historic_v7_compr/20250727_historic_mask.tiff
Created /mnt/data1/UniBe-swiss-ndvi/data/tiffs_historic_v7_compr/20250728_historic.tiff
Created /mnt/data1/UniBe-swiss-ndvi/data/tiffs_historic_v7_compr/20250728_historic_mask.tiff
Created /mnt/data1/UniBe-swiss-ndvi/data/tiffs_historic_v7_compr/20250729_historic.tiff
Created /mnt/data1/UniBe-swiss-ndvi/data/tiffs_historic_v7_compr/20250729_historic_mask.tiff
Created /mnt/data1/UniBe-swiss-ndvi/data/tiffs_historic_v7_compr/20250730_historic.tiff
Created /mnt/data1/UniBe-swiss-ndvi/data/tiffs_historic_v7_compr/20250730_historic_mask.tiff
Created /mnt/data1/UniBe-swiss-ndvi/data/tiffs_historic_v7_compr/20250731_historic.tiff
Created /mnt/data1/UniBe-swiss-ndvi/data/tiffs_historic_v7_compr/20250731_historic_mask.tiff
Created /mnt/data1/UniBe-swiss-ndvi/data/tiffs_historic_v7_compr/20250801_historic.tiff
Created /mnt/data1/UniBe-swiss-ndvi/data/tiffs_historic_v7_compr/20250801_historic_mask.tiff
Created /mnt/data1/UniBe-swiss-ndvi/data/tiffs_historic_v7_compr/20250802_historic.tiff
Created /mnt/data1/UniBe-swiss-ndvi/data/tiffs_historic_v7_compr/20250802_historic_mask.tiff
Created /mnt/data1/UniBe-swiss-ndvi/data/tiffs_historic_v7_compr/20250803_historic.tiff
Created /mnt/data1/UniBe-swiss-ndvi/data/tiffs_historic_v7_compr/20250803_historic_mask.tiff
Created /mnt/data1/UniBe-swiss-ndvi/data/tiffs_historic_v7_compr/20250804_historic.tiff
Created /mnt/data1/UniBe-swiss-ndvi/data/tiffs_historic_v7_compr/20250804_historic_mask.tiff
Created /mnt/data1/UniBe-swiss-ndvi/data/tiffs_historic_v7_compr/20250805_historic.tiff
Created /mnt/data1/UniBe-swiss-ndvi/data/tiffs_historic_v7_compr/20250805_historic_mask.tiff
Created /mnt/data1/UniBe-swiss-ndvi/data/tiffs_historic_v7_compr/20250806_historic.tiff
Created /mnt/data1/UniBe-swiss-ndvi/data/tiffs_historic_v7_compr/20250806_historic_mask.tiff
Created /mnt/data1/UniBe-swiss-ndvi/data/tiffs_historic_v7_compr/20250807_historic.tiff
Created /mnt/data1/UniBe-swiss-ndvi/data/tiffs_historic_v7_compr/20250807_historic_mask.tiff
Created /mnt/data1/UniBe-swiss-ndvi/data/tiffs_historic_v7_compr/20250808_historic.tiff
Created /mnt/data1/UniBe-swiss-ndvi/data/tiffs_historic_v7_compr/20250808_historic_mask.tiff
Created /mnt/data1/UniBe-swiss-ndvi/data/tiffs_historic_v7_compr/20250809_historic.tiff
Created /mnt/data1/UniBe-swiss-ndvi/data/tiffs_historic_v7_compr/20250809_historic_mask.tiff
Created /mnt/data1/UniBe-swiss-ndvi/data/tiffs_historic_v7_compr/20250810_historic.tiff
Created /mnt/data1/UniBe-swiss-ndvi/data/tiffs_historic_v7_compr/20250810_historic_mask.tiff
Created /mnt/data1/UniBe-swiss-ndvi/data/tiffs_historic_v7_compr/20250811_historic.tiff
Created /mnt/data1/UniBe-swiss-ndvi/data/tiffs_historic_v7_compr/20250811_historic_mask.tiff
Created /mnt/data1/UniBe-swiss-ndvi/data/tiffs_historic_v7_compr/20250812_historic.tiff
Created /mnt/data1/UniBe-swiss-ndvi/data/tiffs_historic_v7_compr/20250812_historic_mask.tiff
Created /mnt/data1/UniBe-swiss-ndvi/data/tiffs_historic_v7_compr/20250813_historic.tiff
Created /mnt/data1/UniBe-swiss-ndvi/data/tiffs_historic_v7_compr/20250813_historic_mask.tiff
Created /mnt/data1/UniBe-swiss-ndvi/data/tiffs_historic_v7_compr/20250814_historic.tiff
Created /mnt/data1/UniBe-swiss-ndvi/data/tiffs_historic_v7_compr/20250814_historic_mask.tiff
Created /mnt/data1/UniBe-swiss-ndvi/data/tiffs_historic_v7_compr/20250815_historic.tiff
Created /mnt/data1/UniBe-swiss-ndvi/data/tiffs_historic_v7_compr/20250815_historic_mask.tiff
Created /mnt/data1/UniBe-swiss-ndvi/data/tiffs_historic_v7_compr/20250816_historic.tiff
Created /mnt/data1/UniBe-swiss-ndvi/data/tiffs_historic_v7_compr/20250816_historic_mask.tiff
Created /mnt/data1/UniBe-swiss-ndvi/data/tiffs_historic_v7_compr/20250817_historic.tiff
Created /mnt/data1/UniBe-swiss-ndvi/data/tiffs_historic_v7_compr/20250817_historic_mask.tiff
Created /mnt/data1/UniBe-swiss-ndvi/data/tiffs_historic_v7_compr/20250818_historic.tiff
Created /mnt/data1/UniBe-swiss-ndvi/data/tiffs_historic_v7_compr/20250818_historic_mask.tiff
Created /mnt/data1/UniBe-swiss-ndvi/data/tiffs_historic_v7_compr/20250819_historic.tiff
Created /mnt/data1/UniBe-swiss-ndvi/data/tiffs_historic_v7_compr/20250819_historic_mask.tiff
Created /mnt/data1/UniBe-swiss-ndvi/data/tiffs_historic_v7_compr/20250820_historic.tiff
Created /mnt/data1/UniBe-swiss-ndvi/data/tiffs_historic_v7_compr/20250820_historic_mask.tiff
Created /mnt/data1/UniBe-swiss-ndvi/data/tiffs_historic_v7_compr/20250821_historic.tiff
Created /mnt/data1/UniBe-swiss-ndvi/data/tiffs_historic_v7_compr/20250821_historic_mask.tiff
Created /mnt/data1/UniBe-swiss-ndvi/data/tiffs_historic_v7_compr/20250822_historic.tiff
Created /mnt/data1/UniBe-swiss-ndvi/data/tiffs_historic_v7_compr/20250822_historic_mask.tiff
Created /mnt/data1/UniBe-swiss-ndvi/data/tiffs_historic_v7_compr/20250823_historic.tiff
Created /mnt/data1/UniBe-swiss-ndvi/data/tiffs_historic_v7_compr/20250823_historic_mask.tiff
Created /mnt/data1/UniBe-swiss-ndvi/data/tiffs_historic_v7_compr/20250824_historic.tiff
Created /mnt/data1/UniBe-swiss-ndvi/data/tiffs_historic_v7_compr/20250824_historic_mask.tiff
Created /mnt/data1/UniBe-swiss-ndvi/data/tiffs_historic_v7_compr/20250825_historic.tiff
Created /mnt/data1/UniBe-swiss-ndvi/data/tiffs_historic_v7_compr/20250825_historic_mask.tiff
Created /mnt/data1/UniBe-swiss-ndvi/data/tiffs_historic_v7_compr/20250826_historic.tiff
Created /mnt/data1/UniBe-swiss-ndvi/data/tiffs_historic_v7_compr/20250826_historic_mask.tiff
Created /mnt/data1/UniBe-swiss-ndvi/data/tiffs_historic_v7_compr/20250827_historic.tiff
Created /mnt/data1/UniBe-swiss-ndvi/data/tiffs_historic_v7_compr/20250827_historic_mask.tiff
Created /mnt/data1/UniBe-swiss-ndvi/data/tiffs_historic_v7_compr/20250828_historic.tiff
Created /mnt/data1/UniBe-swiss-ndvi/data/tiffs_historic_v7_compr/20250828_historic_mask.tiff
Created /mnt/data1/UniBe-swiss-ndvi/data/tiffs_historic_v7_compr/20250829_historic.tiff
Created /mnt/data1/UniBe-swiss-ndvi/data/tiffs_historic_v7_compr/20250829_historic_mask.tiff
Created /mnt/data1/UniBe-swiss-ndvi/data/tiffs_historic_v7_compr/20250830_historic.tiff
Created /mnt/data1/UniBe-swiss-ndvi/data/tiffs_historic_v7_compr/20250830_historic_mask.tiff
Created /mnt/data1/UniBe-swiss-ndvi/data/tiffs_historic_v7_compr/20250831_historic.tiff
Created /mnt/data1/UniBe-swiss-ndvi/data/tiffs_historic_v7_compr/20250831_historic_mask.tiff
Created /mnt/data1/UniBe-swiss-ndvi/data/tiffs_historic_v7_compr/20250901_historic.tiff
Created /mnt/data1/UniBe-swiss-ndvi/data/tiffs_historic_v7_compr/20250901_historic_mask.tiff
Created /mnt/data1/UniBe-swiss-ndvi/data/tiffs_historic_v7_compr/20250902_historic.tiff
Created /mnt/data1/UniBe-swiss-ndvi/data/tiffs_historic_v7_compr/20250902_historic_mask.tiff
Created /mnt/data1/UniBe-swiss-ndvi/data/tiffs_historic_v7_compr/20250903_historic.tiff
Created /mnt/data1/UniBe-swiss-ndvi/data/tiffs_historic_v7_compr/20250903_historic_mask.tiff
Created /mnt/data1/UniBe-swiss-ndvi/data/tiffs_historic_v7_compr/20250904_historic.tiff
Created /mnt/data1/UniBe-swiss-ndvi/data/tiffs_historic_v7_compr/20250904_historic_mask.tiff
Created /mnt/data1/UniBe-swiss-ndvi/data/tiffs_historic_v7_compr/20250905_historic.tiff
Created /mnt/data1/UniBe-swiss-ndvi/data/tiffs_historic_v7_compr/20250905_historic_mask.tiff
Created /mnt/data1/UniBe-swiss-ndvi/data/tiffs_historic_v7_compr/20250906_historic.tiff
Created /mnt/data1/UniBe-swiss-ndvi/data/tiffs_historic_v7_compr/20250906_historic_mask.tiff
Created /mnt/data1/UniBe-swiss-ndvi/data/tiffs_historic_v7_compr/20250907_historic.tiff
Created /mnt/data1/UniBe-swiss-ndvi/data/tiffs_historic_v7_compr/20250907_historic_mask.tiff
Created /mnt/data1/UniBe-swiss-ndvi/data/tiffs_historic_v7_compr/20250908_historic.tiff
Created /mnt/data1/UniBe-swiss-ndvi/data/tiffs_historic_v7_compr/20250908_historic_mask.tiff
Created /mnt/data1/UniBe-swiss-ndvi/data/tiffs_historic_v7_compr/20250909_historic.tiff
Created /mnt/data1/UniBe-swiss-ndvi/data/tiffs_historic_v7_compr/20250909_historic_mask.tiff
Created /mnt/data1/UniBe-swiss-ndvi/data/tiffs_historic_v7_compr/20250910_historic.tiff
Created /mnt/data1/UniBe-swiss-ndvi/data/tiffs_historic_v7_compr/20250910_historic_mask.tiff
Created /mnt/data1/UniBe-swiss-ndvi/data/tiffs_historic_v7_compr/20250911_historic.tiff
Created /mnt/data1/UniBe-swiss-ndvi/data/tiffs_historic_v7_compr/20250911_historic_mask.tiff
Created /mnt/data1/UniBe-swiss-ndvi/data/tiffs_historic_v7_compr/20250912_historic.tiff
Created /mnt/data1/UniBe-swiss-ndvi/data/tiffs_historic_v7_compr/20250912_historic_mask.tiff
Created /mnt/data1/UniBe-swiss-ndvi/data/tiffs_historic_v7_compr/20250913_historic.tiff
Created /mnt/data1/UniBe-swiss-ndvi/data/tiffs_historic_v7_compr/20250913_historic_mask.tiff
Created /mnt/data1/UniBe-swiss-ndvi/data/tiffs_historic_v7_compr/20250914_historic.tiff
Created /mnt/data1/UniBe-swiss-ndvi/data/tiffs_historic_v7_compr/20250914_historic_mask.tiff
Created /mnt/data1/UniBe-swiss-ndvi/data/tiffs_historic_v7_compr/20250915_historic.tiff
Created /mnt/data1/UniBe-swiss-ndvi/data/tiffs_historic_v7_compr/20250915_historic_mask.tiff
Created /mnt/data1/UniBe-swiss-ndvi/data/tiffs_historic_v7_compr/20250916_historic.tiff
Created /mnt/data1/UniBe-swiss-ndvi/data/tiffs_historic_v7_compr/20250916_historic_mask.tiff
Created /mnt/data1/UniBe-swiss-ndvi/data/tiffs_historic_v7_compr/20250917_historic.tiff
Created /mnt/data1/UniBe-swiss-ndvi/data/tiffs_historic_v7_compr/20250917_historic_mask.tiff
Created /mnt/data1/UniBe-swiss-ndvi/data/tiffs_historic_v7_compr/20250918_historic.tiff
Created /mnt/data1/UniBe-swiss-ndvi/data/tiffs_historic_v7_compr/20250918_historic_mask.tiff
Created /mnt/data1/UniBe-swiss-ndvi/data/tiffs_historic_v7_compr/20250919_historic.tiff
Created /mnt/data1/UniBe-swiss-ndvi/data/tiffs_historic_v7_compr/20250919_historic_mask.tiff
Created /mnt/data1/UniBe-swiss-ndvi/data/tiffs_historic_v7_compr/20250920_historic.tiff
Created /mnt/data1/UniBe-swiss-ndvi/data/tiffs_historic_v7_compr/20250920_historic_mask.tiff
Created /mnt/data1/UniBe-swiss-ndvi/data/tiffs_historic_v7_compr/20250921_historic.tiff
Created /mnt/data1/UniBe-swiss-ndvi/data/tiffs_historic_v7_compr/20250921_historic_mask.tiff
Created /mnt/data1/UniBe-swiss-ndvi/data/tiffs_historic_v7_compr/20250922_historic.tiff
Created /mnt/data1/UniBe-swiss-ndvi/data/tiffs_historic_v7_compr/20250922_historic_mask.tiff
Created /mnt/data1/UniBe-swiss-ndvi/data/tiffs_historic_v7_compr/20250923_historic.tiff
Created /mnt/data1/UniBe-swiss-ndvi/data/tiffs_historic_v7_compr/20250923_historic_mask.tiff
Created /mnt/data1/UniBe-swiss-ndvi/data/tiffs_historic_v7_compr/20250924_historic.tiff
Created /mnt/data1/UniBe-swiss-ndvi/data/tiffs_historic_v7_compr/20250924_historic_mask.tiff
Created /mnt/data1/UniBe-swiss-ndvi/data/tiffs_historic_v7_compr/20250925_historic.tiff
Created /mnt/data1/UniBe-swiss-ndvi/data/tiffs_historic_v7_compr/20250925_historic_mask.tiff
Created /mnt/data1/UniBe-swiss-ndvi/data/tiffs_historic_v7_compr/20250926_historic.tiff
Created /mnt/data1/UniBe-swiss-ndvi/data/tiffs_historic_v7_compr/20250926_historic_mask.tiff
Created /mnt/data1/UniBe-swiss-ndvi/data/tiffs_historic_v7_compr/20250927_historic.tiff
Created /mnt/data1/UniBe-swiss-ndvi/data/tiffs_historic_v7_compr/20250927_historic_mask.tiff
Created /mnt/data1/UniBe-swiss-ndvi/data/tiffs_historic_v7_compr/20250928_historic.tiff
Created /mnt/data1/UniBe-swiss-ndvi/data/tiffs_historic_v7_compr/20250928_historic_mask.tiff
Created /mnt/data1/UniBe-swiss-ndvi/data/tiffs_historic_v7_compr/20250929_historic.tiff
Created /mnt/data1/UniBe-swiss-ndvi/data/tiffs_historic_v7_compr/20250929_historic_mask.tiff
Created /mnt/data1/UniBe-swiss-ndvi/data/tiffs_historic_v7_compr/20250930_historic.tiff
Created /mnt/data1/UniBe-swiss-ndvi/data/tiffs_historic_v7_compr/20250930_historic_mask.tiff
Created /mnt/data1/UniBe-swiss-ndvi/data/tiffs_historic_v7_compr/20251001_historic.tiff
Created /mnt/data1/UniBe-swiss-ndvi/data/tiffs_historic_v7_compr/20251001_historic_mask.tiff
Created /mnt/data1/UniBe-swiss-ndvi/data/tiffs_historic_v7_compr/20251002_historic.tiff
Created /mnt/data1/UniBe-swiss-ndvi/data/tiffs_historic_v7_compr/20251002_historic_mask.tiff
Created /mnt/data1/UniBe-swiss-ndvi/data/tiffs_historic_v7_compr/20251003_historic.tiff
Created /mnt/data1/UniBe-swiss-ndvi/data/tiffs_historic_v7_compr/20251003_historic_mask.tiff
Created /mnt/data1/UniBe-swiss-ndvi/data/tiffs_historic_v7_compr/20251004_historic.tiff
Created /mnt/data1/UniBe-swiss-ndvi/data/tiffs_historic_v7_compr/20251004_historic_mask.tiff
Created /mnt/data1/UniBe-swiss-ndvi/data/tiffs_historic_v7_compr/20251005_historic.tiff
Created /mnt/data1/UniBe-swiss-ndvi/data/tiffs_historic_v7_compr/20251005_historic_mask.tiff
Created /mnt/data1/UniBe-swiss-ndvi/data/tiffs_historic_v7_compr/20251006_historic.tiff
Created /mnt/data1/UniBe-swiss-ndvi/data/tiffs_historic_v7_compr/20251006_historic_mask.tiff
Created /mnt/data1/UniBe-swiss-ndvi/data/tiffs_historic_v7_compr/20251007_historic.tiff
Created /mnt/data1/UniBe-swiss-ndvi/data/tiffs_historic_v7_compr/20251007_historic_mask.tiff
Created /mnt/data1/UniBe-swiss-ndvi/data/tiffs_historic_v7_compr/20251008_historic.tiff
Created /mnt/data1/UniBe-swiss-ndvi/data/tiffs_historic_v7_compr/20251008_historic_mask.tiff
Created /mnt/data1/UniBe-swiss-ndvi/data/tiffs_historic_v7_compr/20251009_historic.tiff
Created /mnt/data1/UniBe-swiss-ndvi/data/tiffs_historic_v7_compr/20251009_historic_mask.tiff
Created /mnt/data1/UniBe-swiss-ndvi/data/tiffs_historic_v7_compr/20251010_historic.tiff
Created /mnt/data1/UniBe-swiss-ndvi/data/tiffs_historic_v7_compr/20251010_historic_mask.tiff
Created /mnt/data1/UniBe-swiss-ndvi/data/tiffs_historic_v7_compr/20251011_historic.tiff
Created /mnt/data1/UniBe-swiss-ndvi/data/tiffs_historic_v7_compr/20251011_historic_mask.tiff
Created /mnt/data1/UniBe-swiss-ndvi/data/tiffs_historic_v7_compr/20251012_historic.tiff
Created /mnt/data1/UniBe-swiss-ndvi/data/tiffs_historic_v7_compr/20251012_historic_mask.tiff
Created /mnt/data1/UniBe-swiss-ndvi/data/tiffs_historic_v7_compr/20251013_historic.tiff
Created /mnt/data1/UniBe-swiss-ndvi/data/tiffs_historic_v7_compr/20251013_historic_mask.tiff
Created /mnt/data1/UniBe-swiss-ndvi/data/tiffs_historic_v7_compr/20251014_historic.tiff
Created /mnt/data1/UniBe-swiss-ndvi/data/tiffs_historic_v7_compr/20251014_historic_mask.tiff
Created /mnt/data1/UniBe-swiss-ndvi/data/tiffs_historic_v7_compr/20251015_historic.tiff
Created /mnt/data1/UniBe-swiss-ndvi/data/tiffs_historic_v7_compr/20251015_historic_mask.tiff
Created /mnt/data1/UniBe-swiss-ndvi/data/tiffs_historic_v7_compr/20251016_historic.tiff
Created /mnt/data1/UniBe-swiss-ndvi/data/tiffs_historic_v7_compr/20251016_historic_mask.tiff
Created /mnt/data1/UniBe-swiss-ndvi/data/tiffs_historic_v7_compr/20251017_historic.tiff
Created /mnt/data1/UniBe-swiss-ndvi/data/tiffs_historic_v7_compr/20251017_historic_mask.tiff
Created /mnt/data1/UniBe-swiss-ndvi/data/tiffs_historic_v7_compr/20251018_historic.tiff
Created /mnt/data1/UniBe-swiss-ndvi/data/tiffs_historic_v7_compr/20251018_historic_mask.tiff
Created /mnt/data1/UniBe-swiss-ndvi/data/tiffs_historic_v7_compr/20251019_historic.tiff
Created /mnt/data1/UniBe-swiss-ndvi/data/tiffs_historic_v7_compr/20251019_historic_mask.tiff
Created /mnt/data1/UniBe-swiss-ndvi/data/tiffs_historic_v7_compr/20251020_historic.tiff
Created /mnt/data1/UniBe-swiss-ndvi/data/tiffs_historic_v7_compr/20251020_historic_mask.tiff
Created /mnt/data1/UniBe-swiss-ndvi/data/tiffs_historic_v7_compr/20251021_historic.tiff
Created /mnt/data1/UniBe-swiss-ndvi/data/tiffs_historic_v7_compr/20251021_historic_mask.tiff
Created /mnt/data1/UniBe-swiss-ndvi/data/tiffs_historic_v7_compr/20251022_historic.tiff
Created /mnt/data1/UniBe-swiss-ndvi/data/tiffs_historic_v7_compr/20251022_historic_mask.tiff
Created /mnt/data1/UniBe-swiss-ndvi/data/tiffs_historic_v7_compr/20251023_historic.tiff
Created /mnt/data1/UniBe-swiss-ndvi/data/tiffs_historic_v7_compr/20251023_historic_mask.tiff
Created /mnt/data1/UniBe-swiss-ndvi/data/tiffs_historic_v7_compr/20251024_historic.tiff
Created /mnt/data1/UniBe-swiss-ndvi/data/tiffs_historic_v7_compr/20251024_historic_mask.tiff
Created /mnt/data1/UniBe-swiss-ndvi/data/tiffs_historic_v7_compr/20251025_historic.tiff
Created /mnt/data1/UniBe-swiss-ndvi/data/tiffs_historic_v7_compr/20251025_historic_mask.tiff
Created /mnt/data1/UniBe-swiss-ndvi/data/tiffs_historic_v7_compr/20251026_historic.tiff
Created /mnt/data1/UniBe-swiss-ndvi/data/tiffs_historic_v7_compr/20251026_historic_mask.tiff
Created /mnt/data1/UniBe-swiss-ndvi/data/tiffs_historic_v7_compr/20251027_historic.tiff
Created /mnt/data1/UniBe-swiss-ndvi/data/tiffs_historic_v7_compr/20251027_historic_mask.tiff
Created /mnt/data1/UniBe-swiss-ndvi/data/tiffs_historic_v7_compr/20251028_historic.tiff
Created /mnt/data1/UniBe-swiss-ndvi/data/tiffs_historic_v7_compr/20251028_historic_mask.tiff
Created /mnt/data1/UniBe-swiss-ndvi/data/tiffs_historic_v7_compr/20251029_historic.tiff
Created /mnt/data1/UniBe-swiss-ndvi/data/tiffs_historic_v7_compr/20251029_historic_mask.tiff
Created /mnt/data1/UniBe-swiss-ndvi/data/tiffs_historic_v7_compr/20251030_historic.tiff
Created /mnt/data1/UniBe-swiss-ndvi/data/tiffs_historic_v7_compr/20251030_historic_mask.tiff
Created /mnt/data1/UniBe-swiss-ndvi/data/tiffs_historic_v7_compr/20251031_historic.tiff
Created /mnt/data1/UniBe-swiss-ndvi/data/tiffs_historic_v7_compr/20251031_historic_mask.tiff
Created /mnt/data1/UniBe-swiss-ndvi/data/tiffs_historic_v7_compr/20251101_historic.tiff
Created /mnt/data1/UniBe-swiss-ndvi/data/tiffs_historic_v7_compr/20251101_historic_mask.tiff
Created /mnt/data1/UniBe-swiss-ndvi/data/tiffs_historic_v7_compr/20251102_historic.tiff
Created /mnt/data1/UniBe-swiss-ndvi/data/tiffs_historic_v7_compr/20251102_historic_mask.tiff
Created /mnt/data1/UniBe-swiss-ndvi/data/tiffs_historic_v7_compr/20251103_historic.tiff
Created /mnt/data1/UniBe-swiss-ndvi/data/tiffs_historic_v7_compr/20251103_historic_mask.tiff
Created /mnt/data1/UniBe-swiss-ndvi/data/tiffs_historic_v7_compr/20251104_historic.tiff
Created /mnt/data1/UniBe-swiss-ndvi/data/tiffs_historic_v7_compr/20251104_historic_mask.tiff
Created /mnt/data1/UniBe-swiss-ndvi/data/tiffs_historic_v7_compr/20251105_historic.tiff
Created /mnt/data1/UniBe-swiss-ndvi/data/tiffs_historic_v7_compr/20251105_historic_mask.tiff
Created /mnt/data1/UniBe-swiss-ndvi/data/tiffs_historic_v7_compr/20251106_historic.tiff
Created /mnt/data1/UniBe-swiss-ndvi/data/tiffs_historic_v7_compr/20251106_historic_mask.tiff
Created /mnt/data1/UniBe-swiss-ndvi/data/tiffs_historic_v7_compr/20251107_historic.tiff
Created /mnt/data1/UniBe-swiss-ndvi/data/tiffs_historic_v7_compr/20251107_historic_mask.tiff
Created /mnt/data1/UniBe-swiss-ndvi/data/tiffs_historic_v7_compr/20251108_historic.tiff
Created /mnt/data1/UniBe-swiss-ndvi/data/tiffs_historic_v7_compr/20251108_historic_mask.tiff
Created /mnt/data1/UniBe-swiss-ndvi/data/tiffs_historic_v7_compr/20251109_historic.tiff
Created /mnt/data1/UniBe-swiss-ndvi/data/tiffs_historic_v7_compr/20251109_historic_mask.tiff
Created /mnt/data1/UniBe-swiss-ndvi/data/tiffs_historic_v7_compr/20251110_historic.tiff
Created /mnt/data1/UniBe-swiss-ndvi/data/tiffs_historic_v7_compr/20251110_historic_mask.tiff
Created /mnt/data1/UniBe-swiss-ndvi/data/tiffs_historic_v7_compr/20251111_historic.tiff
Created /mnt/data1/UniBe-swiss-ndvi/data/tiffs_historic_v7_compr/20251111_historic_mask.tiff
Created /mnt/data1/UniBe-swiss-ndvi/data/tiffs_historic_v7_compr/20251112_historic.tiff
Created /mnt/data1/UniBe-swiss-ndvi/data/tiffs_historic_v7_compr/20251112_historic_mask.tiff
Created /mnt/data1/UniBe-swiss-ndvi/data/tiffs_historic_v7_compr/20251113_historic.tiff
Created /mnt/data1/UniBe-swiss-ndvi/data/tiffs_historic_v7_compr/20251113_historic_mask.tiff
Created /mnt/data1/UniBe-swiss-ndvi/data/tiffs_historic_v7_compr/20251114_historic.tiff
Created /mnt/data1/UniBe-swiss-ndvi/data/tiffs_historic_v7_compr/20251114_historic_mask.tiff
Created /mnt/data1/UniBe-swiss-ndvi/data/tiffs_historic_v7_compr/20251115_historic.tiff
Created /mnt/data1/UniBe-swiss-ndvi/data/tiffs_historic_v7_compr/20251115_historic_mask.tiff
Created /mnt/data1/UniBe-swiss-ndvi/data/tiffs_historic_v7_compr/20251116_historic.tiff
Created /mnt/data1/UniBe-swiss-ndvi/data/tiffs_historic_v7_compr/20251116_historic_mask.tiff
Created /mnt/data1/UniBe-swiss-ndvi/data/tiffs_historic_v7_compr/20251117_historic.tiff
Created /mnt/data1/UniBe-swiss-ndvi/data/tiffs_historic_v7_compr/20251117_historic_mask.tiff
Created /mnt/data1/UniBe-swiss-ndvi/data/tiffs_historic_v7_compr/20251118_historic.tiff
Created /mnt/data1/UniBe-swiss-ndvi/data/tiffs_historic_v7_compr/20251118_historic_mask.tiff
Created /mnt/data1/UniBe-swiss-ndvi/data/tiffs_historic_v7_compr/20251119_historic.tiff
Created /mnt/data1/UniBe-swiss-ndvi/data/tiffs_historic_v7_compr/20251119_historic_mask.tiff
Created /mnt/data1/UniBe-swiss-ndvi/data/tiffs_historic_v7_compr/20251120_historic.tiff
Created /mnt/data1/UniBe-swiss-ndvi/data/tiffs_historic_v7_compr/20251120_historic_mask.tiff
Created /mnt/data1/UniBe-swiss-ndvi/data/tiffs_historic_v7_compr/20251121_historic.tiff
Created /mnt/data1/UniBe-swiss-ndvi/data/tiffs_historic_v7_compr/20251121_historic_mask.tiff
Created /mnt/data1/UniBe-swiss-ndvi/data/tiffs_historic_v7_compr/20251122_historic.tiff
Created /mnt/data1/UniBe-swiss-ndvi/data/tiffs_historic_v7_compr/20251122_historic_mask.tiff
Created /mnt/data1/UniBe-swiss-ndvi/data/tiffs_historic_v7_compr/20251123_historic.tiff
Created /mnt/data1/UniBe-swiss-ndvi/data/tiffs_historic_v7_compr/20251123_historic_mask.tiff
Created /mnt/data1/UniBe-swiss-ndvi/data/tiffs_historic_v7_compr/20251124_historic.tiff
Created /mnt/data1/UniBe-swiss-ndvi/data/tiffs_historic_v7_compr/20251124_historic_mask.tiff
Created /mnt/data1/UniBe-swiss-ndvi/data/tiffs_historic_v7_compr/20251125_historic.tiff
Created /mnt/data1/UniBe-swiss-ndvi/data/tiffs_historic_v7_compr/20251125_historic_mask.tiff
Created /mnt/data1/UniBe-swiss-ndvi/data/tiffs_historic_v7_compr/20251126_historic.tiff
Created /mnt/data1/UniBe-swiss-ndvi/data/tiffs_historic_v7_compr/20251126_historic_mask.tiff
Created /mnt/data1/UniBe-swiss-ndvi/data/tiffs_historic_v7_compr/20251127_historic.tiff
Created /mnt/data1/UniBe-swiss-ndvi/data/tiffs_historic_v7_compr/20251127_historic_mask.tiff
Created /mnt/data1/UniBe-swiss-ndvi/data/tiffs_historic_v7_compr/20251128_historic.tiff
Created /mnt/data1/UniBe-swiss-ndvi/data/tiffs_historic_v7_compr/20251128_historic_mask.tiff
Created /mnt/data1/UniBe-swiss-ndvi/data/tiffs_historic_v7_compr/20251129_historic.tiff
Created /mnt/data1/UniBe-swiss-ndvi/data/tiffs_historic_v7_compr/20251129_historic_mask.tiff
Created /mnt/data1/UniBe-swiss-ndvi/data/tiffs_historic_v7_compr/20251130_historic.tiff
Created /mnt/data1/UniBe-swiss-ndvi/data/tiffs_historic_v7_compr/20251130_historic_mask.tiff
Created /mnt/data1/UniBe-swiss-ndvi/data/tiffs_historic_v7_compr/20251201_historic.tiff
Created /mnt/data1/UniBe-swiss-ndvi/data/tiffs_historic_v7_compr/20251201_historic_mask.tiff
Created /mnt/data1/UniBe-swiss-ndvi/data/tiffs_historic_v7_compr/20251202_historic.tiff
Created /mnt/data1/UniBe-swiss-ndvi/data/tiffs_historic_v7_compr/20251202_historic_mask.tiff
Created /mnt/data1/UniBe-swiss-ndvi/data/tiffs_historic_v7_compr/20251203_historic.tiff
Created /mnt/data1/UniBe-swiss-ndvi/data/tiffs_historic_v7_compr/20251203_historic_mask.tiff
Created /mnt/data1/UniBe-swiss-ndvi/data/tiffs_historic_v7_compr/20251204_historic.tiff
Created /mnt/data1/UniBe-swiss-ndvi/data/tiffs_historic_v7_compr/20251204_historic_mask.tiff
Created /mnt/data1/UniBe-swiss-ndvi/data/tiffs_historic_v7_compr/20251205_historic.tiff
Created /mnt/data1/UniBe-swiss-ndvi/data/tiffs_historic_v7_compr/20251205_historic_mask.tiff
Created /mnt/data1/UniBe-swiss-ndvi/data/tiffs_historic_v7_compr/20251206_historic.tiff
Created /mnt/data1/UniBe-swiss-ndvi/data/tiffs_historic_v7_compr/20251206_historic_mask.tiff
Created /mnt/data1/UniBe-swiss-ndvi/data/tiffs_historic_v7_compr/20251207_historic.tiff
Created /mnt/data1/UniBe-swiss-ndvi/data/tiffs_historic_v7_compr/20251207_historic_mask.tiff
Created /mnt/data1/UniBe-swiss-ndvi/data/tiffs_historic_v7_compr/20251208_historic.tiff
Created /mnt/data1/UniBe-swiss-ndvi/data/tiffs_historic_v7_compr/20251208_historic_mask.tiff
Created /mnt/data1/UniBe-swiss-ndvi/data/tiffs_historic_v7_compr/20251209_historic.tiff
Created /mnt/data1/UniBe-swiss-ndvi/data/tiffs_historic_v7_compr/20251209_historic_mask.tiff
Created /mnt/data1/UniBe-swiss-ndvi/data/tiffs_historic_v7_compr/20251210_historic.tiff
Created /mnt/data1/UniBe-swiss-ndvi/data/tiffs_historic_v7_compr/20251210_historic_mask.tiff
Created /mnt/data1/UniBe-swiss-ndvi/data/tiffs_historic_v7_compr/20251211_historic.tiff
Created /mnt/data1/UniBe-swiss-ndvi/data/tiffs_historic_v7_compr/20251211_historic_mask.tiff
Created /mnt/data1/UniBe-swiss-ndvi/data/tiffs_historic_v7_compr/20251212_historic.tiff
Created /mnt/data1/UniBe-swiss-ndvi/data/tiffs_historic_v7_compr/20251212_historic_mask.tiff
Created /mnt/data1/UniBe-swiss-ndvi/data/tiffs_historic_v7_compr/20251213_historic.tiff
Created /mnt/data1/UniBe-swiss-ndvi/data/tiffs_historic_v7_compr/20251213_historic_mask.tiff
Created /mnt/data1/UniBe-swiss-ndvi/data/tiffs_historic_v7_compr/20251214_historic.tiff
Created /mnt/data1/UniBe-swiss-ndvi/data/tiffs_historic_v7_compr/20251214_historic_mask.tiff
Created /mnt/data1/UniBe-swiss-ndvi/data/tiffs_historic_v7_compr/20251215_historic.tiff
Created /mnt/data1/UniBe-swiss-ndvi/data/tiffs_historic_v7_compr/20251215_historic_mask.tiff
Created /mnt/data1/UniBe-swiss-ndvi/data/tiffs_historic_v7_compr/20251216_historic.tiff
Created /mnt/data1/UniBe-swiss-ndvi/data/tiffs_historic_v7_compr/20251216_historic_mask.tiff
Created /mnt/data1/UniBe-swiss-ndvi/data/tiffs_historic_v7_compr/20251217_historic.tiff
Created /mnt/data1/UniBe-swiss-ndvi/data/tiffs_historic_v7_compr/20251217_historic_mask.tiff
Created /mnt/data1/UniBe-swiss-ndvi/data/tiffs_historic_v7_compr/20251218_historic.tiff
Created /mnt/data1/UniBe-swiss-ndvi/data/tiffs_historic_v7_compr/20251218_historic_mask.tiff
Created /mnt/data1/UniBe-swiss-ndvi/data/tiffs_historic_v7_compr/20251219_historic.tiff
Created /mnt/data1/UniBe-swiss-ndvi/data/tiffs_historic_v7_compr/20251219_historic_mask.tiff
Created /mnt/data1/UniBe-swiss-ndvi/data/tiffs_historic_v7_compr/20251220_historic.tiff
Created /mnt/data1/UniBe-swiss-ndvi/data/tiffs_historic_v7_compr/20251220_historic_mask.tiff
Created /mnt/data1/UniBe-swiss-ndvi/data/tiffs_historic_v7_compr/20251221_historic.tiff
Created /mnt/data1/UniBe-swiss-ndvi/data/tiffs_historic_v7_compr/20251221_historic_mask.tiff
Created /mnt/data1/UniBe-swiss-ndvi/data/tiffs_historic_v7_compr/20251222_historic.tiff
Created /mnt/data1/UniBe-swiss-ndvi/data/tiffs_historic_v7_compr/20251222_historic_mask.tiff
Created /mnt/data1/UniBe-swiss-ndvi/data/tiffs_historic_v7_compr/20251223_historic.tiff
Created /mnt/data1/UniBe-swiss-ndvi/data/tiffs_historic_v7_compr/20251223_historic_mask.tiff
Created /mnt/data1/UniBe-swiss-ndvi/data/tiffs_historic_v7_compr/20251224_historic.tiff
Created /mnt/data1/UniBe-swiss-ndvi/data/tiffs_historic_v7_compr/20251224_historic_mask.tiff
Created /mnt/data1/UniBe-swiss-ndvi/data/tiffs_historic_v7_compr/20251225_historic.tiff
Created /mnt/data1/UniBe-swiss-ndvi/data/tiffs_historic_v7_compr/20251225_historic_mask.tiff
Created /mnt/data1/UniBe-swiss-ndvi/data/tiffs_historic_v7_compr/20251226_historic.tiff
Created /mnt/data1/UniBe-swiss-ndvi/data/tiffs_historic_v7_compr/20251226_historic_mask.tiff
Created /mnt/data1/UniBe-swiss-ndvi/data/tiffs_historic_v7_compr/20251227_historic.tiff
Created /mnt/data1/UniBe-swiss-ndvi/data/tiffs_historic_v7_compr/20251227_historic_mask.tiff
Created /mnt/data1/UniBe-swiss-ndvi/data/tiffs_historic_v7_compr/20251228_historic.tiff
Created /mnt/data1/UniBe-swiss-ndvi/data/tiffs_historic_v7_compr/20251228_historic_mask.tiff
Created /mnt/data1/UniBe-swiss-ndvi/data/tiffs_historic_v7_compr/20251229_historic.tiff
Created /mnt/data1/UniBe-swiss-ndvi/data/tiffs_historic_v7_compr/20251229_historic_mask.tiff
Created /mnt/data1/UniBe-swiss-ndvi/data/tiffs_historic_v7_compr/20251230_historic.tiff
Created /mnt/data1/UniBe-swiss-ndvi/data/tiffs_historic_v7_compr/20251230_historic_mask.tiff
Created /mnt/data1/UniBe-swiss-ndvi/data/tiffs_historic_v7_compr/20251231_historic.tiff
Created /mnt/data1/UniBe-swiss-ndvi/data/tiffs_historic_v7_compr/20251231_historic_mask.tiff
0_1_run_historic_analysis.sh: line 156: dates: command not found
[ERROR] Script failed: N/A | Time: Tue Apr  7 11:55:14 UTC 2026
