Virtual environment activated
Python executable: /home/Shared/UniBe-swiss-ndvi/GitHub/swiss-ndvi-processing/.venv/bin/python
Python version: Python 3.12.3

2017-04-01
2025-11-30
Current commit:
5489b0ee1fee095bf83a9f4bbc5b9240e3c0afd0

Commit details:
* 5489b0e (HEAD -> setup-tunder-FB) Avoid intermediate storage (it did not improve performance for 1000 pixels)
* 920ba13 Close client cleanly, by using with Client(...) as client:
* 8d4a893 Drop NDSI earlier, delay the date=-1 rechunking just before apply_ufunc() and remove dask_gufunc_kwargs allow_rechunk
* b6101ab (origin/setup-tunder-FB) Stash of untracked changes
| *-.   127fce5 (refs/stash) On setup-tunder-FB: Stash of untracked changes
| |\ \  
| | | * 4cbe2d3 untracked files on setup-tunder-FB: 18c169d cleaning up
| | * dad8f36 index on setup-tunder-FB: 18c169d cleaning up
| |/  
| * 18c169d cleaning up
|/  
* 7a9b2db Update historical processing
* 47a0a36 Streamline historical_ndvi() in 2_historical_ndvi_test.py

Working tree status:
On branch setup-tunder-FB
Your branch is ahead of 'origin/setup-tunder-FB' by 3 commits.
  (use "git push" to publish your local commits)

Changes not staged for commit:
  (use "git add <file>..." to update what will be committed)
  (use "git restore <file>..." to discard changes in working directory)
	modified:   2_historical_ndvi_test.py

no changes added to commit (use "git add" and/or "git commit -a")

============================================================
Historic processing started at: 2026-04-06 21:48:50
Log file: /home/Shared/UniBe-swiss-ndvi/GitHub/swiss-ndvi-processing/logs/historic_analysis_2026-04-06_21h48m50.log
============================================================

Running: with arguments: 2017-04-01 2025-11-30
------------------------------------------------------------
------------------------------------------------------------
Running: /home/Shared/UniBe-swiss-ndvi/GitHub/swiss-ndvi-processing/workflow_implementation/MS1_script_for_historical_NDVI/new_historical_processing/1_download_satellite_images.py
Start time: 2026-04-06 21:48:50
Finished: /home/Shared/UniBe-swiss-ndvi/GitHub/swiss-ndvi-processing/workflow_implementation/MS1_script_for_historical_NDVI/new_historical_processing/1_download_satellite_images.py
Duration: 00:00:00 (hh:mm:ss)
Download script returned value: /mnt/data2/UniBe-swiss-ndvi/historic_data/tmp_2026-04-04_18h16_ndvi_01_downloaded_2017-01-01_2025-12-31.zarr

------------------------------------------------------------
Running: /home/Shared/UniBe-swiss-ndvi/GitHub/swiss-ndvi-processing/workflow_implementation/MS1_script_for_historical_NDVI/new_historical_processing/2_historical_ndvi_test.py
Start time: 2026-04-06 21:48:50
2026-04-06 21:48:53,446 - distributed.nanny - ERROR - Failed to start process
Traceback (most recent call last):
  File "/home/Shared/UniBe-swiss-ndvi/GitHub/swiss-ndvi-processing/.venv/lib/python3.12/site-packages/distributed/nanny.py", line 452, in instantiate
    result = await self.process.start()
             ^^^^^^^^^^^^^^^^^^^^^^^^^^
  File "/home/Shared/UniBe-swiss-ndvi/GitHub/swiss-ndvi-processing/.venv/lib/python3.12/site-packages/distributed/nanny.py", line 724, in start
    self.process = AsyncProcess(
                   ^^^^^^^^^^^^^
  File "/home/Shared/UniBe-swiss-ndvi/GitHub/swiss-ndvi-processing/.venv/lib/python3.12/site-packages/distributed/process.py", line 95, in __init__
    parent_alive_pipe, self._keep_child_alive = get_mp_context().Pipe(duplex=False)
                                                ^^^^^^^^^^^^^^^^^^^^^^^^^^^^^^^^^^^
  File "/usr/lib/python3.12/multiprocessing/context.py", line 63, in Pipe
    return Pipe(duplex)
           ^^^^^^^^^^^^
  File "/usr/lib/python3.12/multiprocessing/connection.py", line 544, in Pipe
    fd1, fd2 = os.pipe()
               ^^^^^^^^^
OSError: [Errno 24] Too many open files
2026-04-06 21:48:53,459 - distributed.nanny - ERROR - Failed to start process
Traceback (most recent call last):
  File "/home/Shared/UniBe-swiss-ndvi/GitHub/swiss-ndvi-processing/.venv/lib/python3.12/site-packages/distributed/nanny.py", line 452, in instantiate
    result = await self.process.start()
             ^^^^^^^^^^^^^^^^^^^^^^^^^^
  File "/home/Shared/UniBe-swiss-ndvi/GitHub/swiss-ndvi-processing/.venv/lib/python3.12/site-packages/distributed/nanny.py", line 714, in start
    self.child_stop_q = mp_ctx.Queue()
                        ^^^^^^^^^^^^^^
  File "/usr/lib/python3.12/multiprocessing/context.py", line 103, in Queue
    return Queue(maxsize, ctx=self.get_context())
           ^^^^^^^^^^^^^^^^^^^^^^^^^^^^^^^^^^^^^^
  File "/usr/lib/python3.12/multiprocessing/queues.py", line 42, in __init__
    self._reader, self._writer = connection.Pipe(duplex=False)
                                 ^^^^^^^^^^^^^^^^^^^^^^^^^^^^^
  File "/usr/lib/python3.12/multiprocessing/connection.py", line 544, in Pipe
    fd1, fd2 = os.pipe()
               ^^^^^^^^^
OSError: [Errno 24] Too many open files
2026-04-06 21:48:53,466 - distributed.nanny - ERROR - Failed to start process
Traceback (most recent call last):
  File "/home/Shared/UniBe-swiss-ndvi/GitHub/swiss-ndvi-processing/.venv/lib/python3.12/site-packages/distributed/nanny.py", line 452, in instantiate
    result = await self.process.start()
             ^^^^^^^^^^^^^^^^^^^^^^^^^^
  File "/home/Shared/UniBe-swiss-ndvi/GitHub/swiss-ndvi-processing/.venv/lib/python3.12/site-packages/distributed/nanny.py", line 713, in start
    self.init_result_q = mp_ctx.Queue()
                         ^^^^^^^^^^^^^^
  File "/usr/lib/python3.12/multiprocessing/context.py", line 103, in Queue
    return Queue(maxsize, ctx=self.get_context())
           ^^^^^^^^^^^^^^^^^^^^^^^^^^^^^^^^^^^^^^
  File "/usr/lib/python3.12/multiprocessing/queues.py", line 43, in __init__
    self._rlock = ctx.Lock()
                  ^^^^^^^^^^
  File "/usr/lib/python3.12/multiprocessing/context.py", line 68, in Lock
    return Lock(ctx=self.get_context())
           ^^^^^^^^^^^^^^^^^^^^^^^^^^^^
  File "/usr/lib/python3.12/multiprocessing/synchronize.py", line 169, in __init__
  File "/usr/lib/python3.12/multiprocessing/synchronize.py", line 57, in __init__
OSError: [Errno 24] Too many open files
2026-04-06 21:48:53,468 - distributed.nanny - ERROR - Failed to start process
Traceback (most recent call last):
  File "/home/Shared/UniBe-swiss-ndvi/GitHub/swiss-ndvi-processing/.venv/lib/python3.12/site-packages/distributed/nanny.py", line 452, in instantiate
    result = await self.process.start()
             ^^^^^^^^^^^^^^^^^^^^^^^^^^
  File "/home/Shared/UniBe-swiss-ndvi/GitHub/swiss-ndvi-processing/.venv/lib/python3.12/site-packages/distributed/nanny.py", line 713, in start
    self.init_result_q = mp_ctx.Queue()
                         ^^^^^^^^^^^^^^
  File "/usr/lib/python3.12/multiprocessing/context.py", line 103, in Queue
    return Queue(maxsize, ctx=self.get_context())
           ^^^^^^^^^^^^^^^^^^^^^^^^^^^^^^^^^^^^^^
  File "/usr/lib/python3.12/multiprocessing/queues.py", line 42, in __init__
    self._reader, self._writer = connection.Pipe(duplex=False)
                                 ^^^^^^^^^^^^^^^^^^^^^^^^^^^^^
  File "/usr/lib/python3.12/multiprocessing/connection.py", line 544, in Pipe
    fd1, fd2 = os.pipe()
               ^^^^^^^^^
OSError: [Errno 24] Too many open files
2026-04-06 21:48:53,469 - distributed.nanny - ERROR - Failed to start process
Traceback (most recent call last):
  File "/home/Shared/UniBe-swiss-ndvi/GitHub/swiss-ndvi-processing/.venv/lib/python3.12/site-packages/distributed/nanny.py", line 452, in instantiate
    result = await self.process.start()
             ^^^^^^^^^^^^^^^^^^^^^^^^^^
  File "/home/Shared/UniBe-swiss-ndvi/GitHub/swiss-ndvi-processing/.venv/lib/python3.12/site-packages/distributed/nanny.py", line 713, in start
    self.init_result_q = mp_ctx.Queue()
                         ^^^^^^^^^^^^^^
  File "/usr/lib/python3.12/multiprocessing/context.py", line 103, in Queue
    return Queue(maxsize, ctx=self.get_context())
           ^^^^^^^^^^^^^^^^^^^^^^^^^^^^^^^^^^^^^^
  File "/usr/lib/python3.12/multiprocessing/queues.py", line 43, in __init__
    self._rlock = ctx.Lock()
                  ^^^^^^^^^^
  File "/usr/lib/python3.12/multiprocessing/context.py", line 68, in Lock
    return Lock(ctx=self.get_context())
           ^^^^^^^^^^^^^^^^^^^^^^^^^^^^
  File "/usr/lib/python3.12/multiprocessing/synchronize.py", line 169, in __init__
  File "/usr/lib/python3.12/multiprocessing/synchronize.py", line 57, in __init__
OSError: [Errno 24] Too many open files
2026-04-06 21:48:53,471 - distributed.nanny - ERROR - Failed to start process
Traceback (most recent call last):
  File "/home/Shared/UniBe-swiss-ndvi/GitHub/swiss-ndvi-processing/.venv/lib/python3.12/site-packages/distributed/nanny.py", line 452, in instantiate
    result = await self.process.start()
             ^^^^^^^^^^^^^^^^^^^^^^^^^^
  File "/home/Shared/UniBe-swiss-ndvi/GitHub/swiss-ndvi-processing/.venv/lib/python3.12/site-packages/distributed/nanny.py", line 713, in start
    self.init_result_q = mp_ctx.Queue()
                         ^^^^^^^^^^^^^^
  File "/usr/lib/python3.12/multiprocessing/context.py", line 103, in Queue
    return Queue(maxsize, ctx=self.get_context())
           ^^^^^^^^^^^^^^^^^^^^^^^^^^^^^^^^^^^^^^
  File "/usr/lib/python3.12/multiprocessing/queues.py", line 42, in __init__
    self._reader, self._writer = connection.Pipe(duplex=False)
                                 ^^^^^^^^^^^^^^^^^^^^^^^^^^^^^
  File "/usr/lib/python3.12/multiprocessing/connection.py", line 544, in Pipe
    fd1, fd2 = os.pipe()
               ^^^^^^^^^
OSError: [Errno 24] Too many open files
2026-04-06 21:48:53,472 - distributed.nanny - ERROR - Failed to start process
Traceback (most recent call last):
  File "/home/Shared/UniBe-swiss-ndvi/GitHub/swiss-ndvi-processing/.venv/lib/python3.12/site-packages/distributed/nanny.py", line 452, in instantiate
    result = await self.process.start()
             ^^^^^^^^^^^^^^^^^^^^^^^^^^
  File "/home/Shared/UniBe-swiss-ndvi/GitHub/swiss-ndvi-processing/.venv/lib/python3.12/site-packages/distributed/nanny.py", line 713, in start
    self.init_result_q = mp_ctx.Queue()
                         ^^^^^^^^^^^^^^
  File "/usr/lib/python3.12/multiprocessing/context.py", line 103, in Queue
    return Queue(maxsize, ctx=self.get_context())
           ^^^^^^^^^^^^^^^^^^^^^^^^^^^^^^^^^^^^^^
  File "/usr/lib/python3.12/multiprocessing/queues.py", line 43, in __init__
    self._rlock = ctx.Lock()
                  ^^^^^^^^^^
  File "/usr/lib/python3.12/multiprocessing/context.py", line 68, in Lock
    return Lock(ctx=self.get_context())
           ^^^^^^^^^^^^^^^^^^^^^^^^^^^^
  File "/usr/lib/python3.12/multiprocessing/synchronize.py", line 169, in __init__
  File "/usr/lib/python3.12/multiprocessing/synchronize.py", line 57, in __init__
OSError: [Errno 24] Too many open files
2026-04-06 21:48:53,473 - distributed.nanny - ERROR - Failed to start process
Traceback (most recent call last):
  File "/home/Shared/UniBe-swiss-ndvi/GitHub/swiss-ndvi-processing/.venv/lib/python3.12/site-packages/distributed/nanny.py", line 452, in instantiate
    result = await self.process.start()
             ^^^^^^^^^^^^^^^^^^^^^^^^^^
  File "/home/Shared/UniBe-swiss-ndvi/GitHub/swiss-ndvi-processing/.venv/lib/python3.12/site-packages/distributed/nanny.py", line 713, in start
    self.init_result_q = mp_ctx.Queue()
                         ^^^^^^^^^^^^^^
  File "/usr/lib/python3.12/multiprocessing/context.py", line 103, in Queue
    return Queue(maxsize, ctx=self.get_context())
           ^^^^^^^^^^^^^^^^^^^^^^^^^^^^^^^^^^^^^^
  File "/usr/lib/python3.12/multiprocessing/queues.py", line 42, in __init__
    self._reader, self._writer = connection.Pipe(duplex=False)
                                 ^^^^^^^^^^^^^^^^^^^^^^^^^^^^^
  File "/usr/lib/python3.12/multiprocessing/connection.py", line 544, in Pipe
    fd1, fd2 = os.pipe()
               ^^^^^^^^^
OSError: [Errno 24] Too many open files
2026-04-06 21:48:53,475 - distributed.nanny - ERROR - Failed to start process
Traceback (most recent call last):
  File "/home/Shared/UniBe-swiss-ndvi/GitHub/swiss-ndvi-processing/.venv/lib/python3.12/site-packages/distributed/nanny.py", line 452, in instantiate
    result = await self.process.start()
             ^^^^^^^^^^^^^^^^^^^^^^^^^^
  File "/home/Shared/UniBe-swiss-ndvi/GitHub/swiss-ndvi-processing/.venv/lib/python3.12/site-packages/distributed/nanny.py", line 713, in start
    self.init_result_q = mp_ctx.Queue()
                         ^^^^^^^^^^^^^^
  File "/usr/lib/python3.12/multiprocessing/context.py", line 103, in Queue
    return Queue(maxsize, ctx=self.get_context())
           ^^^^^^^^^^^^^^^^^^^^^^^^^^^^^^^^^^^^^^
  File "/usr/lib/python3.12/multiprocessing/queues.py", line 43, in __init__
    self._rlock = ctx.Lock()
                  ^^^^^^^^^^
  File "/usr/lib/python3.12/multiprocessing/context.py", line 68, in Lock
    return Lock(ctx=self.get_context())
           ^^^^^^^^^^^^^^^^^^^^^^^^^^^^
  File "/usr/lib/python3.12/multiprocessing/synchronize.py", line 169, in __init__
  File "/usr/lib/python3.12/multiprocessing/synchronize.py", line 57, in __init__
OSError: [Errno 24] Too many open files
2026-04-06 21:48:53,476 - distributed.nanny - ERROR - Failed to start process
Traceback (most recent call last):
  File "/home/Shared/UniBe-swiss-ndvi/GitHub/swiss-ndvi-processing/.venv/lib/python3.12/site-packages/distributed/nanny.py", line 452, in instantiate
    result = await self.process.start()
             ^^^^^^^^^^^^^^^^^^^^^^^^^^
  File "/home/Shared/UniBe-swiss-ndvi/GitHub/swiss-ndvi-processing/.venv/lib/python3.12/site-packages/distributed/nanny.py", line 713, in start
    self.init_result_q = mp_ctx.Queue()
                         ^^^^^^^^^^^^^^
  File "/usr/lib/python3.12/multiprocessing/context.py", line 103, in Queue
    return Queue(maxsize, ctx=self.get_context())
           ^^^^^^^^^^^^^^^^^^^^^^^^^^^^^^^^^^^^^^
  File "/usr/lib/python3.12/multiprocessing/queues.py", line 42, in __init__
    self._reader, self._writer = connection.Pipe(duplex=False)
                                 ^^^^^^^^^^^^^^^^^^^^^^^^^^^^^
  File "/usr/lib/python3.12/multiprocessing/connection.py", line 544, in Pipe
    fd1, fd2 = os.pipe()
               ^^^^^^^^^
OSError: [Errno 24] Too many open files
2026-04-06 21:48:53,477 - distributed.nanny - ERROR - Failed to start process
Traceback (most recent call last):
  File "/home/Shared/UniBe-swiss-ndvi/GitHub/swiss-ndvi-processing/.venv/lib/python3.12/site-packages/distributed/nanny.py", line 452, in instantiate
    result = await self.process.start()
             ^^^^^^^^^^^^^^^^^^^^^^^^^^
  File "/home/Shared/UniBe-swiss-ndvi/GitHub/swiss-ndvi-processing/.venv/lib/python3.12/site-packages/distributed/nanny.py", line 713, in start
    self.init_result_q = mp_ctx.Queue()
                         ^^^^^^^^^^^^^^
  File "/usr/lib/python3.12/multiprocessing/context.py", line 103, in Queue
    return Queue(maxsize, ctx=self.get_context())
           ^^^^^^^^^^^^^^^^^^^^^^^^^^^^^^^^^^^^^^
  File "/usr/lib/python3.12/multiprocessing/queues.py", line 43, in __init__
    self._rlock = ctx.Lock()
                  ^^^^^^^^^^
  File "/usr/lib/python3.12/multiprocessing/context.py", line 68, in Lock
    return Lock(ctx=self.get_context())
           ^^^^^^^^^^^^^^^^^^^^^^^^^^^^
  File "/usr/lib/python3.12/multiprocessing/synchronize.py", line 169, in __init__
  File "/usr/lib/python3.12/multiprocessing/synchronize.py", line 57, in __init__
OSError: [Errno 24] Too many open files
2026-04-06 21:48:53,478 - distributed.nanny - ERROR - Failed to start process
Traceback (most recent call last):
  File "/home/Shared/UniBe-swiss-ndvi/GitHub/swiss-ndvi-processing/.venv/lib/python3.12/site-packages/distributed/nanny.py", line 452, in instantiate
    result = await self.process.start()
             ^^^^^^^^^^^^^^^^^^^^^^^^^^
  File "/home/Shared/UniBe-swiss-ndvi/GitHub/swiss-ndvi-processing/.venv/lib/python3.12/site-packages/distributed/nanny.py", line 713, in start
    self.init_result_q = mp_ctx.Queue()
                         ^^^^^^^^^^^^^^
  File "/usr/lib/python3.12/multiprocessing/context.py", line 103, in Queue
    return Queue(maxsize, ctx=self.get_context())
           ^^^^^^^^^^^^^^^^^^^^^^^^^^^^^^^^^^^^^^
  File "/usr/lib/python3.12/multiprocessing/queues.py", line 42, in __init__
    self._reader, self._writer = connection.Pipe(duplex=False)
                                 ^^^^^^^^^^^^^^^^^^^^^^^^^^^^^
  File "/usr/lib/python3.12/multiprocessing/connection.py", line 544, in Pipe
    fd1, fd2 = os.pipe()
               ^^^^^^^^^
OSError: [Errno 24] Too many open files
2026-04-06 21:48:53,479 - distributed.nanny - ERROR - Failed to start process
Traceback (most recent call last):
  File "/home/Shared/UniBe-swiss-ndvi/GitHub/swiss-ndvi-processing/.venv/lib/python3.12/site-packages/distributed/nanny.py", line 452, in instantiate
    result = await self.process.start()
             ^^^^^^^^^^^^^^^^^^^^^^^^^^
  File "/home/Shared/UniBe-swiss-ndvi/GitHub/swiss-ndvi-processing/.venv/lib/python3.12/site-packages/distributed/nanny.py", line 713, in start
    self.init_result_q = mp_ctx.Queue()
                         ^^^^^^^^^^^^^^
  File "/usr/lib/python3.12/multiprocessing/context.py", line 103, in Queue
    return Queue(maxsize, ctx=self.get_context())
           ^^^^^^^^^^^^^^^^^^^^^^^^^^^^^^^^^^^^^^
  File "/usr/lib/python3.12/multiprocessing/queues.py", line 43, in __init__
    self._rlock = ctx.Lock()
                  ^^^^^^^^^^
  File "/usr/lib/python3.12/multiprocessing/context.py", line 68, in Lock
    return Lock(ctx=self.get_context())
           ^^^^^^^^^^^^^^^^^^^^^^^^^^^^
  File "/usr/lib/python3.12/multiprocessing/synchronize.py", line 169, in __init__
  File "/usr/lib/python3.12/multiprocessing/synchronize.py", line 57, in __init__
OSError: [Errno 24] Too many open files
2026-04-06 21:48:53,480 - distributed.nanny - ERROR - Failed to start process
Traceback (most recent call last):
  File "/home/Shared/UniBe-swiss-ndvi/GitHub/swiss-ndvi-processing/.venv/lib/python3.12/site-packages/distributed/nanny.py", line 452, in instantiate
    result = await self.process.start()
             ^^^^^^^^^^^^^^^^^^^^^^^^^^
  File "/home/Shared/UniBe-swiss-ndvi/GitHub/swiss-ndvi-processing/.venv/lib/python3.12/site-packages/distributed/nanny.py", line 713, in start
    self.init_result_q = mp_ctx.Queue()
                         ^^^^^^^^^^^^^^
  File "/usr/lib/python3.12/multiprocessing/context.py", line 103, in Queue
    return Queue(maxsize, ctx=self.get_context())
           ^^^^^^^^^^^^^^^^^^^^^^^^^^^^^^^^^^^^^^
  File "/usr/lib/python3.12/multiprocessing/queues.py", line 42, in __init__
    self._reader, self._writer = connection.Pipe(duplex=False)
                                 ^^^^^^^^^^^^^^^^^^^^^^^^^^^^^
  File "/usr/lib/python3.12/multiprocessing/connection.py", line 544, in Pipe
    fd1, fd2 = os.pipe()
               ^^^^^^^^^
OSError: [Errno 24] Too many open files
2026-04-06 21:48:53,481 - distributed.nanny - ERROR - Failed to start process
Traceback (most recent call last):
  File "/home/Shared/UniBe-swiss-ndvi/GitHub/swiss-ndvi-processing/.venv/lib/python3.12/site-packages/distributed/nanny.py", line 452, in instantiate
    result = await self.process.start()
             ^^^^^^^^^^^^^^^^^^^^^^^^^^
  File "/home/Shared/UniBe-swiss-ndvi/GitHub/swiss-ndvi-processing/.venv/lib/python3.12/site-packages/distributed/nanny.py", line 713, in start
    self.init_result_q = mp_ctx.Queue()
                         ^^^^^^^^^^^^^^
  File "/usr/lib/python3.12/multiprocessing/context.py", line 103, in Queue
    return Queue(maxsize, ctx=self.get_context())
           ^^^^^^^^^^^^^^^^^^^^^^^^^^^^^^^^^^^^^^
  File "/usr/lib/python3.12/multiprocessing/queues.py", line 43, in __init__
    self._rlock = ctx.Lock()
                  ^^^^^^^^^^
  File "/usr/lib/python3.12/multiprocessing/context.py", line 68, in Lock
    return Lock(ctx=self.get_context())
           ^^^^^^^^^^^^^^^^^^^^^^^^^^^^
  File "/usr/lib/python3.12/multiprocessing/synchronize.py", line 169, in __init__
  File "/usr/lib/python3.12/multiprocessing/synchronize.py", line 57, in __init__
OSError: [Errno 24] Too many open files
2026-04-06 21:48:53,482 - distributed.nanny - ERROR - Failed to start process
Traceback (most recent call last):
  File "/home/Shared/UniBe-swiss-ndvi/GitHub/swiss-ndvi-processing/.venv/lib/python3.12/site-packages/distributed/nanny.py", line 452, in instantiate
    result = await self.process.start()
             ^^^^^^^^^^^^^^^^^^^^^^^^^^
  File "/home/Shared/UniBe-swiss-ndvi/GitHub/swiss-ndvi-processing/.venv/lib/python3.12/site-packages/distributed/nanny.py", line 713, in start
    self.init_result_q = mp_ctx.Queue()
                         ^^^^^^^^^^^^^^
  File "/usr/lib/python3.12/multiprocessing/context.py", line 103, in Queue
    return Queue(maxsize, ctx=self.get_context())
           ^^^^^^^^^^^^^^^^^^^^^^^^^^^^^^^^^^^^^^
  File "/usr/lib/python3.12/multiprocessing/queues.py", line 42, in __init__
    self._reader, self._writer = connection.Pipe(duplex=False)
                                 ^^^^^^^^^^^^^^^^^^^^^^^^^^^^^
  File "/usr/lib/python3.12/multiprocessing/connection.py", line 544, in Pipe
    fd1, fd2 = os.pipe()
               ^^^^^^^^^
OSError: [Errno 24] Too many open files
2026-04-06 21:48:53,483 - distributed.nanny - ERROR - Failed to start process
Traceback (most recent call last):
  File "/home/Shared/UniBe-swiss-ndvi/GitHub/swiss-ndvi-processing/.venv/lib/python3.12/site-packages/distributed/nanny.py", line 452, in instantiate
    result = await self.process.start()
             ^^^^^^^^^^^^^^^^^^^^^^^^^^
  File "/home/Shared/UniBe-swiss-ndvi/GitHub/swiss-ndvi-processing/.venv/lib/python3.12/site-packages/distributed/nanny.py", line 713, in start
    self.init_result_q = mp_ctx.Queue()
                         ^^^^^^^^^^^^^^
  File "/usr/lib/python3.12/multiprocessing/context.py", line 103, in Queue
    return Queue(maxsize, ctx=self.get_context())
           ^^^^^^^^^^^^^^^^^^^^^^^^^^^^^^^^^^^^^^
  File "/usr/lib/python3.12/multiprocessing/queues.py", line 43, in __init__
    self._rlock = ctx.Lock()
                  ^^^^^^^^^^
  File "/usr/lib/python3.12/multiprocessing/context.py", line 68, in Lock
    return Lock(ctx=self.get_context())
           ^^^^^^^^^^^^^^^^^^^^^^^^^^^^
  File "/usr/lib/python3.12/multiprocessing/synchronize.py", line 169, in __init__
  File "/usr/lib/python3.12/multiprocessing/synchronize.py", line 57, in __init__
OSError: [Errno 24] Too many open files
2026-04-06 21:48:53,484 - distributed.nanny - ERROR - Failed to start process
Traceback (most recent call last):
  File "/home/Shared/UniBe-swiss-ndvi/GitHub/swiss-ndvi-processing/.venv/lib/python3.12/site-packages/distributed/nanny.py", line 452, in instantiate
    result = await self.process.start()
             ^^^^^^^^^^^^^^^^^^^^^^^^^^
  File "/home/Shared/UniBe-swiss-ndvi/GitHub/swiss-ndvi-processing/.venv/lib/python3.12/site-packages/distributed/nanny.py", line 713, in start
    self.init_result_q = mp_ctx.Queue()
                         ^^^^^^^^^^^^^^
  File "/usr/lib/python3.12/multiprocessing/context.py", line 103, in Queue
    return Queue(maxsize, ctx=self.get_context())
           ^^^^^^^^^^^^^^^^^^^^^^^^^^^^^^^^^^^^^^
  File "/usr/lib/python3.12/multiprocessing/queues.py", line 42, in __init__
    self._reader, self._writer = connection.Pipe(duplex=False)
                                 ^^^^^^^^^^^^^^^^^^^^^^^^^^^^^
  File "/usr/lib/python3.12/multiprocessing/connection.py", line 544, in Pipe
    fd1, fd2 = os.pipe()
               ^^^^^^^^^
OSError: [Errno 24] Too many open files
2026-04-06 21:48:53,487 - distributed.nanny - ERROR - Failed to start process
Traceback (most recent call last):
  File "/home/Shared/UniBe-swiss-ndvi/GitHub/swiss-ndvi-processing/.venv/lib/python3.12/site-packages/distributed/nanny.py", line 452, in instantiate
    result = await self.process.start()
             ^^^^^^^^^^^^^^^^^^^^^^^^^^
  File "/home/Shared/UniBe-swiss-ndvi/GitHub/swiss-ndvi-processing/.venv/lib/python3.12/site-packages/distributed/nanny.py", line 713, in start
    self.init_result_q = mp_ctx.Queue()
                         ^^^^^^^^^^^^^^
  File "/usr/lib/python3.12/multiprocessing/context.py", line 103, in Queue
    return Queue(maxsize, ctx=self.get_context())
           ^^^^^^^^^^^^^^^^^^^^^^^^^^^^^^^^^^^^^^
  File "/usr/lib/python3.12/multiprocessing/queues.py", line 43, in __init__
    self._rlock = ctx.Lock()
                  ^^^^^^^^^^
  File "/usr/lib/python3.12/multiprocessing/context.py", line 68, in Lock
    return Lock(ctx=self.get_context())
           ^^^^^^^^^^^^^^^^^^^^^^^^^^^^
  File "/usr/lib/python3.12/multiprocessing/synchronize.py", line 169, in __init__
  File "/usr/lib/python3.12/multiprocessing/synchronize.py", line 57, in __init__
OSError: [Errno 24] Too many open files
2026-04-06 21:48:53,488 - distributed.nanny - ERROR - Failed to start process
Traceback (most recent call last):
  File "/home/Shared/UniBe-swiss-ndvi/GitHub/swiss-ndvi-processing/.venv/lib/python3.12/site-packages/distributed/nanny.py", line 452, in instantiate
    result = await self.process.start()
             ^^^^^^^^^^^^^^^^^^^^^^^^^^
  File "/home/Shared/UniBe-swiss-ndvi/GitHub/swiss-ndvi-processing/.venv/lib/python3.12/site-packages/distributed/nanny.py", line 713, in start
    self.init_result_q = mp_ctx.Queue()
                         ^^^^^^^^^^^^^^
  File "/usr/lib/python3.12/multiprocessing/context.py", line 103, in Queue
    return Queue(maxsize, ctx=self.get_context())
           ^^^^^^^^^^^^^^^^^^^^^^^^^^^^^^^^^^^^^^
  File "/usr/lib/python3.12/multiprocessing/queues.py", line 42, in __init__
    self._reader, self._writer = connection.Pipe(duplex=False)
                                 ^^^^^^^^^^^^^^^^^^^^^^^^^^^^^
  File "/usr/lib/python3.12/multiprocessing/connection.py", line 544, in Pipe
    fd1, fd2 = os.pipe()
               ^^^^^^^^^
OSError: [Errno 24] Too many open files
2026-04-06 21:48:53,489 - distributed.nanny - ERROR - Failed to start process
Traceback (most recent call last):
  File "/home/Shared/UniBe-swiss-ndvi/GitHub/swiss-ndvi-processing/.venv/lib/python3.12/site-packages/distributed/nanny.py", line 452, in instantiate
    result = await self.process.start()
             ^^^^^^^^^^^^^^^^^^^^^^^^^^
  File "/home/Shared/UniBe-swiss-ndvi/GitHub/swiss-ndvi-processing/.venv/lib/python3.12/site-packages/distributed/nanny.py", line 713, in start
    self.init_result_q = mp_ctx.Queue()
                         ^^^^^^^^^^^^^^
  File "/usr/lib/python3.12/multiprocessing/context.py", line 103, in Queue
    return Queue(maxsize, ctx=self.get_context())
           ^^^^^^^^^^^^^^^^^^^^^^^^^^^^^^^^^^^^^^
  File "/usr/lib/python3.12/multiprocessing/queues.py", line 43, in __init__
    self._rlock = ctx.Lock()
                  ^^^^^^^^^^
  File "/usr/lib/python3.12/multiprocessing/context.py", line 68, in Lock
    return Lock(ctx=self.get_context())
           ^^^^^^^^^^^^^^^^^^^^^^^^^^^^
  File "/usr/lib/python3.12/multiprocessing/synchronize.py", line 169, in __init__
  File "/usr/lib/python3.12/multiprocessing/synchronize.py", line 57, in __init__
OSError: [Errno 24] Too many open files
2026-04-06 21:48:53,491 - distributed.nanny - ERROR - Failed to start process
Traceback (most recent call last):
  File "/home/Shared/UniBe-swiss-ndvi/GitHub/swiss-ndvi-processing/.venv/lib/python3.12/site-packages/distributed/nanny.py", line 452, in instantiate
    result = await self.process.start()
             ^^^^^^^^^^^^^^^^^^^^^^^^^^
  File "/home/Shared/UniBe-swiss-ndvi/GitHub/swiss-ndvi-processing/.venv/lib/python3.12/site-packages/distributed/nanny.py", line 713, in start
    self.init_result_q = mp_ctx.Queue()
                         ^^^^^^^^^^^^^^
  File "/usr/lib/python3.12/multiprocessing/context.py", line 103, in Queue
    return Queue(maxsize, ctx=self.get_context())
           ^^^^^^^^^^^^^^^^^^^^^^^^^^^^^^^^^^^^^^
  File "/usr/lib/python3.12/multiprocessing/queues.py", line 42, in __init__
    self._reader, self._writer = connection.Pipe(duplex=False)
                                 ^^^^^^^^^^^^^^^^^^^^^^^^^^^^^
  File "/usr/lib/python3.12/multiprocessing/connection.py", line 544, in Pipe
    fd1, fd2 = os.pipe()
               ^^^^^^^^^
OSError: [Errno 24] Too many open files
2026-04-06 21:48:53,492 - distributed.nanny - ERROR - Failed to start process
Traceback (most recent call last):
  File "/home/Shared/UniBe-swiss-ndvi/GitHub/swiss-ndvi-processing/.venv/lib/python3.12/site-packages/distributed/nanny.py", line 452, in instantiate
    result = await self.process.start()
             ^^^^^^^^^^^^^^^^^^^^^^^^^^
  File "/home/Shared/UniBe-swiss-ndvi/GitHub/swiss-ndvi-processing/.venv/lib/python3.12/site-packages/distributed/nanny.py", line 713, in start
    self.init_result_q = mp_ctx.Queue()
                         ^^^^^^^^^^^^^^
  File "/usr/lib/python3.12/multiprocessing/context.py", line 103, in Queue
    return Queue(maxsize, ctx=self.get_context())
           ^^^^^^^^^^^^^^^^^^^^^^^^^^^^^^^^^^^^^^
  File "/usr/lib/python3.12/multiprocessing/queues.py", line 43, in __init__
    self._rlock = ctx.Lock()
                  ^^^^^^^^^^
  File "/usr/lib/python3.12/multiprocessing/context.py", line 68, in Lock
    return Lock(ctx=self.get_context())
           ^^^^^^^^^^^^^^^^^^^^^^^^^^^^
  File "/usr/lib/python3.12/multiprocessing/synchronize.py", line 169, in __init__
  File "/usr/lib/python3.12/multiprocessing/synchronize.py", line 57, in __init__
OSError: [Errno 24] Too many open files
2026-04-06 21:48:53,493 - distributed.nanny - ERROR - Failed to start process
Traceback (most recent call last):
  File "/home/Shared/UniBe-swiss-ndvi/GitHub/swiss-ndvi-processing/.venv/lib/python3.12/site-packages/distributed/nanny.py", line 452, in instantiate
    result = await self.process.start()
             ^^^^^^^^^^^^^^^^^^^^^^^^^^
  File "/home/Shared/UniBe-swiss-ndvi/GitHub/swiss-ndvi-processing/.venv/lib/python3.12/site-packages/distributed/nanny.py", line 713, in start
    self.init_result_q = mp_ctx.Queue()
                         ^^^^^^^^^^^^^^
  File "/usr/lib/python3.12/multiprocessing/context.py", line 103, in Queue
    return Queue(maxsize, ctx=self.get_context())
           ^^^^^^^^^^^^^^^^^^^^^^^^^^^^^^^^^^^^^^
  File "/usr/lib/python3.12/multiprocessing/queues.py", line 42, in __init__
    self._reader, self._writer = connection.Pipe(duplex=False)
                                 ^^^^^^^^^^^^^^^^^^^^^^^^^^^^^
  File "/usr/lib/python3.12/multiprocessing/connection.py", line 544, in Pipe
    fd1, fd2 = os.pipe()
               ^^^^^^^^^
OSError: [Errno 24] Too many open files
2026-04-06 21:48:53,494 - distributed.nanny - ERROR - Failed to start process
Traceback (most recent call last):
  File "/home/Shared/UniBe-swiss-ndvi/GitHub/swiss-ndvi-processing/.venv/lib/python3.12/site-packages/distributed/nanny.py", line 452, in instantiate
    result = await self.process.start()
             ^^^^^^^^^^^^^^^^^^^^^^^^^^
  File "/home/Shared/UniBe-swiss-ndvi/GitHub/swiss-ndvi-processing/.venv/lib/python3.12/site-packages/distributed/nanny.py", line 713, in start
    self.init_result_q = mp_ctx.Queue()
                         ^^^^^^^^^^^^^^
  File "/usr/lib/python3.12/multiprocessing/context.py", line 103, in Queue
    return Queue(maxsize, ctx=self.get_context())
           ^^^^^^^^^^^^^^^^^^^^^^^^^^^^^^^^^^^^^^
  File "/usr/lib/python3.12/multiprocessing/queues.py", line 43, in __init__
    self._rlock = ctx.Lock()
                  ^^^^^^^^^^
  File "/usr/lib/python3.12/multiprocessing/context.py", line 68, in Lock
    return Lock(ctx=self.get_context())
           ^^^^^^^^^^^^^^^^^^^^^^^^^^^^
  File "/usr/lib/python3.12/multiprocessing/synchronize.py", line 169, in __init__
  File "/usr/lib/python3.12/multiprocessing/synchronize.py", line 57, in __init__
OSError: [Errno 24] Too many open files
2026-04-06 21:48:53,495 - distributed.nanny - ERROR - Failed to start process
Traceback (most recent call last):
  File "/home/Shared/UniBe-swiss-ndvi/GitHub/swiss-ndvi-processing/.venv/lib/python3.12/site-packages/distributed/nanny.py", line 452, in instantiate
    result = await self.process.start()
             ^^^^^^^^^^^^^^^^^^^^^^^^^^
  File "/home/Shared/UniBe-swiss-ndvi/GitHub/swiss-ndvi-processing/.venv/lib/python3.12/site-packages/distributed/nanny.py", line 713, in start
    self.init_result_q = mp_ctx.Queue()
                         ^^^^^^^^^^^^^^
  File "/usr/lib/python3.12/multiprocessing/context.py", line 103, in Queue
    return Queue(maxsize, ctx=self.get_context())
           ^^^^^^^^^^^^^^^^^^^^^^^^^^^^^^^^^^^^^^
  File "/usr/lib/python3.12/multiprocessing/queues.py", line 42, in __init__
    self._reader, self._writer = connection.Pipe(duplex=False)
                                 ^^^^^^^^^^^^^^^^^^^^^^^^^^^^^
  File "/usr/lib/python3.12/multiprocessing/connection.py", line 544, in Pipe
    fd1, fd2 = os.pipe()
               ^^^^^^^^^
OSError: [Errno 24] Too many open files
2026-04-06 21:48:53,496 - distributed.nanny - ERROR - Failed to start process
Traceback (most recent call last):
  File "/home/Shared/UniBe-swiss-ndvi/GitHub/swiss-ndvi-processing/.venv/lib/python3.12/site-packages/distributed/nanny.py", line 452, in instantiate
    result = await self.process.start()
             ^^^^^^^^^^^^^^^^^^^^^^^^^^
  File "/home/Shared/UniBe-swiss-ndvi/GitHub/swiss-ndvi-processing/.venv/lib/python3.12/site-packages/distributed/nanny.py", line 713, in start
    self.init_result_q = mp_ctx.Queue()
                         ^^^^^^^^^^^^^^
  File "/usr/lib/python3.12/multiprocessing/context.py", line 103, in Queue
    return Queue(maxsize, ctx=self.get_context())
           ^^^^^^^^^^^^^^^^^^^^^^^^^^^^^^^^^^^^^^
  File "/usr/lib/python3.12/multiprocessing/queues.py", line 43, in __init__
    self._rlock = ctx.Lock()
                  ^^^^^^^^^^
  File "/usr/lib/python3.12/multiprocessing/context.py", line 68, in Lock
    return Lock(ctx=self.get_context())
           ^^^^^^^^^^^^^^^^^^^^^^^^^^^^
  File "/usr/lib/python3.12/multiprocessing/synchronize.py", line 169, in __init__
  File "/usr/lib/python3.12/multiprocessing/synchronize.py", line 57, in __init__
OSError: [Errno 24] Too many open files
2026-04-06 21:48:53,497 - distributed.nanny - ERROR - Failed to start process
Traceback (most recent call last):
  File "/home/Shared/UniBe-swiss-ndvi/GitHub/swiss-ndvi-processing/.venv/lib/python3.12/site-packages/distributed/nanny.py", line 452, in instantiate
    result = await self.process.start()
             ^^^^^^^^^^^^^^^^^^^^^^^^^^
  File "/home/Shared/UniBe-swiss-ndvi/GitHub/swiss-ndvi-processing/.venv/lib/python3.12/site-packages/distributed/nanny.py", line 713, in start
    self.init_result_q = mp_ctx.Queue()
                         ^^^^^^^^^^^^^^
  File "/usr/lib/python3.12/multiprocessing/context.py", line 103, in Queue
    return Queue(maxsize, ctx=self.get_context())
           ^^^^^^^^^^^^^^^^^^^^^^^^^^^^^^^^^^^^^^
  File "/usr/lib/python3.12/multiprocessing/queues.py", line 42, in __init__
    self._reader, self._writer = connection.Pipe(duplex=False)
                                 ^^^^^^^^^^^^^^^^^^^^^^^^^^^^^
  File "/usr/lib/python3.12/multiprocessing/connection.py", line 544, in Pipe
    fd1, fd2 = os.pipe()
               ^^^^^^^^^
OSError: [Errno 24] Too many open files
2026-04-06 21:48:53,502 - distributed.nanny - ERROR - Nanny failed to start process
Traceback (most recent call last):
  File "/home/Shared/UniBe-swiss-ndvi/GitHub/swiss-ndvi-processing/.venv/lib/python3.12/site-packages/distributed/nanny.py", line 750, in start
    await self.process.start()
  File "/home/Shared/UniBe-swiss-ndvi/GitHub/swiss-ndvi-processing/.venv/lib/python3.12/site-packages/distributed/process.py", line 55, in _call_and_set_future
    res = func(*args, **kwargs)
          ^^^^^^^^^^^^^^^^^^^^^
  File "/home/Shared/UniBe-swiss-ndvi/GitHub/swiss-ndvi-processing/.venv/lib/python3.12/site-packages/distributed/process.py", line 215, in _start
    process.start()
  File "/usr/lib/python3.12/multiprocessing/process.py", line 121, in start
    self._popen = self._Popen(self)
                  ^^^^^^^^^^^^^^^^^
  File "/usr/lib/python3.12/multiprocessing/context.py", line 289, in _Popen
    return Popen(process_obj)
           ^^^^^^^^^^^^^^^^^^
  File "/usr/lib/python3.12/multiprocessing/popen_spawn_posix.py", line 32, in __init__
    super().__init__(process_obj)
  File "/usr/lib/python3.12/multiprocessing/popen_fork.py", line 19, in __init__
    self._launch(process_obj)
  File "/usr/lib/python3.12/multiprocessing/popen_spawn_posix.py", line 58, in _launch
    self.pid = util.spawnv_passfds(spawn.get_executable(),
               ^^^^^^^^^^^^^^^^^^^^^^^^^^^^^^^^^^^^^^^^^^^
  File "/usr/lib/python3.12/multiprocessing/util.py", line 454, in spawnv_passfds
    errpipe_read, errpipe_write = os.pipe()
                                  ^^^^^^^^^
OSError: [Errno 24] Too many open files
2026-04-06 21:48:53,512 - distributed.nanny - ERROR - Nanny failed to start process
Traceback (most recent call last):
  File "/home/Shared/UniBe-swiss-ndvi/GitHub/swiss-ndvi-processing/.venv/lib/python3.12/site-packages/distributed/nanny.py", line 750, in start
    await self.process.start()
  File "/home/Shared/UniBe-swiss-ndvi/GitHub/swiss-ndvi-processing/.venv/lib/python3.12/site-packages/distributed/process.py", line 55, in _call_and_set_future
    res = func(*args, **kwargs)
          ^^^^^^^^^^^^^^^^^^^^^
  File "/home/Shared/UniBe-swiss-ndvi/GitHub/swiss-ndvi-processing/.venv/lib/python3.12/site-packages/distributed/process.py", line 215, in _start
    process.start()
  File "/usr/lib/python3.12/multiprocessing/process.py", line 121, in start
    self._popen = self._Popen(self)
                  ^^^^^^^^^^^^^^^^^
  File "/usr/lib/python3.12/multiprocessing/context.py", line 289, in _Popen
    return Popen(process_obj)
           ^^^^^^^^^^^^^^^^^^
  File "/usr/lib/python3.12/multiprocessing/popen_spawn_posix.py", line 32, in __init__
    super().__init__(process_obj)
  File "/usr/lib/python3.12/multiprocessing/popen_fork.py", line 19, in __init__
    self._launch(process_obj)
  File "/usr/lib/python3.12/multiprocessing/popen_spawn_posix.py", line 53, in _launch
    parent_r, child_w = os.pipe()
                        ^^^^^^^^^
OSError: [Errno 24] Too many open files
2026-04-06 21:48:53,513 - distributed.nanny - ERROR - Nanny failed to start process
Traceback (most recent call last):
  File "/home/Shared/UniBe-swiss-ndvi/GitHub/swiss-ndvi-processing/.venv/lib/python3.12/site-packages/distributed/nanny.py", line 750, in start
    await self.process.start()
  File "/home/Shared/UniBe-swiss-ndvi/GitHub/swiss-ndvi-processing/.venv/lib/python3.12/site-packages/distributed/process.py", line 55, in _call_and_set_future
    res = func(*args, **kwargs)
          ^^^^^^^^^^^^^^^^^^^^^
  File "/home/Shared/UniBe-swiss-ndvi/GitHub/swiss-ndvi-processing/.venv/lib/python3.12/site-packages/distributed/process.py", line 215, in _start
    process.start()
  File "/usr/lib/python3.12/multiprocessing/process.py", line 121, in start
    self._popen = self._Popen(self)
                  ^^^^^^^^^^^^^^^^^
  File "/usr/lib/python3.12/multiprocessing/context.py", line 289, in _Popen
    return Popen(process_obj)
           ^^^^^^^^^^^^^^^^^^
  File "/usr/lib/python3.12/multiprocessing/popen_spawn_posix.py", line 32, in __init__
    super().__init__(process_obj)
  File "/usr/lib/python3.12/multiprocessing/popen_fork.py", line 19, in __init__
    self._launch(process_obj)
  File "/usr/lib/python3.12/multiprocessing/popen_spawn_posix.py", line 54, in _launch
    child_r, parent_w = os.pipe()
                        ^^^^^^^^^
OSError: [Errno 24] Too many open files
2026-04-06 21:48:53,523 - distributed.nanny - ERROR - Failed to start process
Traceback (most recent call last):
  File "/home/Shared/UniBe-swiss-ndvi/GitHub/swiss-ndvi-processing/.venv/lib/python3.12/site-packages/distributed/nanny.py", line 750, in start
    await self.process.start()
  File "/home/Shared/UniBe-swiss-ndvi/GitHub/swiss-ndvi-processing/.venv/lib/python3.12/site-packages/distributed/process.py", line 55, in _call_and_set_future
    res = func(*args, **kwargs)
          ^^^^^^^^^^^^^^^^^^^^^
  File "/home/Shared/UniBe-swiss-ndvi/GitHub/swiss-ndvi-processing/.venv/lib/python3.12/site-packages/distributed/process.py", line 215, in _start
    process.start()
  File "/usr/lib/python3.12/multiprocessing/process.py", line 121, in start
    self._popen = self._Popen(self)
                  ^^^^^^^^^^^^^^^^^
  File "/usr/lib/python3.12/multiprocessing/context.py", line 289, in _Popen
    return Popen(process_obj)
           ^^^^^^^^^^^^^^^^^^
  File "/usr/lib/python3.12/multiprocessing/popen_spawn_posix.py", line 32, in __init__
    super().__init__(process_obj)
  File "/usr/lib/python3.12/multiprocessing/popen_fork.py", line 19, in __init__
    self._launch(process_obj)
  File "/usr/lib/python3.12/multiprocessing/popen_spawn_posix.py", line 58, in _launch
    self.pid = util.spawnv_passfds(spawn.get_executable(),
               ^^^^^^^^^^^^^^^^^^^^^^^^^^^^^^^^^^^^^^^^^^^
  File "/usr/lib/python3.12/multiprocessing/util.py", line 454, in spawnv_passfds
    errpipe_read, errpipe_write = os.pipe()
                                  ^^^^^^^^^
OSError: [Errno 24] Too many open files

During handling of the above exception, another exception occurred:

Traceback (most recent call last):
  File "/home/Shared/UniBe-swiss-ndvi/GitHub/swiss-ndvi-processing/.venv/lib/python3.12/site-packages/distributed/nanny.py", line 452, in instantiate
    result = await self.process.start()
             ^^^^^^^^^^^^^^^^^^^^^^^^^^
  File "/home/Shared/UniBe-swiss-ndvi/GitHub/swiss-ndvi-processing/.venv/lib/python3.12/site-packages/distributed/nanny.py", line 756, in start
    await self.process.terminate()
  File "/home/Shared/UniBe-swiss-ndvi/GitHub/swiss-ndvi-processing/.venv/lib/python3.12/site-packages/distributed/process.py", line 55, in _call_and_set_future
    res = func(*args, **kwargs)
          ^^^^^^^^^^^^^^^^^^^^^
  File "/usr/lib/python3.12/multiprocessing/process.py", line 133, in terminate
    self._popen.terminate()
    ^^^^^^^^^^^^^^^^^^^^^
AttributeError: 'NoneType' object has no attribute 'terminate'
2026-04-06 21:48:53,526 - distributed.nanny - ERROR - Failed to start process
Traceback (most recent call last):
  File "/home/Shared/UniBe-swiss-ndvi/GitHub/swiss-ndvi-processing/.venv/lib/python3.12/site-packages/distributed/nanny.py", line 750, in start
    await self.process.start()
  File "/home/Shared/UniBe-swiss-ndvi/GitHub/swiss-ndvi-processing/.venv/lib/python3.12/site-packages/distributed/process.py", line 55, in _call_and_set_future
    res = func(*args, **kwargs)
          ^^^^^^^^^^^^^^^^^^^^^
  File "/home/Shared/UniBe-swiss-ndvi/GitHub/swiss-ndvi-processing/.venv/lib/python3.12/site-packages/distributed/process.py", line 215, in _start
    process.start()
  File "/usr/lib/python3.12/multiprocessing/process.py", line 121, in start
    self._popen = self._Popen(self)
                  ^^^^^^^^^^^^^^^^^
  File "/usr/lib/python3.12/multiprocessing/context.py", line 289, in _Popen
    return Popen(process_obj)
           ^^^^^^^^^^^^^^^^^^
  File "/usr/lib/python3.12/multiprocessing/popen_spawn_posix.py", line 32, in __init__
    super().__init__(process_obj)
  File "/usr/lib/python3.12/multiprocessing/popen_fork.py", line 19, in __init__
    self._launch(process_obj)
  File "/usr/lib/python3.12/multiprocessing/popen_spawn_posix.py", line 53, in _launch
    parent_r, child_w = os.pipe()
                        ^^^^^^^^^
OSError: [Errno 24] Too many open files

During handling of the above exception, another exception occurred:

Traceback (most recent call last):
  File "/home/Shared/UniBe-swiss-ndvi/GitHub/swiss-ndvi-processing/.venv/lib/python3.12/site-packages/distributed/nanny.py", line 452, in instantiate
    result = await self.process.start()
             ^^^^^^^^^^^^^^^^^^^^^^^^^^
  File "/home/Shared/UniBe-swiss-ndvi/GitHub/swiss-ndvi-processing/.venv/lib/python3.12/site-packages/distributed/nanny.py", line 756, in start
    await self.process.terminate()
  File "/home/Shared/UniBe-swiss-ndvi/GitHub/swiss-ndvi-processing/.venv/lib/python3.12/site-packages/distributed/process.py", line 55, in _call_and_set_future
    res = func(*args, **kwargs)
          ^^^^^^^^^^^^^^^^^^^^^
  File "/usr/lib/python3.12/multiprocessing/process.py", line 133, in terminate
    self._popen.terminate()
    ^^^^^^^^^^^^^^^^^^^^^
AttributeError: 'NoneType' object has no attribute 'terminate'
2026-04-06 21:48:53,528 - distributed.nanny - ERROR - Failed to start process
Traceback (most recent call last):
  File "/home/Shared/UniBe-swiss-ndvi/GitHub/swiss-ndvi-processing/.venv/lib/python3.12/site-packages/distributed/nanny.py", line 750, in start
    await self.process.start()
  File "/home/Shared/UniBe-swiss-ndvi/GitHub/swiss-ndvi-processing/.venv/lib/python3.12/site-packages/distributed/process.py", line 55, in _call_and_set_future
    res = func(*args, **kwargs)
          ^^^^^^^^^^^^^^^^^^^^^
  File "/home/Shared/UniBe-swiss-ndvi/GitHub/swiss-ndvi-processing/.venv/lib/python3.12/site-packages/distributed/process.py", line 215, in _start
    process.start()
  File "/usr/lib/python3.12/multiprocessing/process.py", line 121, in start
    self._popen = self._Popen(self)
                  ^^^^^^^^^^^^^^^^^
  File "/usr/lib/python3.12/multiprocessing/context.py", line 289, in _Popen
    return Popen(process_obj)
           ^^^^^^^^^^^^^^^^^^
  File "/usr/lib/python3.12/multiprocessing/popen_spawn_posix.py", line 32, in __init__
    super().__init__(process_obj)
  File "/usr/lib/python3.12/multiprocessing/popen_fork.py", line 19, in __init__
    self._launch(process_obj)
  File "/usr/lib/python3.12/multiprocessing/popen_spawn_posix.py", line 54, in _launch
    child_r, parent_w = os.pipe()
                        ^^^^^^^^^
OSError: [Errno 24] Too many open files

During handling of the above exception, another exception occurred:

Traceback (most recent call last):
  File "/home/Shared/UniBe-swiss-ndvi/GitHub/swiss-ndvi-processing/.venv/lib/python3.12/site-packages/distributed/nanny.py", line 452, in instantiate
    result = await self.process.start()
             ^^^^^^^^^^^^^^^^^^^^^^^^^^
  File "/home/Shared/UniBe-swiss-ndvi/GitHub/swiss-ndvi-processing/.venv/lib/python3.12/site-packages/distributed/nanny.py", line 756, in start
    await self.process.terminate()
  File "/home/Shared/UniBe-swiss-ndvi/GitHub/swiss-ndvi-processing/.venv/lib/python3.12/site-packages/distributed/process.py", line 55, in _call_and_set_future
    res = func(*args, **kwargs)
          ^^^^^^^^^^^^^^^^^^^^^
  File "/usr/lib/python3.12/multiprocessing/process.py", line 133, in terminate
    self._popen.terminate()
    ^^^^^^^^^^^^^^^^^^^^^
AttributeError: 'NoneType' object has no attribute 'terminate'
Exception in callback BaseAsyncIOLoop._handle_events(7, 1)
handle: <Handle BaseAsyncIOLoop._handle_events(7, 1)>
Traceback (most recent call last):
  File "/usr/lib/python3.12/asyncio/events.py", line 88, in _run
    self._context.run(self._callback, *self._args)
  File "/home/Shared/UniBe-swiss-ndvi/GitHub/swiss-ndvi-processing/.venv/lib/python3.12/site-packages/tornado/platform/asyncio.py", line 208, in _handle_events
  File "/home/Shared/UniBe-swiss-ndvi/GitHub/swiss-ndvi-processing/.venv/lib/python3.12/site-packages/tornado/netutil.py", line 273, in accept_handler
  File "/usr/lib/python3.12/socket.py", line 295, in accept
OSError: [Errno 24] Too many open files
2026-04-06 21:48:55,033 - distributed.worker - WARNING - Mismatched versions found

+-------------+---------------------------------------------+-----------+----------+
| Package     | Worker-262014f9-157d-4b06-a39a-55252b413859 | Scheduler | Workers  |
+-------------+---------------------------------------------+-----------+----------+
| cloudpickle | 3.1.1                                       | None      | 3.1.1    |
| dask        | 2025.9.1                                    | None      | 2025.9.1 |
| distributed | 2025.9.1                                    | None      | 2025.9.1 |
| lz4         | 4.3.2                                       | None      | 4.3.2    |
| msgpack     | 1.1.1                                       | None      | 1.1.1    |
| toolz       | 1.0.0                                       | None      | 1.0.0    |
| tornado     | 6.5.1                                       | None      | 6.5.1    |
+-------------+---------------------------------------------+-----------+----------+
2026-04-06 21:48:55,034 - distributed.worker - WARNING - Mismatched versions found

+-------------+---------------------------------------------+-----------+----------+
| Package     | Worker-f99f93fd-c01a-4bdd-9a45-9c8f59d38860 | Scheduler | Workers  |
+-------------+---------------------------------------------+-----------+----------+
| cloudpickle | 3.1.1                                       | None      | 3.1.1    |
| dask        | 2025.9.1                                    | None      | 2025.9.1 |
| distributed | 2025.9.1                                    | None      | 2025.9.1 |
| lz4         | 4.3.2                                       | None      | 4.3.2    |
| msgpack     | 1.1.1                                       | None      | 1.1.1    |
| toolz       | 1.0.0                                       | None      | 1.0.0    |
| tornado     | 6.5.1                                       | None      | 6.5.1    |
+-------------+---------------------------------------------+-----------+----------+
Exception in callback BaseAsyncIOLoop._handle_events(7, 1)
handle: <Handle BaseAsyncIOLoop._handle_events(7, 1)>
Traceback (most recent call last):
  File "/usr/lib/python3.12/asyncio/events.py", line 88, in _run
    self._context.run(self._callback, *self._args)
  File "/home/Shared/UniBe-swiss-ndvi/GitHub/swiss-ndvi-processing/.venv/lib/python3.12/site-packages/tornado/platform/asyncio.py", line 208, in _handle_events
  File "/home/Shared/UniBe-swiss-ndvi/GitHub/swiss-ndvi-processing/.venv/lib/python3.12/site-packages/tornado/netutil.py", line 273, in accept_handler
  File "/usr/lib/python3.12/socket.py", line 295, in accept
OSError: [Errno 24] Too many open files
Exception in callback BaseAsyncIOLoop._handle_events(7, 1)
handle: <Handle BaseAsyncIOLoop._handle_events(7, 1)>
Traceback (most recent call last):
  File "/usr/lib/python3.12/asyncio/events.py", line 88, in _run
    self._context.run(self._callback, *self._args)
  File "/home/Shared/UniBe-swiss-ndvi/GitHub/swiss-ndvi-processing/.venv/lib/python3.12/site-packages/tornado/platform/asyncio.py", line 208, in _handle_events
  File "/home/Shared/UniBe-swiss-ndvi/GitHub/swiss-ndvi-processing/.venv/lib/python3.12/site-packages/tornado/netutil.py", line 273, in accept_handler
  File "/usr/lib/python3.12/socket.py", line 295, in accept
OSError: [Errno 24] Too many open files
Exception in callback BaseAsyncIOLoop._handle_events(7, 1)
handle: <Handle BaseAsyncIOLoop._handle_events(7, 1)>
Traceback (most recent call last):
  File "/usr/lib/python3.12/asyncio/events.py", line 88, in _run
    self._context.run(self._callback, *self._args)
  File "/home/Shared/UniBe-swiss-ndvi/GitHub/swiss-ndvi-processing/.venv/lib/python3.12/site-packages/tornado/platform/asyncio.py", line 208, in _handle_events
  File "/home/Shared/UniBe-swiss-ndvi/GitHub/swiss-ndvi-processing/.venv/lib/python3.12/site-packages/tornado/netutil.py", line 273, in accept_handler
  File "/usr/lib/python3.12/socket.py", line 295, in accept
OSError: [Errno 24] Too many open files
Exception in callback BaseAsyncIOLoop._handle_events(7, 1)
handle: <Handle BaseAsyncIOLoop._handle_events(7, 1)>
Traceback (most recent call last):
  File "/usr/lib/python3.12/asyncio/events.py", line 88, in _run
    self._context.run(self._callback, *self._args)
  File "/home/Shared/UniBe-swiss-ndvi/GitHub/swiss-ndvi-processing/.venv/lib/python3.12/site-packages/tornado/platform/asyncio.py", line 208, in _handle_events
  File "/home/Shared/UniBe-swiss-ndvi/GitHub/swiss-ndvi-processing/.venv/lib/python3.12/site-packages/tornado/netutil.py", line 273, in accept_handler
  File "/usr/lib/python3.12/socket.py", line 295, in accept
OSError: [Errno 24] Too many open files
2026-04-06 21:48:55,041 - distributed.worker - WARNING - Mismatched versions found

+-------------+---------------------------------------------+-----------+----------+
| Package     | Worker-848c2ee8-4b5d-4b63-a999-ed47ae7471c2 | Scheduler | Workers  |
+-------------+---------------------------------------------+-----------+----------+
| cloudpickle | 3.1.1                                       | None      | 3.1.1    |
| dask        | 2025.9.1                                    | None      | 2025.9.1 |
| distributed | 2025.9.1                                    | None      | 2025.9.1 |
| lz4         | 4.3.2                                       | None      | 4.3.2    |
| msgpack     | 1.1.1                                       | None      | 1.1.1    |
| toolz       | 1.0.0                                       | None      | 1.0.0    |
| tornado     | 6.5.1                                       | None      | 6.5.1    |
+-------------+---------------------------------------------+-----------+----------+
Exception in callback BaseAsyncIOLoop._handle_events(7, 1)
handle: <Handle BaseAsyncIOLoop._handle_events(7, 1)>
Traceback (most recent call last):
  File "/usr/lib/python3.12/asyncio/events.py", line 88, in _run
    self._context.run(self._callback, *self._args)
  File "/home/Shared/UniBe-swiss-ndvi/GitHub/swiss-ndvi-processing/.venv/lib/python3.12/site-packages/tornado/platform/asyncio.py", line 208, in _handle_events
  File "/home/Shared/UniBe-swiss-ndvi/GitHub/swiss-ndvi-processing/.venv/lib/python3.12/site-packages/tornado/netutil.py", line 273, in accept_handler
  File "/usr/lib/python3.12/socket.py", line 295, in accept
OSError: [Errno 24] Too many open files
Exception in callback BaseAsyncIOLoop._handle_events(7, 1)
handle: <Handle BaseAsyncIOLoop._handle_events(7, 1)>
Traceback (most recent call last):
  File "/usr/lib/python3.12/asyncio/events.py", line 88, in _run
    self._context.run(self._callback, *self._args)
  File "/home/Shared/UniBe-swiss-ndvi/GitHub/swiss-ndvi-processing/.venv/lib/python3.12/site-packages/tornado/platform/asyncio.py", line 208, in _handle_events
  File "/home/Shared/UniBe-swiss-ndvi/GitHub/swiss-ndvi-processing/.venv/lib/python3.12/site-packages/tornado/netutil.py", line 273, in accept_handler
  File "/usr/lib/python3.12/socket.py", line 295, in accept
OSError: [Errno 24] Too many open files
Exception in callback BaseAsyncIOLoop._handle_events(7, 1)
handle: <Handle BaseAsyncIOLoop._handle_events(7, 1)>
Traceback (most recent call last):
  File "/usr/lib/python3.12/asyncio/events.py", line 88, in _run
    self._context.run(self._callback, *self._args)
  File "/home/Shared/UniBe-swiss-ndvi/GitHub/swiss-ndvi-processing/.venv/lib/python3.12/site-packages/tornado/platform/asyncio.py", line 208, in _handle_events
  File "/home/Shared/UniBe-swiss-ndvi/GitHub/swiss-ndvi-processing/.venv/lib/python3.12/site-packages/tornado/netutil.py", line 273, in accept_handler
  File "/usr/lib/python3.12/socket.py", line 295, in accept
OSError: [Errno 24] Too many open files
Exception in callback BaseAsyncIOLoop._handle_events(7, 1)
handle: <Handle BaseAsyncIOLoop._handle_events(7, 1)>
Traceback (most recent call last):
  File "/usr/lib/python3.12/asyncio/events.py", line 88, in _run
    self._context.run(self._callback, *self._args)
  File "/home/Shared/UniBe-swiss-ndvi/GitHub/swiss-ndvi-processing/.venv/lib/python3.12/site-packages/tornado/platform/asyncio.py", line 208, in _handle_events
  File "/home/Shared/UniBe-swiss-ndvi/GitHub/swiss-ndvi-processing/.venv/lib/python3.12/site-packages/tornado/netutil.py", line 273, in accept_handler
  File "/usr/lib/python3.12/socket.py", line 295, in accept
OSError: [Errno 24] Too many open files
Exception in callback BaseAsyncIOLoop._handle_events(7, 1)
handle: <Handle BaseAsyncIOLoop._handle_events(7, 1)>
Traceback (most recent call last):
  File "/usr/lib/python3.12/asyncio/events.py", line 88, in _run
    self._context.run(self._callback, *self._args)
  File "/home/Shared/UniBe-swiss-ndvi/GitHub/swiss-ndvi-processing/.venv/lib/python3.12/site-packages/tornado/platform/asyncio.py", line 208, in _handle_events
  File "/home/Shared/UniBe-swiss-ndvi/GitHub/swiss-ndvi-processing/.venv/lib/python3.12/site-packages/tornado/netutil.py", line 273, in accept_handler
  File "/usr/lib/python3.12/socket.py", line 295, in accept
OSError: [Errno 24] Too many open files
Exception in callback BaseAsyncIOLoop._handle_events(7, 1)
handle: <Handle BaseAsyncIOLoop._handle_events(7, 1)>
Traceback (most recent call last):
  File "/usr/lib/python3.12/asyncio/events.py", line 88, in _run
    self._context.run(self._callback, *self._args)
  File "/home/Shared/UniBe-swiss-ndvi/GitHub/swiss-ndvi-processing/.venv/lib/python3.12/site-packages/tornado/platform/asyncio.py", line 208, in _handle_events
  File "/home/Shared/UniBe-swiss-ndvi/GitHub/swiss-ndvi-processing/.venv/lib/python3.12/site-packages/tornado/netutil.py", line 273, in accept_handler
  File "/usr/lib/python3.12/socket.py", line 295, in accept
OSError: [Errno 24] Too many open files
Exception in callback BaseAsyncIOLoop._handle_events(7, 1)
handle: <Handle BaseAsyncIOLoop._handle_events(7, 1)>
Traceback (most recent call last):
  File "/usr/lib/python3.12/asyncio/events.py", line 88, in _run
    self._context.run(self._callback, *self._args)
  File "/home/Shared/UniBe-swiss-ndvi/GitHub/swiss-ndvi-processing/.venv/lib/python3.12/site-packages/tornado/platform/asyncio.py", line 208, in _handle_events
  File "/home/Shared/UniBe-swiss-ndvi/GitHub/swiss-ndvi-processing/.venv/lib/python3.12/site-packages/tornado/netutil.py", line 273, in accept_handler
  File "/usr/lib/python3.12/socket.py", line 295, in accept
OSError: [Errno 24] Too many open files
Exception in callback BaseAsyncIOLoop._handle_events(7, 1)
handle: <Handle BaseAsyncIOLoop._handle_events(7, 1)>
Traceback (most recent call last):
  File "/usr/lib/python3.12/asyncio/events.py", line 88, in _run
    self._context.run(self._callback, *self._args)
  File "/home/Shared/UniBe-swiss-ndvi/GitHub/swiss-ndvi-processing/.venv/lib/python3.12/site-packages/tornado/platform/asyncio.py", line 208, in _handle_events
  File "/home/Shared/UniBe-swiss-ndvi/GitHub/swiss-ndvi-processing/.venv/lib/python3.12/site-packages/tornado/netutil.py", line 273, in accept_handler
  File "/usr/lib/python3.12/socket.py", line 295, in accept
OSError: [Errno 24] Too many open files
Exception in callback BaseAsyncIOLoop._handle_events(7, 1)
handle: <Handle BaseAsyncIOLoop._handle_events(7, 1)>
Traceback (most recent call last):
  File "/usr/lib/python3.12/asyncio/events.py", line 88, in _run
    self._context.run(self._callback, *self._args)
  File "/home/Shared/UniBe-swiss-ndvi/GitHub/swiss-ndvi-processing/.venv/lib/python3.12/site-packages/tornado/platform/asyncio.py", line 208, in _handle_events
  File "/home/Shared/UniBe-swiss-ndvi/GitHub/swiss-ndvi-processing/.venv/lib/python3.12/site-packages/tornado/netutil.py", line 273, in accept_handler
  File "/usr/lib/python3.12/socket.py", line 295, in accept
OSError: [Errno 24] Too many open files
Exception in callback BaseAsyncIOLoop._handle_events(7, 1)
handle: <Handle BaseAsyncIOLoop._handle_events(7, 1)>
Traceback (most recent call last):
  File "/usr/lib/python3.12/asyncio/events.py", line 88, in _run
    self._context.run(self._callback, *self._args)
  File "/home/Shared/UniBe-swiss-ndvi/GitHub/swiss-ndvi-processing/.venv/lib/python3.12/site-packages/tornado/platform/asyncio.py", line 208, in _handle_events
  File "/home/Shared/UniBe-swiss-ndvi/GitHub/swiss-ndvi-processing/.venv/lib/python3.12/site-packages/tornado/netutil.py", line 273, in accept_handler
  File "/usr/lib/python3.12/socket.py", line 295, in accept
OSError: [Errno 24] Too many open files
Exception in callback BaseAsyncIOLoop._handle_events(7, 1)
handle: <Handle BaseAsyncIOLoop._handle_events(7, 1)>
Traceback (most recent call last):
  File "/usr/lib/python3.12/asyncio/events.py", line 88, in _run
    self._context.run(self._callback, *self._args)
  File "/home/Shared/UniBe-swiss-ndvi/GitHub/swiss-ndvi-processing/.venv/lib/python3.12/site-packages/tornado/platform/asyncio.py", line 208, in _handle_events
  File "/home/Shared/UniBe-swiss-ndvi/GitHub/swiss-ndvi-processing/.venv/lib/python3.12/site-packages/tornado/netutil.py", line 273, in accept_handler
  File "/usr/lib/python3.12/socket.py", line 295, in accept
OSError: [Errno 24] Too many open files
Exception in callback BaseAsyncIOLoop._handle_events(7, 1)
handle: <Handle BaseAsyncIOLoop._handle_events(7, 1)>
Traceback (most recent call last):
  File "/usr/lib/python3.12/asyncio/events.py", line 88, in _run
    self._context.run(self._callback, *self._args)
  File "/home/Shared/UniBe-swiss-ndvi/GitHub/swiss-ndvi-processing/.venv/lib/python3.12/site-packages/tornado/platform/asyncio.py", line 208, in _handle_events
  File "/home/Shared/UniBe-swiss-ndvi/GitHub/swiss-ndvi-processing/.venv/lib/python3.12/site-packages/tornado/netutil.py", line 273, in accept_handler
  File "/usr/lib/python3.12/socket.py", line 295, in accept
OSError: [Errno 24] Too many open files
Exception in callback BaseAsyncIOLoop._handle_events(7, 1)
handle: <Handle BaseAsyncIOLoop._handle_events(7, 1)>
Traceback (most recent call last):
  File "/usr/lib/python3.12/asyncio/events.py", line 88, in _run
    self._context.run(self._callback, *self._args)
  File "/home/Shared/UniBe-swiss-ndvi/GitHub/swiss-ndvi-processing/.venv/lib/python3.12/site-packages/tornado/platform/asyncio.py", line 208, in _handle_events
  File "/home/Shared/UniBe-swiss-ndvi/GitHub/swiss-ndvi-processing/.venv/lib/python3.12/site-packages/tornado/netutil.py", line 273, in accept_handler
  File "/usr/lib/python3.12/socket.py", line 295, in accept
OSError: [Errno 24] Too many open files
Exception in callback BaseAsyncIOLoop._handle_events(7, 1)
handle: <Handle BaseAsyncIOLoop._handle_events(7, 1)>
Traceback (most recent call last):
  File "/usr/lib/python3.12/asyncio/events.py", line 88, in _run
    self._context.run(self._callback, *self._args)
  File "/home/Shared/UniBe-swiss-ndvi/GitHub/swiss-ndvi-processing/.venv/lib/python3.12/site-packages/tornado/platform/asyncio.py", line 208, in _handle_events
  File "/home/Shared/UniBe-swiss-ndvi/GitHub/swiss-ndvi-processing/.venv/lib/python3.12/site-packages/tornado/netutil.py", line 273, in accept_handler
  File "/usr/lib/python3.12/socket.py", line 295, in accept
OSError: [Errno 24] Too many open files
Exception in callback BaseAsyncIOLoop._handle_events(7, 1)
handle: <Handle BaseAsyncIOLoop._handle_events(7, 1)>
Traceback (most recent call last):
  File "/usr/lib/python3.12/asyncio/events.py", line 88, in _run
    self._context.run(self._callback, *self._args)
  File "/home/Shared/UniBe-swiss-ndvi/GitHub/swiss-ndvi-processing/.venv/lib/python3.12/site-packages/tornado/platform/asyncio.py", line 208, in _handle_events
  File "/home/Shared/UniBe-swiss-ndvi/GitHub/swiss-ndvi-processing/.venv/lib/python3.12/site-packages/tornado/netutil.py", line 273, in accept_handler
  File "/usr/lib/python3.12/socket.py", line 295, in accept
OSError: [Errno 24] Too many open files
Exception in callback BaseAsyncIOLoop._handle_events(7, 1)
handle: <Handle BaseAsyncIOLoop._handle_events(7, 1)>
Traceback (most recent call last):
  File "/usr/lib/python3.12/asyncio/events.py", line 88, in _run
    self._context.run(self._callback, *self._args)
  File "/home/Shared/UniBe-swiss-ndvi/GitHub/swiss-ndvi-processing/.venv/lib/python3.12/site-packages/tornado/platform/asyncio.py", line 208, in _handle_events
  File "/home/Shared/UniBe-swiss-ndvi/GitHub/swiss-ndvi-processing/.venv/lib/python3.12/site-packages/tornado/netutil.py", line 273, in accept_handler
  File "/usr/lib/python3.12/socket.py", line 295, in accept
OSError: [Errno 24] Too many open files
Exception in callback BaseAsyncIOLoop._handle_events(7, 1)
handle: <Handle BaseAsyncIOLoop._handle_events(7, 1)>
Traceback (most recent call last):
  File "/usr/lib/python3.12/asyncio/events.py", line 88, in _run
    self._context.run(self._callback, *self._args)
  File "/home/Shared/UniBe-swiss-ndvi/GitHub/swiss-ndvi-processing/.venv/lib/python3.12/site-packages/tornado/platform/asyncio.py", line 208, in _handle_events
  File "/home/Shared/UniBe-swiss-ndvi/GitHub/swiss-ndvi-processing/.venv/lib/python3.12/site-packages/tornado/netutil.py", line 273, in accept_handler
  File "/usr/lib/python3.12/socket.py", line 295, in accept
OSError: [Errno 24] Too many open files
Exception in callback BaseAsyncIOLoop._handle_events(7, 1)
handle: <Handle BaseAsyncIOLoop._handle_events(7, 1)>
Traceback (most recent call last):
  File "/usr/lib/python3.12/asyncio/events.py", line 88, in _run
    self._context.run(self._callback, *self._args)
  File "/home/Shared/UniBe-swiss-ndvi/GitHub/swiss-ndvi-processing/.venv/lib/python3.12/site-packages/tornado/platform/asyncio.py", line 208, in _handle_events
  File "/home/Shared/UniBe-swiss-ndvi/GitHub/swiss-ndvi-processing/.venv/lib/python3.12/site-packages/tornado/netutil.py", line 273, in accept_handler
  File "/usr/lib/python3.12/socket.py", line 295, in accept
OSError: [Errno 24] Too many open files
Exception in callback BaseAsyncIOLoop._handle_events(7, 1)
handle: <Handle BaseAsyncIOLoop._handle_events(7, 1)>
Traceback (most recent call last):
  File "/usr/lib/python3.12/asyncio/events.py", line 88, in _run
    self._context.run(self._callback, *self._args)
  File "/home/Shared/UniBe-swiss-ndvi/GitHub/swiss-ndvi-processing/.venv/lib/python3.12/site-packages/tornado/platform/asyncio.py", line 208, in _handle_events
  File "/home/Shared/UniBe-swiss-ndvi/GitHub/swiss-ndvi-processing/.venv/lib/python3.12/site-packages/tornado/netutil.py", line 273, in accept_handler
  File "/usr/lib/python3.12/socket.py", line 295, in accept
OSError: [Errno 24] Too many open files
Exception in callback BaseAsyncIOLoop._handle_events(7, 1)
handle: <Handle BaseAsyncIOLoop._handle_events(7, 1)>
Traceback (most recent call last):
  File "/usr/lib/python3.12/asyncio/events.py", line 88, in _run
    self._context.run(self._callback, *self._args)
  File "/home/Shared/UniBe-swiss-ndvi/GitHub/swiss-ndvi-processing/.venv/lib/python3.12/site-packages/tornado/platform/asyncio.py", line 208, in _handle_events
  File "/home/Shared/UniBe-swiss-ndvi/GitHub/swiss-ndvi-processing/.venv/lib/python3.12/site-packages/tornado/netutil.py", line 273, in accept_handler
  File "/usr/lib/python3.12/socket.py", line 295, in accept
OSError: [Errno 24] Too many open files
Exception in callback BaseAsyncIOLoop._handle_events(7, 1)
handle: <Handle BaseAsyncIOLoop._handle_events(7, 1)>
Traceback (most recent call last):
  File "/usr/lib/python3.12/asyncio/events.py", line 88, in _run
    self._context.run(self._callback, *self._args)
  File "/home/Shared/UniBe-swiss-ndvi/GitHub/swiss-ndvi-processing/.venv/lib/python3.12/site-packages/tornado/platform/asyncio.py", line 208, in _handle_events
  File "/home/Shared/UniBe-swiss-ndvi/GitHub/swiss-ndvi-processing/.venv/lib/python3.12/site-packages/tornado/netutil.py", line 273, in accept_handler
  File "/usr/lib/python3.12/socket.py", line 295, in accept
OSError: [Errno 24] Too many open files
Exception in callback BaseAsyncIOLoop._handle_events(7, 1)
handle: <Handle BaseAsyncIOLoop._handle_events(7, 1)>
Traceback (most recent call last):
  File "/usr/lib/python3.12/asyncio/events.py", line 88, in _run
    self._context.run(self._callback, *self._args)
  File "/home/Shared/UniBe-swiss-ndvi/GitHub/swiss-ndvi-processing/.venv/lib/python3.12/site-packages/tornado/platform/asyncio.py", line 208, in _handle_events
  File "/home/Shared/UniBe-swiss-ndvi/GitHub/swiss-ndvi-processing/.venv/lib/python3.12/site-packages/tornado/netutil.py", line 273, in accept_handler
  File "/usr/lib/python3.12/socket.py", line 295, in accept
OSError: [Errno 24] Too many open files
Exception in callback BaseAsyncIOLoop._handle_events(7, 1)
handle: <Handle BaseAsyncIOLoop._handle_events(7, 1)>
Traceback (most recent call last):
  File "/usr/lib/python3.12/asyncio/events.py", line 88, in _run
    self._context.run(self._callback, *self._args)
  File "/home/Shared/UniBe-swiss-ndvi/GitHub/swiss-ndvi-processing/.venv/lib/python3.12/site-packages/tornado/platform/asyncio.py", line 208, in _handle_events
  File "/home/Shared/UniBe-swiss-ndvi/GitHub/swiss-ndvi-processing/.venv/lib/python3.12/site-packages/tornado/netutil.py", line 273, in accept_handler
  File "/usr/lib/python3.12/socket.py", line 295, in accept
OSError: [Errno 24] Too many open files
Exception in callback BaseAsyncIOLoop._handle_events(7, 1)
handle: <Handle BaseAsyncIOLoop._handle_events(7, 1)>
Traceback (most recent call last):
  File "/usr/lib/python3.12/asyncio/events.py", line 88, in _run
    self._context.run(self._callback, *self._args)
  File "/home/Shared/UniBe-swiss-ndvi/GitHub/swiss-ndvi-processing/.venv/lib/python3.12/site-packages/tornado/platform/asyncio.py", line 208, in _handle_events
  File "/home/Shared/UniBe-swiss-ndvi/GitHub/swiss-ndvi-processing/.venv/lib/python3.12/site-packages/tornado/netutil.py", line 273, in accept_handler
  File "/usr/lib/python3.12/socket.py", line 295, in accept
OSError: [Errno 24] Too many open files
Exception in callback BaseAsyncIOLoop._handle_events(7, 1)
handle: <Handle BaseAsyncIOLoop._handle_events(7, 1)>
Traceback (most recent call last):
  File "/usr/lib/python3.12/asyncio/events.py", line 88, in _run
    self._context.run(self._callback, *self._args)
  File "/home/Shared/UniBe-swiss-ndvi/GitHub/swiss-ndvi-processing/.venv/lib/python3.12/site-packages/tornado/platform/asyncio.py", line 208, in _handle_events
  File "/home/Shared/UniBe-swiss-ndvi/GitHub/swiss-ndvi-processing/.venv/lib/python3.12/site-packages/tornado/netutil.py", line 273, in accept_handler
  File "/usr/lib/python3.12/socket.py", line 295, in accept
OSError: [Errno 24] Too many open files
Exception in callback BaseAsyncIOLoop._handle_events(7, 1)
handle: <Handle BaseAsyncIOLoop._handle_events(7, 1)>
Traceback (most recent call last):
  File "/usr/lib/python3.12/asyncio/events.py", line 88, in _run
    self._context.run(self._callback, *self._args)
  File "/home/Shared/UniBe-swiss-ndvi/GitHub/swiss-ndvi-processing/.venv/lib/python3.12/site-packages/tornado/platform/asyncio.py", line 208, in _handle_events
  File "/home/Shared/UniBe-swiss-ndvi/GitHub/swiss-ndvi-processing/.venv/lib/python3.12/site-packages/tornado/netutil.py", line 273, in accept_handler
  File "/usr/lib/python3.12/socket.py", line 295, in accept
OSError: [Errno 24] Too many open files
Exception in callback BaseAsyncIOLoop._handle_events(7, 1)
handle: <Handle BaseAsyncIOLoop._handle_events(7, 1)>
Traceback (most recent call last):
  File "/usr/lib/python3.12/asyncio/events.py", line 88, in _run
    self._context.run(self._callback, *self._args)
  File "/home/Shared/UniBe-swiss-ndvi/GitHub/swiss-ndvi-processing/.venv/lib/python3.12/site-packages/tornado/platform/asyncio.py", line 208, in _handle_events
  File "/home/Shared/UniBe-swiss-ndvi/GitHub/swiss-ndvi-processing/.venv/lib/python3.12/site-packages/tornado/netutil.py", line 273, in accept_handler
  File "/usr/lib/python3.12/socket.py", line 295, in accept
OSError: [Errno 24] Too many open files
Exception in callback BaseAsyncIOLoop._handle_events(7, 1)
handle: <Handle BaseAsyncIOLoop._handle_events(7, 1)>
Traceback (most recent call last):
  File "/usr/lib/python3.12/asyncio/events.py", line 88, in _run
    self._context.run(self._callback, *self._args)
  File "/home/Shared/UniBe-swiss-ndvi/GitHub/swiss-ndvi-processing/.venv/lib/python3.12/site-packages/tornado/platform/asyncio.py", line 208, in _handle_events
  File "/home/Shared/UniBe-swiss-ndvi/GitHub/swiss-ndvi-processing/.venv/lib/python3.12/site-packages/tornado/netutil.py", line 273, in accept_handler
  File "/usr/lib/python3.12/socket.py", line 295, in accept
OSError: [Errno 24] Too many open files
Exception in callback BaseAsyncIOLoop._handle_events(7, 1)
handle: <Handle BaseAsyncIOLoop._handle_events(7, 1)>
Traceback (most recent call last):
  File "/usr/lib/python3.12/asyncio/events.py", line 88, in _run
    self._context.run(self._callback, *self._args)
  File "/home/Shared/UniBe-swiss-ndvi/GitHub/swiss-ndvi-processing/.venv/lib/python3.12/site-packages/tornado/platform/asyncio.py", line 208, in _handle_events
  File "/home/Shared/UniBe-swiss-ndvi/GitHub/swiss-ndvi-processing/.venv/lib/python3.12/site-packages/tornado/netutil.py", line 273, in accept_handler
  File "/usr/lib/python3.12/socket.py", line 295, in accept
OSError: [Errno 24] Too many open files
Exception in callback BaseAsyncIOLoop._handle_events(7, 1)
handle: <Handle BaseAsyncIOLoop._handle_events(7, 1)>
Traceback (most recent call last):
  File "/usr/lib/python3.12/asyncio/events.py", line 88, in _run
    self._context.run(self._callback, *self._args)
  File "/home/Shared/UniBe-swiss-ndvi/GitHub/swiss-ndvi-processing/.venv/lib/python3.12/site-packages/tornado/platform/asyncio.py", line 208, in _handle_events
  File "/home/Shared/UniBe-swiss-ndvi/GitHub/swiss-ndvi-processing/.venv/lib/python3.12/site-packages/tornado/netutil.py", line 273, in accept_handler
  File "/usr/lib/python3.12/socket.py", line 295, in accept
OSError: [Errno 24] Too many open files
Exception in callback BaseAsyncIOLoop._handle_events(7, 1)
handle: <Handle BaseAsyncIOLoop._handle_events(7, 1)>
Traceback (most recent call last):
  File "/usr/lib/python3.12/asyncio/events.py", line 88, in _run
    self._context.run(self._callback, *self._args)
  File "/home/Shared/UniBe-swiss-ndvi/GitHub/swiss-ndvi-processing/.venv/lib/python3.12/site-packages/tornado/platform/asyncio.py", line 208, in _handle_events
  File "/home/Shared/UniBe-swiss-ndvi/GitHub/swiss-ndvi-processing/.venv/lib/python3.12/site-packages/tornado/netutil.py", line 273, in accept_handler
  File "/usr/lib/python3.12/socket.py", line 295, in accept
OSError: [Errno 24] Too many open files
Exception in callback BaseAsyncIOLoop._handle_events(7, 1)
handle: <Handle BaseAsyncIOLoop._handle_events(7, 1)>
Traceback (most recent call last):
  File "/usr/lib/python3.12/asyncio/events.py", line 88, in _run
    self._context.run(self._callback, *self._args)
  File "/home/Shared/UniBe-swiss-ndvi/GitHub/swiss-ndvi-processing/.venv/lib/python3.12/site-packages/tornado/platform/asyncio.py", line 208, in _handle_events
  File "/home/Shared/UniBe-swiss-ndvi/GitHub/swiss-ndvi-processing/.venv/lib/python3.12/site-packages/tornado/netutil.py", line 273, in accept_handler
  File "/usr/lib/python3.12/socket.py", line 295, in accept
OSError: [Errno 24] Too many open files
Exception in callback BaseAsyncIOLoop._handle_events(7, 1)
handle: <Handle BaseAsyncIOLoop._handle_events(7, 1)>
Traceback (most recent call last):
  File "/usr/lib/python3.12/asyncio/events.py", line 88, in _run
    self._context.run(self._callback, *self._args)
  File "/home/Shared/UniBe-swiss-ndvi/GitHub/swiss-ndvi-processing/.venv/lib/python3.12/site-packages/tornado/platform/asyncio.py", line 208, in _handle_events
  File "/home/Shared/UniBe-swiss-ndvi/GitHub/swiss-ndvi-processing/.venv/lib/python3.12/site-packages/tornado/netutil.py", line 273, in accept_handler
  File "/usr/lib/python3.12/socket.py", line 295, in accept
OSError: [Errno 24] Too many open files
Exception in callback BaseAsyncIOLoop._handle_events(7, 1)
handle: <Handle BaseAsyncIOLoop._handle_events(7, 1)>
Traceback (most recent call last):
  File "/usr/lib/python3.12/asyncio/events.py", line 88, in _run
    self._context.run(self._callback, *self._args)
  File "/home/Shared/UniBe-swiss-ndvi/GitHub/swiss-ndvi-processing/.venv/lib/python3.12/site-packages/tornado/platform/asyncio.py", line 208, in _handle_events
  File "/home/Shared/UniBe-swiss-ndvi/GitHub/swiss-ndvi-processing/.venv/lib/python3.12/site-packages/tornado/netutil.py", line 273, in accept_handler
  File "/usr/lib/python3.12/socket.py", line 295, in accept
OSError: [Errno 24] Too many open files
Exception in callback BaseAsyncIOLoop._handle_events(7, 1)
handle: <Handle BaseAsyncIOLoop._handle_events(7, 1)>
Traceback (most recent call last):
  File "/usr/lib/python3.12/asyncio/events.py", line 88, in _run
    self._context.run(self._callback, *self._args)
  File "/home/Shared/UniBe-swiss-ndvi/GitHub/swiss-ndvi-processing/.venv/lib/python3.12/site-packages/tornado/platform/asyncio.py", line 208, in _handle_events
  File "/home/Shared/UniBe-swiss-ndvi/GitHub/swiss-ndvi-processing/.venv/lib/python3.12/site-packages/tornado/netutil.py", line 273, in accept_handler
  File "/usr/lib/python3.12/socket.py", line 295, in accept
OSError: [Errno 24] Too many open files
Exception in callback BaseAsyncIOLoop._handle_events(7, 1)
handle: <Handle BaseAsyncIOLoop._handle_events(7, 1)>
Traceback (most recent call last):
  File "/usr/lib/python3.12/asyncio/events.py", line 88, in _run
    self._context.run(self._callback, *self._args)
  File "/home/Shared/UniBe-swiss-ndvi/GitHub/swiss-ndvi-processing/.venv/lib/python3.12/site-packages/tornado/platform/asyncio.py", line 208, in _handle_events
  File "/home/Shared/UniBe-swiss-ndvi/GitHub/swiss-ndvi-processing/.venv/lib/python3.12/site-packages/tornado/netutil.py", line 273, in accept_handler
  File "/usr/lib/python3.12/socket.py", line 295, in accept
OSError: [Errno 24] Too many open files
Exception in callback BaseAsyncIOLoop._handle_events(7, 1)
handle: <Handle BaseAsyncIOLoop._handle_events(7, 1)>
Traceback (most recent call last):
  File "/usr/lib/python3.12/asyncio/events.py", line 88, in _run
    self._context.run(self._callback, *self._args)
  File "/home/Shared/UniBe-swiss-ndvi/GitHub/swiss-ndvi-processing/.venv/lib/python3.12/site-packages/tornado/platform/asyncio.py", line 208, in _handle_events
  File "/home/Shared/UniBe-swiss-ndvi/GitHub/swiss-ndvi-processing/.venv/lib/python3.12/site-packages/tornado/netutil.py", line 273, in accept_handler
  File "/usr/lib/python3.12/socket.py", line 295, in accept
OSError: [Errno 24] Too many open files
Exception in callback BaseAsyncIOLoop._handle_events(7, 1)
handle: <Handle BaseAsyncIOLoop._handle_events(7, 1)>
Traceback (most recent call last):
  File "/usr/lib/python3.12/asyncio/events.py", line 88, in _run
    self._context.run(self._callback, *self._args)
  File "/home/Shared/UniBe-swiss-ndvi/GitHub/swiss-ndvi-processing/.venv/lib/python3.12/site-packages/tornado/platform/asyncio.py", line 208, in _handle_events
  File "/home/Shared/UniBe-swiss-ndvi/GitHub/swiss-ndvi-processing/.venv/lib/python3.12/site-packages/tornado/netutil.py", line 273, in accept_handler
  File "/usr/lib/python3.12/socket.py", line 295, in accept
OSError: [Errno 24] Too many open files
Exception in callback BaseAsyncIOLoop._handle_events(7, 1)
handle: <Handle BaseAsyncIOLoop._handle_events(7, 1)>
Traceback (most recent call last):
  File "/usr/lib/python3.12/asyncio/events.py", line 88, in _run
    self._context.run(self._callback, *self._args)
  File "/home/Shared/UniBe-swiss-ndvi/GitHub/swiss-ndvi-processing/.venv/lib/python3.12/site-packages/tornado/platform/asyncio.py", line 208, in _handle_events
  File "/home/Shared/UniBe-swiss-ndvi/GitHub/swiss-ndvi-processing/.venv/lib/python3.12/site-packages/tornado/netutil.py", line 273, in accept_handler
  File "/usr/lib/python3.12/socket.py", line 295, in accept
OSError: [Errno 24] Too many open files
Exception in callback BaseAsyncIOLoop._handle_events(7, 1)
handle: <Handle BaseAsyncIOLoop._handle_events(7, 1)>
Traceback (most recent call last):
  File "/usr/lib/python3.12/asyncio/events.py", line 88, in _run
    self._context.run(self._callback, *self._args)
  File "/home/Shared/UniBe-swiss-ndvi/GitHub/swiss-ndvi-processing/.venv/lib/python3.12/site-packages/tornado/platform/asyncio.py", line 208, in _handle_events
  File "/home/Shared/UniBe-swiss-ndvi/GitHub/swiss-ndvi-processing/.venv/lib/python3.12/site-packages/tornado/netutil.py", line 273, in accept_handler
  File "/usr/lib/python3.12/socket.py", line 295, in accept
OSError: [Errno 24] Too many open files
Exception in callback BaseAsyncIOLoop._handle_events(7, 1)
handle: <Handle BaseAsyncIOLoop._handle_events(7, 1)>
Traceback (most recent call last):
  File "/usr/lib/python3.12/asyncio/events.py", line 88, in _run
    self._context.run(self._callback, *self._args)
  File "/home/Shared/UniBe-swiss-ndvi/GitHub/swiss-ndvi-processing/.venv/lib/python3.12/site-packages/tornado/platform/asyncio.py", line 208, in _handle_events
  File "/home/Shared/UniBe-swiss-ndvi/GitHub/swiss-ndvi-processing/.venv/lib/python3.12/site-packages/tornado/netutil.py", line 273, in accept_handler
  File "/usr/lib/python3.12/socket.py", line 295, in accept
OSError: [Errno 24] Too many open files
Exception in callback BaseAsyncIOLoop._handle_events(7, 1)
handle: <Handle BaseAsyncIOLoop._handle_events(7, 1)>
Traceback (most recent call last):
  File "/usr/lib/python3.12/asyncio/events.py", line 88, in _run
    self._context.run(self._callback, *self._args)
  File "/home/Shared/UniBe-swiss-ndvi/GitHub/swiss-ndvi-processing/.venv/lib/python3.12/site-packages/tornado/platform/asyncio.py", line 208, in _handle_events
  File "/home/Shared/UniBe-swiss-ndvi/GitHub/swiss-ndvi-processing/.venv/lib/python3.12/site-packages/tornado/netutil.py", line 273, in accept_handler
  File "/usr/lib/python3.12/socket.py", line 295, in accept
OSError: [Errno 24] Too many open files
Exception in callback BaseAsyncIOLoop._handle_events(7, 1)
handle: <Handle BaseAsyncIOLoop._handle_events(7, 1)>
Traceback (most recent call last):
  File "/usr/lib/python3.12/asyncio/events.py", line 88, in _run
    self._context.run(self._callback, *self._args)
  File "/home/Shared/UniBe-swiss-ndvi/GitHub/swiss-ndvi-processing/.venv/lib/python3.12/site-packages/tornado/platform/asyncio.py", line 208, in _handle_events
  File "/home/Shared/UniBe-swiss-ndvi/GitHub/swiss-ndvi-processing/.venv/lib/python3.12/site-packages/tornado/netutil.py", line 273, in accept_handler
  File "/usr/lib/python3.12/socket.py", line 295, in accept
OSError: [Errno 24] Too many open files
Exception in callback BaseAsyncIOLoop._handle_events(7, 1)
handle: <Handle BaseAsyncIOLoop._handle_events(7, 1)>
Traceback (most recent call last):
  File "/usr/lib/python3.12/asyncio/events.py", line 88, in _run
    self._context.run(self._callback, *self._args)
  File "/home/Shared/UniBe-swiss-ndvi/GitHub/swiss-ndvi-processing/.venv/lib/python3.12/site-packages/tornado/platform/asyncio.py", line 208, in _handle_events
  File "/home/Shared/UniBe-swiss-ndvi/GitHub/swiss-ndvi-processing/.venv/lib/python3.12/site-packages/tornado/netutil.py", line 273, in accept_handler
  File "/usr/lib/python3.12/socket.py", line 295, in accept
OSError: [Errno 24] Too many open files
Exception in callback BaseAsyncIOLoop._handle_events(7, 1)
handle: <Handle BaseAsyncIOLoop._handle_events(7, 1)>
Traceback (most recent call last):
  File "/usr/lib/python3.12/asyncio/events.py", line 88, in _run
    self._context.run(self._callback, *self._args)
  File "/home/Shared/UniBe-swiss-ndvi/GitHub/swiss-ndvi-processing/.venv/lib/python3.12/site-packages/tornado/platform/asyncio.py", line 208, in _handle_events
  File "/home/Shared/UniBe-swiss-ndvi/GitHub/swiss-ndvi-processing/.venv/lib/python3.12/site-packages/tornado/netutil.py", line 273, in accept_handler
  File "/usr/lib/python3.12/socket.py", line 295, in accept
OSError: [Errno 24] Too many open files
Exception in callback BaseAsyncIOLoop._handle_events(7, 1)
handle: <Handle BaseAsyncIOLoop._handle_events(7, 1)>
Traceback (most recent call last):
  File "/usr/lib/python3.12/asyncio/events.py", line 88, in _run
    self._context.run(self._callback, *self._args)
  File "/home/Shared/UniBe-swiss-ndvi/GitHub/swiss-ndvi-processing/.venv/lib/python3.12/site-packages/tornado/platform/asyncio.py", line 208, in _handle_events
  File "/home/Shared/UniBe-swiss-ndvi/GitHub/swiss-ndvi-processing/.venv/lib/python3.12/site-packages/tornado/netutil.py", line 273, in accept_handler
  File "/usr/lib/python3.12/socket.py", line 295, in accept
OSError: [Errno 24] Too many open files
Exception in callback BaseAsyncIOLoop._handle_events(7, 1)
handle: <Handle BaseAsyncIOLoop._handle_events(7, 1)>
Traceback (most recent call last):
  File "/usr/lib/python3.12/asyncio/events.py", line 88, in _run
    self._context.run(self._callback, *self._args)
  File "/home/Shared/UniBe-swiss-ndvi/GitHub/swiss-ndvi-processing/.venv/lib/python3.12/site-packages/tornado/platform/asyncio.py", line 208, in _handle_events
  File "/home/Shared/UniBe-swiss-ndvi/GitHub/swiss-ndvi-processing/.venv/lib/python3.12/site-packages/tornado/netutil.py", line 273, in accept_handler
  File "/usr/lib/python3.12/socket.py", line 295, in accept
OSError: [Errno 24] Too many open files
Exception in callback BaseAsyncIOLoop._handle_events(7, 1)
handle: <Handle BaseAsyncIOLoop._handle_events(7, 1)>
Traceback (most recent call last):
  File "/usr/lib/python3.12/asyncio/events.py", line 88, in _run
    self._context.run(self._callback, *self._args)
  File "/home/Shared/UniBe-swiss-ndvi/GitHub/swiss-ndvi-processing/.venv/lib/python3.12/site-packages/tornado/platform/asyncio.py", line 208, in _handle_events
  File "/home/Shared/UniBe-swiss-ndvi/GitHub/swiss-ndvi-processing/.venv/lib/python3.12/site-packages/tornado/netutil.py", line 273, in accept_handler
  File "/usr/lib/python3.12/socket.py", line 295, in accept
OSError: [Errno 24] Too many open files
Exception in callback BaseAsyncIOLoop._handle_events(7, 1)
handle: <Handle BaseAsyncIOLoop._handle_events(7, 1)>
Traceback (most recent call last):
  File "/usr/lib/python3.12/asyncio/events.py", line 88, in _run
    self._context.run(self._callback, *self._args)
  File "/home/Shared/UniBe-swiss-ndvi/GitHub/swiss-ndvi-processing/.venv/lib/python3.12/site-packages/tornado/platform/asyncio.py", line 208, in _handle_events
  File "/home/Shared/UniBe-swiss-ndvi/GitHub/swiss-ndvi-processing/.venv/lib/python3.12/site-packages/tornado/netutil.py", line 273, in accept_handler
  File "/usr/lib/python3.12/socket.py", line 295, in accept
OSError: [Errno 24] Too many open files
Exception in callback BaseAsyncIOLoop._handle_events(7, 1)
handle: <Handle BaseAsyncIOLoop._handle_events(7, 1)>
Traceback (most recent call last):
  File "/usr/lib/python3.12/asyncio/events.py", line 88, in _run
    self._context.run(self._callback, *self._args)
  File "/home/Shared/UniBe-swiss-ndvi/GitHub/swiss-ndvi-processing/.venv/lib/python3.12/site-packages/tornado/platform/asyncio.py", line 208, in _handle_events
  File "/home/Shared/UniBe-swiss-ndvi/GitHub/swiss-ndvi-processing/.venv/lib/python3.12/site-packages/tornado/netutil.py", line 273, in accept_handler
  File "/usr/lib/python3.12/socket.py", line 295, in accept
OSError: [Errno 24] Too many open files
Exception in callback BaseAsyncIOLoop._handle_events(7, 1)
handle: <Handle BaseAsyncIOLoop._handle_events(7, 1)>
Traceback (most recent call last):
  File "/usr/lib/python3.12/asyncio/events.py", line 88, in _run
    self._context.run(self._callback, *self._args)
  File "/home/Shared/UniBe-swiss-ndvi/GitHub/swiss-ndvi-processing/.venv/lib/python3.12/site-packages/tornado/platform/asyncio.py", line 208, in _handle_events
  File "/home/Shared/UniBe-swiss-ndvi/GitHub/swiss-ndvi-processing/.venv/lib/python3.12/site-packages/tornado/netutil.py", line 273, in accept_handler
  File "/usr/lib/python3.12/socket.py", line 295, in accept
OSError: [Errno 24] Too many open files
Exception in callback BaseAsyncIOLoop._handle_events(7, 1)
handle: <Handle BaseAsyncIOLoop._handle_events(7, 1)>
Traceback (most recent call last):
  File "/usr/lib/python3.12/asyncio/events.py", line 88, in _run
    self._context.run(self._callback, *self._args)
  File "/home/Shared/UniBe-swiss-ndvi/GitHub/swiss-ndvi-processing/.venv/lib/python3.12/site-packages/tornado/platform/asyncio.py", line 208, in _handle_events
  File "/home/Shared/UniBe-swiss-ndvi/GitHub/swiss-ndvi-processing/.venv/lib/python3.12/site-packages/tornado/netutil.py", line 273, in accept_handler
  File "/usr/lib/python3.12/socket.py", line 295, in accept
OSError: [Errno 24] Too many open files
Exception in callback BaseAsyncIOLoop._handle_events(7, 1)
handle: <Handle BaseAsyncIOLoop._handle_events(7, 1)>
Traceback (most recent call last):
  File "/usr/lib/python3.12/asyncio/events.py", line 88, in _run
    self._context.run(self._callback, *self._args)
  File "/home/Shared/UniBe-swiss-ndvi/GitHub/swiss-ndvi-processing/.venv/lib/python3.12/site-packages/tornado/platform/asyncio.py", line 208, in _handle_events
  File "/home/Shared/UniBe-swiss-ndvi/GitHub/swiss-ndvi-processing/.venv/lib/python3.12/site-packages/tornado/netutil.py", line 273, in accept_handler
  File "/usr/lib/python3.12/socket.py", line 295, in accept
OSError: [Errno 24] Too many open files
Exception in callback BaseAsyncIOLoop._handle_events(7, 1)
handle: <Handle BaseAsyncIOLoop._handle_events(7, 1)>
Traceback (most recent call last):
  File "/usr/lib/python3.12/asyncio/events.py", line 88, in _run
    self._context.run(self._callback, *self._args)
  File "/home/Shared/UniBe-swiss-ndvi/GitHub/swiss-ndvi-processing/.venv/lib/python3.12/site-packages/tornado/platform/asyncio.py", line 208, in _handle_events
  File "/home/Shared/UniBe-swiss-ndvi/GitHub/swiss-ndvi-processing/.venv/lib/python3.12/site-packages/tornado/netutil.py", line 273, in accept_handler
  File "/usr/lib/python3.12/socket.py", line 295, in accept
OSError: [Errno 24] Too many open files
Exception in callback BaseAsyncIOLoop._handle_events(7, 1)
handle: <Handle BaseAsyncIOLoop._handle_events(7, 1)>
Traceback (most recent call last):
  File "/usr/lib/python3.12/asyncio/events.py", line 88, in _run
    self._context.run(self._callback, *self._args)
  File "/home/Shared/UniBe-swiss-ndvi/GitHub/swiss-ndvi-processing/.venv/lib/python3.12/site-packages/tornado/platform/asyncio.py", line 208, in _handle_events
  File "/home/Shared/UniBe-swiss-ndvi/GitHub/swiss-ndvi-processing/.venv/lib/python3.12/site-packages/tornado/netutil.py", line 273, in accept_handler
  File "/usr/lib/python3.12/socket.py", line 295, in accept
OSError: [Errno 24] Too many open files
Exception in callback BaseAsyncIOLoop._handle_events(7, 1)
handle: <Handle BaseAsyncIOLoop._handle_events(7, 1)>
Traceback (most recent call last):
  File "/usr/lib/python3.12/asyncio/events.py", line 88, in _run
    self._context.run(self._callback, *self._args)
  File "/home/Shared/UniBe-swiss-ndvi/GitHub/swiss-ndvi-processing/.venv/lib/python3.12/site-packages/tornado/platform/asyncio.py", line 208, in _handle_events
  File "/home/Shared/UniBe-swiss-ndvi/GitHub/swiss-ndvi-processing/.venv/lib/python3.12/site-packages/tornado/netutil.py", line 273, in accept_handler
  File "/usr/lib/python3.12/socket.py", line 295, in accept
OSError: [Errno 24] Too many open files
Exception in callback BaseAsyncIOLoop._handle_events(7, 1)
handle: <Handle BaseAsyncIOLoop._handle_events(7, 1)>
Traceback (most recent call last):
  File "/usr/lib/python3.12/asyncio/events.py", line 88, in _run
    self._context.run(self._callback, *self._args)
  File "/home/Shared/UniBe-swiss-ndvi/GitHub/swiss-ndvi-processing/.venv/lib/python3.12/site-packages/tornado/platform/asyncio.py", line 208, in _handle_events
  File "/home/Shared/UniBe-swiss-ndvi/GitHub/swiss-ndvi-processing/.venv/lib/python3.12/site-packages/tornado/netutil.py", line 273, in accept_handler
  File "/usr/lib/python3.12/socket.py", line 295, in accept
OSError: [Errno 24] Too many open files
Exception in callback BaseAsyncIOLoop._handle_events(7, 1)
handle: <Handle BaseAsyncIOLoop._handle_events(7, 1)>
Traceback (most recent call last):
  File "/usr/lib/python3.12/asyncio/events.py", line 88, in _run
    self._context.run(self._callback, *self._args)
  File "/home/Shared/UniBe-swiss-ndvi/GitHub/swiss-ndvi-processing/.venv/lib/python3.12/site-packages/tornado/platform/asyncio.py", line 208, in _handle_events
  File "/home/Shared/UniBe-swiss-ndvi/GitHub/swiss-ndvi-processing/.venv/lib/python3.12/site-packages/tornado/netutil.py", line 273, in accept_handler
  File "/usr/lib/python3.12/socket.py", line 295, in accept
OSError: [Errno 24] Too many open files
Exception in callback BaseAsyncIOLoop._handle_events(7, 1)
handle: <Handle BaseAsyncIOLoop._handle_events(7, 1)>
Traceback (most recent call last):
  File "/usr/lib/python3.12/asyncio/events.py", line 88, in _run
    self._context.run(self._callback, *self._args)
  File "/home/Shared/UniBe-swiss-ndvi/GitHub/swiss-ndvi-processing/.venv/lib/python3.12/site-packages/tornado/platform/asyncio.py", line 208, in _handle_events
  File "/home/Shared/UniBe-swiss-ndvi/GitHub/swiss-ndvi-processing/.venv/lib/python3.12/site-packages/tornado/netutil.py", line 273, in accept_handler
  File "/usr/lib/python3.12/socket.py", line 295, in accept
OSError: [Errno 24] Too many open files
Exception in callback BaseAsyncIOLoop._handle_events(7, 1)
handle: <Handle BaseAsyncIOLoop._handle_events(7, 1)>
Traceback (most recent call last):
  File "/usr/lib/python3.12/asyncio/events.py", line 88, in _run
    self._context.run(self._callback, *self._args)
  File "/home/Shared/UniBe-swiss-ndvi/GitHub/swiss-ndvi-processing/.venv/lib/python3.12/site-packages/tornado/platform/asyncio.py", line 208, in _handle_events
  File "/home/Shared/UniBe-swiss-ndvi/GitHub/swiss-ndvi-processing/.venv/lib/python3.12/site-packages/tornado/netutil.py", line 273, in accept_handler
  File "/usr/lib/python3.12/socket.py", line 295, in accept
OSError: [Errno 24] Too many open files
Exception in callback BaseAsyncIOLoop._handle_events(7, 1)
handle: <Handle BaseAsyncIOLoop._handle_events(7, 1)>
Traceback (most recent call last):
  File "/usr/lib/python3.12/asyncio/events.py", line 88, in _run
    self._context.run(self._callback, *self._args)
  File "/home/Shared/UniBe-swiss-ndvi/GitHub/swiss-ndvi-processing/.venv/lib/python3.12/site-packages/tornado/platform/asyncio.py", line 208, in _handle_events
  File "/home/Shared/UniBe-swiss-ndvi/GitHub/swiss-ndvi-processing/.venv/lib/python3.12/site-packages/tornado/netutil.py", line 273, in accept_handler
  File "/usr/lib/python3.12/socket.py", line 295, in accept
OSError: [Errno 24] Too many open files
2026-04-06 21:48:55,060 - distributed.worker - WARNING - Mismatched versions found

+-------------+---------------------------------------------+-----------+----------+
| Package     | Worker-cf423db5-d05c-4d4f-b118-eb5ecc0582f5 | Scheduler | Workers  |
+-------------+---------------------------------------------+-----------+----------+
| cloudpickle | 3.1.1                                       | None      | 3.1.1    |
| dask        | 2025.9.1                                    | None      | 2025.9.1 |
| distributed | 2025.9.1                                    | None      | 2025.9.1 |
| lz4         | 4.3.2                                       | None      | 4.3.2    |
| msgpack     | 1.1.1                                       | None      | 1.1.1    |
| toolz       | 1.0.0                                       | None      | 1.0.0    |
| tornado     | 6.5.1                                       | None      | 6.5.1    |
+-------------+---------------------------------------------+-----------+----------+
Exception in callback BaseAsyncIOLoop._handle_events(7, 1)
handle: <Handle BaseAsyncIOLoop._handle_events(7, 1)>
Traceback (most recent call last):
  File "/usr/lib/python3.12/asyncio/events.py", line 88, in _run
    self._context.run(self._callback, *self._args)
  File "/home/Shared/UniBe-swiss-ndvi/GitHub/swiss-ndvi-processing/.venv/lib/python3.12/site-packages/tornado/platform/asyncio.py", line 208, in _handle_events
  File "/home/Shared/UniBe-swiss-ndvi/GitHub/swiss-ndvi-processing/.venv/lib/python3.12/site-packages/tornado/netutil.py", line 273, in accept_handler
  File "/usr/lib/python3.12/socket.py", line 295, in accept
OSError: [Errno 24] Too many open files
Exception in callback BaseAsyncIOLoop._handle_events(7, 1)
handle: <Handle BaseAsyncIOLoop._handle_events(7, 1)>
Traceback (most recent call last):
  File "/usr/lib/python3.12/asyncio/events.py", line 88, in _run
    self._context.run(self._callback, *self._args)
  File "/home/Shared/UniBe-swiss-ndvi/GitHub/swiss-ndvi-processing/.venv/lib/python3.12/site-packages/tornado/platform/asyncio.py", line 208, in _handle_events
  File "/home/Shared/UniBe-swiss-ndvi/GitHub/swiss-ndvi-processing/.venv/lib/python3.12/site-packages/tornado/netutil.py", line 273, in accept_handler
  File "/usr/lib/python3.12/socket.py", line 295, in accept
OSError: [Errno 24] Too many open files
Exception in callback BaseAsyncIOLoop._handle_events(7, 1)
handle: <Handle BaseAsyncIOLoop._handle_events(7, 1)>
Traceback (most recent call last):
  File "/usr/lib/python3.12/asyncio/events.py", line 88, in _run
    self._context.run(self._callback, *self._args)
  File "/home/Shared/UniBe-swiss-ndvi/GitHub/swiss-ndvi-processing/.venv/lib/python3.12/site-packages/tornado/platform/asyncio.py", line 208, in _handle_events
  File "/home/Shared/UniBe-swiss-ndvi/GitHub/swiss-ndvi-processing/.venv/lib/python3.12/site-packages/tornado/netutil.py", line 273, in accept_handler
  File "/usr/lib/python3.12/socket.py", line 295, in accept
OSError: [Errno 24] Too many open files
Exception in callback BaseAsyncIOLoop._handle_events(7, 1)
handle: <Handle BaseAsyncIOLoop._handle_events(7, 1)>
Traceback (most recent call last):
  File "/usr/lib/python3.12/asyncio/events.py", line 88, in _run
    self._context.run(self._callback, *self._args)
  File "/home/Shared/UniBe-swiss-ndvi/GitHub/swiss-ndvi-processing/.venv/lib/python3.12/site-packages/tornado/platform/asyncio.py", line 208, in _handle_events
  File "/home/Shared/UniBe-swiss-ndvi/GitHub/swiss-ndvi-processing/.venv/lib/python3.12/site-packages/tornado/netutil.py", line 273, in accept_handler
  File "/usr/lib/python3.12/socket.py", line 295, in accept
OSError: [Errno 24] Too many open files
Exception in callback BaseAsyncIOLoop._handle_events(7, 1)
handle: <Handle BaseAsyncIOLoop._handle_events(7, 1)>
Traceback (most recent call last):
  File "/usr/lib/python3.12/asyncio/events.py", line 88, in _run
    self._context.run(self._callback, *self._args)
  File "/home/Shared/UniBe-swiss-ndvi/GitHub/swiss-ndvi-processing/.venv/lib/python3.12/site-packages/tornado/platform/asyncio.py", line 208, in _handle_events
  File "/home/Shared/UniBe-swiss-ndvi/GitHub/swiss-ndvi-processing/.venv/lib/python3.12/site-packages/tornado/netutil.py", line 273, in accept_handler
  File "/usr/lib/python3.12/socket.py", line 295, in accept
OSError: [Errno 24] Too many open files
Exception in callback BaseAsyncIOLoop._handle_events(7, 1)
handle: <Handle BaseAsyncIOLoop._handle_events(7, 1)>
Traceback (most recent call last):
  File "/usr/lib/python3.12/asyncio/events.py", line 88, in _run
    self._context.run(self._callback, *self._args)
  File "/home/Shared/UniBe-swiss-ndvi/GitHub/swiss-ndvi-processing/.venv/lib/python3.12/site-packages/tornado/platform/asyncio.py", line 208, in _handle_events
  File "/home/Shared/UniBe-swiss-ndvi/GitHub/swiss-ndvi-processing/.venv/lib/python3.12/site-packages/tornado/netutil.py", line 273, in accept_handler
  File "/usr/lib/python3.12/socket.py", line 295, in accept
OSError: [Errno 24] Too many open files
Exception in callback BaseAsyncIOLoop._handle_events(7, 1)
handle: <Handle BaseAsyncIOLoop._handle_events(7, 1)>
Traceback (most recent call last):
  File "/usr/lib/python3.12/asyncio/events.py", line 88, in _run
    self._context.run(self._callback, *self._args)
  File "/home/Shared/UniBe-swiss-ndvi/GitHub/swiss-ndvi-processing/.venv/lib/python3.12/site-packages/tornado/platform/asyncio.py", line 208, in _handle_events
  File "/home/Shared/UniBe-swiss-ndvi/GitHub/swiss-ndvi-processing/.venv/lib/python3.12/site-packages/tornado/netutil.py", line 273, in accept_handler
  File "/usr/lib/python3.12/socket.py", line 295, in accept
OSError: [Errno 24] Too many open files
Exception in callback BaseAsyncIOLoop._handle_events(7, 1)
handle: <Handle BaseAsyncIOLoop._handle_events(7, 1)>
Traceback (most recent call last):
  File "/usr/lib/python3.12/asyncio/events.py", line 88, in _run
    self._context.run(self._callback, *self._args)
  File "/home/Shared/UniBe-swiss-ndvi/GitHub/swiss-ndvi-processing/.venv/lib/python3.12/site-packages/tornado/platform/asyncio.py", line 208, in _handle_events
  File "/home/Shared/UniBe-swiss-ndvi/GitHub/swiss-ndvi-processing/.venv/lib/python3.12/site-packages/tornado/netutil.py", line 273, in accept_handler
  File "/usr/lib/python3.12/socket.py", line 295, in accept
OSError: [Errno 24] Too many open files
Exception in callback BaseAsyncIOLoop._handle_events(7, 1)
handle: <Handle BaseAsyncIOLoop._handle_events(7, 1)>
Traceback (most recent call last):
  File "/usr/lib/python3.12/asyncio/events.py", line 88, in _run
    self._context.run(self._callback, *self._args)
  File "/home/Shared/UniBe-swiss-ndvi/GitHub/swiss-ndvi-processing/.venv/lib/python3.12/site-packages/tornado/platform/asyncio.py", line 208, in _handle_events
  File "/home/Shared/UniBe-swiss-ndvi/GitHub/swiss-ndvi-processing/.venv/lib/python3.12/site-packages/tornado/netutil.py", line 273, in accept_handler
  File "/usr/lib/python3.12/socket.py", line 295, in accept
OSError: [Errno 24] Too many open files
Exception in callback BaseAsyncIOLoop._handle_events(7, 1)
handle: <Handle BaseAsyncIOLoop._handle_events(7, 1)>
Traceback (most recent call last):
  File "/usr/lib/python3.12/asyncio/events.py", line 88, in _run
    self._context.run(self._callback, *self._args)
  File "/home/Shared/UniBe-swiss-ndvi/GitHub/swiss-ndvi-processing/.venv/lib/python3.12/site-packages/tornado/platform/asyncio.py", line 208, in _handle_events
  File "/home/Shared/UniBe-swiss-ndvi/GitHub/swiss-ndvi-processing/.venv/lib/python3.12/site-packages/tornado/netutil.py", line 273, in accept_handler
  File "/usr/lib/python3.12/socket.py", line 295, in accept
OSError: [Errno 24] Too many open files
Exception in callback BaseAsyncIOLoop._handle_events(7, 1)
handle: <Handle BaseAsyncIOLoop._handle_events(7, 1)>
Traceback (most recent call last):
  File "/usr/lib/python3.12/asyncio/events.py", line 88, in _run
    self._context.run(self._callback, *self._args)
  File "/home/Shared/UniBe-swiss-ndvi/GitHub/swiss-ndvi-processing/.venv/lib/python3.12/site-packages/tornado/platform/asyncio.py", line 208, in _handle_events
  File "/home/Shared/UniBe-swiss-ndvi/GitHub/swiss-ndvi-processing/.venv/lib/python3.12/site-packages/tornado/netutil.py", line 273, in accept_handler
  File "/usr/lib/python3.12/socket.py", line 295, in accept
OSError: [Errno 24] Too many open files
Exception in callback BaseAsyncIOLoop._handle_events(7, 1)
handle: <Handle BaseAsyncIOLoop._handle_events(7, 1)>
Traceback (most recent call last):
  File "/usr/lib/python3.12/asyncio/events.py", line 88, in _run
    self._context.run(self._callback, *self._args)
  File "/home/Shared/UniBe-swiss-ndvi/GitHub/swiss-ndvi-processing/.venv/lib/python3.12/site-packages/tornado/platform/asyncio.py", line 208, in _handle_events
  File "/home/Shared/UniBe-swiss-ndvi/GitHub/swiss-ndvi-processing/.venv/lib/python3.12/site-packages/tornado/netutil.py", line 273, in accept_handler
  File "/usr/lib/python3.12/socket.py", line 295, in accept
OSError: [Errno 24] Too many open files
Exception in callback BaseAsyncIOLoop._handle_events(7, 1)
handle: <Handle BaseAsyncIOLoop._handle_events(7, 1)>
Traceback (most recent call last):
  File "/usr/lib/python3.12/asyncio/events.py", line 88, in _run
    self._context.run(self._callback, *self._args)
  File "/home/Shared/UniBe-swiss-ndvi/GitHub/swiss-ndvi-processing/.venv/lib/python3.12/site-packages/tornado/platform/asyncio.py", line 208, in _handle_events
  File "/home/Shared/UniBe-swiss-ndvi/GitHub/swiss-ndvi-processing/.venv/lib/python3.12/site-packages/tornado/netutil.py", line 273, in accept_handler
  File "/usr/lib/python3.12/socket.py", line 295, in accept
OSError: [Errno 24] Too many open files
Exception in callback BaseAsyncIOLoop._handle_events(7, 1)
handle: <Handle BaseAsyncIOLoop._handle_events(7, 1)>
Traceback (most recent call last):
  File "/usr/lib/python3.12/asyncio/events.py", line 88, in _run
    self._context.run(self._callback, *self._args)
  File "/home/Shared/UniBe-swiss-ndvi/GitHub/swiss-ndvi-processing/.venv/lib/python3.12/site-packages/tornado/platform/asyncio.py", line 208, in _handle_events
  File "/home/Shared/UniBe-swiss-ndvi/GitHub/swiss-ndvi-processing/.venv/lib/python3.12/site-packages/tornado/netutil.py", line 273, in accept_handler
  File "/usr/lib/python3.12/socket.py", line 295, in accept
OSError: [Errno 24] Too many open files
2026-04-06 21:48:55,064 - distributed.worker - WARNING - Mismatched versions found

+-------------+---------------------------------------------+-----------+----------+
| Package     | Worker-f70715fd-b922-4c32-9c6f-a6dff5a6b1c3 | Scheduler | Workers  |
+-------------+---------------------------------------------+-----------+----------+
| cloudpickle | 3.1.1                                       | None      | 3.1.1    |
| dask        | 2025.9.1                                    | None      | 2025.9.1 |
| distributed | 2025.9.1                                    | None      | 2025.9.1 |
| lz4         | 4.3.2                                       | None      | 4.3.2    |
| msgpack     | 1.1.1                                       | None      | 1.1.1    |
| toolz       | 1.0.0                                       | None      | 1.0.0    |
| tornado     | 6.5.1                                       | None      | 6.5.1    |
+-------------+---------------------------------------------+-----------+----------+
Exception in callback BaseAsyncIOLoop._handle_events(7, 1)
handle: <Handle BaseAsyncIOLoop._handle_events(7, 1)>
Traceback (most recent call last):
  File "/usr/lib/python3.12/asyncio/events.py", line 88, in _run
    self._context.run(self._callback, *self._args)
  File "/home/Shared/UniBe-swiss-ndvi/GitHub/swiss-ndvi-processing/.venv/lib/python3.12/site-packages/tornado/platform/asyncio.py", line 208, in _handle_events
  File "/home/Shared/UniBe-swiss-ndvi/GitHub/swiss-ndvi-processing/.venv/lib/python3.12/site-packages/tornado/netutil.py", line 273, in accept_handler
  File "/usr/lib/python3.12/socket.py", line 295, in accept
OSError: [Errno 24] Too many open files
Exception in callback BaseAsyncIOLoop._handle_events(7, 1)
handle: <Handle BaseAsyncIOLoop._handle_events(7, 1)>
Traceback (most recent call last):
  File "/usr/lib/python3.12/asyncio/events.py", line 88, in _run
    self._context.run(self._callback, *self._args)
  File "/home/Shared/UniBe-swiss-ndvi/GitHub/swiss-ndvi-processing/.venv/lib/python3.12/site-packages/tornado/platform/asyncio.py", line 208, in _handle_events
  File "/home/Shared/UniBe-swiss-ndvi/GitHub/swiss-ndvi-processing/.venv/lib/python3.12/site-packages/tornado/netutil.py", line 273, in accept_handler
  File "/usr/lib/python3.12/socket.py", line 295, in accept
OSError: [Errno 24] Too many open files
2026-04-06 21:48:55,066 - distributed.worker - WARNING - Mismatched versions found

+-------------+---------------------------------------------+-----------+----------+
| Package     | Worker-e6efff4d-51d5-4c8c-8c38-70a99bb3a8ae | Scheduler | Workers  |
+-------------+---------------------------------------------+-----------+----------+
| cloudpickle | 3.1.1                                       | None      | 3.1.1    |
| dask        | 2025.9.1                                    | None      | 2025.9.1 |
| distributed | 2025.9.1                                    | None      | 2025.9.1 |
| lz4         | 4.3.2                                       | None      | 4.3.2    |
| msgpack     | 1.1.1                                       | None      | 1.1.1    |
| toolz       | 1.0.0                                       | None      | 1.0.0    |
| tornado     | 6.5.1                                       | None      | 6.5.1    |
+-------------+---------------------------------------------+-----------+----------+
Exception in callback BaseAsyncIOLoop._handle_events(7, 1)
handle: <Handle BaseAsyncIOLoop._handle_events(7, 1)>
Traceback (most recent call last):
  File "/usr/lib/python3.12/asyncio/events.py", line 88, in _run
    self._context.run(self._callback, *self._args)
  File "/home/Shared/UniBe-swiss-ndvi/GitHub/swiss-ndvi-processing/.venv/lib/python3.12/site-packages/tornado/platform/asyncio.py", line 208, in _handle_events
  File "/home/Shared/UniBe-swiss-ndvi/GitHub/swiss-ndvi-processing/.venv/lib/python3.12/site-packages/tornado/netutil.py", line 273, in accept_handler
  File "/usr/lib/python3.12/socket.py", line 295, in accept
OSError: [Errno 24] Too many open files
Exception in callback BaseAsyncIOLoop._handle_events(7, 1)
handle: <Handle BaseAsyncIOLoop._handle_events(7, 1)>
Traceback (most recent call last):
  File "/usr/lib/python3.12/asyncio/events.py", line 88, in _run
    self._context.run(self._callback, *self._args)
  File "/home/Shared/UniBe-swiss-ndvi/GitHub/swiss-ndvi-processing/.venv/lib/python3.12/site-packages/tornado/platform/asyncio.py", line 208, in _handle_events
  File "/home/Shared/UniBe-swiss-ndvi/GitHub/swiss-ndvi-processing/.venv/lib/python3.12/site-packages/tornado/netutil.py", line 273, in accept_handler
  File "/usr/lib/python3.12/socket.py", line 295, in accept
OSError: [Errno 24] Too many open files
Exception in callback BaseAsyncIOLoop._handle_events(7, 1)
handle: <Handle BaseAsyncIOLoop._handle_events(7, 1)>
Traceback (most recent call last):
  File "/usr/lib/python3.12/asyncio/events.py", line 88, in _run
    self._context.run(self._callback, *self._args)
  File "/home/Shared/UniBe-swiss-ndvi/GitHub/swiss-ndvi-processing/.venv/lib/python3.12/site-packages/tornado/platform/asyncio.py", line 208, in _handle_events
  File "/home/Shared/UniBe-swiss-ndvi/GitHub/swiss-ndvi-processing/.venv/lib/python3.12/site-packages/tornado/netutil.py", line 273, in accept_handler
  File "/usr/lib/python3.12/socket.py", line 295, in accept
OSError: [Errno 24] Too many open files
Exception in callback BaseAsyncIOLoop._handle_events(7, 1)
handle: <Handle BaseAsyncIOLoop._handle_events(7, 1)>
Traceback (most recent call last):
  File "/usr/lib/python3.12/asyncio/events.py", line 88, in _run
    self._context.run(self._callback, *self._args)
  File "/home/Shared/UniBe-swiss-ndvi/GitHub/swiss-ndvi-processing/.venv/lib/python3.12/site-packages/tornado/platform/asyncio.py", line 208, in _handle_events
  File "/home/Shared/UniBe-swiss-ndvi/GitHub/swiss-ndvi-processing/.venv/lib/python3.12/site-packages/tornado/netutil.py", line 273, in accept_handler
  File "/usr/lib/python3.12/socket.py", line 295, in accept
OSError: [Errno 24] Too many open files
Exception in callback BaseAsyncIOLoop._handle_events(7, 1)
handle: <Handle BaseAsyncIOLoop._handle_events(7, 1)>
Traceback (most recent call last):
  File "/usr/lib/python3.12/asyncio/events.py", line 88, in _run
    self._context.run(self._callback, *self._args)
  File "/home/Shared/UniBe-swiss-ndvi/GitHub/swiss-ndvi-processing/.venv/lib/python3.12/site-packages/tornado/platform/asyncio.py", line 208, in _handle_events
  File "/home/Shared/UniBe-swiss-ndvi/GitHub/swiss-ndvi-processing/.venv/lib/python3.12/site-packages/tornado/netutil.py", line 273, in accept_handler
  File "/usr/lib/python3.12/socket.py", line 295, in accept
OSError: [Errno 24] Too many open files
Exception in callback BaseAsyncIOLoop._handle_events(7, 1)
handle: <Handle BaseAsyncIOLoop._handle_events(7, 1)>
Traceback (most recent call last):
  File "/usr/lib/python3.12/asyncio/events.py", line 88, in _run
    self._context.run(self._callback, *self._args)
  File "/home/Shared/UniBe-swiss-ndvi/GitHub/swiss-ndvi-processing/.venv/lib/python3.12/site-packages/tornado/platform/asyncio.py", line 208, in _handle_events
  File "/home/Shared/UniBe-swiss-ndvi/GitHub/swiss-ndvi-processing/.venv/lib/python3.12/site-packages/tornado/netutil.py", line 273, in accept_handler
  File "/usr/lib/python3.12/socket.py", line 295, in accept
OSError: [Errno 24] Too many open files
Exception in callback BaseAsyncIOLoop._handle_events(7, 1)
handle: <Handle BaseAsyncIOLoop._handle_events(7, 1)>
Traceback (most recent call last):
  File "/usr/lib/python3.12/asyncio/events.py", line 88, in _run
    self._context.run(self._callback, *self._args)
  File "/home/Shared/UniBe-swiss-ndvi/GitHub/swiss-ndvi-processing/.venv/lib/python3.12/site-packages/tornado/platform/asyncio.py", line 208, in _handle_events
  File "/home/Shared/UniBe-swiss-ndvi/GitHub/swiss-ndvi-processing/.venv/lib/python3.12/site-packages/tornado/netutil.py", line 273, in accept_handler
  File "/usr/lib/python3.12/socket.py", line 295, in accept
OSError: [Errno 24] Too many open files
Exception in callback BaseAsyncIOLoop._handle_events(7, 1)
handle: <Handle BaseAsyncIOLoop._handle_events(7, 1)>
Traceback (most recent call last):
  File "/usr/lib/python3.12/asyncio/events.py", line 88, in _run
    self._context.run(self._callback, *self._args)
  File "/home/Shared/UniBe-swiss-ndvi/GitHub/swiss-ndvi-processing/.venv/lib/python3.12/site-packages/tornado/platform/asyncio.py", line 208, in _handle_events
  File "/home/Shared/UniBe-swiss-ndvi/GitHub/swiss-ndvi-processing/.venv/lib/python3.12/site-packages/tornado/netutil.py", line 273, in accept_handler
  File "/usr/lib/python3.12/socket.py", line 295, in accept
OSError: [Errno 24] Too many open files
Exception in callback BaseAsyncIOLoop._handle_events(7, 1)
handle: <Handle BaseAsyncIOLoop._handle_events(7, 1)>
Traceback (most recent call last):
  File "/usr/lib/python3.12/asyncio/events.py", line 88, in _run
    self._context.run(self._callback, *self._args)
  File "/home/Shared/UniBe-swiss-ndvi/GitHub/swiss-ndvi-processing/.venv/lib/python3.12/site-packages/tornado/platform/asyncio.py", line 208, in _handle_events
  File "/home/Shared/UniBe-swiss-ndvi/GitHub/swiss-ndvi-processing/.venv/lib/python3.12/site-packages/tornado/netutil.py", line 273, in accept_handler
  File "/usr/lib/python3.12/socket.py", line 295, in accept
OSError: [Errno 24] Too many open files
Exception in callback BaseAsyncIOLoop._handle_events(7, 1)
handle: <Handle BaseAsyncIOLoop._handle_events(7, 1)>
Traceback (most recent call last):
  File "/usr/lib/python3.12/asyncio/events.py", line 88, in _run
    self._context.run(self._callback, *self._args)
  File "/home/Shared/UniBe-swiss-ndvi/GitHub/swiss-ndvi-processing/.venv/lib/python3.12/site-packages/tornado/platform/asyncio.py", line 208, in _handle_events
  File "/home/Shared/UniBe-swiss-ndvi/GitHub/swiss-ndvi-processing/.venv/lib/python3.12/site-packages/tornado/netutil.py", line 273, in accept_handler
  File "/usr/lib/python3.12/socket.py", line 295, in accept
OSError: [Errno 24] Too many open files
Exception in callback BaseAsyncIOLoop._handle_events(7, 1)
handle: <Handle BaseAsyncIOLoop._handle_events(7, 1)>
Traceback (most recent call last):
  File "/usr/lib/python3.12/asyncio/events.py", line 88, in _run
    self._context.run(self._callback, *self._args)
  File "/home/Shared/UniBe-swiss-ndvi/GitHub/swiss-ndvi-processing/.venv/lib/python3.12/site-packages/tornado/platform/asyncio.py", line 208, in _handle_events
  File "/home/Shared/UniBe-swiss-ndvi/GitHub/swiss-ndvi-processing/.venv/lib/python3.12/site-packages/tornado/netutil.py", line 273, in accept_handler
  File "/usr/lib/python3.12/socket.py", line 295, in accept
OSError: [Errno 24] Too many open files
Exception in callback BaseAsyncIOLoop._handle_events(7, 1)
handle: <Handle BaseAsyncIOLoop._handle_events(7, 1)>
Traceback (most recent call last):
  File "/usr/lib/python3.12/asyncio/events.py", line 88, in _run
    self._context.run(self._callback, *self._args)
  File "/home/Shared/UniBe-swiss-ndvi/GitHub/swiss-ndvi-processing/.venv/lib/python3.12/site-packages/tornado/platform/asyncio.py", line 208, in _handle_events
  File "/home/Shared/UniBe-swiss-ndvi/GitHub/swiss-ndvi-processing/.venv/lib/python3.12/site-packages/tornado/netutil.py", line 273, in accept_handler
  File "/usr/lib/python3.12/socket.py", line 295, in accept
OSError: [Errno 24] Too many open files
Exception in callback BaseAsyncIOLoop._handle_events(7, 1)
handle: <Handle BaseAsyncIOLoop._handle_events(7, 1)>
Traceback (most recent call last):
  File "/usr/lib/python3.12/asyncio/events.py", line 88, in _run
    self._context.run(self._callback, *self._args)
  File "/home/Shared/UniBe-swiss-ndvi/GitHub/swiss-ndvi-processing/.venv/lib/python3.12/site-packages/tornado/platform/asyncio.py", line 208, in _handle_events
  File "/home/Shared/UniBe-swiss-ndvi/GitHub/swiss-ndvi-processing/.venv/lib/python3.12/site-packages/tornado/netutil.py", line 273, in accept_handler
  File "/usr/lib/python3.12/socket.py", line 295, in accept
OSError: [Errno 24] Too many open files
Exception in callback BaseAsyncIOLoop._handle_events(7, 1)
handle: <Handle BaseAsyncIOLoop._handle_events(7, 1)>
Traceback (most recent call last):
  File "/usr/lib/python3.12/asyncio/events.py", line 88, in _run
    self._context.run(self._callback, *self._args)
  File "/home/Shared/UniBe-swiss-ndvi/GitHub/swiss-ndvi-processing/.venv/lib/python3.12/site-packages/tornado/platform/asyncio.py", line 208, in _handle_events
  File "/home/Shared/UniBe-swiss-ndvi/GitHub/swiss-ndvi-processing/.venv/lib/python3.12/site-packages/tornado/netutil.py", line 273, in accept_handler
  File "/usr/lib/python3.12/socket.py", line 295, in accept
OSError: [Errno 24] Too many open files
Exception in callback BaseAsyncIOLoop._handle_events(7, 1)
handle: <Handle BaseAsyncIOLoop._handle_events(7, 1)>
Traceback (most recent call last):
  File "/usr/lib/python3.12/asyncio/events.py", line 88, in _run
    self._context.run(self._callback, *self._args)
  File "/home/Shared/UniBe-swiss-ndvi/GitHub/swiss-ndvi-processing/.venv/lib/python3.12/site-packages/tornado/platform/asyncio.py", line 208, in _handle_events
  File "/home/Shared/UniBe-swiss-ndvi/GitHub/swiss-ndvi-processing/.venv/lib/python3.12/site-packages/tornado/netutil.py", line 273, in accept_handler
  File "/usr/lib/python3.12/socket.py", line 295, in accept
OSError: [Errno 24] Too many open files
Exception in callback BaseAsyncIOLoop._handle_events(7, 1)
handle: <Handle BaseAsyncIOLoop._handle_events(7, 1)>
Traceback (most recent call last):
  File "/usr/lib/python3.12/asyncio/events.py", line 88, in _run
    self._context.run(self._callback, *self._args)
  File "/home/Shared/UniBe-swiss-ndvi/GitHub/swiss-ndvi-processing/.venv/lib/python3.12/site-packages/tornado/platform/asyncio.py", line 208, in _handle_events
  File "/home/Shared/UniBe-swiss-ndvi/GitHub/swiss-ndvi-processing/.venv/lib/python3.12/site-packages/tornado/netutil.py", line 273, in accept_handler
  File "/usr/lib/python3.12/socket.py", line 295, in accept
OSError: [Errno 24] Too many open files
Exception in callback BaseAsyncIOLoop._handle_events(7, 1)
handle: <Handle BaseAsyncIOLoop._handle_events(7, 1)>
Traceback (most recent call last):
  File "/usr/lib/python3.12/asyncio/events.py", line 88, in _run
    self._context.run(self._callback, *self._args)
  File "/home/Shared/UniBe-swiss-ndvi/GitHub/swiss-ndvi-processing/.venv/lib/python3.12/site-packages/tornado/platform/asyncio.py", line 208, in _handle_events
  File "/home/Shared/UniBe-swiss-ndvi/GitHub/swiss-ndvi-processing/.venv/lib/python3.12/site-packages/tornado/netutil.py", line 273, in accept_handler
  File "/usr/lib/python3.12/socket.py", line 295, in accept
OSError: [Errno 24] Too many open files
Exception in callback BaseAsyncIOLoop._handle_events(7, 1)
handle: <Handle BaseAsyncIOLoop._handle_events(7, 1)>
Traceback (most recent call last):
  File "/usr/lib/python3.12/asyncio/events.py", line 88, in _run
    self._context.run(self._callback, *self._args)
  File "/home/Shared/UniBe-swiss-ndvi/GitHub/swiss-ndvi-processing/.venv/lib/python3.12/site-packages/tornado/platform/asyncio.py", line 208, in _handle_events
  File "/home/Shared/UniBe-swiss-ndvi/GitHub/swiss-ndvi-processing/.venv/lib/python3.12/site-packages/tornado/netutil.py", line 273, in accept_handler
  File "/usr/lib/python3.12/socket.py", line 295, in accept
OSError: [Errno 24] Too many open files
Exception in callback BaseAsyncIOLoop._handle_events(7, 1)
handle: <Handle BaseAsyncIOLoop._handle_events(7, 1)>
Traceback (most recent call last):
  File "/usr/lib/python3.12/asyncio/events.py", line 88, in _run
    self._context.run(self._callback, *self._args)
  File "/home/Shared/UniBe-swiss-ndvi/GitHub/swiss-ndvi-processing/.venv/lib/python3.12/site-packages/tornado/platform/asyncio.py", line 208, in _handle_events
  File "/home/Shared/UniBe-swiss-ndvi/GitHub/swiss-ndvi-processing/.venv/lib/python3.12/site-packages/tornado/netutil.py", line 273, in accept_handler
  File "/usr/lib/python3.12/socket.py", line 295, in accept
OSError: [Errno 24] Too many open files
Exception in callback BaseAsyncIOLoop._handle_events(7, 1)
handle: <Handle BaseAsyncIOLoop._handle_events(7, 1)>
Traceback (most recent call last):
  File "/usr/lib/python3.12/asyncio/events.py", line 88, in _run
    self._context.run(self._callback, *self._args)
  File "/home/Shared/UniBe-swiss-ndvi/GitHub/swiss-ndvi-processing/.venv/lib/python3.12/site-packages/tornado/platform/asyncio.py", line 208, in _handle_events
  File "/home/Shared/UniBe-swiss-ndvi/GitHub/swiss-ndvi-processing/.venv/lib/python3.12/site-packages/tornado/netutil.py", line 273, in accept_handler
  File "/usr/lib/python3.12/socket.py", line 295, in accept
OSError: [Errno 24] Too many open files
Exception in callback BaseAsyncIOLoop._handle_events(7, 1)
handle: <Handle BaseAsyncIOLoop._handle_events(7, 1)>
Traceback (most recent call last):
  File "/usr/lib/python3.12/asyncio/events.py", line 88, in _run
    self._context.run(self._callback, *self._args)
  File "/home/Shared/UniBe-swiss-ndvi/GitHub/swiss-ndvi-processing/.venv/lib/python3.12/site-packages/tornado/platform/asyncio.py", line 208, in _handle_events
  File "/home/Shared/UniBe-swiss-ndvi/GitHub/swiss-ndvi-processing/.venv/lib/python3.12/site-packages/tornado/netutil.py", line 273, in accept_handler
  File "/usr/lib/python3.12/socket.py", line 295, in accept
OSError: [Errno 24] Too many open files
Exception in callback BaseAsyncIOLoop._handle_events(7, 1)
handle: <Handle BaseAsyncIOLoop._handle_events(7, 1)>
Traceback (most recent call last):
  File "/usr/lib/python3.12/asyncio/events.py", line 88, in _run
    self._context.run(self._callback, *self._args)
  File "/home/Shared/UniBe-swiss-ndvi/GitHub/swiss-ndvi-processing/.venv/lib/python3.12/site-packages/tornado/platform/asyncio.py", line 208, in _handle_events
  File "/home/Shared/UniBe-swiss-ndvi/GitHub/swiss-ndvi-processing/.venv/lib/python3.12/site-packages/tornado/netutil.py", line 273, in accept_handler
  File "/usr/lib/python3.12/socket.py", line 295, in accept
OSError: [Errno 24] Too many open files
Exception in callback BaseAsyncIOLoop._handle_events(7, 1)
handle: <Handle BaseAsyncIOLoop._handle_events(7, 1)>
Traceback (most recent call last):
  File "/usr/lib/python3.12/asyncio/events.py", line 88, in _run
    self._context.run(self._callback, *self._args)
  File "/home/Shared/UniBe-swiss-ndvi/GitHub/swiss-ndvi-processing/.venv/lib/python3.12/site-packages/tornado/platform/asyncio.py", line 208, in _handle_events
  File "/home/Shared/UniBe-swiss-ndvi/GitHub/swiss-ndvi-processing/.venv/lib/python3.12/site-packages/tornado/netutil.py", line 273, in accept_handler
  File "/usr/lib/python3.12/socket.py", line 295, in accept
OSError: [Errno 24] Too many open files
Exception in callback BaseAsyncIOLoop._handle_events(7, 1)
handle: <Handle BaseAsyncIOLoop._handle_events(7, 1)>
Traceback (most recent call last):
  File "/usr/lib/python3.12/asyncio/events.py", line 88, in _run
    self._context.run(self._callback, *self._args)
  File "/home/Shared/UniBe-swiss-ndvi/GitHub/swiss-ndvi-processing/.venv/lib/python3.12/site-packages/tornado/platform/asyncio.py", line 208, in _handle_events
  File "/home/Shared/UniBe-swiss-ndvi/GitHub/swiss-ndvi-processing/.venv/lib/python3.12/site-packages/tornado/netutil.py", line 273, in accept_handler
  File "/usr/lib/python3.12/socket.py", line 295, in accept
OSError: [Errno 24] Too many open files
Exception in callback BaseAsyncIOLoop._handle_events(7, 1)
handle: <Handle BaseAsyncIOLoop._handle_events(7, 1)>
Traceback (most recent call last):
  File "/usr/lib/python3.12/asyncio/events.py", line 88, in _run
    self._context.run(self._callback, *self._args)
  File "/home/Shared/UniBe-swiss-ndvi/GitHub/swiss-ndvi-processing/.venv/lib/python3.12/site-packages/tornado/platform/asyncio.py", line 208, in _handle_events
  File "/home/Shared/UniBe-swiss-ndvi/GitHub/swiss-ndvi-processing/.venv/lib/python3.12/site-packages/tornado/netutil.py", line 273, in accept_handler
  File "/usr/lib/python3.12/socket.py", line 295, in accept
OSError: [Errno 24] Too many open files
Exception in callback BaseAsyncIOLoop._handle_events(7, 1)
handle: <Handle BaseAsyncIOLoop._handle_events(7, 1)>
Traceback (most recent call last):
  File "/usr/lib/python3.12/asyncio/events.py", line 88, in _run
    self._context.run(self._callback, *self._args)
  File "/home/Shared/UniBe-swiss-ndvi/GitHub/swiss-ndvi-processing/.venv/lib/python3.12/site-packages/tornado/platform/asyncio.py", line 208, in _handle_events
  File "/home/Shared/UniBe-swiss-ndvi/GitHub/swiss-ndvi-processing/.venv/lib/python3.12/site-packages/tornado/netutil.py", line 273, in accept_handler
  File "/usr/lib/python3.12/socket.py", line 295, in accept
OSError: [Errno 24] Too many open files
Exception in callback BaseAsyncIOLoop._handle_events(7, 1)
handle: <Handle BaseAsyncIOLoop._handle_events(7, 1)>
Traceback (most recent call last):
  File "/usr/lib/python3.12/asyncio/events.py", line 88, in _run
    self._context.run(self._callback, *self._args)
  File "/home/Shared/UniBe-swiss-ndvi/GitHub/swiss-ndvi-processing/.venv/lib/python3.12/site-packages/tornado/platform/asyncio.py", line 208, in _handle_events
  File "/home/Shared/UniBe-swiss-ndvi/GitHub/swiss-ndvi-processing/.venv/lib/python3.12/site-packages/tornado/netutil.py", line 273, in accept_handler
  File "/usr/lib/python3.12/socket.py", line 295, in accept
OSError: [Errno 24] Too many open files
Exception in callback BaseAsyncIOLoop._handle_events(7, 1)
handle: <Handle BaseAsyncIOLoop._handle_events(7, 1)>
Traceback (most recent call last):
  File "/usr/lib/python3.12/asyncio/events.py", line 88, in _run
    self._context.run(self._callback, *self._args)
  File "/home/Shared/UniBe-swiss-ndvi/GitHub/swiss-ndvi-processing/.venv/lib/python3.12/site-packages/tornado/platform/asyncio.py", line 208, in _handle_events
  File "/home/Shared/UniBe-swiss-ndvi/GitHub/swiss-ndvi-processing/.venv/lib/python3.12/site-packages/tornado/netutil.py", line 273, in accept_handler
  File "/usr/lib/python3.12/socket.py", line 295, in accept
OSError: [Errno 24] Too many open files
Exception in callback BaseAsyncIOLoop._handle_events(7, 1)
handle: <Handle BaseAsyncIOLoop._handle_events(7, 1)>
Traceback (most recent call last):
  File "/usr/lib/python3.12/asyncio/events.py", line 88, in _run
    self._context.run(self._callback, *self._args)
  File "/home/Shared/UniBe-swiss-ndvi/GitHub/swiss-ndvi-processing/.venv/lib/python3.12/site-packages/tornado/platform/asyncio.py", line 208, in _handle_events
  File "/home/Shared/UniBe-swiss-ndvi/GitHub/swiss-ndvi-processing/.venv/lib/python3.12/site-packages/tornado/netutil.py", line 273, in accept_handler
  File "/usr/lib/python3.12/socket.py", line 295, in accept
OSError: [Errno 24] Too many open files
Exception in callback BaseAsyncIOLoop._handle_events(7, 1)
handle: <Handle BaseAsyncIOLoop._handle_events(7, 1)>
Traceback (most recent call last):
  File "/usr/lib/python3.12/asyncio/events.py", line 88, in _run
    self._context.run(self._callback, *self._args)
  File "/home/Shared/UniBe-swiss-ndvi/GitHub/swiss-ndvi-processing/.venv/lib/python3.12/site-packages/tornado/platform/asyncio.py", line 208, in _handle_events
  File "/home/Shared/UniBe-swiss-ndvi/GitHub/swiss-ndvi-processing/.venv/lib/python3.12/site-packages/tornado/netutil.py", line 273, in accept_handler
  File "/usr/lib/python3.12/socket.py", line 295, in accept
OSError: [Errno 24] Too many open files
Exception in callback BaseAsyncIOLoop._handle_events(7, 1)
handle: <Handle BaseAsyncIOLoop._handle_events(7, 1)>
Traceback (most recent call last):
  File "/usr/lib/python3.12/asyncio/events.py", line 88, in _run
    self._context.run(self._callback, *self._args)
  File "/home/Shared/UniBe-swiss-ndvi/GitHub/swiss-ndvi-processing/.venv/lib/python3.12/site-packages/tornado/platform/asyncio.py", line 208, in _handle_events
  File "/home/Shared/UniBe-swiss-ndvi/GitHub/swiss-ndvi-processing/.venv/lib/python3.12/site-packages/tornado/netutil.py", line 273, in accept_handler
  File "/usr/lib/python3.12/socket.py", line 295, in accept
OSError: [Errno 24] Too many open files
Exception in callback BaseAsyncIOLoop._handle_events(7, 1)
handle: <Handle BaseAsyncIOLoop._handle_events(7, 1)>
Traceback (most recent call last):
  File "/usr/lib/python3.12/asyncio/events.py", line 88, in _run
    self._context.run(self._callback, *self._args)
  File "/home/Shared/UniBe-swiss-ndvi/GitHub/swiss-ndvi-processing/.venv/lib/python3.12/site-packages/tornado/platform/asyncio.py", line 208, in _handle_events
  File "/home/Shared/UniBe-swiss-ndvi/GitHub/swiss-ndvi-processing/.venv/lib/python3.12/site-packages/tornado/netutil.py", line 273, in accept_handler
  File "/usr/lib/python3.12/socket.py", line 295, in accept
OSError: [Errno 24] Too many open files
Exception in callback BaseAsyncIOLoop._handle_events(7, 1)
handle: <Handle BaseAsyncIOLoop._handle_events(7, 1)>
Traceback (most recent call last):
  File "/usr/lib/python3.12/asyncio/events.py", line 88, in _run
    self._context.run(self._callback, *self._args)
  File "/home/Shared/UniBe-swiss-ndvi/GitHub/swiss-ndvi-processing/.venv/lib/python3.12/site-packages/tornado/platform/asyncio.py", line 208, in _handle_events
  File "/home/Shared/UniBe-swiss-ndvi/GitHub/swiss-ndvi-processing/.venv/lib/python3.12/site-packages/tornado/netutil.py", line 273, in accept_handler
  File "/usr/lib/python3.12/socket.py", line 295, in accept
OSError: [Errno 24] Too many open files
Exception in callback BaseAsyncIOLoop._handle_events(7, 1)
handle: <Handle BaseAsyncIOLoop._handle_events(7, 1)>
Traceback (most recent call last):
  File "/usr/lib/python3.12/asyncio/events.py", line 88, in _run
    self._context.run(self._callback, *self._args)
  File "/home/Shared/UniBe-swiss-ndvi/GitHub/swiss-ndvi-processing/.venv/lib/python3.12/site-packages/tornado/platform/asyncio.py", line 208, in _handle_events
  File "/home/Shared/UniBe-swiss-ndvi/GitHub/swiss-ndvi-processing/.venv/lib/python3.12/site-packages/tornado/netutil.py", line 273, in accept_handler
  File "/usr/lib/python3.12/socket.py", line 295, in accept
OSError: [Errno 24] Too many open files
Exception in callback BaseAsyncIOLoop._handle_events(7, 1)
handle: <Handle BaseAsyncIOLoop._handle_events(7, 1)>
Traceback (most recent call last):
  File "/usr/lib/python3.12/asyncio/events.py", line 88, in _run
    self._context.run(self._callback, *self._args)
  File "/home/Shared/UniBe-swiss-ndvi/GitHub/swiss-ndvi-processing/.venv/lib/python3.12/site-packages/tornado/platform/asyncio.py", line 208, in _handle_events
  File "/home/Shared/UniBe-swiss-ndvi/GitHub/swiss-ndvi-processing/.venv/lib/python3.12/site-packages/tornado/netutil.py", line 273, in accept_handler
  File "/usr/lib/python3.12/socket.py", line 295, in accept
OSError: [Errno 24] Too many open files
Exception in callback BaseAsyncIOLoop._handle_events(7, 1)
handle: <Handle BaseAsyncIOLoop._handle_events(7, 1)>
Traceback (most recent call last):
  File "/usr/lib/python3.12/asyncio/events.py", line 88, in _run
    self._context.run(self._callback, *self._args)
  File "/home/Shared/UniBe-swiss-ndvi/GitHub/swiss-ndvi-processing/.venv/lib/python3.12/site-packages/tornado/platform/asyncio.py", line 208, in _handle_events
  File "/home/Shared/UniBe-swiss-ndvi/GitHub/swiss-ndvi-processing/.venv/lib/python3.12/site-packages/tornado/netutil.py", line 273, in accept_handler
  File "/usr/lib/python3.12/socket.py", line 295, in accept
OSError: [Errno 24] Too many open files
Exception in callback BaseAsyncIOLoop._handle_events(7, 1)
handle: <Handle BaseAsyncIOLoop._handle_events(7, 1)>
Traceback (most recent call last):
  File "/usr/lib/python3.12/asyncio/events.py", line 88, in _run
    self._context.run(self._callback, *self._args)
  File "/home/Shared/UniBe-swiss-ndvi/GitHub/swiss-ndvi-processing/.venv/lib/python3.12/site-packages/tornado/platform/asyncio.py", line 208, in _handle_events
  File "/home/Shared/UniBe-swiss-ndvi/GitHub/swiss-ndvi-processing/.venv/lib/python3.12/site-packages/tornado/netutil.py", line 273, in accept_handler
  File "/usr/lib/python3.12/socket.py", line 295, in accept
OSError: [Errno 24] Too many open files
Exception in callback BaseAsyncIOLoop._handle_events(7, 1)
handle: <Handle BaseAsyncIOLoop._handle_events(7, 1)>
Traceback (most recent call last):
  File "/usr/lib/python3.12/asyncio/events.py", line 88, in _run
    self._context.run(self._callback, *self._args)
  File "/home/Shared/UniBe-swiss-ndvi/GitHub/swiss-ndvi-processing/.venv/lib/python3.12/site-packages/tornado/platform/asyncio.py", line 208, in _handle_events
  File "/home/Shared/UniBe-swiss-ndvi/GitHub/swiss-ndvi-processing/.venv/lib/python3.12/site-packages/tornado/netutil.py", line 273, in accept_handler
  File "/usr/lib/python3.12/socket.py", line 295, in accept
OSError: [Errno 24] Too many open files
Exception in callback BaseAsyncIOLoop._handle_events(7, 1)
handle: <Handle BaseAsyncIOLoop._handle_events(7, 1)>
Traceback (most recent call last):
  File "/usr/lib/python3.12/asyncio/events.py", line 88, in _run
    self._context.run(self._callback, *self._args)
  File "/home/Shared/UniBe-swiss-ndvi/GitHub/swiss-ndvi-processing/.venv/lib/python3.12/site-packages/tornado/platform/asyncio.py", line 208, in _handle_events
  File "/home/Shared/UniBe-swiss-ndvi/GitHub/swiss-ndvi-processing/.venv/lib/python3.12/site-packages/tornado/netutil.py", line 273, in accept_handler
  File "/usr/lib/python3.12/socket.py", line 295, in accept
OSError: [Errno 24] Too many open files
Exception in callback BaseAsyncIOLoop._handle_events(7, 1)
handle: <Handle BaseAsyncIOLoop._handle_events(7, 1)>
Traceback (most recent call last):
  File "/usr/lib/python3.12/asyncio/events.py", line 88, in _run
    self._context.run(self._callback, *self._args)
  File "/home/Shared/UniBe-swiss-ndvi/GitHub/swiss-ndvi-processing/.venv/lib/python3.12/site-packages/tornado/platform/asyncio.py", line 208, in _handle_events
  File "/home/Shared/UniBe-swiss-ndvi/GitHub/swiss-ndvi-processing/.venv/lib/python3.12/site-packages/tornado/netutil.py", line 273, in accept_handler
  File "/usr/lib/python3.12/socket.py", line 295, in accept
OSError: [Errno 24] Too many open files
Exception in callback BaseAsyncIOLoop._handle_events(7, 1)
handle: <Handle BaseAsyncIOLoop._handle_events(7, 1)>
Traceback (most recent call last):
  File "/usr/lib/python3.12/asyncio/events.py", line 88, in _run
    self._context.run(self._callback, *self._args)
  File "/home/Shared/UniBe-swiss-ndvi/GitHub/swiss-ndvi-processing/.venv/lib/python3.12/site-packages/tornado/platform/asyncio.py", line 208, in _handle_events
  File "/home/Shared/UniBe-swiss-ndvi/GitHub/swiss-ndvi-processing/.venv/lib/python3.12/site-packages/tornado/netutil.py", line 273, in accept_handler
  File "/usr/lib/python3.12/socket.py", line 295, in accept
OSError: [Errno 24] Too many open files
Exception in callback BaseAsyncIOLoop._handle_events(7, 1)
handle: <Handle BaseAsyncIOLoop._handle_events(7, 1)>
Traceback (most recent call last):
  File "/usr/lib/python3.12/asyncio/events.py", line 88, in _run
    self._context.run(self._callback, *self._args)
  File "/home/Shared/UniBe-swiss-ndvi/GitHub/swiss-ndvi-processing/.venv/lib/python3.12/site-packages/tornado/platform/asyncio.py", line 208, in _handle_events
  File "/home/Shared/UniBe-swiss-ndvi/GitHub/swiss-ndvi-processing/.venv/lib/python3.12/site-packages/tornado/netutil.py", line 273, in accept_handler
  File "/usr/lib/python3.12/socket.py", line 295, in accept
OSError: [Errno 24] Too many open files
Exception in callback BaseAsyncIOLoop._handle_events(7, 1)
handle: <Handle BaseAsyncIOLoop._handle_events(7, 1)>
Traceback (most recent call last):
  File "/usr/lib/python3.12/asyncio/events.py", line 88, in _run
    self._context.run(self._callback, *self._args)
  File "/home/Shared/UniBe-swiss-ndvi/GitHub/swiss-ndvi-processing/.venv/lib/python3.12/site-packages/tornado/platform/asyncio.py", line 208, in _handle_events
  File "/home/Shared/UniBe-swiss-ndvi/GitHub/swiss-ndvi-processing/.venv/lib/python3.12/site-packages/tornado/netutil.py", line 273, in accept_handler
  File "/usr/lib/python3.12/socket.py", line 295, in accept
OSError: [Errno 24] Too many open files
Exception in callback BaseAsyncIOLoop._handle_events(7, 1)
handle: <Handle BaseAsyncIOLoop._handle_events(7, 1)>
Traceback (most recent call last):
  File "/usr/lib/python3.12/asyncio/events.py", line 88, in _run
    self._context.run(self._callback, *self._args)
  File "/home/Shared/UniBe-swiss-ndvi/GitHub/swiss-ndvi-processing/.venv/lib/python3.12/site-packages/tornado/platform/asyncio.py", line 208, in _handle_events
  File "/home/Shared/UniBe-swiss-ndvi/GitHub/swiss-ndvi-processing/.venv/lib/python3.12/site-packages/tornado/netutil.py", line 273, in accept_handler
  File "/usr/lib/python3.12/socket.py", line 295, in accept
OSError: [Errno 24] Too many open files
Exception in callback BaseAsyncIOLoop._handle_events(7, 1)
handle: <Handle BaseAsyncIOLoop._handle_events(7, 1)>
Traceback (most recent call last):
  File "/usr/lib/python3.12/asyncio/events.py", line 88, in _run
    self._context.run(self._callback, *self._args)
  File "/home/Shared/UniBe-swiss-ndvi/GitHub/swiss-ndvi-processing/.venv/lib/python3.12/site-packages/tornado/platform/asyncio.py", line 208, in _handle_events
  File "/home/Shared/UniBe-swiss-ndvi/GitHub/swiss-ndvi-processing/.venv/lib/python3.12/site-packages/tornado/netutil.py", line 273, in accept_handler
  File "/usr/lib/python3.12/socket.py", line 295, in accept
OSError: [Errno 24] Too many open files
Exception in callback BaseAsyncIOLoop._handle_events(7, 1)
handle: <Handle BaseAsyncIOLoop._handle_events(7, 1)>
Traceback (most recent call last):
  File "/usr/lib/python3.12/asyncio/events.py", line 88, in _run
    self._context.run(self._callback, *self._args)
  File "/home/Shared/UniBe-swiss-ndvi/GitHub/swiss-ndvi-processing/.venv/lib/python3.12/site-packages/tornado/platform/asyncio.py", line 208, in _handle_events
  File "/home/Shared/UniBe-swiss-ndvi/GitHub/swiss-ndvi-processing/.venv/lib/python3.12/site-packages/tornado/netutil.py", line 273, in accept_handler
  File "/usr/lib/python3.12/socket.py", line 295, in accept
OSError: [Errno 24] Too many open files
Exception in callback BaseAsyncIOLoop._handle_events(7, 1)
handle: <Handle BaseAsyncIOLoop._handle_events(7, 1)>
Traceback (most recent call last):
  File "/usr/lib/python3.12/asyncio/events.py", line 88, in _run
    self._context.run(self._callback, *self._args)
  File "/home/Shared/UniBe-swiss-ndvi/GitHub/swiss-ndvi-processing/.venv/lib/python3.12/site-packages/tornado/platform/asyncio.py", line 208, in _handle_events
  File "/home/Shared/UniBe-swiss-ndvi/GitHub/swiss-ndvi-processing/.venv/lib/python3.12/site-packages/tornado/netutil.py", line 273, in accept_handler
  File "/usr/lib/python3.12/socket.py", line 295, in accept
OSError: [Errno 24] Too many open files
Exception in callback BaseAsyncIOLoop._handle_events(7, 1)
handle: <Handle BaseAsyncIOLoop._handle_events(7, 1)>
Traceback (most recent call last):
  File "/usr/lib/python3.12/asyncio/events.py", line 88, in _run
    self._context.run(self._callback, *self._args)
  File "/home/Shared/UniBe-swiss-ndvi/GitHub/swiss-ndvi-processing/.venv/lib/python3.12/site-packages/tornado/platform/asyncio.py", line 208, in _handle_events
  File "/home/Shared/UniBe-swiss-ndvi/GitHub/swiss-ndvi-processing/.venv/lib/python3.12/site-packages/tornado/netutil.py", line 273, in accept_handler
  File "/usr/lib/python3.12/socket.py", line 295, in accept
OSError: [Errno 24] Too many open files
Exception in callback BaseAsyncIOLoop._handle_events(7, 1)
handle: <Handle BaseAsyncIOLoop._handle_events(7, 1)>
Traceback (most recent call last):
  File "/usr/lib/python3.12/asyncio/events.py", line 88, in _run
    self._context.run(self._callback, *self._args)
  File "/home/Shared/UniBe-swiss-ndvi/GitHub/swiss-ndvi-processing/.venv/lib/python3.12/site-packages/tornado/platform/asyncio.py", line 208, in _handle_events
  File "/home/Shared/UniBe-swiss-ndvi/GitHub/swiss-ndvi-processing/.venv/lib/python3.12/site-packages/tornado/netutil.py", line 273, in accept_handler
  File "/usr/lib/python3.12/socket.py", line 295, in accept
OSError: [Errno 24] Too many open files
Exception in callback BaseAsyncIOLoop._handle_events(7, 1)
handle: <Handle BaseAsyncIOLoop._handle_events(7, 1)>
Traceback (most recent call last):
  File "/usr/lib/python3.12/asyncio/events.py", line 88, in _run
    self._context.run(self._callback, *self._args)
  File "/home/Shared/UniBe-swiss-ndvi/GitHub/swiss-ndvi-processing/.venv/lib/python3.12/site-packages/tornado/platform/asyncio.py", line 208, in _handle_events
  File "/home/Shared/UniBe-swiss-ndvi/GitHub/swiss-ndvi-processing/.venv/lib/python3.12/site-packages/tornado/netutil.py", line 273, in accept_handler
  File "/usr/lib/python3.12/socket.py", line 295, in accept
OSError: [Errno 24] Too many open files
Exception in callback BaseAsyncIOLoop._handle_events(7, 1)
handle: <Handle BaseAsyncIOLoop._handle_events(7, 1)>
Traceback (most recent call last):
  File "/usr/lib/python3.12/asyncio/events.py", line 88, in _run
    self._context.run(self._callback, *self._args)
  File "/home/Shared/UniBe-swiss-ndvi/GitHub/swiss-ndvi-processing/.venv/lib/python3.12/site-packages/tornado/platform/asyncio.py", line 208, in _handle_events
  File "/home/Shared/UniBe-swiss-ndvi/GitHub/swiss-ndvi-processing/.venv/lib/python3.12/site-packages/tornado/netutil.py", line 273, in accept_handler
  File "/usr/lib/python3.12/socket.py", line 295, in accept
OSError: [Errno 24] Too many open files
Exception in callback BaseAsyncIOLoop._handle_events(7, 1)
handle: <Handle BaseAsyncIOLoop._handle_events(7, 1)>
Traceback (most recent call last):
  File "/usr/lib/python3.12/asyncio/events.py", line 88, in _run
    self._context.run(self._callback, *self._args)
  File "/home/Shared/UniBe-swiss-ndvi/GitHub/swiss-ndvi-processing/.venv/lib/python3.12/site-packages/tornado/platform/asyncio.py", line 208, in _handle_events
  File "/home/Shared/UniBe-swiss-ndvi/GitHub/swiss-ndvi-processing/.venv/lib/python3.12/site-packages/tornado/netutil.py", line 273, in accept_handler
  File "/usr/lib/python3.12/socket.py", line 295, in accept
OSError: [Errno 24] Too many open files
Exception in callback BaseAsyncIOLoop._handle_events(7, 1)
handle: <Handle BaseAsyncIOLoop._handle_events(7, 1)>
Traceback (most recent call last):
  File "/usr/lib/python3.12/asyncio/events.py", line 88, in _run
    self._context.run(self._callback, *self._args)
  File "/home/Shared/UniBe-swiss-ndvi/GitHub/swiss-ndvi-processing/.venv/lib/python3.12/site-packages/tornado/platform/asyncio.py", line 208, in _handle_events
  File "/home/Shared/UniBe-swiss-ndvi/GitHub/swiss-ndvi-processing/.venv/lib/python3.12/site-packages/tornado/netutil.py", line 273, in accept_handler
  File "/usr/lib/python3.12/socket.py", line 295, in accept
OSError: [Errno 24] Too many open files
Exception in callback BaseAsyncIOLoop._handle_events(7, 1)
handle: <Handle BaseAsyncIOLoop._handle_events(7, 1)>
Traceback (most recent call last):
  File "/usr/lib/python3.12/asyncio/events.py", line 88, in _run
    self._context.run(self._callback, *self._args)
  File "/home/Shared/UniBe-swiss-ndvi/GitHub/swiss-ndvi-processing/.venv/lib/python3.12/site-packages/tornado/platform/asyncio.py", line 208, in _handle_events
  File "/home/Shared/UniBe-swiss-ndvi/GitHub/swiss-ndvi-processing/.venv/lib/python3.12/site-packages/tornado/netutil.py", line 273, in accept_handler
  File "/usr/lib/python3.12/socket.py", line 295, in accept
OSError: [Errno 24] Too many open files
Exception in callback BaseAsyncIOLoop._handle_events(7, 1)
handle: <Handle BaseAsyncIOLoop._handle_events(7, 1)>
Traceback (most recent call last):
  File "/usr/lib/python3.12/asyncio/events.py", line 88, in _run
    self._context.run(self._callback, *self._args)
  File "/home/Shared/UniBe-swiss-ndvi/GitHub/swiss-ndvi-processing/.venv/lib/python3.12/site-packages/tornado/platform/asyncio.py", line 208, in _handle_events
  File "/home/Shared/UniBe-swiss-ndvi/GitHub/swiss-ndvi-processing/.venv/lib/python3.12/site-packages/tornado/netutil.py", line 273, in accept_handler
  File "/usr/lib/python3.12/socket.py", line 295, in accept
OSError: [Errno 24] Too many open files
Exception in callback BaseAsyncIOLoop._handle_events(7, 1)
handle: <Handle BaseAsyncIOLoop._handle_events(7, 1)>
Traceback (most recent call last):
  File "/usr/lib/python3.12/asyncio/events.py", line 88, in _run
    self._context.run(self._callback, *self._args)
  File "/home/Shared/UniBe-swiss-ndvi/GitHub/swiss-ndvi-processing/.venv/lib/python3.12/site-packages/tornado/platform/asyncio.py", line 208, in _handle_events
  File "/home/Shared/UniBe-swiss-ndvi/GitHub/swiss-ndvi-processing/.venv/lib/python3.12/site-packages/tornado/netutil.py", line 273, in accept_handler
  File "/usr/lib/python3.12/socket.py", line 295, in accept
OSError: [Errno 24] Too many open files
Exception in callback BaseAsyncIOLoop._handle_events(7, 1)
handle: <Handle BaseAsyncIOLoop._handle_events(7, 1)>
Traceback (most recent call last):
  File "/usr/lib/python3.12/asyncio/events.py", line 88, in _run
    self._context.run(self._callback, *self._args)
  File "/home/Shared/UniBe-swiss-ndvi/GitHub/swiss-ndvi-processing/.venv/lib/python3.12/site-packages/tornado/platform/asyncio.py", line 208, in _handle_events
  File "/home/Shared/UniBe-swiss-ndvi/GitHub/swiss-ndvi-processing/.venv/lib/python3.12/site-packages/tornado/netutil.py", line 273, in accept_handler
  File "/usr/lib/python3.12/socket.py", line 295, in accept
OSError: [Errno 24] Too many open files
Exception in callback BaseAsyncIOLoop._handle_events(7, 1)
handle: <Handle BaseAsyncIOLoop._handle_events(7, 1)>
Traceback (most recent call last):
  File "/usr/lib/python3.12/asyncio/events.py", line 88, in _run
    self._context.run(self._callback, *self._args)
  File "/home/Shared/UniBe-swiss-ndvi/GitHub/swiss-ndvi-processing/.venv/lib/python3.12/site-packages/tornado/platform/asyncio.py", line 208, in _handle_events
  File "/home/Shared/UniBe-swiss-ndvi/GitHub/swiss-ndvi-processing/.venv/lib/python3.12/site-packages/tornado/netutil.py", line 273, in accept_handler
  File "/usr/lib/python3.12/socket.py", line 295, in accept
OSError: [Errno 24] Too many open files
Exception in callback BaseAsyncIOLoop._handle_events(7, 1)
handle: <Handle BaseAsyncIOLoop._handle_events(7, 1)>
Traceback (most recent call last):
  File "/usr/lib/python3.12/asyncio/events.py", line 88, in _run
    self._context.run(self._callback, *self._args)
  File "/home/Shared/UniBe-swiss-ndvi/GitHub/swiss-ndvi-processing/.venv/lib/python3.12/site-packages/tornado/platform/asyncio.py", line 208, in _handle_events
  File "/home/Shared/UniBe-swiss-ndvi/GitHub/swiss-ndvi-processing/.venv/lib/python3.12/site-packages/tornado/netutil.py", line 273, in accept_handler
  File "/usr/lib/python3.12/socket.py", line 295, in accept
OSError: [Errno 24] Too many open files
Exception in callback BaseAsyncIOLoop._handle_events(7, 1)
handle: <Handle BaseAsyncIOLoop._handle_events(7, 1)>
Traceback (most recent call last):
  File "/usr/lib/python3.12/asyncio/events.py", line 88, in _run
    self._context.run(self._callback, *self._args)
  File "/home/Shared/UniBe-swiss-ndvi/GitHub/swiss-ndvi-processing/.venv/lib/python3.12/site-packages/tornado/platform/asyncio.py", line 208, in _handle_events
  File "/home/Shared/UniBe-swiss-ndvi/GitHub/swiss-ndvi-processing/.venv/lib/python3.12/site-packages/tornado/netutil.py", line 273, in accept_handler
  File "/usr/lib/python3.12/socket.py", line 295, in accept
OSError: [Errno 24] Too many open files
Exception in callback BaseAsyncIOLoop._handle_events(7, 1)
handle: <Handle BaseAsyncIOLoop._handle_events(7, 1)>
Traceback (most recent call last):
  File "/usr/lib/python3.12/asyncio/events.py", line 88, in _run
    self._context.run(self._callback, *self._args)
  File "/home/Shared/UniBe-swiss-ndvi/GitHub/swiss-ndvi-processing/.venv/lib/python3.12/site-packages/tornado/platform/asyncio.py", line 208, in _handle_events
  File "/home/Shared/UniBe-swiss-ndvi/GitHub/swiss-ndvi-processing/.venv/lib/python3.12/site-packages/tornado/netutil.py", line 273, in accept_handler
  File "/usr/lib/python3.12/socket.py", line 295, in accept
OSError: [Errno 24] Too many open files
Exception in callback BaseAsyncIOLoop._handle_events(7, 1)
handle: <Handle BaseAsyncIOLoop._handle_events(7, 1)>
Traceback (most recent call last):
  File "/usr/lib/python3.12/asyncio/events.py", line 88, in _run
    self._context.run(self._callback, *self._args)
  File "/home/Shared/UniBe-swiss-ndvi/GitHub/swiss-ndvi-processing/.venv/lib/python3.12/site-packages/tornado/platform/asyncio.py", line 208, in _handle_events
  File "/home/Shared/UniBe-swiss-ndvi/GitHub/swiss-ndvi-processing/.venv/lib/python3.12/site-packages/tornado/netutil.py", line 273, in accept_handler
  File "/usr/lib/python3.12/socket.py", line 295, in accept
OSError: [Errno 24] Too many open files
Exception in callback BaseAsyncIOLoop._handle_events(7, 1)
handle: <Handle BaseAsyncIOLoop._handle_events(7, 1)>
Traceback (most recent call last):
  File "/usr/lib/python3.12/asyncio/events.py", line 88, in _run
    self._context.run(self._callback, *self._args)
  File "/home/Shared/UniBe-swiss-ndvi/GitHub/swiss-ndvi-processing/.venv/lib/python3.12/site-packages/tornado/platform/asyncio.py", line 208, in _handle_events
  File "/home/Shared/UniBe-swiss-ndvi/GitHub/swiss-ndvi-processing/.venv/lib/python3.12/site-packages/tornado/netutil.py", line 273, in accept_handler
  File "/usr/lib/python3.12/socket.py", line 295, in accept
OSError: [Errno 24] Too many open files
Exception in callback BaseAsyncIOLoop._handle_events(7, 1)
handle: <Handle BaseAsyncIOLoop._handle_events(7, 1)>
Traceback (most recent call last):
  File "/usr/lib/python3.12/asyncio/events.py", line 88, in _run
    self._context.run(self._callback, *self._args)
  File "/home/Shared/UniBe-swiss-ndvi/GitHub/swiss-ndvi-processing/.venv/lib/python3.12/site-packages/tornado/platform/asyncio.py", line 208, in _handle_events
  File "/home/Shared/UniBe-swiss-ndvi/GitHub/swiss-ndvi-processing/.venv/lib/python3.12/site-packages/tornado/netutil.py", line 273, in accept_handler
  File "/usr/lib/python3.12/socket.py", line 295, in accept
OSError: [Errno 24] Too many open files
Exception in callback BaseAsyncIOLoop._handle_events(7, 1)
handle: <Handle BaseAsyncIOLoop._handle_events(7, 1)>
Traceback (most recent call last):
  File "/usr/lib/python3.12/asyncio/events.py", line 88, in _run
    self._context.run(self._callback, *self._args)
  File "/home/Shared/UniBe-swiss-ndvi/GitHub/swiss-ndvi-processing/.venv/lib/python3.12/site-packages/tornado/platform/asyncio.py", line 208, in _handle_events
  File "/home/Shared/UniBe-swiss-ndvi/GitHub/swiss-ndvi-processing/.venv/lib/python3.12/site-packages/tornado/netutil.py", line 273, in accept_handler
  File "/usr/lib/python3.12/socket.py", line 295, in accept
OSError: [Errno 24] Too many open files
Exception in callback BaseAsyncIOLoop._handle_events(7, 1)
handle: <Handle BaseAsyncIOLoop._handle_events(7, 1)>
Traceback (most recent call last):
  File "/usr/lib/python3.12/asyncio/events.py", line 88, in _run
    self._context.run(self._callback, *self._args)
  File "/home/Shared/UniBe-swiss-ndvi/GitHub/swiss-ndvi-processing/.venv/lib/python3.12/site-packages/tornado/platform/asyncio.py", line 208, in _handle_events
  File "/home/Shared/UniBe-swiss-ndvi/GitHub/swiss-ndvi-processing/.venv/lib/python3.12/site-packages/tornado/netutil.py", line 273, in accept_handler
  File "/usr/lib/python3.12/socket.py", line 295, in accept
OSError: [Errno 24] Too many open files
Exception in callback BaseAsyncIOLoop._handle_events(7, 1)
handle: <Handle BaseAsyncIOLoop._handle_events(7, 1)>
Traceback (most recent call last):
  File "/usr/lib/python3.12/asyncio/events.py", line 88, in _run
    self._context.run(self._callback, *self._args)
  File "/home/Shared/UniBe-swiss-ndvi/GitHub/swiss-ndvi-processing/.venv/lib/python3.12/site-packages/tornado/platform/asyncio.py", line 208, in _handle_events
  File "/home/Shared/UniBe-swiss-ndvi/GitHub/swiss-ndvi-processing/.venv/lib/python3.12/site-packages/tornado/netutil.py", line 273, in accept_handler
  File "/usr/lib/python3.12/socket.py", line 295, in accept
OSError: [Errno 24] Too many open files
Exception in callback BaseAsyncIOLoop._handle_events(7, 1)
handle: <Handle BaseAsyncIOLoop._handle_events(7, 1)>
Traceback (most recent call last):
  File "/usr/lib/python3.12/asyncio/events.py", line 88, in _run
    self._context.run(self._callback, *self._args)
  File "/home/Shared/UniBe-swiss-ndvi/GitHub/swiss-ndvi-processing/.venv/lib/python3.12/site-packages/tornado/platform/asyncio.py", line 208, in _handle_events
  File "/home/Shared/UniBe-swiss-ndvi/GitHub/swiss-ndvi-processing/.venv/lib/python3.12/site-packages/tornado/netutil.py", line 273, in accept_handler
  File "/usr/lib/python3.12/socket.py", line 295, in accept
OSError: [Errno 24] Too many open files
Exception in callback BaseAsyncIOLoop._handle_events(7, 1)
handle: <Handle BaseAsyncIOLoop._handle_events(7, 1)>
Traceback (most recent call last):
  File "/usr/lib/python3.12/asyncio/events.py", line 88, in _run
    self._context.run(self._callback, *self._args)
  File "/home/Shared/UniBe-swiss-ndvi/GitHub/swiss-ndvi-processing/.venv/lib/python3.12/site-packages/tornado/platform/asyncio.py", line 208, in _handle_events
  File "/home/Shared/UniBe-swiss-ndvi/GitHub/swiss-ndvi-processing/.venv/lib/python3.12/site-packages/tornado/netutil.py", line 273, in accept_handler
  File "/usr/lib/python3.12/socket.py", line 295, in accept
OSError: [Errno 24] Too many open files
Exception in callback BaseAsyncIOLoop._handle_events(7, 1)
handle: <Handle BaseAsyncIOLoop._handle_events(7, 1)>
Traceback (most recent call last):
  File "/usr/lib/python3.12/asyncio/events.py", line 88, in _run
    self._context.run(self._callback, *self._args)
  File "/home/Shared/UniBe-swiss-ndvi/GitHub/swiss-ndvi-processing/.venv/lib/python3.12/site-packages/tornado/platform/asyncio.py", line 208, in _handle_events
  File "/home/Shared/UniBe-swiss-ndvi/GitHub/swiss-ndvi-processing/.venv/lib/python3.12/site-packages/tornado/netutil.py", line 273, in accept_handler
  File "/usr/lib/python3.12/socket.py", line 295, in accept
OSError: [Errno 24] Too many open files
Exception in callback BaseAsyncIOLoop._handle_events(7, 1)
handle: <Handle BaseAsyncIOLoop._handle_events(7, 1)>
Traceback (most recent call last):
  File "/usr/lib/python3.12/asyncio/events.py", line 88, in _run
    self._context.run(self._callback, *self._args)
  File "/home/Shared/UniBe-swiss-ndvi/GitHub/swiss-ndvi-processing/.venv/lib/python3.12/site-packages/tornado/platform/asyncio.py", line 208, in _handle_events
  File "/home/Shared/UniBe-swiss-ndvi/GitHub/swiss-ndvi-processing/.venv/lib/python3.12/site-packages/tornado/netutil.py", line 273, in accept_handler
  File "/usr/lib/python3.12/socket.py", line 295, in accept
OSError: [Errno 24] Too many open files
Exception in callback BaseAsyncIOLoop._handle_events(7, 1)
handle: <Handle BaseAsyncIOLoop._handle_events(7, 1)>
Traceback (most recent call last):
  File "/usr/lib/python3.12/asyncio/events.py", line 88, in _run
    self._context.run(self._callback, *self._args)
  File "/home/Shared/UniBe-swiss-ndvi/GitHub/swiss-ndvi-processing/.venv/lib/python3.12/site-packages/tornado/platform/asyncio.py", line 208, in _handle_events
  File "/home/Shared/UniBe-swiss-ndvi/GitHub/swiss-ndvi-processing/.venv/lib/python3.12/site-packages/tornado/netutil.py", line 273, in accept_handler
  File "/usr/lib/python3.12/socket.py", line 295, in accept
OSError: [Errno 24] Too many open files
Exception in callback BaseAsyncIOLoop._handle_events(7, 1)
handle: <Handle BaseAsyncIOLoop._handle_events(7, 1)>
Traceback (most recent call last):
  File "/usr/lib/python3.12/asyncio/events.py", line 88, in _run
    self._context.run(self._callback, *self._args)
  File "/home/Shared/UniBe-swiss-ndvi/GitHub/swiss-ndvi-processing/.venv/lib/python3.12/site-packages/tornado/platform/asyncio.py", line 208, in _handle_events
  File "/home/Shared/UniBe-swiss-ndvi/GitHub/swiss-ndvi-processing/.venv/lib/python3.12/site-packages/tornado/netutil.py", line 273, in accept_handler
  File "/usr/lib/python3.12/socket.py", line 295, in accept
OSError: [Errno 24] Too many open files
Exception in callback BaseAsyncIOLoop._handle_events(7, 1)
handle: <Handle BaseAsyncIOLoop._handle_events(7, 1)>
Traceback (most recent call last):
  File "/usr/lib/python3.12/asyncio/events.py", line 88, in _run
    self._context.run(self._callback, *self._args)
  File "/home/Shared/UniBe-swiss-ndvi/GitHub/swiss-ndvi-processing/.venv/lib/python3.12/site-packages/tornado/platform/asyncio.py", line 208, in _handle_events
  File "/home/Shared/UniBe-swiss-ndvi/GitHub/swiss-ndvi-processing/.venv/lib/python3.12/site-packages/tornado/netutil.py", line 273, in accept_handler
  File "/usr/lib/python3.12/socket.py", line 295, in accept
OSError: [Errno 24] Too many open files
Exception in callback BaseAsyncIOLoop._handle_events(7, 1)
handle: <Handle BaseAsyncIOLoop._handle_events(7, 1)>
Traceback (most recent call last):
  File "/usr/lib/python3.12/asyncio/events.py", line 88, in _run
    self._context.run(self._callback, *self._args)
  File "/home/Shared/UniBe-swiss-ndvi/GitHub/swiss-ndvi-processing/.venv/lib/python3.12/site-packages/tornado/platform/asyncio.py", line 208, in _handle_events
  File "/home/Shared/UniBe-swiss-ndvi/GitHub/swiss-ndvi-processing/.venv/lib/python3.12/site-packages/tornado/netutil.py", line 273, in accept_handler
  File "/usr/lib/python3.12/socket.py", line 295, in accept
OSError: [Errno 24] Too many open files
Exception in callback BaseAsyncIOLoop._handle_events(7, 1)
handle: <Handle BaseAsyncIOLoop._handle_events(7, 1)>
Traceback (most recent call last):
  File "/usr/lib/python3.12/asyncio/events.py", line 88, in _run
    self._context.run(self._callback, *self._args)
  File "/home/Shared/UniBe-swiss-ndvi/GitHub/swiss-ndvi-processing/.venv/lib/python3.12/site-packages/tornado/platform/asyncio.py", line 208, in _handle_events
  File "/home/Shared/UniBe-swiss-ndvi/GitHub/swiss-ndvi-processing/.venv/lib/python3.12/site-packages/tornado/netutil.py", line 273, in accept_handler
  File "/usr/lib/python3.12/socket.py", line 295, in accept
OSError: [Errno 24] Too many open files
2026-04-06 21:48:55,088 - distributed.worker - WARNING - Mismatched versions found

+-------------+---------------------------------------------+-----------+----------+
| Package     | Worker-751f40fd-c09d-464f-bc1f-06444cd4efbe | Scheduler | Workers  |
+-------------+---------------------------------------------+-----------+----------+
| cloudpickle | 3.1.1                                       | None      | 3.1.1    |
| dask        | 2025.9.1                                    | None      | 2025.9.1 |
| distributed | 2025.9.1                                    | None      | 2025.9.1 |
| lz4         | 4.3.2                                       | None      | 4.3.2    |
| msgpack     | 1.1.1                                       | None      | 1.1.1    |
| toolz       | 1.0.0                                       | None      | 1.0.0    |
| tornado     | 6.5.1                                       | None      | 6.5.1    |
+-------------+---------------------------------------------+-----------+----------+
Exception in callback BaseAsyncIOLoop._handle_events(7, 1)
handle: <Handle BaseAsyncIOLoop._handle_events(7, 1)>
Traceback (most recent call last):
  File "/usr/lib/python3.12/asyncio/events.py", line 88, in _run
    self._context.run(self._callback, *self._args)
  File "/home/Shared/UniBe-swiss-ndvi/GitHub/swiss-ndvi-processing/.venv/lib/python3.12/site-packages/tornado/platform/asyncio.py", line 208, in _handle_events
  File "/home/Shared/UniBe-swiss-ndvi/GitHub/swiss-ndvi-processing/.venv/lib/python3.12/site-packages/tornado/netutil.py", line 273, in accept_handler
  File "/usr/lib/python3.12/socket.py", line 295, in accept
OSError: [Errno 24] Too many open files
Exception in callback BaseAsyncIOLoop._handle_events(7, 1)
handle: <Handle BaseAsyncIOLoop._handle_events(7, 1)>
Traceback (most recent call last):
  File "/usr/lib/python3.12/asyncio/events.py", line 88, in _run
    self._context.run(self._callback, *self._args)
  File "/home/Shared/UniBe-swiss-ndvi/GitHub/swiss-ndvi-processing/.venv/lib/python3.12/site-packages/tornado/platform/asyncio.py", line 208, in _handle_events
  File "/home/Shared/UniBe-swiss-ndvi/GitHub/swiss-ndvi-processing/.venv/lib/python3.12/site-packages/tornado/netutil.py", line 273, in accept_handler
  File "/usr/lib/python3.12/socket.py", line 295, in accept
OSError: [Errno 24] Too many open files
Exception in callback BaseAsyncIOLoop._handle_events(7, 1)
handle: <Handle BaseAsyncIOLoop._handle_events(7, 1)>
Traceback (most recent call last):
  File "/usr/lib/python3.12/asyncio/events.py", line 88, in _run
    self._context.run(self._callback, *self._args)
  File "/home/Shared/UniBe-swiss-ndvi/GitHub/swiss-ndvi-processing/.venv/lib/python3.12/site-packages/tornado/platform/asyncio.py", line 208, in _handle_events
  File "/home/Shared/UniBe-swiss-ndvi/GitHub/swiss-ndvi-processing/.venv/lib/python3.12/site-packages/tornado/netutil.py", line 273, in accept_handler
  File "/usr/lib/python3.12/socket.py", line 295, in accept
OSError: [Errno 24] Too many open files
Exception in callback BaseAsyncIOLoop._handle_events(7, 1)
handle: <Handle BaseAsyncIOLoop._handle_events(7, 1)>
Traceback (most recent call last):
  File "/usr/lib/python3.12/asyncio/events.py", line 88, in _run
    self._context.run(self._callback, *self._args)
  File "/home/Shared/UniBe-swiss-ndvi/GitHub/swiss-ndvi-processing/.venv/lib/python3.12/site-packages/tornado/platform/asyncio.py", line 208, in _handle_events
  File "/home/Shared/UniBe-swiss-ndvi/GitHub/swiss-ndvi-processing/.venv/lib/python3.12/site-packages/tornado/netutil.py", line 273, in accept_handler
  File "/usr/lib/python3.12/socket.py", line 295, in accept
OSError: [Errno 24] Too many open files
Exception in callback BaseAsyncIOLoop._handle_events(7, 1)
handle: <Handle BaseAsyncIOLoop._handle_events(7, 1)>
Traceback (most recent call last):
  File "/usr/lib/python3.12/asyncio/events.py", line 88, in _run
    self._context.run(self._callback, *self._args)
  File "/home/Shared/UniBe-swiss-ndvi/GitHub/swiss-ndvi-processing/.venv/lib/python3.12/site-packages/tornado/platform/asyncio.py", line 208, in _handle_events
  File "/home/Shared/UniBe-swiss-ndvi/GitHub/swiss-ndvi-processing/.venv/lib/python3.12/site-packages/tornado/netutil.py", line 273, in accept_handler
  File "/usr/lib/python3.12/socket.py", line 295, in accept
OSError: [Errno 24] Too many open files
Exception in callback BaseAsyncIOLoop._handle_events(7, 1)
handle: <Handle BaseAsyncIOLoop._handle_events(7, 1)>
Traceback (most recent call last):
  File "/usr/lib/python3.12/asyncio/events.py", line 88, in _run
    self._context.run(self._callback, *self._args)
  File "/home/Shared/UniBe-swiss-ndvi/GitHub/swiss-ndvi-processing/.venv/lib/python3.12/site-packages/tornado/platform/asyncio.py", line 208, in _handle_events
  File "/home/Shared/UniBe-swiss-ndvi/GitHub/swiss-ndvi-processing/.venv/lib/python3.12/site-packages/tornado/netutil.py", line 273, in accept_handler
  File "/usr/lib/python3.12/socket.py", line 295, in accept
OSError: [Errno 24] Too many open files
Exception in callback BaseAsyncIOLoop._handle_events(7, 1)
handle: <Handle BaseAsyncIOLoop._handle_events(7, 1)>
Traceback (most recent call last):
  File "/usr/lib/python3.12/asyncio/events.py", line 88, in _run
    self._context.run(self._callback, *self._args)
  File "/home/Shared/UniBe-swiss-ndvi/GitHub/swiss-ndvi-processing/.venv/lib/python3.12/site-packages/tornado/platform/asyncio.py", line 208, in _handle_events
  File "/home/Shared/UniBe-swiss-ndvi/GitHub/swiss-ndvi-processing/.venv/lib/python3.12/site-packages/tornado/netutil.py", line 273, in accept_handler
  File "/usr/lib/python3.12/socket.py", line 295, in accept
OSError: [Errno 24] Too many open files
Exception in callback BaseAsyncIOLoop._handle_events(7, 1)
handle: <Handle BaseAsyncIOLoop._handle_events(7, 1)>
Traceback (most recent call last):
  File "/usr/lib/python3.12/asyncio/events.py", line 88, in _run
    self._context.run(self._callback, *self._args)
  File "/home/Shared/UniBe-swiss-ndvi/GitHub/swiss-ndvi-processing/.venv/lib/python3.12/site-packages/tornado/platform/asyncio.py", line 208, in _handle_events
  File "/home/Shared/UniBe-swiss-ndvi/GitHub/swiss-ndvi-processing/.venv/lib/python3.12/site-packages/tornado/netutil.py", line 273, in accept_handler
  File "/usr/lib/python3.12/socket.py", line 295, in accept
OSError: [Errno 24] Too many open files
Exception in callback BaseAsyncIOLoop._handle_events(7, 1)
handle: <Handle BaseAsyncIOLoop._handle_events(7, 1)>
Traceback (most recent call last):
  File "/usr/lib/python3.12/asyncio/events.py", line 88, in _run
    self._context.run(self._callback, *self._args)
  File "/home/Shared/UniBe-swiss-ndvi/GitHub/swiss-ndvi-processing/.venv/lib/python3.12/site-packages/tornado/platform/asyncio.py", line 208, in _handle_events
  File "/home/Shared/UniBe-swiss-ndvi/GitHub/swiss-ndvi-processing/.venv/lib/python3.12/site-packages/tornado/netutil.py", line 273, in accept_handler
  File "/usr/lib/python3.12/socket.py", line 295, in accept
OSError: [Errno 24] Too many open files
Exception in callback BaseAsyncIOLoop._handle_events(7, 1)
handle: <Handle BaseAsyncIOLoop._handle_events(7, 1)>
Traceback (most recent call last):
  File "/usr/lib/python3.12/asyncio/events.py", line 88, in _run
    self._context.run(self._callback, *self._args)
  File "/home/Shared/UniBe-swiss-ndvi/GitHub/swiss-ndvi-processing/.venv/lib/python3.12/site-packages/tornado/platform/asyncio.py", line 208, in _handle_events
  File "/home/Shared/UniBe-swiss-ndvi/GitHub/swiss-ndvi-processing/.venv/lib/python3.12/site-packages/tornado/netutil.py", line 273, in accept_handler
  File "/usr/lib/python3.12/socket.py", line 295, in accept
OSError: [Errno 24] Too many open files
Exception in callback BaseAsyncIOLoop._handle_events(7, 1)
handle: <Handle BaseAsyncIOLoop._handle_events(7, 1)>
Traceback (most recent call last):
  File "/usr/lib/python3.12/asyncio/events.py", line 88, in _run
    self._context.run(self._callback, *self._args)
  File "/home/Shared/UniBe-swiss-ndvi/GitHub/swiss-ndvi-processing/.venv/lib/python3.12/site-packages/tornado/platform/asyncio.py", line 208, in _handle_events
  File "/home/Shared/UniBe-swiss-ndvi/GitHub/swiss-ndvi-processing/.venv/lib/python3.12/site-packages/tornado/netutil.py", line 273, in accept_handler
  File "/usr/lib/python3.12/socket.py", line 295, in accept
OSError: [Errno 24] Too many open files
Exception in callback BaseAsyncIOLoop._handle_events(7, 1)
handle: <Handle BaseAsyncIOLoop._handle_events(7, 1)>
Traceback (most recent call last):
  File "/usr/lib/python3.12/asyncio/events.py", line 88, in _run
    self._context.run(self._callback, *self._args)
  File "/home/Shared/UniBe-swiss-ndvi/GitHub/swiss-ndvi-processing/.venv/lib/python3.12/site-packages/tornado/platform/asyncio.py", line 208, in _handle_events
  File "/home/Shared/UniBe-swiss-ndvi/GitHub/swiss-ndvi-processing/.venv/lib/python3.12/site-packages/tornado/netutil.py", line 273, in accept_handler
  File "/usr/lib/python3.12/socket.py", line 295, in accept
OSError: [Errno 24] Too many open files
Exception in callback BaseAsyncIOLoop._handle_events(7, 1)
handle: <Handle BaseAsyncIOLoop._handle_events(7, 1)>
Traceback (most recent call last):
  File "/usr/lib/python3.12/asyncio/events.py", line 88, in _run
    self._context.run(self._callback, *self._args)
  File "/home/Shared/UniBe-swiss-ndvi/GitHub/swiss-ndvi-processing/.venv/lib/python3.12/site-packages/tornado/platform/asyncio.py", line 208, in _handle_events
  File "/home/Shared/UniBe-swiss-ndvi/GitHub/swiss-ndvi-processing/.venv/lib/python3.12/site-packages/tornado/netutil.py", line 273, in accept_handler
  File "/usr/lib/python3.12/socket.py", line 295, in accept
OSError: [Errno 24] Too many open files
Exception in callback BaseAsyncIOLoop._handle_events(7, 1)
handle: <Handle BaseAsyncIOLoop._handle_events(7, 1)>
Traceback (most recent call last):
  File "/usr/lib/python3.12/asyncio/events.py", line 88, in _run
    self._context.run(self._callback, *self._args)
  File "/home/Shared/UniBe-swiss-ndvi/GitHub/swiss-ndvi-processing/.venv/lib/python3.12/site-packages/tornado/platform/asyncio.py", line 208, in _handle_events
  File "/home/Shared/UniBe-swiss-ndvi/GitHub/swiss-ndvi-processing/.venv/lib/python3.12/site-packages/tornado/netutil.py", line 273, in accept_handler
  File "/usr/lib/python3.12/socket.py", line 295, in accept
OSError: [Errno 24] Too many open files
Exception in callback BaseAsyncIOLoop._handle_events(7, 1)
handle: <Handle BaseAsyncIOLoop._handle_events(7, 1)>
Traceback (most recent call last):
  File "/usr/lib/python3.12/asyncio/events.py", line 88, in _run
    self._context.run(self._callback, *self._args)
  File "/home/Shared/UniBe-swiss-ndvi/GitHub/swiss-ndvi-processing/.venv/lib/python3.12/site-packages/tornado/platform/asyncio.py", line 208, in _handle_events
  File "/home/Shared/UniBe-swiss-ndvi/GitHub/swiss-ndvi-processing/.venv/lib/python3.12/site-packages/tornado/netutil.py", line 273, in accept_handler
  File "/usr/lib/python3.12/socket.py", line 295, in accept
OSError: [Errno 24] Too many open files
Exception in callback BaseAsyncIOLoop._handle_events(7, 1)
handle: <Handle BaseAsyncIOLoop._handle_events(7, 1)>
Traceback (most recent call last):
  File "/usr/lib/python3.12/asyncio/events.py", line 88, in _run
    self._context.run(self._callback, *self._args)
  File "/home/Shared/UniBe-swiss-ndvi/GitHub/swiss-ndvi-processing/.venv/lib/python3.12/site-packages/tornado/platform/asyncio.py", line 208, in _handle_events
  File "/home/Shared/UniBe-swiss-ndvi/GitHub/swiss-ndvi-processing/.venv/lib/python3.12/site-packages/tornado/netutil.py", line 273, in accept_handler
  File "/usr/lib/python3.12/socket.py", line 295, in accept
OSError: [Errno 24] Too many open files
Exception in callback BaseAsyncIOLoop._handle_events(7, 1)
handle: <Handle BaseAsyncIOLoop._handle_events(7, 1)>
Traceback (most recent call last):
  File "/usr/lib/python3.12/asyncio/events.py", line 88, in _run
    self._context.run(self._callback, *self._args)
  File "/home/Shared/UniBe-swiss-ndvi/GitHub/swiss-ndvi-processing/.venv/lib/python3.12/site-packages/tornado/platform/asyncio.py", line 208, in _handle_events
  File "/home/Shared/UniBe-swiss-ndvi/GitHub/swiss-ndvi-processing/.venv/lib/python3.12/site-packages/tornado/netutil.py", line 273, in accept_handler
  File "/usr/lib/python3.12/socket.py", line 295, in accept
OSError: [Errno 24] Too many open files
Exception in callback BaseAsyncIOLoop._handle_events(7, 1)
handle: <Handle BaseAsyncIOLoop._handle_events(7, 1)>
Traceback (most recent call last):
  File "/usr/lib/python3.12/asyncio/events.py", line 88, in _run
    self._context.run(self._callback, *self._args)
  File "/home/Shared/UniBe-swiss-ndvi/GitHub/swiss-ndvi-processing/.venv/lib/python3.12/site-packages/tornado/platform/asyncio.py", line 208, in _handle_events
  File "/home/Shared/UniBe-swiss-ndvi/GitHub/swiss-ndvi-processing/.venv/lib/python3.12/site-packages/tornado/netutil.py", line 273, in accept_handler
  File "/usr/lib/python3.12/socket.py", line 295, in accept
OSError: [Errno 24] Too many open files
Exception in callback BaseAsyncIOLoop._handle_events(7, 1)
handle: <Handle BaseAsyncIOLoop._handle_events(7, 1)>
Traceback (most recent call last):
  File "/usr/lib/python3.12/asyncio/events.py", line 88, in _run
    self._context.run(self._callback, *self._args)
  File "/home/Shared/UniBe-swiss-ndvi/GitHub/swiss-ndvi-processing/.venv/lib/python3.12/site-packages/tornado/platform/asyncio.py", line 208, in _handle_events
  File "/home/Shared/UniBe-swiss-ndvi/GitHub/swiss-ndvi-processing/.venv/lib/python3.12/site-packages/tornado/netutil.py", line 273, in accept_handler
  File "/usr/lib/python3.12/socket.py", line 295, in accept
OSError: [Errno 24] Too many open files
Exception in callback BaseAsyncIOLoop._handle_events(7, 1)
handle: <Handle BaseAsyncIOLoop._handle_events(7, 1)>
Traceback (most recent call last):
  File "/usr/lib/python3.12/asyncio/events.py", line 88, in _run
    self._context.run(self._callback, *self._args)
  File "/home/Shared/UniBe-swiss-ndvi/GitHub/swiss-ndvi-processing/.venv/lib/python3.12/site-packages/tornado/platform/asyncio.py", line 208, in _handle_events
  File "/home/Shared/UniBe-swiss-ndvi/GitHub/swiss-ndvi-processing/.venv/lib/python3.12/site-packages/tornado/netutil.py", line 273, in accept_handler
  File "/usr/lib/python3.12/socket.py", line 295, in accept
OSError: [Errno 24] Too many open files
Exception in callback BaseAsyncIOLoop._handle_events(7, 1)
handle: <Handle BaseAsyncIOLoop._handle_events(7, 1)>
Traceback (most recent call last):
  File "/usr/lib/python3.12/asyncio/events.py", line 88, in _run
    self._context.run(self._callback, *self._args)
  File "/home/Shared/UniBe-swiss-ndvi/GitHub/swiss-ndvi-processing/.venv/lib/python3.12/site-packages/tornado/platform/asyncio.py", line 208, in _handle_events
  File "/home/Shared/UniBe-swiss-ndvi/GitHub/swiss-ndvi-processing/.venv/lib/python3.12/site-packages/tornado/netutil.py", line 273, in accept_handler
  File "/usr/lib/python3.12/socket.py", line 295, in accept
OSError: [Errno 24] Too many open files
Exception in callback BaseAsyncIOLoop._handle_events(7, 1)
handle: <Handle BaseAsyncIOLoop._handle_events(7, 1)>
Traceback (most recent call last):
  File "/usr/lib/python3.12/asyncio/events.py", line 88, in _run
    self._context.run(self._callback, *self._args)
  File "/home/Shared/UniBe-swiss-ndvi/GitHub/swiss-ndvi-processing/.venv/lib/python3.12/site-packages/tornado/platform/asyncio.py", line 208, in _handle_events
  File "/home/Shared/UniBe-swiss-ndvi/GitHub/swiss-ndvi-processing/.venv/lib/python3.12/site-packages/tornado/netutil.py", line 273, in accept_handler
  File "/usr/lib/python3.12/socket.py", line 295, in accept
OSError: [Errno 24] Too many open files
Exception in callback BaseAsyncIOLoop._handle_events(7, 1)
handle: <Handle BaseAsyncIOLoop._handle_events(7, 1)>
Traceback (most recent call last):
  File "/usr/lib/python3.12/asyncio/events.py", line 88, in _run
    self._context.run(self._callback, *self._args)
  File "/home/Shared/UniBe-swiss-ndvi/GitHub/swiss-ndvi-processing/.venv/lib/python3.12/site-packages/tornado/platform/asyncio.py", line 208, in _handle_events
  File "/home/Shared/UniBe-swiss-ndvi/GitHub/swiss-ndvi-processing/.venv/lib/python3.12/site-packages/tornado/netutil.py", line 273, in accept_handler
  File "/usr/lib/python3.12/socket.py", line 295, in accept
OSError: [Errno 24] Too many open files
Exception in callback BaseAsyncIOLoop._handle_events(7, 1)
handle: <Handle BaseAsyncIOLoop._handle_events(7, 1)>
Traceback (most recent call last):
  File "/usr/lib/python3.12/asyncio/events.py", line 88, in _run
    self._context.run(self._callback, *self._args)
  File "/home/Shared/UniBe-swiss-ndvi/GitHub/swiss-ndvi-processing/.venv/lib/python3.12/site-packages/tornado/platform/asyncio.py", line 208, in _handle_events
  File "/home/Shared/UniBe-swiss-ndvi/GitHub/swiss-ndvi-processing/.venv/lib/python3.12/site-packages/tornado/netutil.py", line 273, in accept_handler
  File "/usr/lib/python3.12/socket.py", line 295, in accept
OSError: [Errno 24] Too many open files
Exception in callback BaseAsyncIOLoop._handle_events(7, 1)
handle: <Handle BaseAsyncIOLoop._handle_events(7, 1)>
Traceback (most recent call last):
  File "/usr/lib/python3.12/asyncio/events.py", line 88, in _run
    self._context.run(self._callback, *self._args)
  File "/home/Shared/UniBe-swiss-ndvi/GitHub/swiss-ndvi-processing/.venv/lib/python3.12/site-packages/tornado/platform/asyncio.py", line 208, in _handle_events
  File "/home/Shared/UniBe-swiss-ndvi/GitHub/swiss-ndvi-processing/.venv/lib/python3.12/site-packages/tornado/netutil.py", line 273, in accept_handler
  File "/usr/lib/python3.12/socket.py", line 295, in accept
OSError: [Errno 24] Too many open files
Exception in callback BaseAsyncIOLoop._handle_events(7, 1)
handle: <Handle BaseAsyncIOLoop._handle_events(7, 1)>
Traceback (most recent call last):
  File "/usr/lib/python3.12/asyncio/events.py", line 88, in _run
    self._context.run(self._callback, *self._args)
  File "/home/Shared/UniBe-swiss-ndvi/GitHub/swiss-ndvi-processing/.venv/lib/python3.12/site-packages/tornado/platform/asyncio.py", line 208, in _handle_events
  File "/home/Shared/UniBe-swiss-ndvi/GitHub/swiss-ndvi-processing/.venv/lib/python3.12/site-packages/tornado/netutil.py", line 273, in accept_handler
  File "/usr/lib/python3.12/socket.py", line 295, in accept
OSError: [Errno 24] Too many open files
Exception in callback BaseAsyncIOLoop._handle_events(7, 1)
handle: <Handle BaseAsyncIOLoop._handle_events(7, 1)>
Traceback (most recent call last):
  File "/usr/lib/python3.12/asyncio/events.py", line 88, in _run
    self._context.run(self._callback, *self._args)
  File "/home/Shared/UniBe-swiss-ndvi/GitHub/swiss-ndvi-processing/.venv/lib/python3.12/site-packages/tornado/platform/asyncio.py", line 208, in _handle_events
  File "/home/Shared/UniBe-swiss-ndvi/GitHub/swiss-ndvi-processing/.venv/lib/python3.12/site-packages/tornado/netutil.py", line 273, in accept_handler
  File "/usr/lib/python3.12/socket.py", line 295, in accept
OSError: [Errno 24] Too many open files
Exception in callback BaseAsyncIOLoop._handle_events(7, 1)
handle: <Handle BaseAsyncIOLoop._handle_events(7, 1)>
Traceback (most recent call last):
  File "/usr/lib/python3.12/asyncio/events.py", line 88, in _run
    self._context.run(self._callback, *self._args)
  File "/home/Shared/UniBe-swiss-ndvi/GitHub/swiss-ndvi-processing/.venv/lib/python3.12/site-packages/tornado/platform/asyncio.py", line 208, in _handle_events
  File "/home/Shared/UniBe-swiss-ndvi/GitHub/swiss-ndvi-processing/.venv/lib/python3.12/site-packages/tornado/netutil.py", line 273, in accept_handler
  File "/usr/lib/python3.12/socket.py", line 295, in accept
OSError: [Errno 24] Too many open files
Exception in callback BaseAsyncIOLoop._handle_events(7, 1)
handle: <Handle BaseAsyncIOLoop._handle_events(7, 1)>
Traceback (most recent call last):
  File "/usr/lib/python3.12/asyncio/events.py", line 88, in _run
    self._context.run(self._callback, *self._args)
  File "/home/Shared/UniBe-swiss-ndvi/GitHub/swiss-ndvi-processing/.venv/lib/python3.12/site-packages/tornado/platform/asyncio.py", line 208, in _handle_events
  File "/home/Shared/UniBe-swiss-ndvi/GitHub/swiss-ndvi-processing/.venv/lib/python3.12/site-packages/tornado/netutil.py", line 273, in accept_handler
  File "/usr/lib/python3.12/socket.py", line 295, in accept
OSError: [Errno 24] Too many open files
Exception in callback BaseAsyncIOLoop._handle_events(7, 1)
handle: <Handle BaseAsyncIOLoop._handle_events(7, 1)>
Traceback (most recent call last):
  File "/usr/lib/python3.12/asyncio/events.py", line 88, in _run
    self._context.run(self._callback, *self._args)
  File "/home/Shared/UniBe-swiss-ndvi/GitHub/swiss-ndvi-processing/.venv/lib/python3.12/site-packages/tornado/platform/asyncio.py", line 208, in _handle_events
  File "/home/Shared/UniBe-swiss-ndvi/GitHub/swiss-ndvi-processing/.venv/lib/python3.12/site-packages/tornado/netutil.py", line 273, in accept_handler
  File "/usr/lib/python3.12/socket.py", line 295, in accept
OSError: [Errno 24] Too many open files
Exception in callback BaseAsyncIOLoop._handle_events(7, 1)
handle: <Handle BaseAsyncIOLoop._handle_events(7, 1)>
Traceback (most recent call last):
  File "/usr/lib/python3.12/asyncio/events.py", line 88, in _run
    self._context.run(self._callback, *self._args)
  File "/home/Shared/UniBe-swiss-ndvi/GitHub/swiss-ndvi-processing/.venv/lib/python3.12/site-packages/tornado/platform/asyncio.py", line 208, in _handle_events
  File "/home/Shared/UniBe-swiss-ndvi/GitHub/swiss-ndvi-processing/.venv/lib/python3.12/site-packages/tornado/netutil.py", line 273, in accept_handler
  File "/usr/lib/python3.12/socket.py", line 295, in accept
OSError: [Errno 24] Too many open files
Exception in callback BaseAsyncIOLoop._handle_events(7, 1)
handle: <Handle BaseAsyncIOLoop._handle_events(7, 1)>
Traceback (most recent call last):
  File "/usr/lib/python3.12/asyncio/events.py", line 88, in _run
    self._context.run(self._callback, *self._args)
  File "/home/Shared/UniBe-swiss-ndvi/GitHub/swiss-ndvi-processing/.venv/lib/python3.12/site-packages/tornado/platform/asyncio.py", line 208, in _handle_events
  File "/home/Shared/UniBe-swiss-ndvi/GitHub/swiss-ndvi-processing/.venv/lib/python3.12/site-packages/tornado/netutil.py", line 273, in accept_handler
  File "/usr/lib/python3.12/socket.py", line 295, in accept
OSError: [Errno 24] Too many open files
Exception in callback BaseAsyncIOLoop._handle_events(7, 1)
handle: <Handle BaseAsyncIOLoop._handle_events(7, 1)>
Traceback (most recent call last):
  File "/usr/lib/python3.12/asyncio/events.py", line 88, in _run
    self._context.run(self._callback, *self._args)
  File "/home/Shared/UniBe-swiss-ndvi/GitHub/swiss-ndvi-processing/.venv/lib/python3.12/site-packages/tornado/platform/asyncio.py", line 208, in _handle_events
  File "/home/Shared/UniBe-swiss-ndvi/GitHub/swiss-ndvi-processing/.venv/lib/python3.12/site-packages/tornado/netutil.py", line 273, in accept_handler
  File "/usr/lib/python3.12/socket.py", line 295, in accept
OSError: [Errno 24] Too many open files
Exception in callback BaseAsyncIOLoop._handle_events(7, 1)
handle: <Handle BaseAsyncIOLoop._handle_events(7, 1)>
Traceback (most recent call last):
  File "/usr/lib/python3.12/asyncio/events.py", line 88, in _run
    self._context.run(self._callback, *self._args)
  File "/home/Shared/UniBe-swiss-ndvi/GitHub/swiss-ndvi-processing/.venv/lib/python3.12/site-packages/tornado/platform/asyncio.py", line 208, in _handle_events
  File "/home/Shared/UniBe-swiss-ndvi/GitHub/swiss-ndvi-processing/.venv/lib/python3.12/site-packages/tornado/netutil.py", line 273, in accept_handler
  File "/usr/lib/python3.12/socket.py", line 295, in accept
OSError: [Errno 24] Too many open files
Exception in callback BaseAsyncIOLoop._handle_events(7, 1)
handle: <Handle BaseAsyncIOLoop._handle_events(7, 1)>
Traceback (most recent call last):
  File "/usr/lib/python3.12/asyncio/events.py", line 88, in _run
    self._context.run(self._callback, *self._args)
  File "/home/Shared/UniBe-swiss-ndvi/GitHub/swiss-ndvi-processing/.venv/lib/python3.12/site-packages/tornado/platform/asyncio.py", line 208, in _handle_events
  File "/home/Shared/UniBe-swiss-ndvi/GitHub/swiss-ndvi-processing/.venv/lib/python3.12/site-packages/tornado/netutil.py", line 273, in accept_handler
  File "/usr/lib/python3.12/socket.py", line 295, in accept
OSError: [Errno 24] Too many open files
Exception in callback BaseAsyncIOLoop._handle_events(7, 1)
handle: <Handle BaseAsyncIOLoop._handle_events(7, 1)>
Traceback (most recent call last):
  File "/usr/lib/python3.12/asyncio/events.py", line 88, in _run
    self._context.run(self._callback, *self._args)
  File "/home/Shared/UniBe-swiss-ndvi/GitHub/swiss-ndvi-processing/.venv/lib/python3.12/site-packages/tornado/platform/asyncio.py", line 208, in _handle_events
  File "/home/Shared/UniBe-swiss-ndvi/GitHub/swiss-ndvi-processing/.venv/lib/python3.12/site-packages/tornado/netutil.py", line 273, in accept_handler
  File "/usr/lib/python3.12/socket.py", line 295, in accept
OSError: [Errno 24] Too many open files
Exception in callback BaseAsyncIOLoop._handle_events(7, 1)
handle: <Handle BaseAsyncIOLoop._handle_events(7, 1)>
Traceback (most recent call last):
  File "/usr/lib/python3.12/asyncio/events.py", line 88, in _run
    self._context.run(self._callback, *self._args)
  File "/home/Shared/UniBe-swiss-ndvi/GitHub/swiss-ndvi-processing/.venv/lib/python3.12/site-packages/tornado/platform/asyncio.py", line 208, in _handle_events
  File "/home/Shared/UniBe-swiss-ndvi/GitHub/swiss-ndvi-processing/.venv/lib/python3.12/site-packages/tornado/netutil.py", line 273, in accept_handler
  File "/usr/lib/python3.12/socket.py", line 295, in accept
OSError: [Errno 24] Too many open files
Exception in callback BaseAsyncIOLoop._handle_events(7, 1)
handle: <Handle BaseAsyncIOLoop._handle_events(7, 1)>
Traceback (most recent call last):
  File "/usr/lib/python3.12/asyncio/events.py", line 88, in _run
    self._context.run(self._callback, *self._args)
  File "/home/Shared/UniBe-swiss-ndvi/GitHub/swiss-ndvi-processing/.venv/lib/python3.12/site-packages/tornado/platform/asyncio.py", line 208, in _handle_events
  File "/home/Shared/UniBe-swiss-ndvi/GitHub/swiss-ndvi-processing/.venv/lib/python3.12/site-packages/tornado/netutil.py", line 273, in accept_handler
  File "/usr/lib/python3.12/socket.py", line 295, in accept
OSError: [Errno 24] Too many open files
Exception in callback BaseAsyncIOLoop._handle_events(7, 1)
handle: <Handle BaseAsyncIOLoop._handle_events(7, 1)>
Traceback (most recent call last):
  File "/usr/lib/python3.12/asyncio/events.py", line 88, in _run
    self._context.run(self._callback, *self._args)
  File "/home/Shared/UniBe-swiss-ndvi/GitHub/swiss-ndvi-processing/.venv/lib/python3.12/site-packages/tornado/platform/asyncio.py", line 208, in _handle_events
  File "/home/Shared/UniBe-swiss-ndvi/GitHub/swiss-ndvi-processing/.venv/lib/python3.12/site-packages/tornado/netutil.py", line 273, in accept_handler
  File "/usr/lib/python3.12/socket.py", line 295, in accept
OSError: [Errno 24] Too many open files
Exception in callback BaseAsyncIOLoop._handle_events(7, 1)
handle: <Handle BaseAsyncIOLoop._handle_events(7, 1)>
Traceback (most recent call last):
  File "/usr/lib/python3.12/asyncio/events.py", line 88, in _run
    self._context.run(self._callback, *self._args)
  File "/home/Shared/UniBe-swiss-ndvi/GitHub/swiss-ndvi-processing/.venv/lib/python3.12/site-packages/tornado/platform/asyncio.py", line 208, in _handle_events
  File "/home/Shared/UniBe-swiss-ndvi/GitHub/swiss-ndvi-processing/.venv/lib/python3.12/site-packages/tornado/netutil.py", line 273, in accept_handler
  File "/usr/lib/python3.12/socket.py", line 295, in accept
OSError: [Errno 24] Too many open files
Exception in callback BaseAsyncIOLoop._handle_events(7, 1)
handle: <Handle BaseAsyncIOLoop._handle_events(7, 1)>
Traceback (most recent call last):
  File "/usr/lib/python3.12/asyncio/events.py", line 88, in _run
    self._context.run(self._callback, *self._args)
  File "/home/Shared/UniBe-swiss-ndvi/GitHub/swiss-ndvi-processing/.venv/lib/python3.12/site-packages/tornado/platform/asyncio.py", line 208, in _handle_events
  File "/home/Shared/UniBe-swiss-ndvi/GitHub/swiss-ndvi-processing/.venv/lib/python3.12/site-packages/tornado/netutil.py", line 273, in accept_handler
  File "/usr/lib/python3.12/socket.py", line 295, in accept
OSError: [Errno 24] Too many open files
Exception in callback BaseAsyncIOLoop._handle_events(7, 1)
handle: <Handle BaseAsyncIOLoop._handle_events(7, 1)>
Traceback (most recent call last):
  File "/usr/lib/python3.12/asyncio/events.py", line 88, in _run
    self._context.run(self._callback, *self._args)
  File "/home/Shared/UniBe-swiss-ndvi/GitHub/swiss-ndvi-processing/.venv/lib/python3.12/site-packages/tornado/platform/asyncio.py", line 208, in _handle_events
  File "/home/Shared/UniBe-swiss-ndvi/GitHub/swiss-ndvi-processing/.venv/lib/python3.12/site-packages/tornado/netutil.py", line 273, in accept_handler
  File "/usr/lib/python3.12/socket.py", line 295, in accept
OSError: [Errno 24] Too many open files
Exception in callback BaseAsyncIOLoop._handle_events(7, 1)
handle: <Handle BaseAsyncIOLoop._handle_events(7, 1)>
Traceback (most recent call last):
  File "/usr/lib/python3.12/asyncio/events.py", line 88, in _run
    self._context.run(self._callback, *self._args)
  File "/home/Shared/UniBe-swiss-ndvi/GitHub/swiss-ndvi-processing/.venv/lib/python3.12/site-packages/tornado/platform/asyncio.py", line 208, in _handle_events
  File "/home/Shared/UniBe-swiss-ndvi/GitHub/swiss-ndvi-processing/.venv/lib/python3.12/site-packages/tornado/netutil.py", line 273, in accept_handler
  File "/usr/lib/python3.12/socket.py", line 295, in accept
OSError: [Errno 24] Too many open files
Exception in callback BaseAsyncIOLoop._handle_events(7, 1)
handle: <Handle BaseAsyncIOLoop._handle_events(7, 1)>
Traceback (most recent call last):
  File "/usr/lib/python3.12/asyncio/events.py", line 88, in _run
    self._context.run(self._callback, *self._args)
  File "/home/Shared/UniBe-swiss-ndvi/GitHub/swiss-ndvi-processing/.venv/lib/python3.12/site-packages/tornado/platform/asyncio.py", line 208, in _handle_events
  File "/home/Shared/UniBe-swiss-ndvi/GitHub/swiss-ndvi-processing/.venv/lib/python3.12/site-packages/tornado/netutil.py", line 273, in accept_handler
  File "/usr/lib/python3.12/socket.py", line 295, in accept
OSError: [Errno 24] Too many open files
Exception in callback BaseAsyncIOLoop._handle_events(7, 1)
handle: <Handle BaseAsyncIOLoop._handle_events(7, 1)>
Traceback (most recent call last):
  File "/usr/lib/python3.12/asyncio/events.py", line 88, in _run
    self._context.run(self._callback, *self._args)
  File "/home/Shared/UniBe-swiss-ndvi/GitHub/swiss-ndvi-processing/.venv/lib/python3.12/site-packages/tornado/platform/asyncio.py", line 208, in _handle_events
  File "/home/Shared/UniBe-swiss-ndvi/GitHub/swiss-ndvi-processing/.venv/lib/python3.12/site-packages/tornado/netutil.py", line 273, in accept_handler
  File "/usr/lib/python3.12/socket.py", line 295, in accept
OSError: [Errno 24] Too many open files
Exception in callback BaseAsyncIOLoop._handle_events(7, 1)
handle: <Handle BaseAsyncIOLoop._handle_events(7, 1)>
Traceback (most recent call last):
  File "/usr/lib/python3.12/asyncio/events.py", line 88, in _run
    self._context.run(self._callback, *self._args)
  File "/home/Shared/UniBe-swiss-ndvi/GitHub/swiss-ndvi-processing/.venv/lib/python3.12/site-packages/tornado/platform/asyncio.py", line 208, in _handle_events
  File "/home/Shared/UniBe-swiss-ndvi/GitHub/swiss-ndvi-processing/.venv/lib/python3.12/site-packages/tornado/netutil.py", line 273, in accept_handler
  File "/usr/lib/python3.12/socket.py", line 295, in accept
OSError: [Errno 24] Too many open files
Exception in callback BaseAsyncIOLoop._handle_events(7, 1)
handle: <Handle BaseAsyncIOLoop._handle_events(7, 1)>
Traceback (most recent call last):
  File "/usr/lib/python3.12/asyncio/events.py", line 88, in _run
    self._context.run(self._callback, *self._args)
  File "/home/Shared/UniBe-swiss-ndvi/GitHub/swiss-ndvi-processing/.venv/lib/python3.12/site-packages/tornado/platform/asyncio.py", line 208, in _handle_events
  File "/home/Shared/UniBe-swiss-ndvi/GitHub/swiss-ndvi-processing/.venv/lib/python3.12/site-packages/tornado/netutil.py", line 273, in accept_handler
  File "/usr/lib/python3.12/socket.py", line 295, in accept
OSError: [Errno 24] Too many open files
Exception in callback BaseAsyncIOLoop._handle_events(7, 1)
handle: <Handle BaseAsyncIOLoop._handle_events(7, 1)>
Traceback (most recent call last):
  File "/usr/lib/python3.12/asyncio/events.py", line 88, in _run
    self._context.run(self._callback, *self._args)
  File "/home/Shared/UniBe-swiss-ndvi/GitHub/swiss-ndvi-processing/.venv/lib/python3.12/site-packages/tornado/platform/asyncio.py", line 208, in _handle_events
  File "/home/Shared/UniBe-swiss-ndvi/GitHub/swiss-ndvi-processing/.venv/lib/python3.12/site-packages/tornado/netutil.py", line 273, in accept_handler
  File "/usr/lib/python3.12/socket.py", line 295, in accept
OSError: [Errno 24] Too many open files
Exception in callback BaseAsyncIOLoop._handle_events(7, 1)
handle: <Handle BaseAsyncIOLoop._handle_events(7, 1)>
Traceback (most recent call last):
  File "/usr/lib/python3.12/asyncio/events.py", line 88, in _run
    self._context.run(self._callback, *self._args)
  File "/home/Shared/UniBe-swiss-ndvi/GitHub/swiss-ndvi-processing/.venv/lib/python3.12/site-packages/tornado/platform/asyncio.py", line 208, in _handle_events
  File "/home/Shared/UniBe-swiss-ndvi/GitHub/swiss-ndvi-processing/.venv/lib/python3.12/site-packages/tornado/netutil.py", line 273, in accept_handler
  File "/usr/lib/python3.12/socket.py", line 295, in accept
OSError: [Errno 24] Too many open files
Exception in callback BaseAsyncIOLoop._handle_events(7, 1)
handle: <Handle BaseAsyncIOLoop._handle_events(7, 1)>
Traceback (most recent call last):
  File "/usr/lib/python3.12/asyncio/events.py", line 88, in _run
    self._context.run(self._callback, *self._args)
  File "/home/Shared/UniBe-swiss-ndvi/GitHub/swiss-ndvi-processing/.venv/lib/python3.12/site-packages/tornado/platform/asyncio.py", line 208, in _handle_events
  File "/home/Shared/UniBe-swiss-ndvi/GitHub/swiss-ndvi-processing/.venv/lib/python3.12/site-packages/tornado/netutil.py", line 273, in accept_handler
  File "/usr/lib/python3.12/socket.py", line 295, in accept
OSError: [Errno 24] Too many open files
Exception in callback BaseAsyncIOLoop._handle_events(7, 1)
handle: <Handle BaseAsyncIOLoop._handle_events(7, 1)>
Traceback (most recent call last):
  File "/usr/lib/python3.12/asyncio/events.py", line 88, in _run
    self._context.run(self._callback, *self._args)
  File "/home/Shared/UniBe-swiss-ndvi/GitHub/swiss-ndvi-processing/.venv/lib/python3.12/site-packages/tornado/platform/asyncio.py", line 208, in _handle_events
  File "/home/Shared/UniBe-swiss-ndvi/GitHub/swiss-ndvi-processing/.venv/lib/python3.12/site-packages/tornado/netutil.py", line 273, in accept_handler
  File "/usr/lib/python3.12/socket.py", line 295, in accept
OSError: [Errno 24] Too many open files
Exception in callback BaseAsyncIOLoop._handle_events(7, 1)
handle: <Handle BaseAsyncIOLoop._handle_events(7, 1)>
Traceback (most recent call last):
  File "/usr/lib/python3.12/asyncio/events.py", line 88, in _run
    self._context.run(self._callback, *self._args)
  File "/home/Shared/UniBe-swiss-ndvi/GitHub/swiss-ndvi-processing/.venv/lib/python3.12/site-packages/tornado/platform/asyncio.py", line 208, in _handle_events
  File "/home/Shared/UniBe-swiss-ndvi/GitHub/swiss-ndvi-processing/.venv/lib/python3.12/site-packages/tornado/netutil.py", line 273, in accept_handler
  File "/usr/lib/python3.12/socket.py", line 295, in accept
OSError: [Errno 24] Too many open files
Exception in callback BaseAsyncIOLoop._handle_events(7, 1)
handle: <Handle BaseAsyncIOLoop._handle_events(7, 1)>
Traceback (most recent call last):
  File "/usr/lib/python3.12/asyncio/events.py", line 88, in _run
    self._context.run(self._callback, *self._args)
  File "/home/Shared/UniBe-swiss-ndvi/GitHub/swiss-ndvi-processing/.venv/lib/python3.12/site-packages/tornado/platform/asyncio.py", line 208, in _handle_events
  File "/home/Shared/UniBe-swiss-ndvi/GitHub/swiss-ndvi-processing/.venv/lib/python3.12/site-packages/tornado/netutil.py", line 273, in accept_handler
  File "/usr/lib/python3.12/socket.py", line 295, in accept
OSError: [Errno 24] Too many open files
Exception in callback BaseAsyncIOLoop._handle_events(7, 1)
handle: <Handle BaseAsyncIOLoop._handle_events(7, 1)>
Traceback (most recent call last):
  File "/usr/lib/python3.12/asyncio/events.py", line 88, in _run
    self._context.run(self._callback, *self._args)
  File "/home/Shared/UniBe-swiss-ndvi/GitHub/swiss-ndvi-processing/.venv/lib/python3.12/site-packages/tornado/platform/asyncio.py", line 208, in _handle_events
  File "/home/Shared/UniBe-swiss-ndvi/GitHub/swiss-ndvi-processing/.venv/lib/python3.12/site-packages/tornado/netutil.py", line 273, in accept_handler
  File "/usr/lib/python3.12/socket.py", line 295, in accept
OSError: [Errno 24] Too many open files
Exception in callback BaseAsyncIOLoop._handle_events(7, 1)
handle: <Handle BaseAsyncIOLoop._handle_events(7, 1)>
Traceback (most recent call last):
  File "/usr/lib/python3.12/asyncio/events.py", line 88, in _run
    self._context.run(self._callback, *self._args)
  File "/home/Shared/UniBe-swiss-ndvi/GitHub/swiss-ndvi-processing/.venv/lib/python3.12/site-packages/tornado/platform/asyncio.py", line 208, in _handle_events
  File "/home/Shared/UniBe-swiss-ndvi/GitHub/swiss-ndvi-processing/.venv/lib/python3.12/site-packages/tornado/netutil.py", line 273, in accept_handler
  File "/usr/lib/python3.12/socket.py", line 295, in accept
OSError: [Errno 24] Too many open files
Exception in callback BaseAsyncIOLoop._handle_events(7, 1)
handle: <Handle BaseAsyncIOLoop._handle_events(7, 1)>
Traceback (most recent call last):
  File "/usr/lib/python3.12/asyncio/events.py", line 88, in _run
    self._context.run(self._callback, *self._args)
  File "/home/Shared/UniBe-swiss-ndvi/GitHub/swiss-ndvi-processing/.venv/lib/python3.12/site-packages/tornado/platform/asyncio.py", line 208, in _handle_events
  File "/home/Shared/UniBe-swiss-ndvi/GitHub/swiss-ndvi-processing/.venv/lib/python3.12/site-packages/tornado/netutil.py", line 273, in accept_handler
  File "/usr/lib/python3.12/socket.py", line 295, in accept
OSError: [Errno 24] Too many open files
Exception in callback BaseAsyncIOLoop._handle_events(7, 1)
handle: <Handle BaseAsyncIOLoop._handle_events(7, 1)>
Traceback (most recent call last):
  File "/usr/lib/python3.12/asyncio/events.py", line 88, in _run
    self._context.run(self._callback, *self._args)
  File "/home/Shared/UniBe-swiss-ndvi/GitHub/swiss-ndvi-processing/.venv/lib/python3.12/site-packages/tornado/platform/asyncio.py", line 208, in _handle_events
  File "/home/Shared/UniBe-swiss-ndvi/GitHub/swiss-ndvi-processing/.venv/lib/python3.12/site-packages/tornado/netutil.py", line 273, in accept_handler
  File "/usr/lib/python3.12/socket.py", line 295, in accept
OSError: [Errno 24] Too many open files
Exception in callback BaseAsyncIOLoop._handle_events(7, 1)
handle: <Handle BaseAsyncIOLoop._handle_events(7, 1)>
Traceback (most recent call last):
  File "/usr/lib/python3.12/asyncio/events.py", line 88, in _run
    self._context.run(self._callback, *self._args)
  File "/home/Shared/UniBe-swiss-ndvi/GitHub/swiss-ndvi-processing/.venv/lib/python3.12/site-packages/tornado/platform/asyncio.py", line 208, in _handle_events
  File "/home/Shared/UniBe-swiss-ndvi/GitHub/swiss-ndvi-processing/.venv/lib/python3.12/site-packages/tornado/netutil.py", line 273, in accept_handler
  File "/usr/lib/python3.12/socket.py", line 295, in accept
OSError: [Errno 24] Too many open files
Exception in callback BaseAsyncIOLoop._handle_events(7, 1)
handle: <Handle BaseAsyncIOLoop._handle_events(7, 1)>
Traceback (most recent call last):
  File "/usr/lib/python3.12/asyncio/events.py", line 88, in _run
    self._context.run(self._callback, *self._args)
  File "/home/Shared/UniBe-swiss-ndvi/GitHub/swiss-ndvi-processing/.venv/lib/python3.12/site-packages/tornado/platform/asyncio.py", line 208, in _handle_events
  File "/home/Shared/UniBe-swiss-ndvi/GitHub/swiss-ndvi-processing/.venv/lib/python3.12/site-packages/tornado/netutil.py", line 273, in accept_handler
  File "/usr/lib/python3.12/socket.py", line 295, in accept
OSError: [Errno 24] Too many open files
Exception in callback BaseAsyncIOLoop._handle_events(7, 1)
handle: <Handle BaseAsyncIOLoop._handle_events(7, 1)>
Traceback (most recent call last):
  File "/usr/lib/python3.12/asyncio/events.py", line 88, in _run
    self._context.run(self._callback, *self._args)
  File "/home/Shared/UniBe-swiss-ndvi/GitHub/swiss-ndvi-processing/.venv/lib/python3.12/site-packages/tornado/platform/asyncio.py", line 208, in _handle_events
  File "/home/Shared/UniBe-swiss-ndvi/GitHub/swiss-ndvi-processing/.venv/lib/python3.12/site-packages/tornado/netutil.py", line 273, in accept_handler
  File "/usr/lib/python3.12/socket.py", line 295, in accept
OSError: [Errno 24] Too many open files
Exception in callback BaseAsyncIOLoop._handle_events(7, 1)
handle: <Handle BaseAsyncIOLoop._handle_events(7, 1)>
Traceback (most recent call last):
  File "/usr/lib/python3.12/asyncio/events.py", line 88, in _run
    self._context.run(self._callback, *self._args)
  File "/home/Shared/UniBe-swiss-ndvi/GitHub/swiss-ndvi-processing/.venv/lib/python3.12/site-packages/tornado/platform/asyncio.py", line 208, in _handle_events
  File "/home/Shared/UniBe-swiss-ndvi/GitHub/swiss-ndvi-processing/.venv/lib/python3.12/site-packages/tornado/netutil.py", line 273, in accept_handler
  File "/usr/lib/python3.12/socket.py", line 295, in accept
OSError: [Errno 24] Too many open files
Exception in callback BaseAsyncIOLoop._handle_events(7, 1)
handle: <Handle BaseAsyncIOLoop._handle_events(7, 1)>
Traceback (most recent call last):
  File "/usr/lib/python3.12/asyncio/events.py", line 88, in _run
    self._context.run(self._callback, *self._args)
  File "/home/Shared/UniBe-swiss-ndvi/GitHub/swiss-ndvi-processing/.venv/lib/python3.12/site-packages/tornado/platform/asyncio.py", line 208, in _handle_events
  File "/home/Shared/UniBe-swiss-ndvi/GitHub/swiss-ndvi-processing/.venv/lib/python3.12/site-packages/tornado/netutil.py", line 273, in accept_handler
  File "/usr/lib/python3.12/socket.py", line 295, in accept
OSError: [Errno 24] Too many open files
2026-04-06 21:48:55,114 - distributed.worker - WARNING - Mismatched versions found

+-------------+---------------------------------------------+-----------+----------+
| Package     | Worker-ca78332b-51d3-4319-9b37-ff1a724a08c6 | Scheduler | Workers  |
+-------------+---------------------------------------------+-----------+----------+
| cloudpickle | 3.1.1                                       | None      | 3.1.1    |
| dask        | 2025.9.1                                    | None      | 2025.9.1 |
| distributed | 2025.9.1                                    | None      | 2025.9.1 |
| lz4         | 4.3.2                                       | None      | 4.3.2    |
| msgpack     | 1.1.1                                       | None      | 1.1.1    |
| toolz       | 1.0.0                                       | None      | 1.0.0    |
| tornado     | 6.5.1                                       | None      | 6.5.1    |
+-------------+---------------------------------------------+-----------+----------+
Exception in callback BaseAsyncIOLoop._handle_events(7, 1)
handle: <Handle BaseAsyncIOLoop._handle_events(7, 1)>
Traceback (most recent call last):
  File "/usr/lib/python3.12/asyncio/events.py", line 88, in _run
    self._context.run(self._callback, *self._args)
  File "/home/Shared/UniBe-swiss-ndvi/GitHub/swiss-ndvi-processing/.venv/lib/python3.12/site-packages/tornado/platform/asyncio.py", line 208, in _handle_events
  File "/home/Shared/UniBe-swiss-ndvi/GitHub/swiss-ndvi-processing/.venv/lib/python3.12/site-packages/tornado/netutil.py", line 273, in accept_handler
  File "/usr/lib/python3.12/socket.py", line 295, in accept
OSError: [Errno 24] Too many open files
Exception in callback BaseAsyncIOLoop._handle_events(7, 1)
handle: <Handle BaseAsyncIOLoop._handle_events(7, 1)>
Traceback (most recent call last):
  File "/usr/lib/python3.12/asyncio/events.py", line 88, in _run
    self._context.run(self._callback, *self._args)
  File "/home/Shared/UniBe-swiss-ndvi/GitHub/swiss-ndvi-processing/.venv/lib/python3.12/site-packages/tornado/platform/asyncio.py", line 208, in _handle_events
  File "/home/Shared/UniBe-swiss-ndvi/GitHub/swiss-ndvi-processing/.venv/lib/python3.12/site-packages/tornado/netutil.py", line 273, in accept_handler
  File "/usr/lib/python3.12/socket.py", line 295, in accept
OSError: [Errno 24] Too many open files
Exception in callback BaseAsyncIOLoop._handle_events(7, 1)
handle: <Handle BaseAsyncIOLoop._handle_events(7, 1)>
Traceback (most recent call last):
  File "/usr/lib/python3.12/asyncio/events.py", line 88, in _run
    self._context.run(self._callback, *self._args)
  File "/home/Shared/UniBe-swiss-ndvi/GitHub/swiss-ndvi-processing/.venv/lib/python3.12/site-packages/tornado/platform/asyncio.py", line 208, in _handle_events
  File "/home/Shared/UniBe-swiss-ndvi/GitHub/swiss-ndvi-processing/.venv/lib/python3.12/site-packages/tornado/netutil.py", line 273, in accept_handler
  File "/usr/lib/python3.12/socket.py", line 295, in accept
OSError: [Errno 24] Too many open files
Exception in callback BaseAsyncIOLoop._handle_events(7, 1)
handle: <Handle BaseAsyncIOLoop._handle_events(7, 1)>
Traceback (most recent call last):
  File "/usr/lib/python3.12/asyncio/events.py", line 88, in _run
    self._context.run(self._callback, *self._args)
  File "/home/Shared/UniBe-swiss-ndvi/GitHub/swiss-ndvi-processing/.venv/lib/python3.12/site-packages/tornado/platform/asyncio.py", line 208, in _handle_events
  File "/home/Shared/UniBe-swiss-ndvi/GitHub/swiss-ndvi-processing/.venv/lib/python3.12/site-packages/tornado/netutil.py", line 273, in accept_handler
  File "/usr/lib/python3.12/socket.py", line 295, in accept
OSError: [Errno 24] Too many open files
2026-04-06 21:48:55,116 - distributed.worker - WARNING - Mismatched versions found

+-------------+---------------------------------------------+-----------+----------+
| Package     | Worker-5556a4da-fbb9-445a-be12-1dcf53a0f415 | Scheduler | Workers  |
+-------------+---------------------------------------------+-----------+----------+
| cloudpickle | 3.1.1                                       | None      | 3.1.1    |
| dask        | 2025.9.1                                    | None      | 2025.9.1 |
| distributed | 2025.9.1                                    | None      | 2025.9.1 |
| lz4         | 4.3.2                                       | None      | 4.3.2    |
| msgpack     | 1.1.1                                       | None      | 1.1.1    |
| toolz       | 1.0.0                                       | None      | 1.0.0    |
| tornado     | 6.5.1                                       | None      | 6.5.1    |
+-------------+---------------------------------------------+-----------+----------+
Exception in callback BaseAsyncIOLoop._handle_events(7, 1)
handle: <Handle BaseAsyncIOLoop._handle_events(7, 1)>
Traceback (most recent call last):
  File "/usr/lib/python3.12/asyncio/events.py", line 88, in _run
    self._context.run(self._callback, *self._args)
  File "/home/Shared/UniBe-swiss-ndvi/GitHub/swiss-ndvi-processing/.venv/lib/python3.12/site-packages/tornado/platform/asyncio.py", line 208, in _handle_events
  File "/home/Shared/UniBe-swiss-ndvi/GitHub/swiss-ndvi-processing/.venv/lib/python3.12/site-packages/tornado/netutil.py", line 273, in accept_handler
  File "/usr/lib/python3.12/socket.py", line 295, in accept
OSError: [Errno 24] Too many open files
2026-04-06 21:48:55,117 - distributed.worker - WARNING - Mismatched versions found

+-------------+---------------------------------------------+-----------+----------+
| Package     | Worker-e77d934d-33a8-409e-a299-d5da26bd78e1 | Scheduler | Workers  |
+-------------+---------------------------------------------+-----------+----------+
| cloudpickle | 3.1.1                                       | None      | 3.1.1    |
| dask        | 2025.9.1                                    | None      | 2025.9.1 |
| distributed | 2025.9.1                                    | None      | 2025.9.1 |
| lz4         | 4.3.2                                       | None      | 4.3.2    |
| msgpack     | 1.1.1                                       | None      | 1.1.1    |
| toolz       | 1.0.0                                       | None      | 1.0.0    |
| tornado     | 6.5.1                                       | None      | 6.5.1    |
+-------------+---------------------------------------------+-----------+----------+
Exception in callback BaseAsyncIOLoop._handle_events(7, 1)
handle: <Handle BaseAsyncIOLoop._handle_events(7, 1)>
Traceback (most recent call last):
  File "/usr/lib/python3.12/asyncio/events.py", line 88, in _run
    self._context.run(self._callback, *self._args)
  File "/home/Shared/UniBe-swiss-ndvi/GitHub/swiss-ndvi-processing/.venv/lib/python3.12/site-packages/tornado/platform/asyncio.py", line 208, in _handle_events
  File "/home/Shared/UniBe-swiss-ndvi/GitHub/swiss-ndvi-processing/.venv/lib/python3.12/site-packages/tornado/netutil.py", line 273, in accept_handler
  File "/usr/lib/python3.12/socket.py", line 295, in accept
OSError: [Errno 24] Too many open files
Exception in callback BaseAsyncIOLoop._handle_events(7, 1)
handle: <Handle BaseAsyncIOLoop._handle_events(7, 1)>
Traceback (most recent call last):
  File "/usr/lib/python3.12/asyncio/events.py", line 88, in _run
    self._context.run(self._callback, *self._args)
  File "/home/Shared/UniBe-swiss-ndvi/GitHub/swiss-ndvi-processing/.venv/lib/python3.12/site-packages/tornado/platform/asyncio.py", line 208, in _handle_events
  File "/home/Shared/UniBe-swiss-ndvi/GitHub/swiss-ndvi-processing/.venv/lib/python3.12/site-packages/tornado/netutil.py", line 273, in accept_handler
  File "/usr/lib/python3.12/socket.py", line 295, in accept
OSError: [Errno 24] Too many open files
Exception in callback BaseAsyncIOLoop._handle_events(7, 1)
handle: <Handle BaseAsyncIOLoop._handle_events(7, 1)>
Traceback (most recent call last):
  File "/usr/lib/python3.12/asyncio/events.py", line 88, in _run
    self._context.run(self._callback, *self._args)
  File "/home/Shared/UniBe-swiss-ndvi/GitHub/swiss-ndvi-processing/.venv/lib/python3.12/site-packages/tornado/platform/asyncio.py", line 208, in _handle_events
  File "/home/Shared/UniBe-swiss-ndvi/GitHub/swiss-ndvi-processing/.venv/lib/python3.12/site-packages/tornado/netutil.py", line 273, in accept_handler
  File "/usr/lib/python3.12/socket.py", line 295, in accept
OSError: [Errno 24] Too many open files
Exception in callback BaseAsyncIOLoop._handle_events(7, 1)
handle: <Handle BaseAsyncIOLoop._handle_events(7, 1)>
Traceback (most recent call last):
  File "/usr/lib/python3.12/asyncio/events.py", line 88, in _run
    self._context.run(self._callback, *self._args)
  File "/home/Shared/UniBe-swiss-ndvi/GitHub/swiss-ndvi-processing/.venv/lib/python3.12/site-packages/tornado/platform/asyncio.py", line 208, in _handle_events
  File "/home/Shared/UniBe-swiss-ndvi/GitHub/swiss-ndvi-processing/.venv/lib/python3.12/site-packages/tornado/netutil.py", line 273, in accept_handler
  File "/usr/lib/python3.12/socket.py", line 295, in accept
OSError: [Errno 24] Too many open files
Exception in callback BaseAsyncIOLoop._handle_events(7, 1)
handle: <Handle BaseAsyncIOLoop._handle_events(7, 1)>
Traceback (most recent call last):
  File "/usr/lib/python3.12/asyncio/events.py", line 88, in _run
    self._context.run(self._callback, *self._args)
  File "/home/Shared/UniBe-swiss-ndvi/GitHub/swiss-ndvi-processing/.venv/lib/python3.12/site-packages/tornado/platform/asyncio.py", line 208, in _handle_events
  File "/home/Shared/UniBe-swiss-ndvi/GitHub/swiss-ndvi-processing/.venv/lib/python3.12/site-packages/tornado/netutil.py", line 273, in accept_handler
  File "/usr/lib/python3.12/socket.py", line 295, in accept
OSError: [Errno 24] Too many open files
Exception in callback BaseAsyncIOLoop._handle_events(7, 1)
handle: <Handle BaseAsyncIOLoop._handle_events(7, 1)>
Traceback (most recent call last):
  File "/usr/lib/python3.12/asyncio/events.py", line 88, in _run
    self._context.run(self._callback, *self._args)
  File "/home/Shared/UniBe-swiss-ndvi/GitHub/swiss-ndvi-processing/.venv/lib/python3.12/site-packages/tornado/platform/asyncio.py", line 208, in _handle_events
  File "/home/Shared/UniBe-swiss-ndvi/GitHub/swiss-ndvi-processing/.venv/lib/python3.12/site-packages/tornado/netutil.py", line 273, in accept_handler
  File "/usr/lib/python3.12/socket.py", line 295, in accept
OSError: [Errno 24] Too many open files
Exception in callback BaseAsyncIOLoop._handle_events(7, 1)
handle: <Handle BaseAsyncIOLoop._handle_events(7, 1)>
Traceback (most recent call last):
  File "/usr/lib/python3.12/asyncio/events.py", line 88, in _run
    self._context.run(self._callback, *self._args)
  File "/home/Shared/UniBe-swiss-ndvi/GitHub/swiss-ndvi-processing/.venv/lib/python3.12/site-packages/tornado/platform/asyncio.py", line 208, in _handle_events
  File "/home/Shared/UniBe-swiss-ndvi/GitHub/swiss-ndvi-processing/.venv/lib/python3.12/site-packages/tornado/netutil.py", line 273, in accept_handler
  File "/usr/lib/python3.12/socket.py", line 295, in accept
OSError: [Errno 24] Too many open files
2026-04-06 21:48:55,120 - distributed.worker - WARNING - Mismatched versions found

+-------------+---------------------------------------------+-----------+----------+
| Package     | Worker-6188a08d-85c9-44fb-b37c-e802505a768f | Scheduler | Workers  |
+-------------+---------------------------------------------+-----------+----------+
| cloudpickle | 3.1.1                                       | None      | 3.1.1    |
| dask        | 2025.9.1                                    | None      | 2025.9.1 |
| distributed | 2025.9.1                                    | None      | 2025.9.1 |
| lz4         | 4.3.2                                       | None      | 4.3.2    |
| msgpack     | 1.1.1                                       | None      | 1.1.1    |
| toolz       | 1.0.0                                       | None      | 1.0.0    |
| tornado     | 6.5.1                                       | None      | 6.5.1    |
+-------------+---------------------------------------------+-----------+----------+
Exception in callback BaseAsyncIOLoop._handle_events(7, 1)
handle: <Handle BaseAsyncIOLoop._handle_events(7, 1)>
Traceback (most recent call last):
  File "/usr/lib/python3.12/asyncio/events.py", line 88, in _run
    self._context.run(self._callback, *self._args)
  File "/home/Shared/UniBe-swiss-ndvi/GitHub/swiss-ndvi-processing/.venv/lib/python3.12/site-packages/tornado/platform/asyncio.py", line 208, in _handle_events
  File "/home/Shared/UniBe-swiss-ndvi/GitHub/swiss-ndvi-processing/.venv/lib/python3.12/site-packages/tornado/netutil.py", line 273, in accept_handler
  File "/usr/lib/python3.12/socket.py", line 295, in accept
OSError: [Errno 24] Too many open files
Exception in callback BaseAsyncIOLoop._handle_events(7, 1)
handle: <Handle BaseAsyncIOLoop._handle_events(7, 1)>
Traceback (most recent call last):
  File "/usr/lib/python3.12/asyncio/events.py", line 88, in _run
    self._context.run(self._callback, *self._args)
  File "/home/Shared/UniBe-swiss-ndvi/GitHub/swiss-ndvi-processing/.venv/lib/python3.12/site-packages/tornado/platform/asyncio.py", line 208, in _handle_events
  File "/home/Shared/UniBe-swiss-ndvi/GitHub/swiss-ndvi-processing/.venv/lib/python3.12/site-packages/tornado/netutil.py", line 273, in accept_handler
  File "/usr/lib/python3.12/socket.py", line 295, in accept
OSError: [Errno 24] Too many open files
Exception in callback BaseAsyncIOLoop._handle_events(7, 1)
handle: <Handle BaseAsyncIOLoop._handle_events(7, 1)>
Traceback (most recent call last):
  File "/usr/lib/python3.12/asyncio/events.py", line 88, in _run
    self._context.run(self._callback, *self._args)
  File "/home/Shared/UniBe-swiss-ndvi/GitHub/swiss-ndvi-processing/.venv/lib/python3.12/site-packages/tornado/platform/asyncio.py", line 208, in _handle_events
  File "/home/Shared/UniBe-swiss-ndvi/GitHub/swiss-ndvi-processing/.venv/lib/python3.12/site-packages/tornado/netutil.py", line 273, in accept_handler
  File "/usr/lib/python3.12/socket.py", line 295, in accept
OSError: [Errno 24] Too many open files
Exception in callback BaseAsyncIOLoop._handle_events(7, 1)
handle: <Handle BaseAsyncIOLoop._handle_events(7, 1)>
Traceback (most recent call last):
  File "/usr/lib/python3.12/asyncio/events.py", line 88, in _run
    self._context.run(self._callback, *self._args)
  File "/home/Shared/UniBe-swiss-ndvi/GitHub/swiss-ndvi-processing/.venv/lib/python3.12/site-packages/tornado/platform/asyncio.py", line 208, in _handle_events
  File "/home/Shared/UniBe-swiss-ndvi/GitHub/swiss-ndvi-processing/.venv/lib/python3.12/site-packages/tornado/netutil.py", line 273, in accept_handler
  File "/usr/lib/python3.12/socket.py", line 295, in accept
OSError: [Errno 24] Too many open files
Exception in callback BaseAsyncIOLoop._handle_events(7, 1)
handle: <Handle BaseAsyncIOLoop._handle_events(7, 1)>
Traceback (most recent call last):
  File "/usr/lib/python3.12/asyncio/events.py", line 88, in _run
    self._context.run(self._callback, *self._args)
  File "/home/Shared/UniBe-swiss-ndvi/GitHub/swiss-ndvi-processing/.venv/lib/python3.12/site-packages/tornado/platform/asyncio.py", line 208, in _handle_events
  File "/home/Shared/UniBe-swiss-ndvi/GitHub/swiss-ndvi-processing/.venv/lib/python3.12/site-packages/tornado/netutil.py", line 273, in accept_handler
  File "/usr/lib/python3.12/socket.py", line 295, in accept
OSError: [Errno 24] Too many open files
Exception in callback BaseAsyncIOLoop._handle_events(7, 1)
handle: <Handle BaseAsyncIOLoop._handle_events(7, 1)>
Traceback (most recent call last):
  File "/usr/lib/python3.12/asyncio/events.py", line 88, in _run
    self._context.run(self._callback, *self._args)
  File "/home/Shared/UniBe-swiss-ndvi/GitHub/swiss-ndvi-processing/.venv/lib/python3.12/site-packages/tornado/platform/asyncio.py", line 208, in _handle_events
  File "/home/Shared/UniBe-swiss-ndvi/GitHub/swiss-ndvi-processing/.venv/lib/python3.12/site-packages/tornado/netutil.py", line 273, in accept_handler
  File "/usr/lib/python3.12/socket.py", line 295, in accept
OSError: [Errno 24] Too many open files
Exception in callback BaseAsyncIOLoop._handle_events(7, 1)
handle: <Handle BaseAsyncIOLoop._handle_events(7, 1)>
Traceback (most recent call last):
  File "/usr/lib/python3.12/asyncio/events.py", line 88, in _run
    self._context.run(self._callback, *self._args)
  File "/home/Shared/UniBe-swiss-ndvi/GitHub/swiss-ndvi-processing/.venv/lib/python3.12/site-packages/tornado/platform/asyncio.py", line 208, in _handle_events
  File "/home/Shared/UniBe-swiss-ndvi/GitHub/swiss-ndvi-processing/.venv/lib/python3.12/site-packages/tornado/netutil.py", line 273, in accept_handler
  File "/usr/lib/python3.12/socket.py", line 295, in accept
OSError: [Errno 24] Too many open files
Exception in callback BaseAsyncIOLoop._handle_events(7, 1)
handle: <Handle BaseAsyncIOLoop._handle_events(7, 1)>
Traceback (most recent call last):
  File "/usr/lib/python3.12/asyncio/events.py", line 88, in _run
    self._context.run(self._callback, *self._args)
  File "/home/Shared/UniBe-swiss-ndvi/GitHub/swiss-ndvi-processing/.venv/lib/python3.12/site-packages/tornado/platform/asyncio.py", line 208, in _handle_events
  File "/home/Shared/UniBe-swiss-ndvi/GitHub/swiss-ndvi-processing/.venv/lib/python3.12/site-packages/tornado/netutil.py", line 273, in accept_handler
  File "/usr/lib/python3.12/socket.py", line 295, in accept
OSError: [Errno 24] Too many open files
Exception in callback BaseAsyncIOLoop._handle_events(7, 1)
handle: <Handle BaseAsyncIOLoop._handle_events(7, 1)>
Traceback (most recent call last):
  File "/usr/lib/python3.12/asyncio/events.py", line 88, in _run
    self._context.run(self._callback, *self._args)
  File "/home/Shared/UniBe-swiss-ndvi/GitHub/swiss-ndvi-processing/.venv/lib/python3.12/site-packages/tornado/platform/asyncio.py", line 208, in _handle_events
  File "/home/Shared/UniBe-swiss-ndvi/GitHub/swiss-ndvi-processing/.venv/lib/python3.12/site-packages/tornado/netutil.py", line 273, in accept_handler
  File "/usr/lib/python3.12/socket.py", line 295, in accept
OSError: [Errno 24] Too many open files
Exception in callback BaseAsyncIOLoop._handle_events(7, 1)
handle: <Handle BaseAsyncIOLoop._handle_events(7, 1)>
Traceback (most recent call last):
  File "/usr/lib/python3.12/asyncio/events.py", line 88, in _run
    self._context.run(self._callback, *self._args)
  File "/home/Shared/UniBe-swiss-ndvi/GitHub/swiss-ndvi-processing/.venv/lib/python3.12/site-packages/tornado/platform/asyncio.py", line 208, in _handle_events
  File "/home/Shared/UniBe-swiss-ndvi/GitHub/swiss-ndvi-processing/.venv/lib/python3.12/site-packages/tornado/netutil.py", line 273, in accept_handler
  File "/usr/lib/python3.12/socket.py", line 295, in accept
OSError: [Errno 24] Too many open files
Exception in callback BaseAsyncIOLoop._handle_events(7, 1)
handle: <Handle BaseAsyncIOLoop._handle_events(7, 1)>
Traceback (most recent call last):
  File "/usr/lib/python3.12/asyncio/events.py", line 88, in _run
    self._context.run(self._callback, *self._args)
  File "/home/Shared/UniBe-swiss-ndvi/GitHub/swiss-ndvi-processing/.venv/lib/python3.12/site-packages/tornado/platform/asyncio.py", line 208, in _handle_events
  File "/home/Shared/UniBe-swiss-ndvi/GitHub/swiss-ndvi-processing/.venv/lib/python3.12/site-packages/tornado/netutil.py", line 273, in accept_handler
  File "/usr/lib/python3.12/socket.py", line 295, in accept
OSError: [Errno 24] Too many open files
Exception in callback BaseAsyncIOLoop._handle_events(7, 1)
handle: <Handle BaseAsyncIOLoop._handle_events(7, 1)>
Traceback (most recent call last):
  File "/usr/lib/python3.12/asyncio/events.py", line 88, in _run
    self._context.run(self._callback, *self._args)
  File "/home/Shared/UniBe-swiss-ndvi/GitHub/swiss-ndvi-processing/.venv/lib/python3.12/site-packages/tornado/platform/asyncio.py", line 208, in _handle_events
  File "/home/Shared/UniBe-swiss-ndvi/GitHub/swiss-ndvi-processing/.venv/lib/python3.12/site-packages/tornado/netutil.py", line 273, in accept_handler
  File "/usr/lib/python3.12/socket.py", line 295, in accept
OSError: [Errno 24] Too many open files
Exception in callback BaseAsyncIOLoop._handle_events(7, 1)
handle: <Handle BaseAsyncIOLoop._handle_events(7, 1)>
Traceback (most recent call last):
  File "/usr/lib/python3.12/asyncio/events.py", line 88, in _run
    self._context.run(self._callback, *self._args)
  File "/home/Shared/UniBe-swiss-ndvi/GitHub/swiss-ndvi-processing/.venv/lib/python3.12/site-packages/tornado/platform/asyncio.py", line 208, in _handle_events
  File "/home/Shared/UniBe-swiss-ndvi/GitHub/swiss-ndvi-processing/.venv/lib/python3.12/site-packages/tornado/netutil.py", line 273, in accept_handler
  File "/usr/lib/python3.12/socket.py", line 295, in accept
OSError: [Errno 24] Too many open files
Exception in callback BaseAsyncIOLoop._handle_events(7, 1)
handle: <Handle BaseAsyncIOLoop._handle_events(7, 1)>
Traceback (most recent call last):
  File "/usr/lib/python3.12/asyncio/events.py", line 88, in _run
    self._context.run(self._callback, *self._args)
  File "/home/Shared/UniBe-swiss-ndvi/GitHub/swiss-ndvi-processing/.venv/lib/python3.12/site-packages/tornado/platform/asyncio.py", line 208, in _handle_events
  File "/home/Shared/UniBe-swiss-ndvi/GitHub/swiss-ndvi-processing/.venv/lib/python3.12/site-packages/tornado/netutil.py", line 273, in accept_handler
  File "/usr/lib/python3.12/socket.py", line 295, in accept
OSError: [Errno 24] Too many open files
Exception in callback BaseAsyncIOLoop._handle_events(7, 1)
handle: <Handle BaseAsyncIOLoop._handle_events(7, 1)>
Traceback (most recent call last):
  File "/usr/lib/python3.12/asyncio/events.py", line 88, in _run
    self._context.run(self._callback, *self._args)
  File "/home/Shared/UniBe-swiss-ndvi/GitHub/swiss-ndvi-processing/.venv/lib/python3.12/site-packages/tornado/platform/asyncio.py", line 208, in _handle_events
  File "/home/Shared/UniBe-swiss-ndvi/GitHub/swiss-ndvi-processing/.venv/lib/python3.12/site-packages/tornado/netutil.py", line 273, in accept_handler
  File "/usr/lib/python3.12/socket.py", line 295, in accept
OSError: [Errno 24] Too many open files
Exception in callback BaseAsyncIOLoop._handle_events(7, 1)
handle: <Handle BaseAsyncIOLoop._handle_events(7, 1)>
Traceback (most recent call last):
  File "/usr/lib/python3.12/asyncio/events.py", line 88, in _run
    self._context.run(self._callback, *self._args)
  File "/home/Shared/UniBe-swiss-ndvi/GitHub/swiss-ndvi-processing/.venv/lib/python3.12/site-packages/tornado/platform/asyncio.py", line 208, in _handle_events
  File "/home/Shared/UniBe-swiss-ndvi/GitHub/swiss-ndvi-processing/.venv/lib/python3.12/site-packages/tornado/netutil.py", line 273, in accept_handler
  File "/usr/lib/python3.12/socket.py", line 295, in accept
OSError: [Errno 24] Too many open files
Exception in callback BaseAsyncIOLoop._handle_events(7, 1)
handle: <Handle BaseAsyncIOLoop._handle_events(7, 1)>
Traceback (most recent call last):
  File "/usr/lib/python3.12/asyncio/events.py", line 88, in _run
    self._context.run(self._callback, *self._args)
  File "/home/Shared/UniBe-swiss-ndvi/GitHub/swiss-ndvi-processing/.venv/lib/python3.12/site-packages/tornado/platform/asyncio.py", line 208, in _handle_events
  File "/home/Shared/UniBe-swiss-ndvi/GitHub/swiss-ndvi-processing/.venv/lib/python3.12/site-packages/tornado/netutil.py", line 273, in accept_handler
  File "/usr/lib/python3.12/socket.py", line 295, in accept
OSError: [Errno 24] Too many open files
Exception in callback BaseAsyncIOLoop._handle_events(7, 1)
handle: <Handle BaseAsyncIOLoop._handle_events(7, 1)>
Traceback (most recent call last):
  File "/usr/lib/python3.12/asyncio/events.py", line 88, in _run
    self._context.run(self._callback, *self._args)
  File "/home/Shared/UniBe-swiss-ndvi/GitHub/swiss-ndvi-processing/.venv/lib/python3.12/site-packages/tornado/platform/asyncio.py", line 208, in _handle_events
  File "/home/Shared/UniBe-swiss-ndvi/GitHub/swiss-ndvi-processing/.venv/lib/python3.12/site-packages/tornado/netutil.py", line 273, in accept_handler
  File "/usr/lib/python3.12/socket.py", line 295, in accept
OSError: [Errno 24] Too many open files
2026-04-06 21:48:55,125 - distributed.worker - WARNING - Mismatched versions found

+-------------+---------------------------------------------+-----------+----------+
| Package     | Worker-8e98fc62-4196-41ce-9ac5-613ca675b256 | Scheduler | Workers  |
+-------------+---------------------------------------------+-----------+----------+
| cloudpickle | 3.1.1                                       | None      | 3.1.1    |
| dask        | 2025.9.1                                    | None      | 2025.9.1 |
| distributed | 2025.9.1                                    | None      | 2025.9.1 |
| lz4         | 4.3.2                                       | None      | 4.3.2    |
| msgpack     | 1.1.1                                       | None      | 1.1.1    |
| toolz       | 1.0.0                                       | None      | 1.0.0    |
| tornado     | 6.5.1                                       | None      | 6.5.1    |
+-------------+---------------------------------------------+-----------+----------+
Exception in callback BaseAsyncIOLoop._handle_events(7, 1)
handle: <Handle BaseAsyncIOLoop._handle_events(7, 1)>
Traceback (most recent call last):
  File "/usr/lib/python3.12/asyncio/events.py", line 88, in _run
    self._context.run(self._callback, *self._args)
  File "/home/Shared/UniBe-swiss-ndvi/GitHub/swiss-ndvi-processing/.venv/lib/python3.12/site-packages/tornado/platform/asyncio.py", line 208, in _handle_events
  File "/home/Shared/UniBe-swiss-ndvi/GitHub/swiss-ndvi-processing/.venv/lib/python3.12/site-packages/tornado/netutil.py", line 273, in accept_handler
  File "/usr/lib/python3.12/socket.py", line 295, in accept
OSError: [Errno 24] Too many open files
Exception in callback BaseAsyncIOLoop._handle_events(7, 1)
handle: <Handle BaseAsyncIOLoop._handle_events(7, 1)>
Traceback (most recent call last):
  File "/usr/lib/python3.12/asyncio/events.py", line 88, in _run
    self._context.run(self._callback, *self._args)
  File "/home/Shared/UniBe-swiss-ndvi/GitHub/swiss-ndvi-processing/.venv/lib/python3.12/site-packages/tornado/platform/asyncio.py", line 208, in _handle_events
  File "/home/Shared/UniBe-swiss-ndvi/GitHub/swiss-ndvi-processing/.venv/lib/python3.12/site-packages/tornado/netutil.py", line 273, in accept_handler
  File "/usr/lib/python3.12/socket.py", line 295, in accept
OSError: [Errno 24] Too many open files
Exception in callback BaseAsyncIOLoop._handle_events(7, 1)
handle: <Handle BaseAsyncIOLoop._handle_events(7, 1)>
Traceback (most recent call last):
  File "/usr/lib/python3.12/asyncio/events.py", line 88, in _run
    self._context.run(self._callback, *self._args)
  File "/home/Shared/UniBe-swiss-ndvi/GitHub/swiss-ndvi-processing/.venv/lib/python3.12/site-packages/tornado/platform/asyncio.py", line 208, in _handle_events
  File "/home/Shared/UniBe-swiss-ndvi/GitHub/swiss-ndvi-processing/.venv/lib/python3.12/site-packages/tornado/netutil.py", line 273, in accept_handler
  File "/usr/lib/python3.12/socket.py", line 295, in accept
OSError: [Errno 24] Too many open files
Exception in callback BaseAsyncIOLoop._handle_events(7, 1)
handle: <Handle BaseAsyncIOLoop._handle_events(7, 1)>
Traceback (most recent call last):
  File "/usr/lib/python3.12/asyncio/events.py", line 88, in _run
    self._context.run(self._callback, *self._args)
  File "/home/Shared/UniBe-swiss-ndvi/GitHub/swiss-ndvi-processing/.venv/lib/python3.12/site-packages/tornado/platform/asyncio.py", line 208, in _handle_events
  File "/home/Shared/UniBe-swiss-ndvi/GitHub/swiss-ndvi-processing/.venv/lib/python3.12/site-packages/tornado/netutil.py", line 273, in accept_handler
  File "/usr/lib/python3.12/socket.py", line 295, in accept
OSError: [Errno 24] Too many open files
Exception in callback BaseAsyncIOLoop._handle_events(7, 1)
handle: <Handle BaseAsyncIOLoop._handle_events(7, 1)>
Traceback (most recent call last):
  File "/usr/lib/python3.12/asyncio/events.py", line 88, in _run
    self._context.run(self._callback, *self._args)
  File "/home/Shared/UniBe-swiss-ndvi/GitHub/swiss-ndvi-processing/.venv/lib/python3.12/site-packages/tornado/platform/asyncio.py", line 208, in _handle_events
  File "/home/Shared/UniBe-swiss-ndvi/GitHub/swiss-ndvi-processing/.venv/lib/python3.12/site-packages/tornado/netutil.py", line 273, in accept_handler
  File "/usr/lib/python3.12/socket.py", line 295, in accept
OSError: [Errno 24] Too many open files
Exception in callback BaseAsyncIOLoop._handle_events(7, 1)
handle: <Handle BaseAsyncIOLoop._handle_events(7, 1)>
Traceback (most recent call last):
  File "/usr/lib/python3.12/asyncio/events.py", line 88, in _run
    self._context.run(self._callback, *self._args)
  File "/home/Shared/UniBe-swiss-ndvi/GitHub/swiss-ndvi-processing/.venv/lib/python3.12/site-packages/tornado/platform/asyncio.py", line 208, in _handle_events
  File "/home/Shared/UniBe-swiss-ndvi/GitHub/swiss-ndvi-processing/.venv/lib/python3.12/site-packages/tornado/netutil.py", line 273, in accept_handler
  File "/usr/lib/python3.12/socket.py", line 295, in accept
OSError: [Errno 24] Too many open files
Exception in callback BaseAsyncIOLoop._handle_events(7, 1)
handle: <Handle BaseAsyncIOLoop._handle_events(7, 1)>
Traceback (most recent call last):
  File "/usr/lib/python3.12/asyncio/events.py", line 88, in _run
    self._context.run(self._callback, *self._args)
  File "/home/Shared/UniBe-swiss-ndvi/GitHub/swiss-ndvi-processing/.venv/lib/python3.12/site-packages/tornado/platform/asyncio.py", line 208, in _handle_events
  File "/home/Shared/UniBe-swiss-ndvi/GitHub/swiss-ndvi-processing/.venv/lib/python3.12/site-packages/tornado/netutil.py", line 273, in accept_handler
  File "/usr/lib/python3.12/socket.py", line 295, in accept
OSError: [Errno 24] Too many open files
Exception in callback BaseAsyncIOLoop._handle_events(7, 1)
handle: <Handle BaseAsyncIOLoop._handle_events(7, 1)>
Traceback (most recent call last):
  File "/usr/lib/python3.12/asyncio/events.py", line 88, in _run
    self._context.run(self._callback, *self._args)
  File "/home/Shared/UniBe-swiss-ndvi/GitHub/swiss-ndvi-processing/.venv/lib/python3.12/site-packages/tornado/platform/asyncio.py", line 208, in _handle_events
  File "/home/Shared/UniBe-swiss-ndvi/GitHub/swiss-ndvi-processing/.venv/lib/python3.12/site-packages/tornado/netutil.py", line 273, in accept_handler
  File "/usr/lib/python3.12/socket.py", line 295, in accept
OSError: [Errno 24] Too many open files
Exception in callback BaseAsyncIOLoop._handle_events(7, 1)
handle: <Handle BaseAsyncIOLoop._handle_events(7, 1)>
Traceback (most recent call last):
  File "/usr/lib/python3.12/asyncio/events.py", line 88, in _run
    self._context.run(self._callback, *self._args)
  File "/home/Shared/UniBe-swiss-ndvi/GitHub/swiss-ndvi-processing/.venv/lib/python3.12/site-packages/tornado/platform/asyncio.py", line 208, in _handle_events
  File "/home/Shared/UniBe-swiss-ndvi/GitHub/swiss-ndvi-processing/.venv/lib/python3.12/site-packages/tornado/netutil.py", line 273, in accept_handler
  File "/usr/lib/python3.12/socket.py", line 295, in accept
OSError: [Errno 24] Too many open files
Exception in callback BaseAsyncIOLoop._handle_events(7, 1)
handle: <Handle BaseAsyncIOLoop._handle_events(7, 1)>
Traceback (most recent call last):
  File "/usr/lib/python3.12/asyncio/events.py", line 88, in _run
    self._context.run(self._callback, *self._args)
  File "/home/Shared/UniBe-swiss-ndvi/GitHub/swiss-ndvi-processing/.venv/lib/python3.12/site-packages/tornado/platform/asyncio.py", line 208, in _handle_events
  File "/home/Shared/UniBe-swiss-ndvi/GitHub/swiss-ndvi-processing/.venv/lib/python3.12/site-packages/tornado/netutil.py", line 273, in accept_handler
  File "/usr/lib/python3.12/socket.py", line 295, in accept
OSError: [Errno 24] Too many open files
Exception in callback BaseAsyncIOLoop._handle_events(7, 1)
handle: <Handle BaseAsyncIOLoop._handle_events(7, 1)>
Traceback (most recent call last):
  File "/usr/lib/python3.12/asyncio/events.py", line 88, in _run
    self._context.run(self._callback, *self._args)
  File "/home/Shared/UniBe-swiss-ndvi/GitHub/swiss-ndvi-processing/.venv/lib/python3.12/site-packages/tornado/platform/asyncio.py", line 208, in _handle_events
  File "/home/Shared/UniBe-swiss-ndvi/GitHub/swiss-ndvi-processing/.venv/lib/python3.12/site-packages/tornado/netutil.py", line 273, in accept_handler
  File "/usr/lib/python3.12/socket.py", line 295, in accept
OSError: [Errno 24] Too many open files
Exception in callback BaseAsyncIOLoop._handle_events(7, 1)
handle: <Handle BaseAsyncIOLoop._handle_events(7, 1)>
Traceback (most recent call last):
  File "/usr/lib/python3.12/asyncio/events.py", line 88, in _run
    self._context.run(self._callback, *self._args)
  File "/home/Shared/UniBe-swiss-ndvi/GitHub/swiss-ndvi-processing/.venv/lib/python3.12/site-packages/tornado/platform/asyncio.py", line 208, in _handle_events
  File "/home/Shared/UniBe-swiss-ndvi/GitHub/swiss-ndvi-processing/.venv/lib/python3.12/site-packages/tornado/netutil.py", line 273, in accept_handler
  File "/usr/lib/python3.12/socket.py", line 295, in accept
OSError: [Errno 24] Too many open files
Exception in callback BaseAsyncIOLoop._handle_events(7, 1)
handle: <Handle BaseAsyncIOLoop._handle_events(7, 1)>
Traceback (most recent call last):
  File "/usr/lib/python3.12/asyncio/events.py", line 88, in _run
    self._context.run(self._callback, *self._args)
  File "/home/Shared/UniBe-swiss-ndvi/GitHub/swiss-ndvi-processing/.venv/lib/python3.12/site-packages/tornado/platform/asyncio.py", line 208, in _handle_events
  File "/home/Shared/UniBe-swiss-ndvi/GitHub/swiss-ndvi-processing/.venv/lib/python3.12/site-packages/tornado/netutil.py", line 273, in accept_handler
  File "/usr/lib/python3.12/socket.py", line 295, in accept
OSError: [Errno 24] Too many open files
Exception in callback BaseAsyncIOLoop._handle_events(7, 1)
handle: <Handle BaseAsyncIOLoop._handle_events(7, 1)>
Traceback (most recent call last):
  File "/usr/lib/python3.12/asyncio/events.py", line 88, in _run
    self._context.run(self._callback, *self._args)
  File "/home/Shared/UniBe-swiss-ndvi/GitHub/swiss-ndvi-processing/.venv/lib/python3.12/site-packages/tornado/platform/asyncio.py", line 208, in _handle_events
  File "/home/Shared/UniBe-swiss-ndvi/GitHub/swiss-ndvi-processing/.venv/lib/python3.12/site-packages/tornado/netutil.py", line 273, in accept_handler
  File "/usr/lib/python3.12/socket.py", line 295, in accept
OSError: [Errno 24] Too many open files
Exception in callback BaseAsyncIOLoop._handle_events(7, 1)
handle: <Handle BaseAsyncIOLoop._handle_events(7, 1)>
Traceback (most recent call last):
  File "/usr/lib/python3.12/asyncio/events.py", line 88, in _run
    self._context.run(self._callback, *self._args)
  File "/home/Shared/UniBe-swiss-ndvi/GitHub/swiss-ndvi-processing/.venv/lib/python3.12/site-packages/tornado/platform/asyncio.py", line 208, in _handle_events
  File "/home/Shared/UniBe-swiss-ndvi/GitHub/swiss-ndvi-processing/.venv/lib/python3.12/site-packages/tornado/netutil.py", line 273, in accept_handler
  File "/usr/lib/python3.12/socket.py", line 295, in accept
OSError: [Errno 24] Too many open files
Exception in callback BaseAsyncIOLoop._handle_events(7, 1)
handle: <Handle BaseAsyncIOLoop._handle_events(7, 1)>
Traceback (most recent call last):
  File "/usr/lib/python3.12/asyncio/events.py", line 88, in _run
    self._context.run(self._callback, *self._args)
  File "/home/Shared/UniBe-swiss-ndvi/GitHub/swiss-ndvi-processing/.venv/lib/python3.12/site-packages/tornado/platform/asyncio.py", line 208, in _handle_events
  File "/home/Shared/UniBe-swiss-ndvi/GitHub/swiss-ndvi-processing/.venv/lib/python3.12/site-packages/tornado/netutil.py", line 273, in accept_handler
  File "/usr/lib/python3.12/socket.py", line 295, in accept
OSError: [Errno 24] Too many open files
Exception in callback BaseAsyncIOLoop._handle_events(7, 1)
handle: <Handle BaseAsyncIOLoop._handle_events(7, 1)>
Traceback (most recent call last):
  File "/usr/lib/python3.12/asyncio/events.py", line 88, in _run
    self._context.run(self._callback, *self._args)
  File "/home/Shared/UniBe-swiss-ndvi/GitHub/swiss-ndvi-processing/.venv/lib/python3.12/site-packages/tornado/platform/asyncio.py", line 208, in _handle_events
  File "/home/Shared/UniBe-swiss-ndvi/GitHub/swiss-ndvi-processing/.venv/lib/python3.12/site-packages/tornado/netutil.py", line 273, in accept_handler
  File "/usr/lib/python3.12/socket.py", line 295, in accept
OSError: [Errno 24] Too many open files
Exception in callback BaseAsyncIOLoop._handle_events(7, 1)
handle: <Handle BaseAsyncIOLoop._handle_events(7, 1)>
Traceback (most recent call last):
  File "/usr/lib/python3.12/asyncio/events.py", line 88, in _run
    self._context.run(self._callback, *self._args)
  File "/home/Shared/UniBe-swiss-ndvi/GitHub/swiss-ndvi-processing/.venv/lib/python3.12/site-packages/tornado/platform/asyncio.py", line 208, in _handle_events
  File "/home/Shared/UniBe-swiss-ndvi/GitHub/swiss-ndvi-processing/.venv/lib/python3.12/site-packages/tornado/netutil.py", line 273, in accept_handler
  File "/usr/lib/python3.12/socket.py", line 295, in accept
OSError: [Errno 24] Too many open files
Exception in callback BaseAsyncIOLoop._handle_events(7, 1)
handle: <Handle BaseAsyncIOLoop._handle_events(7, 1)>
Traceback (most recent call last):
  File "/usr/lib/python3.12/asyncio/events.py", line 88, in _run
    self._context.run(self._callback, *self._args)
  File "/home/Shared/UniBe-swiss-ndvi/GitHub/swiss-ndvi-processing/.venv/lib/python3.12/site-packages/tornado/platform/asyncio.py", line 208, in _handle_events
  File "/home/Shared/UniBe-swiss-ndvi/GitHub/swiss-ndvi-processing/.venv/lib/python3.12/site-packages/tornado/netutil.py", line 273, in accept_handler
  File "/usr/lib/python3.12/socket.py", line 295, in accept
OSError: [Errno 24] Too many open files
Exception in callback BaseAsyncIOLoop._handle_events(7, 1)
handle: <Handle BaseAsyncIOLoop._handle_events(7, 1)>
Traceback (most recent call last):
  File "/usr/lib/python3.12/asyncio/events.py", line 88, in _run
    self._context.run(self._callback, *self._args)
  File "/home/Shared/UniBe-swiss-ndvi/GitHub/swiss-ndvi-processing/.venv/lib/python3.12/site-packages/tornado/platform/asyncio.py", line 208, in _handle_events
  File "/home/Shared/UniBe-swiss-ndvi/GitHub/swiss-ndvi-processing/.venv/lib/python3.12/site-packages/tornado/netutil.py", line 273, in accept_handler
  File "/usr/lib/python3.12/socket.py", line 295, in accept
OSError: [Errno 24] Too many open files
Exception in callback BaseAsyncIOLoop._handle_events(7, 1)
handle: <Handle BaseAsyncIOLoop._handle_events(7, 1)>
Traceback (most recent call last):
  File "/usr/lib/python3.12/asyncio/events.py", line 88, in _run
    self._context.run(self._callback, *self._args)
  File "/home/Shared/UniBe-swiss-ndvi/GitHub/swiss-ndvi-processing/.venv/lib/python3.12/site-packages/tornado/platform/asyncio.py", line 208, in _handle_events
  File "/home/Shared/UniBe-swiss-ndvi/GitHub/swiss-ndvi-processing/.venv/lib/python3.12/site-packages/tornado/netutil.py", line 273, in accept_handler
  File "/usr/lib/python3.12/socket.py", line 295, in accept
OSError: [Errno 24] Too many open files
Exception in callback BaseAsyncIOLoop._handle_events(7, 1)
handle: <Handle BaseAsyncIOLoop._handle_events(7, 1)>
Traceback (most recent call last):
  File "/usr/lib/python3.12/asyncio/events.py", line 88, in _run
    self._context.run(self._callback, *self._args)
  File "/home/Shared/UniBe-swiss-ndvi/GitHub/swiss-ndvi-processing/.venv/lib/python3.12/site-packages/tornado/platform/asyncio.py", line 208, in _handle_events
  File "/home/Shared/UniBe-swiss-ndvi/GitHub/swiss-ndvi-processing/.venv/lib/python3.12/site-packages/tornado/netutil.py", line 273, in accept_handler
  File "/usr/lib/python3.12/socket.py", line 295, in accept
OSError: [Errno 24] Too many open files
Exception in callback BaseAsyncIOLoop._handle_events(7, 1)
handle: <Handle BaseAsyncIOLoop._handle_events(7, 1)>
Traceback (most recent call last):
  File "/usr/lib/python3.12/asyncio/events.py", line 88, in _run
    self._context.run(self._callback, *self._args)
  File "/home/Shared/UniBe-swiss-ndvi/GitHub/swiss-ndvi-processing/.venv/lib/python3.12/site-packages/tornado/platform/asyncio.py", line 208, in _handle_events
  File "/home/Shared/UniBe-swiss-ndvi/GitHub/swiss-ndvi-processing/.venv/lib/python3.12/site-packages/tornado/netutil.py", line 273, in accept_handler
  File "/usr/lib/python3.12/socket.py", line 295, in accept
OSError: [Errno 24] Too many open files
Exception in callback BaseAsyncIOLoop._handle_events(7, 1)
handle: <Handle BaseAsyncIOLoop._handle_events(7, 1)>
Traceback (most recent call last):
  File "/usr/lib/python3.12/asyncio/events.py", line 88, in _run
    self._context.run(self._callback, *self._args)
  File "/home/Shared/UniBe-swiss-ndvi/GitHub/swiss-ndvi-processing/.venv/lib/python3.12/site-packages/tornado/platform/asyncio.py", line 208, in _handle_events
  File "/home/Shared/UniBe-swiss-ndvi/GitHub/swiss-ndvi-processing/.venv/lib/python3.12/site-packages/tornado/netutil.py", line 273, in accept_handler
  File "/usr/lib/python3.12/socket.py", line 295, in accept
OSError: [Errno 24] Too many open files
Exception in callback BaseAsyncIOLoop._handle_events(7, 1)
handle: <Handle BaseAsyncIOLoop._handle_events(7, 1)>
Traceback (most recent call last):
  File "/usr/lib/python3.12/asyncio/events.py", line 88, in _run
    self._context.run(self._callback, *self._args)
  File "/home/Shared/UniBe-swiss-ndvi/GitHub/swiss-ndvi-processing/.venv/lib/python3.12/site-packages/tornado/platform/asyncio.py", line 208, in _handle_events
  File "/home/Shared/UniBe-swiss-ndvi/GitHub/swiss-ndvi-processing/.venv/lib/python3.12/site-packages/tornado/netutil.py", line 273, in accept_handler
  File "/usr/lib/python3.12/socket.py", line 295, in accept
OSError: [Errno 24] Too many open files
Exception in callback BaseAsyncIOLoop._handle_events(7, 1)
handle: <Handle BaseAsyncIOLoop._handle_events(7, 1)>
Traceback (most recent call last):
  File "/usr/lib/python3.12/asyncio/events.py", line 88, in _run
    self._context.run(self._callback, *self._args)
  File "/home/Shared/UniBe-swiss-ndvi/GitHub/swiss-ndvi-processing/.venv/lib/python3.12/site-packages/tornado/platform/asyncio.py", line 208, in _handle_events
  File "/home/Shared/UniBe-swiss-ndvi/GitHub/swiss-ndvi-processing/.venv/lib/python3.12/site-packages/tornado/netutil.py", line 273, in accept_handler
  File "/usr/lib/python3.12/socket.py", line 295, in accept
OSError: [Errno 24] Too many open files
Exception in callback BaseAsyncIOLoop._handle_events(7, 1)
handle: <Handle BaseAsyncIOLoop._handle_events(7, 1)>
Traceback (most recent call last):
  File "/usr/lib/python3.12/asyncio/events.py", line 88, in _run
    self._context.run(self._callback, *self._args)
  File "/home/Shared/UniBe-swiss-ndvi/GitHub/swiss-ndvi-processing/.venv/lib/python3.12/site-packages/tornado/platform/asyncio.py", line 208, in _handle_events
  File "/home/Shared/UniBe-swiss-ndvi/GitHub/swiss-ndvi-processing/.venv/lib/python3.12/site-packages/tornado/netutil.py", line 273, in accept_handler
  File "/usr/lib/python3.12/socket.py", line 295, in accept
OSError: [Errno 24] Too many open files
Exception in callback BaseAsyncIOLoop._handle_events(7, 1)
handle: <Handle BaseAsyncIOLoop._handle_events(7, 1)>
Traceback (most recent call last):
  File "/usr/lib/python3.12/asyncio/events.py", line 88, in _run
    self._context.run(self._callback, *self._args)
  File "/home/Shared/UniBe-swiss-ndvi/GitHub/swiss-ndvi-processing/.venv/lib/python3.12/site-packages/tornado/platform/asyncio.py", line 208, in _handle_events
  File "/home/Shared/UniBe-swiss-ndvi/GitHub/swiss-ndvi-processing/.venv/lib/python3.12/site-packages/tornado/netutil.py", line 273, in accept_handler
  File "/usr/lib/python3.12/socket.py", line 295, in accept
OSError: [Errno 24] Too many open files
Exception in callback BaseAsyncIOLoop._handle_events(7, 1)
handle: <Handle BaseAsyncIOLoop._handle_events(7, 1)>
Traceback (most recent call last):
  File "/usr/lib/python3.12/asyncio/events.py", line 88, in _run
    self._context.run(self._callback, *self._args)
  File "/home/Shared/UniBe-swiss-ndvi/GitHub/swiss-ndvi-processing/.venv/lib/python3.12/site-packages/tornado/platform/asyncio.py", line 208, in _handle_events
  File "/home/Shared/UniBe-swiss-ndvi/GitHub/swiss-ndvi-processing/.venv/lib/python3.12/site-packages/tornado/netutil.py", line 273, in accept_handler
  File "/usr/lib/python3.12/socket.py", line 295, in accept
OSError: [Errno 24] Too many open files
Exception in callback BaseAsyncIOLoop._handle_events(7, 1)
handle: <Handle BaseAsyncIOLoop._handle_events(7, 1)>
Traceback (most recent call last):
  File "/usr/lib/python3.12/asyncio/events.py", line 88, in _run
    self._context.run(self._callback, *self._args)
  File "/home/Shared/UniBe-swiss-ndvi/GitHub/swiss-ndvi-processing/.venv/lib/python3.12/site-packages/tornado/platform/asyncio.py", line 208, in _handle_events
  File "/home/Shared/UniBe-swiss-ndvi/GitHub/swiss-ndvi-processing/.venv/lib/python3.12/site-packages/tornado/netutil.py", line 273, in accept_handler
  File "/usr/lib/python3.12/socket.py", line 295, in accept
OSError: [Errno 24] Too many open files
Exception in callback BaseAsyncIOLoop._handle_events(7, 1)
handle: <Handle BaseAsyncIOLoop._handle_events(7, 1)>
Traceback (most recent call last):
  File "/usr/lib/python3.12/asyncio/events.py", line 88, in _run
    self._context.run(self._callback, *self._args)
  File "/home/Shared/UniBe-swiss-ndvi/GitHub/swiss-ndvi-processing/.venv/lib/python3.12/site-packages/tornado/platform/asyncio.py", line 208, in _handle_events
  File "/home/Shared/UniBe-swiss-ndvi/GitHub/swiss-ndvi-processing/.venv/lib/python3.12/site-packages/tornado/netutil.py", line 273, in accept_handler
  File "/usr/lib/python3.12/socket.py", line 295, in accept
OSError: [Errno 24] Too many open files
Exception in callback BaseAsyncIOLoop._handle_events(7, 1)
handle: <Handle BaseAsyncIOLoop._handle_events(7, 1)>
Traceback (most recent call last):
  File "/usr/lib/python3.12/asyncio/events.py", line 88, in _run
    self._context.run(self._callback, *self._args)
  File "/home/Shared/UniBe-swiss-ndvi/GitHub/swiss-ndvi-processing/.venv/lib/python3.12/site-packages/tornado/platform/asyncio.py", line 208, in _handle_events
  File "/home/Shared/UniBe-swiss-ndvi/GitHub/swiss-ndvi-processing/.venv/lib/python3.12/site-packages/tornado/netutil.py", line 273, in accept_handler
  File "/usr/lib/python3.12/socket.py", line 295, in accept
OSError: [Errno 24] Too many open files
Exception in callback BaseAsyncIOLoop._handle_events(7, 1)
handle: <Handle BaseAsyncIOLoop._handle_events(7, 1)>
Traceback (most recent call last):
  File "/usr/lib/python3.12/asyncio/events.py", line 88, in _run
    self._context.run(self._callback, *self._args)
  File "/home/Shared/UniBe-swiss-ndvi/GitHub/swiss-ndvi-processing/.venv/lib/python3.12/site-packages/tornado/platform/asyncio.py", line 208, in _handle_events
  File "/home/Shared/UniBe-swiss-ndvi/GitHub/swiss-ndvi-processing/.venv/lib/python3.12/site-packages/tornado/netutil.py", line 273, in accept_handler
  File "/usr/lib/python3.12/socket.py", line 295, in accept
OSError: [Errno 24] Too many open files
Exception in callback BaseAsyncIOLoop._handle_events(7, 1)
handle: <Handle BaseAsyncIOLoop._handle_events(7, 1)>
Traceback (most recent call last):
  File "/usr/lib/python3.12/asyncio/events.py", line 88, in _run
    self._context.run(self._callback, *self._args)
  File "/home/Shared/UniBe-swiss-ndvi/GitHub/swiss-ndvi-processing/.venv/lib/python3.12/site-packages/tornado/platform/asyncio.py", line 208, in _handle_events
  File "/home/Shared/UniBe-swiss-ndvi/GitHub/swiss-ndvi-processing/.venv/lib/python3.12/site-packages/tornado/netutil.py", line 273, in accept_handler
  File "/usr/lib/python3.12/socket.py", line 295, in accept
OSError: [Errno 24] Too many open files
Exception in callback BaseAsyncIOLoop._handle_events(7, 1)
handle: <Handle BaseAsyncIOLoop._handle_events(7, 1)>
Traceback (most recent call last):
  File "/usr/lib/python3.12/asyncio/events.py", line 88, in _run
    self._context.run(self._callback, *self._args)
  File "/home/Shared/UniBe-swiss-ndvi/GitHub/swiss-ndvi-processing/.venv/lib/python3.12/site-packages/tornado/platform/asyncio.py", line 208, in _handle_events
  File "/home/Shared/UniBe-swiss-ndvi/GitHub/swiss-ndvi-processing/.venv/lib/python3.12/site-packages/tornado/netutil.py", line 273, in accept_handler
  File "/usr/lib/python3.12/socket.py", line 295, in accept
OSError: [Errno 24] Too many open files
Exception in callback BaseAsyncIOLoop._handle_events(7, 1)
handle: <Handle BaseAsyncIOLoop._handle_events(7, 1)>
Traceback (most recent call last):
  File "/usr/lib/python3.12/asyncio/events.py", line 88, in _run
    self._context.run(self._callback, *self._args)
  File "/home/Shared/UniBe-swiss-ndvi/GitHub/swiss-ndvi-processing/.venv/lib/python3.12/site-packages/tornado/platform/asyncio.py", line 208, in _handle_events
  File "/home/Shared/UniBe-swiss-ndvi/GitHub/swiss-ndvi-processing/.venv/lib/python3.12/site-packages/tornado/netutil.py", line 273, in accept_handler
  File "/usr/lib/python3.12/socket.py", line 295, in accept
OSError: [Errno 24] Too many open files
Exception in callback BaseAsyncIOLoop._handle_events(7, 1)
handle: <Handle BaseAsyncIOLoop._handle_events(7, 1)>
Traceback (most recent call last):
  File "/usr/lib/python3.12/asyncio/events.py", line 88, in _run
    self._context.run(self._callback, *self._args)
  File "/home/Shared/UniBe-swiss-ndvi/GitHub/swiss-ndvi-processing/.venv/lib/python3.12/site-packages/tornado/platform/asyncio.py", line 208, in _handle_events
  File "/home/Shared/UniBe-swiss-ndvi/GitHub/swiss-ndvi-processing/.venv/lib/python3.12/site-packages/tornado/netutil.py", line 273, in accept_handler
  File "/usr/lib/python3.12/socket.py", line 295, in accept
OSError: [Errno 24] Too many open files
2026-04-06 21:48:55,138 - distributed.worker - WARNING - Mismatched versions found

+-------------+---------------------------------------------+-----------+----------+
| Package     | Worker-b69062d7-8180-4f6a-94d2-d7cb5638f4af | Scheduler | Workers  |
+-------------+---------------------------------------------+-----------+----------+
| cloudpickle | 3.1.1                                       | None      | 3.1.1    |
| dask        | 2025.9.1                                    | None      | 2025.9.1 |
| distributed | 2025.9.1                                    | None      | 2025.9.1 |
| lz4         | 4.3.2                                       | None      | 4.3.2    |
| msgpack     | 1.1.1                                       | None      | 1.1.1    |
| toolz       | 1.0.0                                       | None      | 1.0.0    |
| tornado     | 6.5.1                                       | None      | 6.5.1    |
+-------------+---------------------------------------------+-----------+----------+
2026-04-06 21:48:55,140 - distributed.worker - WARNING - Mismatched versions found

+-------------+---------------------------------------------+-----------+----------+
| Package     | Worker-4072090c-f213-400b-a568-825c23cb9531 | Scheduler | Workers  |
+-------------+---------------------------------------------+-----------+----------+
| cloudpickle | 3.1.1                                       | None      | 3.1.1    |
| dask        | 2025.9.1                                    | None      | 2025.9.1 |
| distributed | 2025.9.1                                    | None      | 2025.9.1 |
| lz4         | 4.3.2                                       | None      | 4.3.2    |
| msgpack     | 1.1.1                                       | None      | 1.1.1    |
| toolz       | 1.0.0                                       | None      | 1.0.0    |
| tornado     | 6.5.1                                       | None      | 6.5.1    |
+-------------+---------------------------------------------+-----------+----------+
2026-04-06 21:48:55,140 - distributed.worker - WARNING - Mismatched versions found

+-------------+---------------------------------------------+-----------+----------+
| Package     | Worker-9e811427-6732-4f5d-b798-4c8881dfc54e | Scheduler | Workers  |
+-------------+---------------------------------------------+-----------+----------+
| cloudpickle | 3.1.1                                       | None      | 3.1.1    |
| dask        | 2025.9.1                                    | None      | 2025.9.1 |
| distributed | 2025.9.1                                    | None      | 2025.9.1 |
| lz4         | 4.3.2                                       | None      | 4.3.2    |
| msgpack     | 1.1.1                                       | None      | 1.1.1    |
| toolz       | 1.0.0                                       | None      | 1.0.0    |
| tornado     | 6.5.1                                       | None      | 6.5.1    |
+-------------+---------------------------------------------+-----------+----------+
2026-04-06 21:48:55,141 - distributed.worker - WARNING - Mismatched versions found

+-------------+---------------------------------------------+-----------+----------+
| Package     | Worker-3eac5652-94fc-4015-abbf-45c8113c0e4e | Scheduler | Workers  |
+-------------+---------------------------------------------+-----------+----------+
| cloudpickle | 3.1.1                                       | None      | 3.1.1    |
| dask        | 2025.9.1                                    | None      | 2025.9.1 |
| distributed | 2025.9.1                                    | None      | 2025.9.1 |
| lz4         | 4.3.2                                       | None      | 4.3.2    |
| msgpack     | 1.1.1                                       | None      | 1.1.1    |
| toolz       | 1.0.0                                       | None      | 1.0.0    |
| tornado     | 6.5.1                                       | None      | 6.5.1    |
+-------------+---------------------------------------------+-----------+----------+
2026-04-06 21:48:55,139 - tornado.application - ERROR - Exception in callback functools.partial(<bound method NannyMemoryManager.memory_monitor of <distributed.worker_memory.NannyMemoryManager object at 0x74ba38f80170>>, <Nanny: tcp://127.0.0.1:45615, threads: 1>)
Traceback (most recent call last):
  File "/home/Shared/UniBe-swiss-ndvi/GitHub/swiss-ndvi-processing/.venv/lib/python3.12/site-packages/psutil/_common.py", line 441, in wrapper
    ret = self._cache[fun]
          ^^^^^^^^^^^
AttributeError: 'Process' object has no attribute '_cache'

During handling of the above exception, another exception occurred:

Traceback (most recent call last):
  File "/home/Shared/UniBe-swiss-ndvi/GitHub/swiss-ndvi-processing/.venv/lib/python3.12/site-packages/tornado/ioloop.py", line 945, in _run
    val = self.callback()
          ^^^^^^^^^^^^^^^
  File "/home/Shared/UniBe-swiss-ndvi/GitHub/swiss-ndvi-processing/.venv/lib/python3.12/site-packages/distributed/worker_memory.py", line 417, in memory_monitor
  File "/home/Shared/UniBe-swiss-ndvi/GitHub/swiss-ndvi-processing/.venv/lib/python3.12/site-packages/psutil/__init__.py", line 332, in __init__
    self._init(pid)
  File "/home/Shared/UniBe-swiss-ndvi/GitHub/swiss-ndvi-processing/.venv/lib/python3.12/site-packages/psutil/__init__.py", line 361, in _init
    self.create_time()
  File "/home/Shared/UniBe-swiss-ndvi/GitHub/swiss-ndvi-processing/.venv/lib/python3.12/site-packages/psutil/__init__.py", line 717, in create_time
    self._create_time = self._proc.create_time()
                        ^^^^^^^^^^^^^^^^^^^^^^^^
  File "/home/Shared/UniBe-swiss-ndvi/GitHub/swiss-ndvi-processing/.venv/lib/python3.12/site-packages/psutil/_pslinux.py", line 1661, in wrapper
    return fun(self, *args, **kwargs)
           ^^^^^^^^^^^^^^^^^^^^^^^^^^
  File "/home/Shared/UniBe-swiss-ndvi/GitHub/swiss-ndvi-processing/.venv/lib/python3.12/site-packages/psutil/_pslinux.py", line 1873, in create_time
    ctime = float(self._parse_stat_file()['create_time'])
                  ^^^^^^^^^^^^^^^^^^^^^^^
  File "/home/Shared/UniBe-swiss-ndvi/GitHub/swiss-ndvi-processing/.venv/lib/python3.12/site-packages/psutil/_pslinux.py", line 1661, in wrapper
    return fun(self, *args, **kwargs)
           ^^^^^^^^^^^^^^^^^^^^^^^^^^
  File "/home/Shared/UniBe-swiss-ndvi/GitHub/swiss-ndvi-processing/.venv/lib/python3.12/site-packages/psutil/_common.py", line 444, in wrapper
    return fun(self)
           ^^^^^^^^^
  File "/home/Shared/UniBe-swiss-ndvi/GitHub/swiss-ndvi-processing/.venv/lib/python3.12/site-packages/psutil/_pslinux.py", line 1703, in _parse_stat_file
    with open_binary("%s/%s/stat" % (self._procfs_path, self.pid)) as f:
         ^^^^^^^^^^^^^^^^^^^^^^^^^^^^^^^^^^^^^^^^^^^^^^^^^^^^^^^^^
  File "/home/Shared/UniBe-swiss-ndvi/GitHub/swiss-ndvi-processing/.venv/lib/python3.12/site-packages/psutil/_common.py", line 711, in open_binary
    return open(fname, "rb", **kwargs)
           ^^^^^^^^^^^^^^^^^^^^^^^^^^^
OSError: [Errno 24] Too many open files: '/proc/3803279/stat'
Exception in callback BaseAsyncIOLoop._handle_events(7, 1)
handle: <Handle BaseAsyncIOLoop._handle_events(7, 1)>
Traceback (most recent call last):
  File "/usr/lib/python3.12/asyncio/events.py", line 88, in _run
    self._context.run(self._callback, *self._args)
  File "/home/Shared/UniBe-swiss-ndvi/GitHub/swiss-ndvi-processing/.venv/lib/python3.12/site-packages/tornado/platform/asyncio.py", line 208, in _handle_events
  File "/home/Shared/UniBe-swiss-ndvi/GitHub/swiss-ndvi-processing/.venv/lib/python3.12/site-packages/tornado/netutil.py", line 273, in accept_handler
  File "/usr/lib/python3.12/socket.py", line 295, in accept
OSError: [Errno 24] Too many open files
Exception in callback BaseAsyncIOLoop._handle_events(7, 1)
handle: <Handle BaseAsyncIOLoop._handle_events(7, 1)>
Traceback (most recent call last):
  File "/usr/lib/python3.12/asyncio/events.py", line 88, in _run
    self._context.run(self._callback, *self._args)
  File "/home/Shared/UniBe-swiss-ndvi/GitHub/swiss-ndvi-processing/.venv/lib/python3.12/site-packages/tornado/platform/asyncio.py", line 208, in _handle_events
  File "/home/Shared/UniBe-swiss-ndvi/GitHub/swiss-ndvi-processing/.venv/lib/python3.12/site-packages/tornado/netutil.py", line 273, in accept_handler
  File "/usr/lib/python3.12/socket.py", line 295, in accept
OSError: [Errno 24] Too many open files
2026-04-06 21:48:55,146 - distributed.worker - WARNING - Mismatched versions found

+-------------+---------------------------------------------+-----------+----------+
| Package     | Worker-41b743c9-9c62-465d-a1e9-8f8306a8d6e7 | Scheduler | Workers  |
+-------------+---------------------------------------------+-----------+----------+
| cloudpickle | 3.1.1                                       | None      | 3.1.1    |
| dask        | 2025.9.1                                    | None      | 2025.9.1 |
| distributed | 2025.9.1                                    | None      | 2025.9.1 |
| lz4         | 4.3.2                                       | None      | 4.3.2    |
| msgpack     | 1.1.1                                       | None      | 1.1.1    |
| toolz       | 1.0.0                                       | None      | 1.0.0    |
| tornado     | 6.5.1                                       | None      | 6.5.1    |
+-------------+---------------------------------------------+-----------+----------+
Exception in callback BaseAsyncIOLoop._handle_events(7, 1)
handle: <Handle BaseAsyncIOLoop._handle_events(7, 1)>
Traceback (most recent call last):
  File "/usr/lib/python3.12/asyncio/events.py", line 88, in _run
    self._context.run(self._callback, *self._args)
  File "/home/Shared/UniBe-swiss-ndvi/GitHub/swiss-ndvi-processing/.venv/lib/python3.12/site-packages/tornado/platform/asyncio.py", line 208, in _handle_events
  File "/home/Shared/UniBe-swiss-ndvi/GitHub/swiss-ndvi-processing/.venv/lib/python3.12/site-packages/tornado/netutil.py", line 273, in accept_handler
  File "/usr/lib/python3.12/socket.py", line 295, in accept
OSError: [Errno 24] Too many open files
Exception in callback BaseAsyncIOLoop._handle_events(7, 1)
handle: <Handle BaseAsyncIOLoop._handle_events(7, 1)>
Traceback (most recent call last):
  File "/usr/lib/python3.12/asyncio/events.py", line 88, in _run
    self._context.run(self._callback, *self._args)
  File "/home/Shared/UniBe-swiss-ndvi/GitHub/swiss-ndvi-processing/.venv/lib/python3.12/site-packages/tornado/platform/asyncio.py", line 208, in _handle_events
  File "/home/Shared/UniBe-swiss-ndvi/GitHub/swiss-ndvi-processing/.venv/lib/python3.12/site-packages/tornado/netutil.py", line 273, in accept_handler
  File "/usr/lib/python3.12/socket.py", line 295, in accept
OSError: [Errno 24] Too many open files
Exception in callback BaseAsyncIOLoop._handle_events(7, 1)
handle: <Handle BaseAsyncIOLoop._handle_events(7, 1)>
Traceback (most recent call last):
  File "/usr/lib/python3.12/asyncio/events.py", line 88, in _run
    self._context.run(self._callback, *self._args)
  File "/home/Shared/UniBe-swiss-ndvi/GitHub/swiss-ndvi-processing/.venv/lib/python3.12/site-packages/tornado/platform/asyncio.py", line 208, in _handle_events
  File "/home/Shared/UniBe-swiss-ndvi/GitHub/swiss-ndvi-processing/.venv/lib/python3.12/site-packages/tornado/netutil.py", line 273, in accept_handler
  File "/usr/lib/python3.12/socket.py", line 295, in accept
OSError: [Errno 24] Too many open files
Exception in callback BaseAsyncIOLoop._handle_events(7, 1)
handle: <Handle BaseAsyncIOLoop._handle_events(7, 1)>
Traceback (most recent call last):
  File "/usr/lib/python3.12/asyncio/events.py", line 88, in _run
    self._context.run(self._callback, *self._args)
  File "/home/Shared/UniBe-swiss-ndvi/GitHub/swiss-ndvi-processing/.venv/lib/python3.12/site-packages/tornado/platform/asyncio.py", line 208, in _handle_events
  File "/home/Shared/UniBe-swiss-ndvi/GitHub/swiss-ndvi-processing/.venv/lib/python3.12/site-packages/tornado/netutil.py", line 273, in accept_handler
  File "/usr/lib/python3.12/socket.py", line 295, in accept
OSError: [Errno 24] Too many open files
Exception in callback BaseAsyncIOLoop._handle_events(7, 1)
handle: <Handle BaseAsyncIOLoop._handle_events(7, 1)>
Traceback (most recent call last):
  File "/usr/lib/python3.12/asyncio/events.py", line 88, in _run
    self._context.run(self._callback, *self._args)
  File "/home/Shared/UniBe-swiss-ndvi/GitHub/swiss-ndvi-processing/.venv/lib/python3.12/site-packages/tornado/platform/asyncio.py", line 208, in _handle_events
  File "/home/Shared/UniBe-swiss-ndvi/GitHub/swiss-ndvi-processing/.venv/lib/python3.12/site-packages/tornado/netutil.py", line 273, in accept_handler
  File "/usr/lib/python3.12/socket.py", line 295, in accept
OSError: [Errno 24] Too many open files
Exception in callback BaseAsyncIOLoop._handle_events(7, 1)
handle: <Handle BaseAsyncIOLoop._handle_events(7, 1)>
Traceback (most recent call last):
  File "/usr/lib/python3.12/asyncio/events.py", line 88, in _run
    self._context.run(self._callback, *self._args)
  File "/home/Shared/UniBe-swiss-ndvi/GitHub/swiss-ndvi-processing/.venv/lib/python3.12/site-packages/tornado/platform/asyncio.py", line 208, in _handle_events
  File "/home/Shared/UniBe-swiss-ndvi/GitHub/swiss-ndvi-processing/.venv/lib/python3.12/site-packages/tornado/netutil.py", line 273, in accept_handler
  File "/usr/lib/python3.12/socket.py", line 295, in accept
OSError: [Errno 24] Too many open files
Exception in callback BaseAsyncIOLoop._handle_events(7, 1)
handle: <Handle BaseAsyncIOLoop._handle_events(7, 1)>
Traceback (most recent call last):
  File "/usr/lib/python3.12/asyncio/events.py", line 88, in _run
    self._context.run(self._callback, *self._args)
  File "/home/Shared/UniBe-swiss-ndvi/GitHub/swiss-ndvi-processing/.venv/lib/python3.12/site-packages/tornado/platform/asyncio.py", line 208, in _handle_events
  File "/home/Shared/UniBe-swiss-ndvi/GitHub/swiss-ndvi-processing/.venv/lib/python3.12/site-packages/tornado/netutil.py", line 273, in accept_handler
  File "/usr/lib/python3.12/socket.py", line 295, in accept
OSError: [Errno 24] Too many open files
Exception in callback BaseAsyncIOLoop._handle_events(7, 1)
handle: <Handle BaseAsyncIOLoop._handle_events(7, 1)>
Traceback (most recent call last):
  File "/usr/lib/python3.12/asyncio/events.py", line 88, in _run
    self._context.run(self._callback, *self._args)
  File "/home/Shared/UniBe-swiss-ndvi/GitHub/swiss-ndvi-processing/.venv/lib/python3.12/site-packages/tornado/platform/asyncio.py", line 208, in _handle_events
  File "/home/Shared/UniBe-swiss-ndvi/GitHub/swiss-ndvi-processing/.venv/lib/python3.12/site-packages/tornado/netutil.py", line 273, in accept_handler
  File "/usr/lib/python3.12/socket.py", line 295, in accept
OSError: [Errno 24] Too many open files
Exception in callback BaseAsyncIOLoop._handle_events(7, 1)
handle: <Handle BaseAsyncIOLoop._handle_events(7, 1)>
Traceback (most recent call last):
  File "/usr/lib/python3.12/asyncio/events.py", line 88, in _run
    self._context.run(self._callback, *self._args)
  File "/home/Shared/UniBe-swiss-ndvi/GitHub/swiss-ndvi-processing/.venv/lib/python3.12/site-packages/tornado/platform/asyncio.py", line 208, in _handle_events
  File "/home/Shared/UniBe-swiss-ndvi/GitHub/swiss-ndvi-processing/.venv/lib/python3.12/site-packages/tornado/netutil.py", line 273, in accept_handler
  File "/usr/lib/python3.12/socket.py", line 295, in accept
OSError: [Errno 24] Too many open files
Exception in callback BaseAsyncIOLoop._handle_events(7, 1)
handle: <Handle BaseAsyncIOLoop._handle_events(7, 1)>
Traceback (most recent call last):
  File "/usr/lib/python3.12/asyncio/events.py", line 88, in _run
    self._context.run(self._callback, *self._args)
  File "/home/Shared/UniBe-swiss-ndvi/GitHub/swiss-ndvi-processing/.venv/lib/python3.12/site-packages/tornado/platform/asyncio.py", line 208, in _handle_events
  File "/home/Shared/UniBe-swiss-ndvi/GitHub/swiss-ndvi-processing/.venv/lib/python3.12/site-packages/tornado/netutil.py", line 273, in accept_handler
  File "/usr/lib/python3.12/socket.py", line 295, in accept
OSError: [Errno 24] Too many open files
Exception in callback BaseAsyncIOLoop._handle_events(7, 1)
handle: <Handle BaseAsyncIOLoop._handle_events(7, 1)>
Traceback (most recent call last):
  File "/usr/lib/python3.12/asyncio/events.py", line 88, in _run
    self._context.run(self._callback, *self._args)
  File "/home/Shared/UniBe-swiss-ndvi/GitHub/swiss-ndvi-processing/.venv/lib/python3.12/site-packages/tornado/platform/asyncio.py", line 208, in _handle_events
  File "/home/Shared/UniBe-swiss-ndvi/GitHub/swiss-ndvi-processing/.venv/lib/python3.12/site-packages/tornado/netutil.py", line 273, in accept_handler
  File "/usr/lib/python3.12/socket.py", line 295, in accept
OSError: [Errno 24] Too many open files
Exception in callback BaseAsyncIOLoop._handle_events(7, 1)
handle: <Handle BaseAsyncIOLoop._handle_events(7, 1)>
Traceback (most recent call last):
  File "/usr/lib/python3.12/asyncio/events.py", line 88, in _run
    self._context.run(self._callback, *self._args)
  File "/home/Shared/UniBe-swiss-ndvi/GitHub/swiss-ndvi-processing/.venv/lib/python3.12/site-packages/tornado/platform/asyncio.py", line 208, in _handle_events
  File "/home/Shared/UniBe-swiss-ndvi/GitHub/swiss-ndvi-processing/.venv/lib/python3.12/site-packages/tornado/netutil.py", line 273, in accept_handler
  File "/usr/lib/python3.12/socket.py", line 295, in accept
OSError: [Errno 24] Too many open files
Exception in callback BaseAsyncIOLoop._handle_events(7, 1)
handle: <Handle BaseAsyncIOLoop._handle_events(7, 1)>
Traceback (most recent call last):
  File "/usr/lib/python3.12/asyncio/events.py", line 88, in _run
    self._context.run(self._callback, *self._args)
  File "/home/Shared/UniBe-swiss-ndvi/GitHub/swiss-ndvi-processing/.venv/lib/python3.12/site-packages/tornado/platform/asyncio.py", line 208, in _handle_events
  File "/home/Shared/UniBe-swiss-ndvi/GitHub/swiss-ndvi-processing/.venv/lib/python3.12/site-packages/tornado/netutil.py", line 273, in accept_handler
  File "/usr/lib/python3.12/socket.py", line 295, in accept
OSError: [Errno 24] Too many open files
Exception in callback BaseAsyncIOLoop._handle_events(7, 1)
handle: <Handle BaseAsyncIOLoop._handle_events(7, 1)>
Traceback (most recent call last):
  File "/usr/lib/python3.12/asyncio/events.py", line 88, in _run
    self._context.run(self._callback, *self._args)
  File "/home/Shared/UniBe-swiss-ndvi/GitHub/swiss-ndvi-processing/.venv/lib/python3.12/site-packages/tornado/platform/asyncio.py", line 208, in _handle_events
  File "/home/Shared/UniBe-swiss-ndvi/GitHub/swiss-ndvi-processing/.venv/lib/python3.12/site-packages/tornado/netutil.py", line 273, in accept_handler
  File "/usr/lib/python3.12/socket.py", line 295, in accept
OSError: [Errno 24] Too many open files
Exception in callback BaseAsyncIOLoop._handle_events(7, 1)
handle: <Handle BaseAsyncIOLoop._handle_events(7, 1)>
Traceback (most recent call last):
  File "/usr/lib/python3.12/asyncio/events.py", line 88, in _run
    self._context.run(self._callback, *self._args)
  File "/home/Shared/UniBe-swiss-ndvi/GitHub/swiss-ndvi-processing/.venv/lib/python3.12/site-packages/tornado/platform/asyncio.py", line 208, in _handle_events
  File "/home/Shared/UniBe-swiss-ndvi/GitHub/swiss-ndvi-processing/.venv/lib/python3.12/site-packages/tornado/netutil.py", line 273, in accept_handler
  File "/usr/lib/python3.12/socket.py", line 295, in accept
OSError: [Errno 24] Too many open files
Exception in callback BaseAsyncIOLoop._handle_events(7, 1)
handle: <Handle BaseAsyncIOLoop._handle_events(7, 1)>
Traceback (most recent call last):
  File "/usr/lib/python3.12/asyncio/events.py", line 88, in _run
    self._context.run(self._callback, *self._args)
  File "/home/Shared/UniBe-swiss-ndvi/GitHub/swiss-ndvi-processing/.venv/lib/python3.12/site-packages/tornado/platform/asyncio.py", line 208, in _handle_events
  File "/home/Shared/UniBe-swiss-ndvi/GitHub/swiss-ndvi-processing/.venv/lib/python3.12/site-packages/tornado/netutil.py", line 273, in accept_handler
  File "/usr/lib/python3.12/socket.py", line 295, in accept
OSError: [Errno 24] Too many open files
Exception in callback BaseAsyncIOLoop._handle_events(7, 1)
handle: <Handle BaseAsyncIOLoop._handle_events(7, 1)>
Traceback (most recent call last):
  File "/usr/lib/python3.12/asyncio/events.py", line 88, in _run
    self._context.run(self._callback, *self._args)
  File "/home/Shared/UniBe-swiss-ndvi/GitHub/swiss-ndvi-processing/.venv/lib/python3.12/site-packages/tornado/platform/asyncio.py", line 208, in _handle_events
  File "/home/Shared/UniBe-swiss-ndvi/GitHub/swiss-ndvi-processing/.venv/lib/python3.12/site-packages/tornado/netutil.py", line 273, in accept_handler
  File "/usr/lib/python3.12/socket.py", line 295, in accept
OSError: [Errno 24] Too many open files
Exception in callback BaseAsyncIOLoop._handle_events(7, 1)
handle: <Handle BaseAsyncIOLoop._handle_events(7, 1)>
Traceback (most recent call last):
  File "/usr/lib/python3.12/asyncio/events.py", line 88, in _run
    self._context.run(self._callback, *self._args)
  File "/home/Shared/UniBe-swiss-ndvi/GitHub/swiss-ndvi-processing/.venv/lib/python3.12/site-packages/tornado/platform/asyncio.py", line 208, in _handle_events
  File "/home/Shared/UniBe-swiss-ndvi/GitHub/swiss-ndvi-processing/.venv/lib/python3.12/site-packages/tornado/netutil.py", line 273, in accept_handler
  File "/usr/lib/python3.12/socket.py", line 295, in accept
OSError: [Errno 24] Too many open files
Exception in callback BaseAsyncIOLoop._handle_events(7, 1)
handle: <Handle BaseAsyncIOLoop._handle_events(7, 1)>
Traceback (most recent call last):
  File "/usr/lib/python3.12/asyncio/events.py", line 88, in _run
    self._context.run(self._callback, *self._args)
  File "/home/Shared/UniBe-swiss-ndvi/GitHub/swiss-ndvi-processing/.venv/lib/python3.12/site-packages/tornado/platform/asyncio.py", line 208, in _handle_events
  File "/home/Shared/UniBe-swiss-ndvi/GitHub/swiss-ndvi-processing/.venv/lib/python3.12/site-packages/tornado/netutil.py", line 273, in accept_handler
  File "/usr/lib/python3.12/socket.py", line 295, in accept
OSError: [Errno 24] Too many open files
Exception in callback BaseAsyncIOLoop._handle_events(7, 1)
handle: <Handle BaseAsyncIOLoop._handle_events(7, 1)>
Traceback (most recent call last):
  File "/usr/lib/python3.12/asyncio/events.py", line 88, in _run
    self._context.run(self._callback, *self._args)
  File "/home/Shared/UniBe-swiss-ndvi/GitHub/swiss-ndvi-processing/.venv/lib/python3.12/site-packages/tornado/platform/asyncio.py", line 208, in _handle_events
  File "/home/Shared/UniBe-swiss-ndvi/GitHub/swiss-ndvi-processing/.venv/lib/python3.12/site-packages/tornado/netutil.py", line 273, in accept_handler
  File "/usr/lib/python3.12/socket.py", line 295, in accept
OSError: [Errno 24] Too many open files
Exception in callback BaseAsyncIOLoop._handle_events(7, 1)
handle: <Handle BaseAsyncIOLoop._handle_events(7, 1)>
Traceback (most recent call last):
  File "/usr/lib/python3.12/asyncio/events.py", line 88, in _run
    self._context.run(self._callback, *self._args)
  File "/home/Shared/UniBe-swiss-ndvi/GitHub/swiss-ndvi-processing/.venv/lib/python3.12/site-packages/tornado/platform/asyncio.py", line 208, in _handle_events
  File "/home/Shared/UniBe-swiss-ndvi/GitHub/swiss-ndvi-processing/.venv/lib/python3.12/site-packages/tornado/netutil.py", line 273, in accept_handler
  File "/usr/lib/python3.12/socket.py", line 295, in accept
OSError: [Errno 24] Too many open files
Exception in callback BaseAsyncIOLoop._handle_events(7, 1)
handle: <Handle BaseAsyncIOLoop._handle_events(7, 1)>
Traceback (most recent call last):
  File "/usr/lib/python3.12/asyncio/events.py", line 88, in _run
    self._context.run(self._callback, *self._args)
  File "/home/Shared/UniBe-swiss-ndvi/GitHub/swiss-ndvi-processing/.venv/lib/python3.12/site-packages/tornado/platform/asyncio.py", line 208, in _handle_events
  File "/home/Shared/UniBe-swiss-ndvi/GitHub/swiss-ndvi-processing/.venv/lib/python3.12/site-packages/tornado/netutil.py", line 273, in accept_handler
  File "/usr/lib/python3.12/socket.py", line 295, in accept
OSError: [Errno 24] Too many open files
Exception in callback BaseAsyncIOLoop._handle_events(7, 1)
handle: <Handle BaseAsyncIOLoop._handle_events(7, 1)>
Traceback (most recent call last):
  File "/usr/lib/python3.12/asyncio/events.py", line 88, in _run
    self._context.run(self._callback, *self._args)
  File "/home/Shared/UniBe-swiss-ndvi/GitHub/swiss-ndvi-processing/.venv/lib/python3.12/site-packages/tornado/platform/asyncio.py", line 208, in _handle_events
  File "/home/Shared/UniBe-swiss-ndvi/GitHub/swiss-ndvi-processing/.venv/lib/python3.12/site-packages/tornado/netutil.py", line 273, in accept_handler
  File "/usr/lib/python3.12/socket.py", line 295, in accept
OSError: [Errno 24] Too many open files
Exception in callback BaseAsyncIOLoop._handle_events(7, 1)
handle: <Handle BaseAsyncIOLoop._handle_events(7, 1)>
Traceback (most recent call last):
  File "/usr/lib/python3.12/asyncio/events.py", line 88, in _run
    self._context.run(self._callback, *self._args)
  File "/home/Shared/UniBe-swiss-ndvi/GitHub/swiss-ndvi-processing/.venv/lib/python3.12/site-packages/tornado/platform/asyncio.py", line 208, in _handle_events
  File "/home/Shared/UniBe-swiss-ndvi/GitHub/swiss-ndvi-processing/.venv/lib/python3.12/site-packages/tornado/netutil.py", line 273, in accept_handler
  File "/usr/lib/python3.12/socket.py", line 295, in accept
OSError: [Errno 24] Too many open files
Exception in callback BaseAsyncIOLoop._handle_events(7, 1)
handle: <Handle BaseAsyncIOLoop._handle_events(7, 1)>
Traceback (most recent call last):
  File "/usr/lib/python3.12/asyncio/events.py", line 88, in _run
    self._context.run(self._callback, *self._args)
  File "/home/Shared/UniBe-swiss-ndvi/GitHub/swiss-ndvi-processing/.venv/lib/python3.12/site-packages/tornado/platform/asyncio.py", line 208, in _handle_events
  File "/home/Shared/UniBe-swiss-ndvi/GitHub/swiss-ndvi-processing/.venv/lib/python3.12/site-packages/tornado/netutil.py", line 273, in accept_handler
  File "/usr/lib/python3.12/socket.py", line 295, in accept
OSError: [Errno 24] Too many open files
Exception in callback BaseAsyncIOLoop._handle_events(7, 1)
handle: <Handle BaseAsyncIOLoop._handle_events(7, 1)>
Traceback (most recent call last):
  File "/usr/lib/python3.12/asyncio/events.py", line 88, in _run
    self._context.run(self._callback, *self._args)
  File "/home/Shared/UniBe-swiss-ndvi/GitHub/swiss-ndvi-processing/.venv/lib/python3.12/site-packages/tornado/platform/asyncio.py", line 208, in _handle_events
  File "/home/Shared/UniBe-swiss-ndvi/GitHub/swiss-ndvi-processing/.venv/lib/python3.12/site-packages/tornado/netutil.py", line 273, in accept_handler
  File "/usr/lib/python3.12/socket.py", line 295, in accept
OSError: [Errno 24] Too many open files
Exception in callback BaseAsyncIOLoop._handle_events(7, 1)
handle: <Handle BaseAsyncIOLoop._handle_events(7, 1)>
Traceback (most recent call last):
  File "/usr/lib/python3.12/asyncio/events.py", line 88, in _run
    self._context.run(self._callback, *self._args)
  File "/home/Shared/UniBe-swiss-ndvi/GitHub/swiss-ndvi-processing/.venv/lib/python3.12/site-packages/tornado/platform/asyncio.py", line 208, in _handle_events
  File "/home/Shared/UniBe-swiss-ndvi/GitHub/swiss-ndvi-processing/.venv/lib/python3.12/site-packages/tornado/netutil.py", line 273, in accept_handler
  File "/usr/lib/python3.12/socket.py", line 295, in accept
OSError: [Errno 24] Too many open files
Exception in callback BaseAsyncIOLoop._handle_events(7, 1)
handle: <Handle BaseAsyncIOLoop._handle_events(7, 1)>
Traceback (most recent call last):
  File "/usr/lib/python3.12/asyncio/events.py", line 88, in _run
    self._context.run(self._callback, *self._args)
  File "/home/Shared/UniBe-swiss-ndvi/GitHub/swiss-ndvi-processing/.venv/lib/python3.12/site-packages/tornado/platform/asyncio.py", line 208, in _handle_events
  File "/home/Shared/UniBe-swiss-ndvi/GitHub/swiss-ndvi-processing/.venv/lib/python3.12/site-packages/tornado/netutil.py", line 273, in accept_handler
  File "/usr/lib/python3.12/socket.py", line 295, in accept
OSError: [Errno 24] Too many open files
Exception in callback BaseAsyncIOLoop._handle_events(7, 1)
handle: <Handle BaseAsyncIOLoop._handle_events(7, 1)>
Traceback (most recent call last):
  File "/usr/lib/python3.12/asyncio/events.py", line 88, in _run
    self._context.run(self._callback, *self._args)
  File "/home/Shared/UniBe-swiss-ndvi/GitHub/swiss-ndvi-processing/.venv/lib/python3.12/site-packages/tornado/platform/asyncio.py", line 208, in _handle_events
  File "/home/Shared/UniBe-swiss-ndvi/GitHub/swiss-ndvi-processing/.venv/lib/python3.12/site-packages/tornado/netutil.py", line 273, in accept_handler
  File "/usr/lib/python3.12/socket.py", line 295, in accept
OSError: [Errno 24] Too many open files
Exception in callback BaseAsyncIOLoop._handle_events(7, 1)
handle: <Handle BaseAsyncIOLoop._handle_events(7, 1)>
Traceback (most recent call last):
  File "/usr/lib/python3.12/asyncio/events.py", line 88, in _run
    self._context.run(self._callback, *self._args)
  File "/home/Shared/UniBe-swiss-ndvi/GitHub/swiss-ndvi-processing/.venv/lib/python3.12/site-packages/tornado/platform/asyncio.py", line 208, in _handle_events
  File "/home/Shared/UniBe-swiss-ndvi/GitHub/swiss-ndvi-processing/.venv/lib/python3.12/site-packages/tornado/netutil.py", line 273, in accept_handler
  File "/usr/lib/python3.12/socket.py", line 295, in accept
OSError: [Errno 24] Too many open files
Exception in callback BaseAsyncIOLoop._handle_events(7, 1)
handle: <Handle BaseAsyncIOLoop._handle_events(7, 1)>
Traceback (most recent call last):
  File "/usr/lib/python3.12/asyncio/events.py", line 88, in _run
    self._context.run(self._callback, *self._args)
  File "/home/Shared/UniBe-swiss-ndvi/GitHub/swiss-ndvi-processing/.venv/lib/python3.12/site-packages/tornado/platform/asyncio.py", line 208, in _handle_events
  File "/home/Shared/UniBe-swiss-ndvi/GitHub/swiss-ndvi-processing/.venv/lib/python3.12/site-packages/tornado/netutil.py", line 273, in accept_handler
  File "/usr/lib/python3.12/socket.py", line 295, in accept
OSError: [Errno 24] Too many open files
Exception in callback BaseAsyncIOLoop._handle_events(7, 1)
handle: <Handle BaseAsyncIOLoop._handle_events(7, 1)>
Traceback (most recent call last):
  File "/usr/lib/python3.12/asyncio/events.py", line 88, in _run
    self._context.run(self._callback, *self._args)
  File "/home/Shared/UniBe-swiss-ndvi/GitHub/swiss-ndvi-processing/.venv/lib/python3.12/site-packages/tornado/platform/asyncio.py", line 208, in _handle_events
  File "/home/Shared/UniBe-swiss-ndvi/GitHub/swiss-ndvi-processing/.venv/lib/python3.12/site-packages/tornado/netutil.py", line 273, in accept_handler
  File "/usr/lib/python3.12/socket.py", line 295, in accept
OSError: [Errno 24] Too many open files
Exception in callback BaseAsyncIOLoop._handle_events(7, 1)
handle: <Handle BaseAsyncIOLoop._handle_events(7, 1)>
Traceback (most recent call last):
  File "/usr/lib/python3.12/asyncio/events.py", line 88, in _run
    self._context.run(self._callback, *self._args)
  File "/home/Shared/UniBe-swiss-ndvi/GitHub/swiss-ndvi-processing/.venv/lib/python3.12/site-packages/tornado/platform/asyncio.py", line 208, in _handle_events
  File "/home/Shared/UniBe-swiss-ndvi/GitHub/swiss-ndvi-processing/.venv/lib/python3.12/site-packages/tornado/netutil.py", line 273, in accept_handler
  File "/usr/lib/python3.12/socket.py", line 295, in accept
OSError: [Errno 24] Too many open files
Exception in callback BaseAsyncIOLoop._handle_events(7, 1)
handle: <Handle BaseAsyncIOLoop._handle_events(7, 1)>
Traceback (most recent call last):
  File "/usr/lib/python3.12/asyncio/events.py", line 88, in _run
    self._context.run(self._callback, *self._args)
  File "/home/Shared/UniBe-swiss-ndvi/GitHub/swiss-ndvi-processing/.venv/lib/python3.12/site-packages/tornado/platform/asyncio.py", line 208, in _handle_events
  File "/home/Shared/UniBe-swiss-ndvi/GitHub/swiss-ndvi-processing/.venv/lib/python3.12/site-packages/tornado/netutil.py", line 273, in accept_handler
  File "/usr/lib/python3.12/socket.py", line 295, in accept
OSError: [Errno 24] Too many open files
Exception in callback BaseAsyncIOLoop._handle_events(7, 1)
handle: <Handle BaseAsyncIOLoop._handle_events(7, 1)>
Traceback (most recent call last):
  File "/usr/lib/python3.12/asyncio/events.py", line 88, in _run
    self._context.run(self._callback, *self._args)
  File "/home/Shared/UniBe-swiss-ndvi/GitHub/swiss-ndvi-processing/.venv/lib/python3.12/site-packages/tornado/platform/asyncio.py", line 208, in _handle_events
  File "/home/Shared/UniBe-swiss-ndvi/GitHub/swiss-ndvi-processing/.venv/lib/python3.12/site-packages/tornado/netutil.py", line 273, in accept_handler
  File "/usr/lib/python3.12/socket.py", line 295, in accept
OSError: [Errno 24] Too many open files
Exception in callback BaseAsyncIOLoop._handle_events(7, 1)
handle: <Handle BaseAsyncIOLoop._handle_events(7, 1)>
Traceback (most recent call last):
  File "/usr/lib/python3.12/asyncio/events.py", line 88, in _run
    self._context.run(self._callback, *self._args)
  File "/home/Shared/UniBe-swiss-ndvi/GitHub/swiss-ndvi-processing/.venv/lib/python3.12/site-packages/tornado/platform/asyncio.py", line 208, in _handle_events
  File "/home/Shared/UniBe-swiss-ndvi/GitHub/swiss-ndvi-processing/.venv/lib/python3.12/site-packages/tornado/netutil.py", line 273, in accept_handler
  File "/usr/lib/python3.12/socket.py", line 295, in accept
OSError: [Errno 24] Too many open files
Exception in callback BaseAsyncIOLoop._handle_events(7, 1)
handle: <Handle BaseAsyncIOLoop._handle_events(7, 1)>
Traceback (most recent call last):
  File "/usr/lib/python3.12/asyncio/events.py", line 88, in _run
    self._context.run(self._callback, *self._args)
  File "/home/Shared/UniBe-swiss-ndvi/GitHub/swiss-ndvi-processing/.venv/lib/python3.12/site-packages/tornado/platform/asyncio.py", line 208, in _handle_events
  File "/home/Shared/UniBe-swiss-ndvi/GitHub/swiss-ndvi-processing/.venv/lib/python3.12/site-packages/tornado/netutil.py", line 273, in accept_handler
  File "/usr/lib/python3.12/socket.py", line 295, in accept
OSError: [Errno 24] Too many open files
Exception in callback BaseAsyncIOLoop._handle_events(7, 1)
handle: <Handle BaseAsyncIOLoop._handle_events(7, 1)>
Traceback (most recent call last):
  File "/usr/lib/python3.12/asyncio/events.py", line 88, in _run
    self._context.run(self._callback, *self._args)
  File "/home/Shared/UniBe-swiss-ndvi/GitHub/swiss-ndvi-processing/.venv/lib/python3.12/site-packages/tornado/platform/asyncio.py", line 208, in _handle_events
  File "/home/Shared/UniBe-swiss-ndvi/GitHub/swiss-ndvi-processing/.venv/lib/python3.12/site-packages/tornado/netutil.py", line 273, in accept_handler
  File "/usr/lib/python3.12/socket.py", line 295, in accept
OSError: [Errno 24] Too many open files
Exception in callback BaseAsyncIOLoop._handle_events(7, 1)
handle: <Handle BaseAsyncIOLoop._handle_events(7, 1)>
Traceback (most recent call last):
  File "/usr/lib/python3.12/asyncio/events.py", line 88, in _run
    self._context.run(self._callback, *self._args)
  File "/home/Shared/UniBe-swiss-ndvi/GitHub/swiss-ndvi-processing/.venv/lib/python3.12/site-packages/tornado/platform/asyncio.py", line 208, in _handle_events
  File "/home/Shared/UniBe-swiss-ndvi/GitHub/swiss-ndvi-processing/.venv/lib/python3.12/site-packages/tornado/netutil.py", line 273, in accept_handler
  File "/usr/lib/python3.12/socket.py", line 295, in accept
OSError: [Errno 24] Too many open files
Exception in callback BaseAsyncIOLoop._handle_events(7, 1)
handle: <Handle BaseAsyncIOLoop._handle_events(7, 1)>
Traceback (most recent call last):
  File "/usr/lib/python3.12/asyncio/events.py", line 88, in _run
    self._context.run(self._callback, *self._args)
  File "/home/Shared/UniBe-swiss-ndvi/GitHub/swiss-ndvi-processing/.venv/lib/python3.12/site-packages/tornado/platform/asyncio.py", line 208, in _handle_events
  File "/home/Shared/UniBe-swiss-ndvi/GitHub/swiss-ndvi-processing/.venv/lib/python3.12/site-packages/tornado/netutil.py", line 273, in accept_handler
  File "/usr/lib/python3.12/socket.py", line 295, in accept
OSError: [Errno 24] Too many open files
Exception in callback BaseAsyncIOLoop._handle_events(7, 1)
handle: <Handle BaseAsyncIOLoop._handle_events(7, 1)>
Traceback (most recent call last):
  File "/usr/lib/python3.12/asyncio/events.py", line 88, in _run
    self._context.run(self._callback, *self._args)
  File "/home/Shared/UniBe-swiss-ndvi/GitHub/swiss-ndvi-processing/.venv/lib/python3.12/site-packages/tornado/platform/asyncio.py", line 208, in _handle_events
  File "/home/Shared/UniBe-swiss-ndvi/GitHub/swiss-ndvi-processing/.venv/lib/python3.12/site-packages/tornado/netutil.py", line 273, in accept_handler
  File "/usr/lib/python3.12/socket.py", line 295, in accept
OSError: [Errno 24] Too many open files
Exception in callback BaseAsyncIOLoop._handle_events(7, 1)
handle: <Handle BaseAsyncIOLoop._handle_events(7, 1)>
Traceback (most recent call last):
  File "/usr/lib/python3.12/asyncio/events.py", line 88, in _run
    self._context.run(self._callback, *self._args)
  File "/home/Shared/UniBe-swiss-ndvi/GitHub/swiss-ndvi-processing/.venv/lib/python3.12/site-packages/tornado/platform/asyncio.py", line 208, in _handle_events
  File "/home/Shared/UniBe-swiss-ndvi/GitHub/swiss-ndvi-processing/.venv/lib/python3.12/site-packages/tornado/netutil.py", line 273, in accept_handler
  File "/usr/lib/python3.12/socket.py", line 295, in accept
OSError: [Errno 24] Too many open files
Exception in callback BaseAsyncIOLoop._handle_events(7, 1)
handle: <Handle BaseAsyncIOLoop._handle_events(7, 1)>
Traceback (most recent call last):
  File "/usr/lib/python3.12/asyncio/events.py", line 88, in _run
    self._context.run(self._callback, *self._args)
  File "/home/Shared/UniBe-swiss-ndvi/GitHub/swiss-ndvi-processing/.venv/lib/python3.12/site-packages/tornado/platform/asyncio.py", line 208, in _handle_events
  File "/home/Shared/UniBe-swiss-ndvi/GitHub/swiss-ndvi-processing/.venv/lib/python3.12/site-packages/tornado/netutil.py", line 273, in accept_handler
  File "/usr/lib/python3.12/socket.py", line 295, in accept
OSError: [Errno 24] Too many open files
Exception in callback BaseAsyncIOLoop._handle_events(7, 1)
handle: <Handle BaseAsyncIOLoop._handle_events(7, 1)>
Traceback (most recent call last):
  File "/usr/lib/python3.12/asyncio/events.py", line 88, in _run
    self._context.run(self._callback, *self._args)
  File "/home/Shared/UniBe-swiss-ndvi/GitHub/swiss-ndvi-processing/.venv/lib/python3.12/site-packages/tornado/platform/asyncio.py", line 208, in _handle_events
  File "/home/Shared/UniBe-swiss-ndvi/GitHub/swiss-ndvi-processing/.venv/lib/python3.12/site-packages/tornado/netutil.py", line 273, in accept_handler
  File "/usr/lib/python3.12/socket.py", line 295, in accept
OSError: [Errno 24] Too many open files
Exception in callback BaseAsyncIOLoop._handle_events(7, 1)
handle: <Handle BaseAsyncIOLoop._handle_events(7, 1)>
Traceback (most recent call last):
  File "/usr/lib/python3.12/asyncio/events.py", line 88, in _run
    self._context.run(self._callback, *self._args)
  File "/home/Shared/UniBe-swiss-ndvi/GitHub/swiss-ndvi-processing/.venv/lib/python3.12/site-packages/tornado/platform/asyncio.py", line 208, in _handle_events
  File "/home/Shared/UniBe-swiss-ndvi/GitHub/swiss-ndvi-processing/.venv/lib/python3.12/site-packages/tornado/netutil.py", line 273, in accept_handler
  File "/usr/lib/python3.12/socket.py", line 295, in accept
OSError: [Errno 24] Too many open files
Exception in callback BaseAsyncIOLoop._handle_events(7, 1)
handle: <Handle BaseAsyncIOLoop._handle_events(7, 1)>
Traceback (most recent call last):
  File "/usr/lib/python3.12/asyncio/events.py", line 88, in _run
    self._context.run(self._callback, *self._args)
  File "/home/Shared/UniBe-swiss-ndvi/GitHub/swiss-ndvi-processing/.venv/lib/python3.12/site-packages/tornado/platform/asyncio.py", line 208, in _handle_events
  File "/home/Shared/UniBe-swiss-ndvi/GitHub/swiss-ndvi-processing/.venv/lib/python3.12/site-packages/tornado/netutil.py", line 273, in accept_handler
  File "/usr/lib/python3.12/socket.py", line 295, in accept
OSError: [Errno 24] Too many open files
Exception in callback BaseAsyncIOLoop._handle_events(7, 1)
handle: <Handle BaseAsyncIOLoop._handle_events(7, 1)>
Traceback (most recent call last):
  File "/usr/lib/python3.12/asyncio/events.py", line 88, in _run
    self._context.run(self._callback, *self._args)
  File "/home/Shared/UniBe-swiss-ndvi/GitHub/swiss-ndvi-processing/.venv/lib/python3.12/site-packages/tornado/platform/asyncio.py", line 208, in _handle_events
  File "/home/Shared/UniBe-swiss-ndvi/GitHub/swiss-ndvi-processing/.venv/lib/python3.12/site-packages/tornado/netutil.py", line 273, in accept_handler
  File "/usr/lib/python3.12/socket.py", line 295, in accept
OSError: [Errno 24] Too many open files
Exception in callback BaseAsyncIOLoop._handle_events(7, 1)
handle: <Handle BaseAsyncIOLoop._handle_events(7, 1)>
Traceback (most recent call last):
  File "/usr/lib/python3.12/asyncio/events.py", line 88, in _run
    self._context.run(self._callback, *self._args)
  File "/home/Shared/UniBe-swiss-ndvi/GitHub/swiss-ndvi-processing/.venv/lib/python3.12/site-packages/tornado/platform/asyncio.py", line 208, in _handle_events
  File "/home/Shared/UniBe-swiss-ndvi/GitHub/swiss-ndvi-processing/.venv/lib/python3.12/site-packages/tornado/netutil.py", line 273, in accept_handler
  File "/usr/lib/python3.12/socket.py", line 295, in accept
OSError: [Errno 24] Too many open files
Exception in callback BaseAsyncIOLoop._handle_events(7, 1)
handle: <Handle BaseAsyncIOLoop._handle_events(7, 1)>
Traceback (most recent call last):
  File "/usr/lib/python3.12/asyncio/events.py", line 88, in _run
    self._context.run(self._callback, *self._args)
  File "/home/Shared/UniBe-swiss-ndvi/GitHub/swiss-ndvi-processing/.venv/lib/python3.12/site-packages/tornado/platform/asyncio.py", line 208, in _handle_events
  File "/home/Shared/UniBe-swiss-ndvi/GitHub/swiss-ndvi-processing/.venv/lib/python3.12/site-packages/tornado/netutil.py", line 273, in accept_handler
  File "/usr/lib/python3.12/socket.py", line 295, in accept
OSError: [Errno 24] Too many open files
Exception in callback BaseAsyncIOLoop._handle_events(7, 1)
handle: <Handle BaseAsyncIOLoop._handle_events(7, 1)>
Traceback (most recent call last):
  File "/usr/lib/python3.12/asyncio/events.py", line 88, in _run
    self._context.run(self._callback, *self._args)
  File "/home/Shared/UniBe-swiss-ndvi/GitHub/swiss-ndvi-processing/.venv/lib/python3.12/site-packages/tornado/platform/asyncio.py", line 208, in _handle_events
  File "/home/Shared/UniBe-swiss-ndvi/GitHub/swiss-ndvi-processing/.venv/lib/python3.12/site-packages/tornado/netutil.py", line 273, in accept_handler
  File "/usr/lib/python3.12/socket.py", line 295, in accept
OSError: [Errno 24] Too many open files
Exception in callback BaseAsyncIOLoop._handle_events(7, 1)
handle: <Handle BaseAsyncIOLoop._handle_events(7, 1)>
Traceback (most recent call last):
  File "/usr/lib/python3.12/asyncio/events.py", line 88, in _run
    self._context.run(self._callback, *self._args)
  File "/home/Shared/UniBe-swiss-ndvi/GitHub/swiss-ndvi-processing/.venv/lib/python3.12/site-packages/tornado/platform/asyncio.py", line 208, in _handle_events
  File "/home/Shared/UniBe-swiss-ndvi/GitHub/swiss-ndvi-processing/.venv/lib/python3.12/site-packages/tornado/netutil.py", line 273, in accept_handler
  File "/usr/lib/python3.12/socket.py", line 295, in accept
OSError: [Errno 24] Too many open files
Exception in callback BaseAsyncIOLoop._handle_events(7, 1)
handle: <Handle BaseAsyncIOLoop._handle_events(7, 1)>
Traceback (most recent call last):
  File "/usr/lib/python3.12/asyncio/events.py", line 88, in _run
    self._context.run(self._callback, *self._args)
  File "/home/Shared/UniBe-swiss-ndvi/GitHub/swiss-ndvi-processing/.venv/lib/python3.12/site-packages/tornado/platform/asyncio.py", line 208, in _handle_events
  File "/home/Shared/UniBe-swiss-ndvi/GitHub/swiss-ndvi-processing/.venv/lib/python3.12/site-packages/tornado/netutil.py", line 273, in accept_handler
  File "/usr/lib/python3.12/socket.py", line 295, in accept
OSError: [Errno 24] Too many open files
Exception in callback BaseAsyncIOLoop._handle_events(7, 1)
handle: <Handle BaseAsyncIOLoop._handle_events(7, 1)>
Traceback (most recent call last):
  File "/usr/lib/python3.12/asyncio/events.py", line 88, in _run
    self._context.run(self._callback, *self._args)
  File "/home/Shared/UniBe-swiss-ndvi/GitHub/swiss-ndvi-processing/.venv/lib/python3.12/site-packages/tornado/platform/asyncio.py", line 208, in _handle_events
  File "/home/Shared/UniBe-swiss-ndvi/GitHub/swiss-ndvi-processing/.venv/lib/python3.12/site-packages/tornado/netutil.py", line 273, in accept_handler
  File "/usr/lib/python3.12/socket.py", line 295, in accept
OSError: [Errno 24] Too many open files
Exception in callback BaseAsyncIOLoop._handle_events(7, 1)
handle: <Handle BaseAsyncIOLoop._handle_events(7, 1)>
Traceback (most recent call last):
  File "/usr/lib/python3.12/asyncio/events.py", line 88, in _run
    self._context.run(self._callback, *self._args)
  File "/home/Shared/UniBe-swiss-ndvi/GitHub/swiss-ndvi-processing/.venv/lib/python3.12/site-packages/tornado/platform/asyncio.py", line 208, in _handle_events
  File "/home/Shared/UniBe-swiss-ndvi/GitHub/swiss-ndvi-processing/.venv/lib/python3.12/site-packages/tornado/netutil.py", line 273, in accept_handler
  File "/usr/lib/python3.12/socket.py", line 295, in accept
OSError: [Errno 24] Too many open files
Exception in callback BaseAsyncIOLoop._handle_events(7, 1)
handle: <Handle BaseAsyncIOLoop._handle_events(7, 1)>
Traceback (most recent call last):
  File "/usr/lib/python3.12/asyncio/events.py", line 88, in _run
    self._context.run(self._callback, *self._args)
  File "/home/Shared/UniBe-swiss-ndvi/GitHub/swiss-ndvi-processing/.venv/lib/python3.12/site-packages/tornado/platform/asyncio.py", line 208, in _handle_events
  File "/home/Shared/UniBe-swiss-ndvi/GitHub/swiss-ndvi-processing/.venv/lib/python3.12/site-packages/tornado/netutil.py", line 273, in accept_handler
  File "/usr/lib/python3.12/socket.py", line 295, in accept
OSError: [Errno 24] Too many open files
Exception in callback BaseAsyncIOLoop._handle_events(7, 1)
handle: <Handle BaseAsyncIOLoop._handle_events(7, 1)>
Traceback (most recent call last):
  File "/usr/lib/python3.12/asyncio/events.py", line 88, in _run
    self._context.run(self._callback, *self._args)
  File "/home/Shared/UniBe-swiss-ndvi/GitHub/swiss-ndvi-processing/.venv/lib/python3.12/site-packages/tornado/platform/asyncio.py", line 208, in _handle_events
  File "/home/Shared/UniBe-swiss-ndvi/GitHub/swiss-ndvi-processing/.venv/lib/python3.12/site-packages/tornado/netutil.py", line 273, in accept_handler
  File "/usr/lib/python3.12/socket.py", line 295, in accept
OSError: [Errno 24] Too many open files
Exception in callback BaseAsyncIOLoop._handle_events(7, 1)
handle: <Handle BaseAsyncIOLoop._handle_events(7, 1)>
Traceback (most recent call last):
  File "/usr/lib/python3.12/asyncio/events.py", line 88, in _run
    self._context.run(self._callback, *self._args)
  File "/home/Shared/UniBe-swiss-ndvi/GitHub/swiss-ndvi-processing/.venv/lib/python3.12/site-packages/tornado/platform/asyncio.py", line 208, in _handle_events
  File "/home/Shared/UniBe-swiss-ndvi/GitHub/swiss-ndvi-processing/.venv/lib/python3.12/site-packages/tornado/netutil.py", line 273, in accept_handler
  File "/usr/lib/python3.12/socket.py", line 295, in accept
OSError: [Errno 24] Too many open files
Exception in callback BaseAsyncIOLoop._handle_events(7, 1)
handle: <Handle BaseAsyncIOLoop._handle_events(7, 1)>
Traceback (most recent call last):
  File "/usr/lib/python3.12/asyncio/events.py", line 88, in _run
    self._context.run(self._callback, *self._args)
  File "/home/Shared/UniBe-swiss-ndvi/GitHub/swiss-ndvi-processing/.venv/lib/python3.12/site-packages/tornado/platform/asyncio.py", line 208, in _handle_events
  File "/home/Shared/UniBe-swiss-ndvi/GitHub/swiss-ndvi-processing/.venv/lib/python3.12/site-packages/tornado/netutil.py", line 273, in accept_handler
  File "/usr/lib/python3.12/socket.py", line 295, in accept
OSError: [Errno 24] Too many open files
Exception in callback BaseAsyncIOLoop._handle_events(7, 1)
handle: <Handle BaseAsyncIOLoop._handle_events(7, 1)>
Traceback (most recent call last):
  File "/usr/lib/python3.12/asyncio/events.py", line 88, in _run
    self._context.run(self._callback, *self._args)
  File "/home/Shared/UniBe-swiss-ndvi/GitHub/swiss-ndvi-processing/.venv/lib/python3.12/site-packages/tornado/platform/asyncio.py", line 208, in _handle_events
  File "/home/Shared/UniBe-swiss-ndvi/GitHub/swiss-ndvi-processing/.venv/lib/python3.12/site-packages/tornado/netutil.py", line 273, in accept_handler
  File "/usr/lib/python3.12/socket.py", line 295, in accept
OSError: [Errno 24] Too many open files
Exception in callback BaseAsyncIOLoop._handle_events(7, 1)
handle: <Handle BaseAsyncIOLoop._handle_events(7, 1)>
Traceback (most recent call last):
  File "/usr/lib/python3.12/asyncio/events.py", line 88, in _run
    self._context.run(self._callback, *self._args)
  File "/home/Shared/UniBe-swiss-ndvi/GitHub/swiss-ndvi-processing/.venv/lib/python3.12/site-packages/tornado/platform/asyncio.py", line 208, in _handle_events
  File "/home/Shared/UniBe-swiss-ndvi/GitHub/swiss-ndvi-processing/.venv/lib/python3.12/site-packages/tornado/netutil.py", line 273, in accept_handler
  File "/usr/lib/python3.12/socket.py", line 295, in accept
OSError: [Errno 24] Too many open files
Exception in callback BaseAsyncIOLoop._handle_events(7, 1)
handle: <Handle BaseAsyncIOLoop._handle_events(7, 1)>
Traceback (most recent call last):
  File "/usr/lib/python3.12/asyncio/events.py", line 88, in _run
    self._context.run(self._callback, *self._args)
  File "/home/Shared/UniBe-swiss-ndvi/GitHub/swiss-ndvi-processing/.venv/lib/python3.12/site-packages/tornado/platform/asyncio.py", line 208, in _handle_events
  File "/home/Shared/UniBe-swiss-ndvi/GitHub/swiss-ndvi-processing/.venv/lib/python3.12/site-packages/tornado/netutil.py", line 273, in accept_handler
  File "/usr/lib/python3.12/socket.py", line 295, in accept
OSError: [Errno 24] Too many open files
Exception in callback BaseAsyncIOLoop._handle_events(7, 1)
handle: <Handle BaseAsyncIOLoop._handle_events(7, 1)>
Traceback (most recent call last):
  File "/usr/lib/python3.12/asyncio/events.py", line 88, in _run
    self._context.run(self._callback, *self._args)
  File "/home/Shared/UniBe-swiss-ndvi/GitHub/swiss-ndvi-processing/.venv/lib/python3.12/site-packages/tornado/platform/asyncio.py", line 208, in _handle_events
  File "/home/Shared/UniBe-swiss-ndvi/GitHub/swiss-ndvi-processing/.venv/lib/python3.12/site-packages/tornado/netutil.py", line 273, in accept_handler
  File "/usr/lib/python3.12/socket.py", line 295, in accept
OSError: [Errno 24] Too many open files
Exception in callback BaseAsyncIOLoop._handle_events(7, 1)
handle: <Handle BaseAsyncIOLoop._handle_events(7, 1)>
Traceback (most recent call last):
  File "/usr/lib/python3.12/asyncio/events.py", line 88, in _run
    self._context.run(self._callback, *self._args)
  File "/home/Shared/UniBe-swiss-ndvi/GitHub/swiss-ndvi-processing/.venv/lib/python3.12/site-packages/tornado/platform/asyncio.py", line 208, in _handle_events
  File "/home/Shared/UniBe-swiss-ndvi/GitHub/swiss-ndvi-processing/.venv/lib/python3.12/site-packages/tornado/netutil.py", line 273, in accept_handler
  File "/usr/lib/python3.12/socket.py", line 295, in accept
OSError: [Errno 24] Too many open files
Exception in callback BaseAsyncIOLoop._handle_events(7, 1)
handle: <Handle BaseAsyncIOLoop._handle_events(7, 1)>
Traceback (most recent call last):
  File "/usr/lib/python3.12/asyncio/events.py", line 88, in _run
    self._context.run(self._callback, *self._args)
  File "/home/Shared/UniBe-swiss-ndvi/GitHub/swiss-ndvi-processing/.venv/lib/python3.12/site-packages/tornado/platform/asyncio.py", line 208, in _handle_events
  File "/home/Shared/UniBe-swiss-ndvi/GitHub/swiss-ndvi-processing/.venv/lib/python3.12/site-packages/tornado/netutil.py", line 273, in accept_handler
  File "/usr/lib/python3.12/socket.py", line 295, in accept
OSError: [Errno 24] Too many open files
Exception in callback BaseAsyncIOLoop._handle_events(7, 1)
handle: <Handle BaseAsyncIOLoop._handle_events(7, 1)>
Traceback (most recent call last):
  File "/usr/lib/python3.12/asyncio/events.py", line 88, in _run
    self._context.run(self._callback, *self._args)
  File "/home/Shared/UniBe-swiss-ndvi/GitHub/swiss-ndvi-processing/.venv/lib/python3.12/site-packages/tornado/platform/asyncio.py", line 208, in _handle_events
  File "/home/Shared/UniBe-swiss-ndvi/GitHub/swiss-ndvi-processing/.venv/lib/python3.12/site-packages/tornado/netutil.py", line 273, in accept_handler
  File "/usr/lib/python3.12/socket.py", line 295, in accept
OSError: [Errno 24] Too many open files
Exception in callback BaseAsyncIOLoop._handle_events(7, 1)
handle: <Handle BaseAsyncIOLoop._handle_events(7, 1)>
Traceback (most recent call last):
  File "/usr/lib/python3.12/asyncio/events.py", line 88, in _run
    self._context.run(self._callback, *self._args)
  File "/home/Shared/UniBe-swiss-ndvi/GitHub/swiss-ndvi-processing/.venv/lib/python3.12/site-packages/tornado/platform/asyncio.py", line 208, in _handle_events
  File "/home/Shared/UniBe-swiss-ndvi/GitHub/swiss-ndvi-processing/.venv/lib/python3.12/site-packages/tornado/netutil.py", line 273, in accept_handler
  File "/usr/lib/python3.12/socket.py", line 295, in accept
OSError: [Errno 24] Too many open files
Exception in callback BaseAsyncIOLoop._handle_events(7, 1)
handle: <Handle BaseAsyncIOLoop._handle_events(7, 1)>
Traceback (most recent call last):
  File "/usr/lib/python3.12/asyncio/events.py", line 88, in _run
    self._context.run(self._callback, *self._args)
  File "/home/Shared/UniBe-swiss-ndvi/GitHub/swiss-ndvi-processing/.venv/lib/python3.12/site-packages/tornado/platform/asyncio.py", line 208, in _handle_events
  File "/home/Shared/UniBe-swiss-ndvi/GitHub/swiss-ndvi-processing/.venv/lib/python3.12/site-packages/tornado/netutil.py", line 273, in accept_handler
  File "/usr/lib/python3.12/socket.py", line 295, in accept
OSError: [Errno 24] Too many open files
Exception in callback BaseAsyncIOLoop._handle_events(7, 1)
handle: <Handle BaseAsyncIOLoop._handle_events(7, 1)>
Traceback (most recent call last):
  File "/usr/lib/python3.12/asyncio/events.py", line 88, in _run
    self._context.run(self._callback, *self._args)
  File "/home/Shared/UniBe-swiss-ndvi/GitHub/swiss-ndvi-processing/.venv/lib/python3.12/site-packages/tornado/platform/asyncio.py", line 208, in _handle_events
  File "/home/Shared/UniBe-swiss-ndvi/GitHub/swiss-ndvi-processing/.venv/lib/python3.12/site-packages/tornado/netutil.py", line 273, in accept_handler
  File "/usr/lib/python3.12/socket.py", line 295, in accept
OSError: [Errno 24] Too many open files
Exception in callback BaseAsyncIOLoop._handle_events(7, 1)
handle: <Handle BaseAsyncIOLoop._handle_events(7, 1)>
Traceback (most recent call last):
  File "/usr/lib/python3.12/asyncio/events.py", line 88, in _run
    self._context.run(self._callback, *self._args)
  File "/home/Shared/UniBe-swiss-ndvi/GitHub/swiss-ndvi-processing/.venv/lib/python3.12/site-packages/tornado/platform/asyncio.py", line 208, in _handle_events
  File "/home/Shared/UniBe-swiss-ndvi/GitHub/swiss-ndvi-processing/.venv/lib/python3.12/site-packages/tornado/netutil.py", line 273, in accept_handler
  File "/usr/lib/python3.12/socket.py", line 295, in accept
OSError: [Errno 24] Too many open files
Exception in callback BaseAsyncIOLoop._handle_events(7, 1)
handle: <Handle BaseAsyncIOLoop._handle_events(7, 1)>
Traceback (most recent call last):
  File "/usr/lib/python3.12/asyncio/events.py", line 88, in _run
    self._context.run(self._callback, *self._args)
  File "/home/Shared/UniBe-swiss-ndvi/GitHub/swiss-ndvi-processing/.venv/lib/python3.12/site-packages/tornado/platform/asyncio.py", line 208, in _handle_events
  File "/home/Shared/UniBe-swiss-ndvi/GitHub/swiss-ndvi-processing/.venv/lib/python3.12/site-packages/tornado/netutil.py", line 273, in accept_handler
  File "/usr/lib/python3.12/socket.py", line 295, in accept
OSError: [Errno 24] Too many open files
Exception in callback BaseAsyncIOLoop._handle_events(7, 1)
handle: <Handle BaseAsyncIOLoop._handle_events(7, 1)>
Traceback (most recent call last):
  File "/usr/lib/python3.12/asyncio/events.py", line 88, in _run
    self._context.run(self._callback, *self._args)
  File "/home/Shared/UniBe-swiss-ndvi/GitHub/swiss-ndvi-processing/.venv/lib/python3.12/site-packages/tornado/platform/asyncio.py", line 208, in _handle_events
  File "/home/Shared/UniBe-swiss-ndvi/GitHub/swiss-ndvi-processing/.venv/lib/python3.12/site-packages/tornado/netutil.py", line 273, in accept_handler
  File "/usr/lib/python3.12/socket.py", line 295, in accept
OSError: [Errno 24] Too many open files
Exception in callback BaseAsyncIOLoop._handle_events(7, 1)
handle: <Handle BaseAsyncIOLoop._handle_events(7, 1)>
Traceback (most recent call last):
  File "/usr/lib/python3.12/asyncio/events.py", line 88, in _run
    self._context.run(self._callback, *self._args)
  File "/home/Shared/UniBe-swiss-ndvi/GitHub/swiss-ndvi-processing/.venv/lib/python3.12/site-packages/tornado/platform/asyncio.py", line 208, in _handle_events
  File "/home/Shared/UniBe-swiss-ndvi/GitHub/swiss-ndvi-processing/.venv/lib/python3.12/site-packages/tornado/netutil.py", line 273, in accept_handler
  File "/usr/lib/python3.12/socket.py", line 295, in accept
OSError: [Errno 24] Too many open files
Exception in callback BaseAsyncIOLoop._handle_events(7, 1)
handle: <Handle BaseAsyncIOLoop._handle_events(7, 1)>
Traceback (most recent call last):
  File "/usr/lib/python3.12/asyncio/events.py", line 88, in _run
    self._context.run(self._callback, *self._args)
  File "/home/Shared/UniBe-swiss-ndvi/GitHub/swiss-ndvi-processing/.venv/lib/python3.12/site-packages/tornado/platform/asyncio.py", line 208, in _handle_events
  File "/home/Shared/UniBe-swiss-ndvi/GitHub/swiss-ndvi-processing/.venv/lib/python3.12/site-packages/tornado/netutil.py", line 273, in accept_handler
  File "/usr/lib/python3.12/socket.py", line 295, in accept
OSError: [Errno 24] Too many open files
Exception in callback BaseAsyncIOLoop._handle_events(7, 1)
handle: <Handle BaseAsyncIOLoop._handle_events(7, 1)>
Traceback (most recent call last):
  File "/usr/lib/python3.12/asyncio/events.py", line 88, in _run
    self._context.run(self._callback, *self._args)
  File "/home/Shared/UniBe-swiss-ndvi/GitHub/swiss-ndvi-processing/.venv/lib/python3.12/site-packages/tornado/platform/asyncio.py", line 208, in _handle_events
  File "/home/Shared/UniBe-swiss-ndvi/GitHub/swiss-ndvi-processing/.venv/lib/python3.12/site-packages/tornado/netutil.py", line 273, in accept_handler
  File "/usr/lib/python3.12/socket.py", line 295, in accept
OSError: [Errno 24] Too many open files
Exception in callback BaseAsyncIOLoop._handle_events(7, 1)
handle: <Handle BaseAsyncIOLoop._handle_events(7, 1)>
Traceback (most recent call last):
  File "/usr/lib/python3.12/asyncio/events.py", line 88, in _run
    self._context.run(self._callback, *self._args)
  File "/home/Shared/UniBe-swiss-ndvi/GitHub/swiss-ndvi-processing/.venv/lib/python3.12/site-packages/tornado/platform/asyncio.py", line 208, in _handle_events
  File "/home/Shared/UniBe-swiss-ndvi/GitHub/swiss-ndvi-processing/.venv/lib/python3.12/site-packages/tornado/netutil.py", line 273, in accept_handler
  File "/usr/lib/python3.12/socket.py", line 295, in accept
OSError: [Errno 24] Too many open files
Exception in callback BaseAsyncIOLoop._handle_events(7, 1)
handle: <Handle BaseAsyncIOLoop._handle_events(7, 1)>
Traceback (most recent call last):
  File "/usr/lib/python3.12/asyncio/events.py", line 88, in _run
    self._context.run(self._callback, *self._args)
  File "/home/Shared/UniBe-swiss-ndvi/GitHub/swiss-ndvi-processing/.venv/lib/python3.12/site-packages/tornado/platform/asyncio.py", line 208, in _handle_events
  File "/home/Shared/UniBe-swiss-ndvi/GitHub/swiss-ndvi-processing/.venv/lib/python3.12/site-packages/tornado/netutil.py", line 273, in accept_handler
  File "/usr/lib/python3.12/socket.py", line 295, in accept
OSError: [Errno 24] Too many open files
Exception in callback BaseAsyncIOLoop._handle_events(7, 1)
handle: <Handle BaseAsyncIOLoop._handle_events(7, 1)>
Traceback (most recent call last):
  File "/usr/lib/python3.12/asyncio/events.py", line 88, in _run
    self._context.run(self._callback, *self._args)
  File "/home/Shared/UniBe-swiss-ndvi/GitHub/swiss-ndvi-processing/.venv/lib/python3.12/site-packages/tornado/platform/asyncio.py", line 208, in _handle_events
  File "/home/Shared/UniBe-swiss-ndvi/GitHub/swiss-ndvi-processing/.venv/lib/python3.12/site-packages/tornado/netutil.py", line 273, in accept_handler
  File "/usr/lib/python3.12/socket.py", line 295, in accept
OSError: [Errno 24] Too many open files
Exception in callback BaseAsyncIOLoop._handle_events(7, 1)
handle: <Handle BaseAsyncIOLoop._handle_events(7, 1)>
Traceback (most recent call last):
  File "/usr/lib/python3.12/asyncio/events.py", line 88, in _run
    self._context.run(self._callback, *self._args)
  File "/home/Shared/UniBe-swiss-ndvi/GitHub/swiss-ndvi-processing/.venv/lib/python3.12/site-packages/tornado/platform/asyncio.py", line 208, in _handle_events
  File "/home/Shared/UniBe-swiss-ndvi/GitHub/swiss-ndvi-processing/.venv/lib/python3.12/site-packages/tornado/netutil.py", line 273, in accept_handler
  File "/usr/lib/python3.12/socket.py", line 295, in accept
OSError: [Errno 24] Too many open files
Exception in callback BaseAsyncIOLoop._handle_events(7, 1)
handle: <Handle BaseAsyncIOLoop._handle_events(7, 1)>
Traceback (most recent call last):
  File "/usr/lib/python3.12/asyncio/events.py", line 88, in _run
    self._context.run(self._callback, *self._args)
  File "/home/Shared/UniBe-swiss-ndvi/GitHub/swiss-ndvi-processing/.venv/lib/python3.12/site-packages/tornado/platform/asyncio.py", line 208, in _handle_events
  File "/home/Shared/UniBe-swiss-ndvi/GitHub/swiss-ndvi-processing/.venv/lib/python3.12/site-packages/tornado/netutil.py", line 273, in accept_handler
  File "/usr/lib/python3.12/socket.py", line 295, in accept
OSError: [Errno 24] Too many open files
Exception in callback BaseAsyncIOLoop._handle_events(7, 1)
handle: <Handle BaseAsyncIOLoop._handle_events(7, 1)>
Traceback (most recent call last):
  File "/usr/lib/python3.12/asyncio/events.py", line 88, in _run
    self._context.run(self._callback, *self._args)
  File "/home/Shared/UniBe-swiss-ndvi/GitHub/swiss-ndvi-processing/.venv/lib/python3.12/site-packages/tornado/platform/asyncio.py", line 208, in _handle_events
  File "/home/Shared/UniBe-swiss-ndvi/GitHub/swiss-ndvi-processing/.venv/lib/python3.12/site-packages/tornado/netutil.py", line 273, in accept_handler
  File "/usr/lib/python3.12/socket.py", line 295, in accept
OSError: [Errno 24] Too many open files
Exception in callback BaseAsyncIOLoop._handle_events(7, 1)
handle: <Handle BaseAsyncIOLoop._handle_events(7, 1)>
Traceback (most recent call last):
  File "/usr/lib/python3.12/asyncio/events.py", line 88, in _run
    self._context.run(self._callback, *self._args)
  File "/home/Shared/UniBe-swiss-ndvi/GitHub/swiss-ndvi-processing/.venv/lib/python3.12/site-packages/tornado/platform/asyncio.py", line 208, in _handle_events
  File "/home/Shared/UniBe-swiss-ndvi/GitHub/swiss-ndvi-processing/.venv/lib/python3.12/site-packages/tornado/netutil.py", line 273, in accept_handler
  File "/usr/lib/python3.12/socket.py", line 295, in accept
OSError: [Errno 24] Too many open files
Exception in callback BaseAsyncIOLoop._handle_events(7, 1)
handle: <Handle BaseAsyncIOLoop._handle_events(7, 1)>
Traceback (most recent call last):
  File "/usr/lib/python3.12/asyncio/events.py", line 88, in _run
    self._context.run(self._callback, *self._args)
  File "/home/Shared/UniBe-swiss-ndvi/GitHub/swiss-ndvi-processing/.venv/lib/python3.12/site-packages/tornado/platform/asyncio.py", line 208, in _handle_events
  File "/home/Shared/UniBe-swiss-ndvi/GitHub/swiss-ndvi-processing/.venv/lib/python3.12/site-packages/tornado/netutil.py", line 273, in accept_handler
  File "/usr/lib/python3.12/socket.py", line 295, in accept
OSError: [Errno 24] Too many open files
Exception in callback BaseAsyncIOLoop._handle_events(7, 1)
handle: <Handle BaseAsyncIOLoop._handle_events(7, 1)>
Traceback (most recent call last):
  File "/usr/lib/python3.12/asyncio/events.py", line 88, in _run
    self._context.run(self._callback, *self._args)
  File "/home/Shared/UniBe-swiss-ndvi/GitHub/swiss-ndvi-processing/.venv/lib/python3.12/site-packages/tornado/platform/asyncio.py", line 208, in _handle_events
  File "/home/Shared/UniBe-swiss-ndvi/GitHub/swiss-ndvi-processing/.venv/lib/python3.12/site-packages/tornado/netutil.py", line 273, in accept_handler
  File "/usr/lib/python3.12/socket.py", line 295, in accept
OSError: [Errno 24] Too many open files
Exception in callback BaseAsyncIOLoop._handle_events(7, 1)
handle: <Handle BaseAsyncIOLoop._handle_events(7, 1)>
Traceback (most recent call last):
  File "/usr/lib/python3.12/asyncio/events.py", line 88, in _run
    self._context.run(self._callback, *self._args)
  File "/home/Shared/UniBe-swiss-ndvi/GitHub/swiss-ndvi-processing/.venv/lib/python3.12/site-packages/tornado/platform/asyncio.py", line 208, in _handle_events
  File "/home/Shared/UniBe-swiss-ndvi/GitHub/swiss-ndvi-processing/.venv/lib/python3.12/site-packages/tornado/netutil.py", line 273, in accept_handler
  File "/usr/lib/python3.12/socket.py", line 295, in accept
OSError: [Errno 24] Too many open files
Exception in callback BaseAsyncIOLoop._handle_events(7, 1)
handle: <Handle BaseAsyncIOLoop._handle_events(7, 1)>
Traceback (most recent call last):
  File "/usr/lib/python3.12/asyncio/events.py", line 88, in _run
    self._context.run(self._callback, *self._args)
  File "/home/Shared/UniBe-swiss-ndvi/GitHub/swiss-ndvi-processing/.venv/lib/python3.12/site-packages/tornado/platform/asyncio.py", line 208, in _handle_events
  File "/home/Shared/UniBe-swiss-ndvi/GitHub/swiss-ndvi-processing/.venv/lib/python3.12/site-packages/tornado/netutil.py", line 273, in accept_handler
  File "/usr/lib/python3.12/socket.py", line 295, in accept
OSError: [Errno 24] Too many open files
Exception in callback BaseAsyncIOLoop._handle_events(7, 1)
handle: <Handle BaseAsyncIOLoop._handle_events(7, 1)>
Traceback (most recent call last):
  File "/usr/lib/python3.12/asyncio/events.py", line 88, in _run
    self._context.run(self._callback, *self._args)
  File "/home/Shared/UniBe-swiss-ndvi/GitHub/swiss-ndvi-processing/.venv/lib/python3.12/site-packages/tornado/platform/asyncio.py", line 208, in _handle_events
  File "/home/Shared/UniBe-swiss-ndvi/GitHub/swiss-ndvi-processing/.venv/lib/python3.12/site-packages/tornado/netutil.py", line 273, in accept_handler
  File "/usr/lib/python3.12/socket.py", line 295, in accept
OSError: [Errno 24] Too many open files
Exception in callback BaseAsyncIOLoop._handle_events(7, 1)
handle: <Handle BaseAsyncIOLoop._handle_events(7, 1)>
Traceback (most recent call last):
  File "/usr/lib/python3.12/asyncio/events.py", line 88, in _run
    self._context.run(self._callback, *self._args)
  File "/home/Shared/UniBe-swiss-ndvi/GitHub/swiss-ndvi-processing/.venv/lib/python3.12/site-packages/tornado/platform/asyncio.py", line 208, in _handle_events
  File "/home/Shared/UniBe-swiss-ndvi/GitHub/swiss-ndvi-processing/.venv/lib/python3.12/site-packages/tornado/netutil.py", line 273, in accept_handler
  File "/usr/lib/python3.12/socket.py", line 295, in accept
OSError: [Errno 24] Too many open files
Exception in callback BaseAsyncIOLoop._handle_events(7, 1)
handle: <Handle BaseAsyncIOLoop._handle_events(7, 1)>
Traceback (most recent call last):
  File "/usr/lib/python3.12/asyncio/events.py", line 88, in _run
    self._context.run(self._callback, *self._args)
  File "/home/Shared/UniBe-swiss-ndvi/GitHub/swiss-ndvi-processing/.venv/lib/python3.12/site-packages/tornado/platform/asyncio.py", line 208, in _handle_events
  File "/home/Shared/UniBe-swiss-ndvi/GitHub/swiss-ndvi-processing/.venv/lib/python3.12/site-packages/tornado/netutil.py", line 273, in accept_handler
  File "/usr/lib/python3.12/socket.py", line 295, in accept
OSError: [Errno 24] Too many open files
Exception in callback BaseAsyncIOLoop._handle_events(7, 1)
handle: <Handle BaseAsyncIOLoop._handle_events(7, 1)>
Traceback (most recent call last):
  File "/usr/lib/python3.12/asyncio/events.py", line 88, in _run
    self._context.run(self._callback, *self._args)
  File "/home/Shared/UniBe-swiss-ndvi/GitHub/swiss-ndvi-processing/.venv/lib/python3.12/site-packages/tornado/platform/asyncio.py", line 208, in _handle_events
  File "/home/Shared/UniBe-swiss-ndvi/GitHub/swiss-ndvi-processing/.venv/lib/python3.12/site-packages/tornado/netutil.py", line 273, in accept_handler
  File "/usr/lib/python3.12/socket.py", line 295, in accept
OSError: [Errno 24] Too many open files
Exception in callback BaseAsyncIOLoop._handle_events(7, 1)
handle: <Handle BaseAsyncIOLoop._handle_events(7, 1)>
Traceback (most recent call last):
  File "/usr/lib/python3.12/asyncio/events.py", line 88, in _run
    self._context.run(self._callback, *self._args)
  File "/home/Shared/UniBe-swiss-ndvi/GitHub/swiss-ndvi-processing/.venv/lib/python3.12/site-packages/tornado/platform/asyncio.py", line 208, in _handle_events
  File "/home/Shared/UniBe-swiss-ndvi/GitHub/swiss-ndvi-processing/.venv/lib/python3.12/site-packages/tornado/netutil.py", line 273, in accept_handler
  File "/usr/lib/python3.12/socket.py", line 295, in accept
OSError: [Errno 24] Too many open files
Exception in callback BaseAsyncIOLoop._handle_events(7, 1)
handle: <Handle BaseAsyncIOLoop._handle_events(7, 1)>
Traceback (most recent call last):
  File "/usr/lib/python3.12/asyncio/events.py", line 88, in _run
    self._context.run(self._callback, *self._args)
  File "/home/Shared/UniBe-swiss-ndvi/GitHub/swiss-ndvi-processing/.venv/lib/python3.12/site-packages/tornado/platform/asyncio.py", line 208, in _handle_events
  File "/home/Shared/UniBe-swiss-ndvi/GitHub/swiss-ndvi-processing/.venv/lib/python3.12/site-packages/tornado/netutil.py", line 273, in accept_handler
  File "/usr/lib/python3.12/socket.py", line 295, in accept
OSError: [Errno 24] Too many open files
Exception in callback BaseAsyncIOLoop._handle_events(7, 1)
handle: <Handle BaseAsyncIOLoop._handle_events(7, 1)>
Traceback (most recent call last):
  File "/usr/lib/python3.12/asyncio/events.py", line 88, in _run
    self._context.run(self._callback, *self._args)
  File "/home/Shared/UniBe-swiss-ndvi/GitHub/swiss-ndvi-processing/.venv/lib/python3.12/site-packages/tornado/platform/asyncio.py", line 208, in _handle_events
  File "/home/Shared/UniBe-swiss-ndvi/GitHub/swiss-ndvi-processing/.venv/lib/python3.12/site-packages/tornado/netutil.py", line 273, in accept_handler
  File "/usr/lib/python3.12/socket.py", line 295, in accept
OSError: [Errno 24] Too many open files
Exception in callback BaseAsyncIOLoop._handle_events(7, 1)
handle: <Handle BaseAsyncIOLoop._handle_events(7, 1)>
Traceback (most recent call last):
  File "/usr/lib/python3.12/asyncio/events.py", line 88, in _run
    self._context.run(self._callback, *self._args)
  File "/home/Shared/UniBe-swiss-ndvi/GitHub/swiss-ndvi-processing/.venv/lib/python3.12/site-packages/tornado/platform/asyncio.py", line 208, in _handle_events
  File "/home/Shared/UniBe-swiss-ndvi/GitHub/swiss-ndvi-processing/.venv/lib/python3.12/site-packages/tornado/netutil.py", line 273, in accept_handler
  File "/usr/lib/python3.12/socket.py", line 295, in accept
OSError: [Errno 24] Too many open files
Exception in callback BaseAsyncIOLoop._handle_events(7, 1)
handle: <Handle BaseAsyncIOLoop._handle_events(7, 1)>
Traceback (most recent call last):
  File "/usr/lib/python3.12/asyncio/events.py", line 88, in _run
    self._context.run(self._callback, *self._args)
  File "/home/Shared/UniBe-swiss-ndvi/GitHub/swiss-ndvi-processing/.venv/lib/python3.12/site-packages/tornado/platform/asyncio.py", line 208, in _handle_events
  File "/home/Shared/UniBe-swiss-ndvi/GitHub/swiss-ndvi-processing/.venv/lib/python3.12/site-packages/tornado/netutil.py", line 273, in accept_handler
  File "/usr/lib/python3.12/socket.py", line 295, in accept
OSError: [Errno 24] Too many open files
Exception in callback BaseAsyncIOLoop._handle_events(7, 1)
handle: <Handle BaseAsyncIOLoop._handle_events(7, 1)>
Traceback (most recent call last):
  File "/usr/lib/python3.12/asyncio/events.py", line 88, in _run
    self._context.run(self._callback, *self._args)
  File "/home/Shared/UniBe-swiss-ndvi/GitHub/swiss-ndvi-processing/.venv/lib/python3.12/site-packages/tornado/platform/asyncio.py", line 208, in _handle_events
  File "/home/Shared/UniBe-swiss-ndvi/GitHub/swiss-ndvi-processing/.venv/lib/python3.12/site-packages/tornado/netutil.py", line 273, in accept_handler
  File "/usr/lib/python3.12/socket.py", line 295, in accept
OSError: [Errno 24] Too many open files
Exception in callback BaseAsyncIOLoop._handle_events(7, 1)
handle: <Handle BaseAsyncIOLoop._handle_events(7, 1)>
Traceback (most recent call last):
  File "/usr/lib/python3.12/asyncio/events.py", line 88, in _run
    self._context.run(self._callback, *self._args)
  File "/home/Shared/UniBe-swiss-ndvi/GitHub/swiss-ndvi-processing/.venv/lib/python3.12/site-packages/tornado/platform/asyncio.py", line 208, in _handle_events
  File "/home/Shared/UniBe-swiss-ndvi/GitHub/swiss-ndvi-processing/.venv/lib/python3.12/site-packages/tornado/netutil.py", line 273, in accept_handler
  File "/usr/lib/python3.12/socket.py", line 295, in accept
OSError: [Errno 24] Too many open files
Exception in callback BaseAsyncIOLoop._handle_events(7, 1)
handle: <Handle BaseAsyncIOLoop._handle_events(7, 1)>
Traceback (most recent call last):
  File "/usr/lib/python3.12/asyncio/events.py", line 88, in _run
    self._context.run(self._callback, *self._args)
  File "/home/Shared/UniBe-swiss-ndvi/GitHub/swiss-ndvi-processing/.venv/lib/python3.12/site-packages/tornado/platform/asyncio.py", line 208, in _handle_events
  File "/home/Shared/UniBe-swiss-ndvi/GitHub/swiss-ndvi-processing/.venv/lib/python3.12/site-packages/tornado/netutil.py", line 273, in accept_handler
  File "/usr/lib/python3.12/socket.py", line 295, in accept
OSError: [Errno 24] Too many open files
Exception in callback BaseAsyncIOLoop._handle_events(7, 1)
handle: <Handle BaseAsyncIOLoop._handle_events(7, 1)>
Traceback (most recent call last):
  File "/usr/lib/python3.12/asyncio/events.py", line 88, in _run
    self._context.run(self._callback, *self._args)
  File "/home/Shared/UniBe-swiss-ndvi/GitHub/swiss-ndvi-processing/.venv/lib/python3.12/site-packages/tornado/platform/asyncio.py", line 208, in _handle_events
  File "/home/Shared/UniBe-swiss-ndvi/GitHub/swiss-ndvi-processing/.venv/lib/python3.12/site-packages/tornado/netutil.py", line 273, in accept_handler
  File "/usr/lib/python3.12/socket.py", line 295, in accept
OSError: [Errno 24] Too many open files
Exception in callback BaseAsyncIOLoop._handle_events(7, 1)
handle: <Handle BaseAsyncIOLoop._handle_events(7, 1)>
Traceback (most recent call last):
  File "/usr/lib/python3.12/asyncio/events.py", line 88, in _run
    self._context.run(self._callback, *self._args)
  File "/home/Shared/UniBe-swiss-ndvi/GitHub/swiss-ndvi-processing/.venv/lib/python3.12/site-packages/tornado/platform/asyncio.py", line 208, in _handle_events
  File "/home/Shared/UniBe-swiss-ndvi/GitHub/swiss-ndvi-processing/.venv/lib/python3.12/site-packages/tornado/netutil.py", line 273, in accept_handler
  File "/usr/lib/python3.12/socket.py", line 295, in accept
OSError: [Errno 24] Too many open files
Exception in callback BaseAsyncIOLoop._handle_events(7, 1)
handle: <Handle BaseAsyncIOLoop._handle_events(7, 1)>
Traceback (most recent call last):
  File "/usr/lib/python3.12/asyncio/events.py", line 88, in _run
    self._context.run(self._callback, *self._args)
  File "/home/Shared/UniBe-swiss-ndvi/GitHub/swiss-ndvi-processing/.venv/lib/python3.12/site-packages/tornado/platform/asyncio.py", line 208, in _handle_events
  File "/home/Shared/UniBe-swiss-ndvi/GitHub/swiss-ndvi-processing/.venv/lib/python3.12/site-packages/tornado/netutil.py", line 273, in accept_handler
  File "/usr/lib/python3.12/socket.py", line 295, in accept
OSError: [Errno 24] Too many open files
Exception in callback BaseAsyncIOLoop._handle_events(7, 1)
handle: <Handle BaseAsyncIOLoop._handle_events(7, 1)>
Traceback (most recent call last):
  File "/usr/lib/python3.12/asyncio/events.py", line 88, in _run
    self._context.run(self._callback, *self._args)
  File "/home/Shared/UniBe-swiss-ndvi/GitHub/swiss-ndvi-processing/.venv/lib/python3.12/site-packages/tornado/platform/asyncio.py", line 208, in _handle_events
  File "/home/Shared/UniBe-swiss-ndvi/GitHub/swiss-ndvi-processing/.venv/lib/python3.12/site-packages/tornado/netutil.py", line 273, in accept_handler
  File "/usr/lib/python3.12/socket.py", line 295, in accept
OSError: [Errno 24] Too many open files
Exception in callback BaseAsyncIOLoop._handle_events(7, 1)
handle: <Handle BaseAsyncIOLoop._handle_events(7, 1)>
Traceback (most recent call last):
  File "/usr/lib/python3.12/asyncio/events.py", line 88, in _run
    self._context.run(self._callback, *self._args)
  File "/home/Shared/UniBe-swiss-ndvi/GitHub/swiss-ndvi-processing/.venv/lib/python3.12/site-packages/tornado/platform/asyncio.py", line 208, in _handle_events
  File "/home/Shared/UniBe-swiss-ndvi/GitHub/swiss-ndvi-processing/.venv/lib/python3.12/site-packages/tornado/netutil.py", line 273, in accept_handler
  File "/usr/lib/python3.12/socket.py", line 295, in accept
OSError: [Errno 24] Too many open files
Exception in callback BaseAsyncIOLoop._handle_events(7, 1)
handle: <Handle BaseAsyncIOLoop._handle_events(7, 1)>
Traceback (most recent call last):
  File "/usr/lib/python3.12/asyncio/events.py", line 88, in _run
    self._context.run(self._callback, *self._args)
  File "/home/Shared/UniBe-swiss-ndvi/GitHub/swiss-ndvi-processing/.venv/lib/python3.12/site-packages/tornado/platform/asyncio.py", line 208, in _handle_events
  File "/home/Shared/UniBe-swiss-ndvi/GitHub/swiss-ndvi-processing/.venv/lib/python3.12/site-packages/tornado/netutil.py", line 273, in accept_handler
  File "/usr/lib/python3.12/socket.py", line 295, in accept
OSError: [Errno 24] Too many open files
Exception in callback BaseAsyncIOLoop._handle_events(7, 1)
handle: <Handle BaseAsyncIOLoop._handle_events(7, 1)>
Traceback (most recent call last):
  File "/usr/lib/python3.12/asyncio/events.py", line 88, in _run
    self._context.run(self._callback, *self._args)
  File "/home/Shared/UniBe-swiss-ndvi/GitHub/swiss-ndvi-processing/.venv/lib/python3.12/site-packages/tornado/platform/asyncio.py", line 208, in _handle_events
  File "/home/Shared/UniBe-swiss-ndvi/GitHub/swiss-ndvi-processing/.venv/lib/python3.12/site-packages/tornado/netutil.py", line 273, in accept_handler
  File "/usr/lib/python3.12/socket.py", line 295, in accept
OSError: [Errno 24] Too many open files
Exception in callback BaseAsyncIOLoop._handle_events(7, 1)
handle: <Handle BaseAsyncIOLoop._handle_events(7, 1)>
Traceback (most recent call last):
  File "/usr/lib/python3.12/asyncio/events.py", line 88, in _run
    self._context.run(self._callback, *self._args)
  File "/home/Shared/UniBe-swiss-ndvi/GitHub/swiss-ndvi-processing/.venv/lib/python3.12/site-packages/tornado/platform/asyncio.py", line 208, in _handle_events
  File "/home/Shared/UniBe-swiss-ndvi/GitHub/swiss-ndvi-processing/.venv/lib/python3.12/site-packages/tornado/netutil.py", line 273, in accept_handler
  File "/usr/lib/python3.12/socket.py", line 295, in accept
OSError: [Errno 24] Too many open files
Exception in callback BaseAsyncIOLoop._handle_events(7, 1)
handle: <Handle BaseAsyncIOLoop._handle_events(7, 1)>
Traceback (most recent call last):
  File "/usr/lib/python3.12/asyncio/events.py", line 88, in _run
    self._context.run(self._callback, *self._args)
  File "/home/Shared/UniBe-swiss-ndvi/GitHub/swiss-ndvi-processing/.venv/lib/python3.12/site-packages/tornado/platform/asyncio.py", line 208, in _handle_events
  File "/home/Shared/UniBe-swiss-ndvi/GitHub/swiss-ndvi-processing/.venv/lib/python3.12/site-packages/tornado/netutil.py", line 273, in accept_handler
  File "/usr/lib/python3.12/socket.py", line 295, in accept
OSError: [Errno 24] Too many open files
2026-04-06 21:48:55,186 - distributed.worker - WARNING - Mismatched versions found

+-------------+---------------------------------------------+-----------+----------+
| Package     | Worker-6b9575fc-09d8-4590-af80-41cc62084178 | Scheduler | Workers  |
+-------------+---------------------------------------------+-----------+----------+
| cloudpickle | 3.1.1                                       | None      | 3.1.1    |
| dask        | 2025.9.1                                    | None      | 2025.9.1 |
| distributed | 2025.9.1                                    | None      | 2025.9.1 |
| lz4         | 4.3.2                                       | None      | 4.3.2    |
| msgpack     | 1.1.1                                       | None      | 1.1.1    |
| toolz       | 1.0.0                                       | None      | 1.0.0    |
| tornado     | 6.5.1                                       | None      | 6.5.1    |
+-------------+---------------------------------------------+-----------+----------+
Exception in callback BaseAsyncIOLoop._handle_events(7, 1)
handle: <Handle BaseAsyncIOLoop._handle_events(7, 1)>
Traceback (most recent call last):
  File "/usr/lib/python3.12/asyncio/events.py", line 88, in _run
    self._context.run(self._callback, *self._args)
  File "/home/Shared/UniBe-swiss-ndvi/GitHub/swiss-ndvi-processing/.venv/lib/python3.12/site-packages/tornado/platform/asyncio.py", line 208, in _handle_events
  File "/home/Shared/UniBe-swiss-ndvi/GitHub/swiss-ndvi-processing/.venv/lib/python3.12/site-packages/tornado/netutil.py", line 273, in accept_handler
  File "/usr/lib/python3.12/socket.py", line 295, in accept
OSError: [Errno 24] Too many open files
2026-04-06 21:48:55,188 - distributed.worker - WARNING - Mismatched versions found

+-------------+---------------------------------------------+-----------+----------+
| Package     | Worker-5000ada5-643d-4ae4-b927-72533434d227 | Scheduler | Workers  |
+-------------+---------------------------------------------+-----------+----------+
| cloudpickle | 3.1.1                                       | None      | 3.1.1    |
| dask        | 2025.9.1                                    | None      | 2025.9.1 |
| distributed | 2025.9.1                                    | None      | 2025.9.1 |
| lz4         | 4.3.2                                       | None      | 4.3.2    |
| msgpack     | 1.1.1                                       | None      | 1.1.1    |
| toolz       | 1.0.0                                       | None      | 1.0.0    |
| tornado     | 6.5.1                                       | None      | 6.5.1    |
+-------------+---------------------------------------------+-----------+----------+
2026-04-06 21:48:55,188 - tornado.application - ERROR - Exception in callback functools.partial(<bound method NannyMemoryManager.memory_monitor of <distributed.worker_memory.NannyMemoryManager object at 0x74ba38f3a3c0>>, <Nanny: tcp://127.0.0.1:34219, threads: 1>)
Traceback (most recent call last):
  File "/home/Shared/UniBe-swiss-ndvi/GitHub/swiss-ndvi-processing/.venv/lib/python3.12/site-packages/psutil/_common.py", line 441, in wrapper
    ret = self._cache[fun]
          ^^^^^^^^^^^
AttributeError: 'Process' object has no attribute '_cache'

During handling of the above exception, another exception occurred:

Traceback (most recent call last):
  File "/home/Shared/UniBe-swiss-ndvi/GitHub/swiss-ndvi-processing/.venv/lib/python3.12/site-packages/tornado/ioloop.py", line 945, in _run
    val = self.callback()
          ^^^^^^^^^^^^^^^
  File "/home/Shared/UniBe-swiss-ndvi/GitHub/swiss-ndvi-processing/.venv/lib/python3.12/site-packages/distributed/worker_memory.py", line 417, in memory_monitor
  File "/home/Shared/UniBe-swiss-ndvi/GitHub/swiss-ndvi-processing/.venv/lib/python3.12/site-packages/psutil/__init__.py", line 332, in __init__
    self._init(pid)
  File "/home/Shared/UniBe-swiss-ndvi/GitHub/swiss-ndvi-processing/.venv/lib/python3.12/site-packages/psutil/__init__.py", line 361, in _init
    self.create_time()
  File "/home/Shared/UniBe-swiss-ndvi/GitHub/swiss-ndvi-processing/.venv/lib/python3.12/site-packages/psutil/__init__.py", line 717, in create_time
    self._create_time = self._proc.create_time()
                        ^^^^^^^^^^^^^^^^^^^^^^^^
  File "/home/Shared/UniBe-swiss-ndvi/GitHub/swiss-ndvi-processing/.venv/lib/python3.12/site-packages/psutil/_pslinux.py", line 1661, in wrapper
    return fun(self, *args, **kwargs)
           ^^^^^^^^^^^^^^^^^^^^^^^^^^
  File "/home/Shared/UniBe-swiss-ndvi/GitHub/swiss-ndvi-processing/.venv/lib/python3.12/site-packages/psutil/_pslinux.py", line 1873, in create_time
    ctime = float(self._parse_stat_file()['create_time'])
                  ^^^^^^^^^^^^^^^^^^^^^^^
  File "/home/Shared/UniBe-swiss-ndvi/GitHub/swiss-ndvi-processing/.venv/lib/python3.12/site-packages/psutil/_pslinux.py", line 1661, in wrapper
    return fun(self, *args, **kwargs)
           ^^^^^^^^^^^^^^^^^^^^^^^^^^
  File "/home/Shared/UniBe-swiss-ndvi/GitHub/swiss-ndvi-processing/.venv/lib/python3.12/site-packages/psutil/_common.py", line 444, in wrapper
    return fun(self)
           ^^^^^^^^^
  File "/home/Shared/UniBe-swiss-ndvi/GitHub/swiss-ndvi-processing/.venv/lib/python3.12/site-packages/psutil/_pslinux.py", line 1703, in _parse_stat_file
    with open_binary("%s/%s/stat" % (self._procfs_path, self.pid)) as f:
         ^^^^^^^^^^^^^^^^^^^^^^^^^^^^^^^^^^^^^^^^^^^^^^^^^^^^^^^^^
  File "/home/Shared/UniBe-swiss-ndvi/GitHub/swiss-ndvi-processing/.venv/lib/python3.12/site-packages/psutil/_common.py", line 711, in open_binary
    return open(fname, "rb", **kwargs)
           ^^^^^^^^^^^^^^^^^^^^^^^^^^^
OSError: [Errno 24] Too many open files: '/proc/3803258/stat'
Exception in callback BaseAsyncIOLoop._handle_events(7, 1)
handle: <Handle BaseAsyncIOLoop._handle_events(7, 1)>
Traceback (most recent call last):
  File "/usr/lib/python3.12/asyncio/events.py", line 88, in _run
    self._context.run(self._callback, *self._args)
  File "/home/Shared/UniBe-swiss-ndvi/GitHub/swiss-ndvi-processing/.venv/lib/python3.12/site-packages/tornado/platform/asyncio.py", line 208, in _handle_events
  File "/home/Shared/UniBe-swiss-ndvi/GitHub/swiss-ndvi-processing/.venv/lib/python3.12/site-packages/tornado/netutil.py", line 273, in accept_handler
  File "/usr/lib/python3.12/socket.py", line 295, in accept
OSError: [Errno 24] Too many open files
2026-04-06 21:48:55,190 - tornado.application - ERROR - Exception in callback functools.partial(<bound method NannyMemoryManager.memory_monitor of <distributed.worker_memory.NannyMemoryManager object at 0x74ba38f3afc0>>, <Nanny: tcp://127.0.0.1:45891, threads: 1>)
Traceback (most recent call last):
  File "/home/Shared/UniBe-swiss-ndvi/GitHub/swiss-ndvi-processing/.venv/lib/python3.12/site-packages/psutil/_common.py", line 441, in wrapper
    ret = self._cache[fun]
          ^^^^^^^^^^^
AttributeError: 'Process' object has no attribute '_cache'

During handling of the above exception, another exception occurred:

Traceback (most recent call last):
  File "/home/Shared/UniBe-swiss-ndvi/GitHub/swiss-ndvi-processing/.venv/lib/python3.12/site-packages/tornado/ioloop.py", line 945, in _run
    val = self.callback()
          ^^^^^^^^^^^^^^^
  File "/home/Shared/UniBe-swiss-ndvi/GitHub/swiss-ndvi-processing/.venv/lib/python3.12/site-packages/distributed/worker_memory.py", line 417, in memory_monitor
  File "/home/Shared/UniBe-swiss-ndvi/GitHub/swiss-ndvi-processing/.venv/lib/python3.12/site-packages/psutil/__init__.py", line 332, in __init__
    self._init(pid)
  File "/home/Shared/UniBe-swiss-ndvi/GitHub/swiss-ndvi-processing/.venv/lib/python3.12/site-packages/psutil/__init__.py", line 361, in _init
    self.create_time()
  File "/home/Shared/UniBe-swiss-ndvi/GitHub/swiss-ndvi-processing/.venv/lib/python3.12/site-packages/psutil/__init__.py", line 717, in create_time
    self._create_time = self._proc.create_time()
                        ^^^^^^^^^^^^^^^^^^^^^^^^
  File "/home/Shared/UniBe-swiss-ndvi/GitHub/swiss-ndvi-processing/.venv/lib/python3.12/site-packages/psutil/_pslinux.py", line 1661, in wrapper
    return fun(self, *args, **kwargs)
           ^^^^^^^^^^^^^^^^^^^^^^^^^^
  File "/home/Shared/UniBe-swiss-ndvi/GitHub/swiss-ndvi-processing/.venv/lib/python3.12/site-packages/psutil/_pslinux.py", line 1873, in create_time
    ctime = float(self._parse_stat_file()['create_time'])
                  ^^^^^^^^^^^^^^^^^^^^^^^
  File "/home/Shared/UniBe-swiss-ndvi/GitHub/swiss-ndvi-processing/.venv/lib/python3.12/site-packages/psutil/_pslinux.py", line 1661, in wrapper
    return fun(self, *args, **kwargs)
           ^^^^^^^^^^^^^^^^^^^^^^^^^^
  File "/home/Shared/UniBe-swiss-ndvi/GitHub/swiss-ndvi-processing/.venv/lib/python3.12/site-packages/psutil/_common.py", line 444, in wrapper
    return fun(self)
           ^^^^^^^^^
  File "/home/Shared/UniBe-swiss-ndvi/GitHub/swiss-ndvi-processing/.venv/lib/python3.12/site-packages/psutil/_pslinux.py", line 1703, in _parse_stat_file
    with open_binary("%s/%s/stat" % (self._procfs_path, self.pid)) as f:
         ^^^^^^^^^^^^^^^^^^^^^^^^^^^^^^^^^^^^^^^^^^^^^^^^^^^^^^^^^
  File "/home/Shared/UniBe-swiss-ndvi/GitHub/swiss-ndvi-processing/.venv/lib/python3.12/site-packages/psutil/_common.py", line 711, in open_binary
    return open(fname, "rb", **kwargs)
           ^^^^^^^^^^^^^^^^^^^^^^^^^^^
OSError: [Errno 24] Too many open files: '/proc/3803266/stat'
2026-04-06 21:48:55,190 - distributed.worker - WARNING - Mismatched versions found

+-------------+---------------------------------------------+-----------+----------+
| Package     | Worker-84f26a4c-aa61-4661-9cdc-a3a2ed29b024 | Scheduler | Workers  |
+-------------+---------------------------------------------+-----------+----------+
| cloudpickle | 3.1.1                                       | None      | 3.1.1    |
| dask        | 2025.9.1                                    | None      | 2025.9.1 |
| distributed | 2025.9.1                                    | None      | 2025.9.1 |
| lz4         | 4.3.2                                       | None      | 4.3.2    |
| msgpack     | 1.1.1                                       | None      | 1.1.1    |
| toolz       | 1.0.0                                       | None      | 1.0.0    |
| tornado     | 6.5.1                                       | None      | 6.5.1    |
+-------------+---------------------------------------------+-----------+----------+
2026-04-06 21:48:55,191 - tornado.application - ERROR - Exception in callback functools.partial(<bound method NannyMemoryManager.memory_monitor of <distributed.worker_memory.NannyMemoryManager object at 0x74ba38f3b530>>, <Nanny: tcp://127.0.0.1:36059, threads: 1>)
Traceback (most recent call last):
  File "/home/Shared/UniBe-swiss-ndvi/GitHub/swiss-ndvi-processing/.venv/lib/python3.12/site-packages/psutil/_common.py", line 441, in wrapper
    ret = self._cache[fun]
          ^^^^^^^^^^^
AttributeError: 'Process' object has no attribute '_cache'

During handling of the above exception, another exception occurred:

Traceback (most recent call last):
  File "/home/Shared/UniBe-swiss-ndvi/GitHub/swiss-ndvi-processing/.venv/lib/python3.12/site-packages/tornado/ioloop.py", line 945, in _run
    val = self.callback()
          ^^^^^^^^^^^^^^^
  File "/home/Shared/UniBe-swiss-ndvi/GitHub/swiss-ndvi-processing/.venv/lib/python3.12/site-packages/distributed/worker_memory.py", line 417, in memory_monitor
  File "/home/Shared/UniBe-swiss-ndvi/GitHub/swiss-ndvi-processing/.venv/lib/python3.12/site-packages/psutil/__init__.py", line 332, in __init__
    self._init(pid)
  File "/home/Shared/UniBe-swiss-ndvi/GitHub/swiss-ndvi-processing/.venv/lib/python3.12/site-packages/psutil/__init__.py", line 361, in _init
    self.create_time()
  File "/home/Shared/UniBe-swiss-ndvi/GitHub/swiss-ndvi-processing/.venv/lib/python3.12/site-packages/psutil/__init__.py", line 717, in create_time
    self._create_time = self._proc.create_time()
                        ^^^^^^^^^^^^^^^^^^^^^^^^
  File "/home/Shared/UniBe-swiss-ndvi/GitHub/swiss-ndvi-processing/.venv/lib/python3.12/site-packages/psutil/_pslinux.py", line 1661, in wrapper
    return fun(self, *args, **kwargs)
           ^^^^^^^^^^^^^^^^^^^^^^^^^^
  File "/home/Shared/UniBe-swiss-ndvi/GitHub/swiss-ndvi-processing/.venv/lib/python3.12/site-packages/psutil/_pslinux.py", line 1873, in create_time
    ctime = float(self._parse_stat_file()['create_time'])
                  ^^^^^^^^^^^^^^^^^^^^^^^
  File "/home/Shared/UniBe-swiss-ndvi/GitHub/swiss-ndvi-processing/.venv/lib/python3.12/site-packages/psutil/_pslinux.py", line 1661, in wrapper
    return fun(self, *args, **kwargs)
           ^^^^^^^^^^^^^^^^^^^^^^^^^^
  File "/home/Shared/UniBe-swiss-ndvi/GitHub/swiss-ndvi-processing/.venv/lib/python3.12/site-packages/psutil/_common.py", line 444, in wrapper
    return fun(self)
           ^^^^^^^^^
  File "/home/Shared/UniBe-swiss-ndvi/GitHub/swiss-ndvi-processing/.venv/lib/python3.12/site-packages/psutil/_pslinux.py", line 1703, in _parse_stat_file
    with open_binary("%s/%s/stat" % (self._procfs_path, self.pid)) as f:
         ^^^^^^^^^^^^^^^^^^^^^^^^^^^^^^^^^^^^^^^^^^^^^^^^^^^^^^^^^
  File "/home/Shared/UniBe-swiss-ndvi/GitHub/swiss-ndvi-processing/.venv/lib/python3.12/site-packages/psutil/_common.py", line 711, in open_binary
    return open(fname, "rb", **kwargs)
           ^^^^^^^^^^^^^^^^^^^^^^^^^^^
OSError: [Errno 24] Too many open files: '/proc/3803269/stat'
Exception in callback BaseAsyncIOLoop._handle_events(7, 1)
handle: <Handle BaseAsyncIOLoop._handle_events(7, 1)>
Traceback (most recent call last):
  File "/usr/lib/python3.12/asyncio/events.py", line 88, in _run
    self._context.run(self._callback, *self._args)
  File "/home/Shared/UniBe-swiss-ndvi/GitHub/swiss-ndvi-processing/.venv/lib/python3.12/site-packages/tornado/platform/asyncio.py", line 208, in _handle_events
  File "/home/Shared/UniBe-swiss-ndvi/GitHub/swiss-ndvi-processing/.venv/lib/python3.12/site-packages/tornado/netutil.py", line 273, in accept_handler
  File "/usr/lib/python3.12/socket.py", line 295, in accept
OSError: [Errno 24] Too many open files
Exception in callback BaseAsyncIOLoop._handle_events(7, 1)
handle: <Handle BaseAsyncIOLoop._handle_events(7, 1)>
Traceback (most recent call last):
  File "/usr/lib/python3.12/asyncio/events.py", line 88, in _run
    self._context.run(self._callback, *self._args)
  File "/home/Shared/UniBe-swiss-ndvi/GitHub/swiss-ndvi-processing/.venv/lib/python3.12/site-packages/tornado/platform/asyncio.py", line 208, in _handle_events
  File "/home/Shared/UniBe-swiss-ndvi/GitHub/swiss-ndvi-processing/.venv/lib/python3.12/site-packages/tornado/netutil.py", line 273, in accept_handler
  File "/usr/lib/python3.12/socket.py", line 295, in accept
OSError: [Errno 24] Too many open files
2026-04-06 21:48:55,195 - distributed.worker - WARNING - Mismatched versions found

+-------------+---------------------------------------------+-----------+----------+
| Package     | Worker-8d4d5209-53f1-4d70-9544-fbc402311554 | Scheduler | Workers  |
+-------------+---------------------------------------------+-----------+----------+
| cloudpickle | 3.1.1                                       | None      | 3.1.1    |
| dask        | 2025.9.1                                    | None      | 2025.9.1 |
| distributed | 2025.9.1                                    | None      | 2025.9.1 |
| lz4         | 4.3.2                                       | None      | 4.3.2    |
| msgpack     | 1.1.1                                       | None      | 1.1.1    |
| toolz       | 1.0.0                                       | None      | 1.0.0    |
| tornado     | 6.5.1                                       | None      | 6.5.1    |
+-------------+---------------------------------------------+-----------+----------+
2026-04-06 21:48:55,195 - distributed.worker - WARNING - Mismatched versions found

+-------------+---------------------------------------------+-----------+----------+
| Package     | Worker-18b62fb9-0639-438b-97e7-8351ffe8d652 | Scheduler | Workers  |
+-------------+---------------------------------------------+-----------+----------+
| cloudpickle | 3.1.1                                       | None      | 3.1.1    |
| dask        | 2025.9.1                                    | None      | 2025.9.1 |
| distributed | 2025.9.1                                    | None      | 2025.9.1 |
| lz4         | 4.3.2                                       | None      | 4.3.2    |
| msgpack     | 1.1.1                                       | None      | 1.1.1    |
| toolz       | 1.0.0                                       | None      | 1.0.0    |
| tornado     | 6.5.1                                       | None      | 6.5.1    |
+-------------+---------------------------------------------+-----------+----------+
2026-04-06 21:48:55,195 - tornado.application - ERROR - Exception in callback functools.partial(<bound method NannyMemoryManager.memory_monitor of <distributed.worker_memory.NannyMemoryManager object at 0x74ba38f80650>>, <Nanny: tcp://127.0.0.1:39623, threads: 1>)
Traceback (most recent call last):
  File "/home/Shared/UniBe-swiss-ndvi/GitHub/swiss-ndvi-processing/.venv/lib/python3.12/site-packages/psutil/_common.py", line 441, in wrapper
    ret = self._cache[fun]
          ^^^^^^^^^^^
AttributeError: 'Process' object has no attribute '_cache'

During handling of the above exception, another exception occurred:

Traceback (most recent call last):
  File "/home/Shared/UniBe-swiss-ndvi/GitHub/swiss-ndvi-processing/.venv/lib/python3.12/site-packages/tornado/ioloop.py", line 945, in _run
    val = self.callback()
          ^^^^^^^^^^^^^^^
  File "/home/Shared/UniBe-swiss-ndvi/GitHub/swiss-ndvi-processing/.venv/lib/python3.12/site-packages/distributed/worker_memory.py", line 417, in memory_monitor
  File "/home/Shared/UniBe-swiss-ndvi/GitHub/swiss-ndvi-processing/.venv/lib/python3.12/site-packages/psutil/__init__.py", line 332, in __init__
    self._init(pid)
  File "/home/Shared/UniBe-swiss-ndvi/GitHub/swiss-ndvi-processing/.venv/lib/python3.12/site-packages/psutil/__init__.py", line 361, in _init
    self.create_time()
  File "/home/Shared/UniBe-swiss-ndvi/GitHub/swiss-ndvi-processing/.venv/lib/python3.12/site-packages/psutil/__init__.py", line 717, in create_time
    self._create_time = self._proc.create_time()
                        ^^^^^^^^^^^^^^^^^^^^^^^^
  File "/home/Shared/UniBe-swiss-ndvi/GitHub/swiss-ndvi-processing/.venv/lib/python3.12/site-packages/psutil/_pslinux.py", line 1661, in wrapper
    return fun(self, *args, **kwargs)
           ^^^^^^^^^^^^^^^^^^^^^^^^^^
  File "/home/Shared/UniBe-swiss-ndvi/GitHub/swiss-ndvi-processing/.venv/lib/python3.12/site-packages/psutil/_pslinux.py", line 1873, in create_time
    ctime = float(self._parse_stat_file()['create_time'])
                  ^^^^^^^^^^^^^^^^^^^^^^^
  File "/home/Shared/UniBe-swiss-ndvi/GitHub/swiss-ndvi-processing/.venv/lib/python3.12/site-packages/psutil/_pslinux.py", line 1661, in wrapper
    return fun(self, *args, **kwargs)
           ^^^^^^^^^^^^^^^^^^^^^^^^^^
  File "/home/Shared/UniBe-swiss-ndvi/GitHub/swiss-ndvi-processing/.venv/lib/python3.12/site-packages/psutil/_common.py", line 444, in wrapper
    return fun(self)
           ^^^^^^^^^
  File "/home/Shared/UniBe-swiss-ndvi/GitHub/swiss-ndvi-processing/.venv/lib/python3.12/site-packages/psutil/_pslinux.py", line 1703, in _parse_stat_file
    with open_binary("%s/%s/stat" % (self._procfs_path, self.pid)) as f:
         ^^^^^^^^^^^^^^^^^^^^^^^^^^^^^^^^^^^^^^^^^^^^^^^^^^^^^^^^^
  File "/home/Shared/UniBe-swiss-ndvi/GitHub/swiss-ndvi-processing/.venv/lib/python3.12/site-packages/psutil/_common.py", line 711, in open_binary
    return open(fname, "rb", **kwargs)
           ^^^^^^^^^^^^^^^^^^^^^^^^^^^
OSError: [Errno 24] Too many open files: '/proc/3803283/stat'
2026-04-06 21:48:55,196 - tornado.application - ERROR - Exception in callback functools.partial(<bound method NannyMemoryManager.memory_monitor of <distributed.worker_memory.NannyMemoryManager object at 0x74ba38f80cb0>>, <Nanny: tcp://127.0.0.1:40631, threads: 1>)
Traceback (most recent call last):
  File "/home/Shared/UniBe-swiss-ndvi/GitHub/swiss-ndvi-processing/.venv/lib/python3.12/site-packages/psutil/_common.py", line 441, in wrapper
    ret = self._cache[fun]
          ^^^^^^^^^^^
AttributeError: 'Process' object has no attribute '_cache'

During handling of the above exception, another exception occurred:

Traceback (most recent call last):
  File "/home/Shared/UniBe-swiss-ndvi/GitHub/swiss-ndvi-processing/.venv/lib/python3.12/site-packages/tornado/ioloop.py", line 945, in _run
    val = self.callback()
          ^^^^^^^^^^^^^^^
  File "/home/Shared/UniBe-swiss-ndvi/GitHub/swiss-ndvi-processing/.venv/lib/python3.12/site-packages/distributed/worker_memory.py", line 417, in memory_monitor
  File "/home/Shared/UniBe-swiss-ndvi/GitHub/swiss-ndvi-processing/.venv/lib/python3.12/site-packages/psutil/__init__.py", line 332, in __init__
    self._init(pid)
  File "/home/Shared/UniBe-swiss-ndvi/GitHub/swiss-ndvi-processing/.venv/lib/python3.12/site-packages/psutil/__init__.py", line 361, in _init
    self.create_time()
  File "/home/Shared/UniBe-swiss-ndvi/GitHub/swiss-ndvi-processing/.venv/lib/python3.12/site-packages/psutil/__init__.py", line 717, in create_time
    self._create_time = self._proc.create_time()
                        ^^^^^^^^^^^^^^^^^^^^^^^^
  File "/home/Shared/UniBe-swiss-ndvi/GitHub/swiss-ndvi-processing/.venv/lib/python3.12/site-packages/psutil/_pslinux.py", line 1661, in wrapper
    return fun(self, *args, **kwargs)
           ^^^^^^^^^^^^^^^^^^^^^^^^^^
  File "/home/Shared/UniBe-swiss-ndvi/GitHub/swiss-ndvi-processing/.venv/lib/python3.12/site-packages/psutil/_pslinux.py", line 1873, in create_time
    ctime = float(self._parse_stat_file()['create_time'])
                  ^^^^^^^^^^^^^^^^^^^^^^^
  File "/home/Shared/UniBe-swiss-ndvi/GitHub/swiss-ndvi-processing/.venv/lib/python3.12/site-packages/psutil/_pslinux.py", line 1661, in wrapper
    return fun(self, *args, **kwargs)
           ^^^^^^^^^^^^^^^^^^^^^^^^^^
  File "/home/Shared/UniBe-swiss-ndvi/GitHub/swiss-ndvi-processing/.venv/lib/python3.12/site-packages/psutil/_common.py", line 444, in wrapper
    return fun(self)
           ^^^^^^^^^
  File "/home/Shared/UniBe-swiss-ndvi/GitHub/swiss-ndvi-processing/.venv/lib/python3.12/site-packages/psutil/_pslinux.py", line 1703, in _parse_stat_file
    with open_binary("%s/%s/stat" % (self._procfs_path, self.pid)) as f:
         ^^^^^^^^^^^^^^^^^^^^^^^^^^^^^^^^^^^^^^^^^^^^^^^^^^^^^^^^^
  File "/home/Shared/UniBe-swiss-ndvi/GitHub/swiss-ndvi-processing/.venv/lib/python3.12/site-packages/psutil/_common.py", line 711, in open_binary
    return open(fname, "rb", **kwargs)
           ^^^^^^^^^^^^^^^^^^^^^^^^^^^
OSError: [Errno 24] Too many open files: '/proc/3803285/stat'
Exception in callback BaseAsyncIOLoop._handle_events(7, 1)
handle: <Handle BaseAsyncIOLoop._handle_events(7, 1)>
Traceback (most recent call last):
  File "/usr/lib/python3.12/asyncio/events.py", line 88, in _run
    self._context.run(self._callback, *self._args)
  File "/home/Shared/UniBe-swiss-ndvi/GitHub/swiss-ndvi-processing/.venv/lib/python3.12/site-packages/tornado/platform/asyncio.py", line 208, in _handle_events
  File "/home/Shared/UniBe-swiss-ndvi/GitHub/swiss-ndvi-processing/.venv/lib/python3.12/site-packages/tornado/netutil.py", line 273, in accept_handler
  File "/usr/lib/python3.12/socket.py", line 295, in accept
OSError: [Errno 24] Too many open files
Exception in callback BaseAsyncIOLoop._handle_events(7, 1)
handle: <Handle BaseAsyncIOLoop._handle_events(7, 1)>
Traceback (most recent call last):
  File "/usr/lib/python3.12/asyncio/events.py", line 88, in _run
    self._context.run(self._callback, *self._args)
  File "/home/Shared/UniBe-swiss-ndvi/GitHub/swiss-ndvi-processing/.venv/lib/python3.12/site-packages/tornado/platform/asyncio.py", line 208, in _handle_events
  File "/home/Shared/UniBe-swiss-ndvi/GitHub/swiss-ndvi-processing/.venv/lib/python3.12/site-packages/tornado/netutil.py", line 273, in accept_handler
  File "/usr/lib/python3.12/socket.py", line 295, in accept
OSError: [Errno 24] Too many open files
2026-04-06 21:48:55,201 - distributed.worker - WARNING - Mismatched versions found

+-------------+---------------------------------------------+-----------+----------+
| Package     | Worker-e84f7606-cdab-477c-a062-4e62ff90b7cc | Scheduler | Workers  |
+-------------+---------------------------------------------+-----------+----------+
| cloudpickle | 3.1.1                                       | None      | 3.1.1    |
| dask        | 2025.9.1                                    | None      | 2025.9.1 |
| distributed | 2025.9.1                                    | None      | 2025.9.1 |
| lz4         | 4.3.2                                       | None      | 4.3.2    |
| msgpack     | 1.1.1                                       | None      | 1.1.1    |
| toolz       | 1.0.0                                       | None      | 1.0.0    |
| tornado     | 6.5.1                                       | None      | 6.5.1    |
+-------------+---------------------------------------------+-----------+----------+
Exception in callback BaseAsyncIOLoop._handle_events(7, 1)
handle: <Handle BaseAsyncIOLoop._handle_events(7, 1)>
Traceback (most recent call last):
  File "/usr/lib/python3.12/asyncio/events.py", line 88, in _run
    self._context.run(self._callback, *self._args)
  File "/home/Shared/UniBe-swiss-ndvi/GitHub/swiss-ndvi-processing/.venv/lib/python3.12/site-packages/tornado/platform/asyncio.py", line 208, in _handle_events
  File "/home/Shared/UniBe-swiss-ndvi/GitHub/swiss-ndvi-processing/.venv/lib/python3.12/site-packages/tornado/netutil.py", line 273, in accept_handler
  File "/usr/lib/python3.12/socket.py", line 295, in accept
OSError: [Errno 24] Too many open files
Exception in callback BaseAsyncIOLoop._handle_events(7, 1)
handle: <Handle BaseAsyncIOLoop._handle_events(7, 1)>
Traceback (most recent call last):
  File "/usr/lib/python3.12/asyncio/events.py", line 88, in _run
    self._context.run(self._callback, *self._args)
  File "/home/Shared/UniBe-swiss-ndvi/GitHub/swiss-ndvi-processing/.venv/lib/python3.12/site-packages/tornado/platform/asyncio.py", line 208, in _handle_events
  File "/home/Shared/UniBe-swiss-ndvi/GitHub/swiss-ndvi-processing/.venv/lib/python3.12/site-packages/tornado/netutil.py", line 273, in accept_handler
  File "/usr/lib/python3.12/socket.py", line 295, in accept
OSError: [Errno 24] Too many open files
2026-04-06 21:48:55,207 - distributed.worker - WARNING - Mismatched versions found

+-------------+---------------------------------------------+-----------+----------+
| Package     | Worker-0ec219b3-31bb-4049-a013-22885b3200bc | Scheduler | Workers  |
+-------------+---------------------------------------------+-----------+----------+
| cloudpickle | 3.1.1                                       | None      | 3.1.1    |
| dask        | 2025.9.1                                    | None      | 2025.9.1 |
| distributed | 2025.9.1                                    | None      | 2025.9.1 |
| lz4         | 4.3.2                                       | None      | 4.3.2    |
| msgpack     | 1.1.1                                       | None      | 1.1.1    |
| toolz       | 1.0.0                                       | None      | 1.0.0    |
| tornado     | 6.5.1                                       | None      | 6.5.1    |
+-------------+---------------------------------------------+-----------+----------+
2026-04-06 21:48:55,208 - distributed.worker - WARNING - Mismatched versions found

+-------------+---------------------------------------------+-----------+----------+
| Package     | Worker-cb8bf1fc-f24e-4ac3-b278-3a32580fbb8a | Scheduler | Workers  |
+-------------+---------------------------------------------+-----------+----------+
| cloudpickle | 3.1.1                                       | None      | 3.1.1    |
| dask        | 2025.9.1                                    | None      | 2025.9.1 |
| distributed | 2025.9.1                                    | None      | 2025.9.1 |
| lz4         | 4.3.2                                       | None      | 4.3.2    |
| msgpack     | 1.1.1                                       | None      | 1.1.1    |
| toolz       | 1.0.0                                       | None      | 1.0.0    |
| tornado     | 6.5.1                                       | None      | 6.5.1    |
+-------------+---------------------------------------------+-----------+----------+
2026-04-06 21:48:55,210 - distributed.worker - WARNING - Mismatched versions found

+-------------+---------------------------------------------+-----------+----------+
| Package     | Worker-bfec27b9-86a8-4649-866d-f2759557a227 | Scheduler | Workers  |
+-------------+---------------------------------------------+-----------+----------+
| cloudpickle | 3.1.1                                       | None      | 3.1.1    |
| dask        | 2025.9.1                                    | None      | 2025.9.1 |
| distributed | 2025.9.1                                    | None      | 2025.9.1 |
| lz4         | 4.3.2                                       | None      | 4.3.2    |
| msgpack     | 1.1.1                                       | None      | 1.1.1    |
| toolz       | 1.0.0                                       | None      | 1.0.0    |
| tornado     | 6.5.1                                       | None      | 6.5.1    |
+-------------+---------------------------------------------+-----------+----------+
2026-04-06 21:48:55,211 - distributed.worker - WARNING - Mismatched versions found

+-------------+---------------------------------------------+-----------+----------+
| Package     | Worker-6f470a6b-f7d5-4c2b-99e5-2dd19c893181 | Scheduler | Workers  |
+-------------+---------------------------------------------+-----------+----------+
| cloudpickle | 3.1.1                                       | None      | 3.1.1    |
| dask        | 2025.9.1                                    | None      | 2025.9.1 |
| distributed | 2025.9.1                                    | None      | 2025.9.1 |
| lz4         | 4.3.2                                       | None      | 4.3.2    |
| msgpack     | 1.1.1                                       | None      | 1.1.1    |
| toolz       | 1.0.0                                       | None      | 1.0.0    |
| tornado     | 6.5.1                                       | None      | 6.5.1    |
+-------------+---------------------------------------------+-----------+----------+
Exception in callback BaseAsyncIOLoop._handle_events(7, 1)
handle: <Handle BaseAsyncIOLoop._handle_events(7, 1)>
Traceback (most recent call last):
  File "/usr/lib/python3.12/asyncio/events.py", line 88, in _run
    self._context.run(self._callback, *self._args)
  File "/home/Shared/UniBe-swiss-ndvi/GitHub/swiss-ndvi-processing/.venv/lib/python3.12/site-packages/tornado/platform/asyncio.py", line 208, in _handle_events
  File "/home/Shared/UniBe-swiss-ndvi/GitHub/swiss-ndvi-processing/.venv/lib/python3.12/site-packages/tornado/netutil.py", line 273, in accept_handler
  File "/usr/lib/python3.12/socket.py", line 295, in accept
OSError: [Errno 24] Too many open files
2026-04-06 21:48:55,212 - distributed.worker - WARNING - Mismatched versions found

+-------------+---------------------------------------------+-----------+----------+
| Package     | Worker-7d5eadfe-8dd4-4ded-947d-d127a14ed668 | Scheduler | Workers  |
+-------------+---------------------------------------------+-----------+----------+
| cloudpickle | 3.1.1                                       | None      | 3.1.1    |
| dask        | 2025.9.1                                    | None      | 2025.9.1 |
| distributed | 2025.9.1                                    | None      | 2025.9.1 |
| lz4         | 4.3.2                                       | None      | 4.3.2    |
| msgpack     | 1.1.1                                       | None      | 1.1.1    |
| toolz       | 1.0.0                                       | None      | 1.0.0    |
| tornado     | 6.5.1                                       | None      | 6.5.1    |
+-------------+---------------------------------------------+-----------+----------+
Exception in callback BaseAsyncIOLoop._handle_events(7, 1)
handle: <Handle BaseAsyncIOLoop._handle_events(7, 1)>
Traceback (most recent call last):
  File "/usr/lib/python3.12/asyncio/events.py", line 88, in _run
    self._context.run(self._callback, *self._args)
  File "/home/Shared/UniBe-swiss-ndvi/GitHub/swiss-ndvi-processing/.venv/lib/python3.12/site-packages/tornado/platform/asyncio.py", line 208, in _handle_events
  File "/home/Shared/UniBe-swiss-ndvi/GitHub/swiss-ndvi-processing/.venv/lib/python3.12/site-packages/tornado/netutil.py", line 273, in accept_handler
  File "/usr/lib/python3.12/socket.py", line 295, in accept
OSError: [Errno 24] Too many open files
Exception in callback BaseAsyncIOLoop._handle_events(7, 1)
handle: <Handle BaseAsyncIOLoop._handle_events(7, 1)>
Traceback (most recent call last):
  File "/usr/lib/python3.12/asyncio/events.py", line 88, in _run
    self._context.run(self._callback, *self._args)
  File "/home/Shared/UniBe-swiss-ndvi/GitHub/swiss-ndvi-processing/.venv/lib/python3.12/site-packages/tornado/platform/asyncio.py", line 208, in _handle_events
  File "/home/Shared/UniBe-swiss-ndvi/GitHub/swiss-ndvi-processing/.venv/lib/python3.12/site-packages/tornado/netutil.py", line 273, in accept_handler
  File "/usr/lib/python3.12/socket.py", line 295, in accept
OSError: [Errno 24] Too many open files
2026-04-06 21:48:55,216 - distributed.worker - WARNING - Mismatched versions found

+-------------+---------------------------------------------+-----------+----------+
| Package     | Worker-19e20c26-77c6-43ac-b00e-bf78e1b43241 | Scheduler | Workers  |
+-------------+---------------------------------------------+-----------+----------+
| cloudpickle | 3.1.1                                       | None      | 3.1.1    |
| dask        | 2025.9.1                                    | None      | 2025.9.1 |
| distributed | 2025.9.1                                    | None      | 2025.9.1 |
| lz4         | 4.3.2                                       | None      | 4.3.2    |
| msgpack     | 1.1.1                                       | None      | 1.1.1    |
| toolz       | 1.0.0                                       | None      | 1.0.0    |
| tornado     | 6.5.1                                       | None      | 6.5.1    |
+-------------+---------------------------------------------+-----------+----------+
Exception in callback BaseAsyncIOLoop._handle_events(7, 1)
handle: <Handle BaseAsyncIOLoop._handle_events(7, 1)>
Traceback (most recent call last):
  File "/usr/lib/python3.12/asyncio/events.py", line 88, in _run
    self._context.run(self._callback, *self._args)
  File "/home/Shared/UniBe-swiss-ndvi/GitHub/swiss-ndvi-processing/.venv/lib/python3.12/site-packages/tornado/platform/asyncio.py", line 208, in _handle_events
  File "/home/Shared/UniBe-swiss-ndvi/GitHub/swiss-ndvi-processing/.venv/lib/python3.12/site-packages/tornado/netutil.py", line 273, in accept_handler
  File "/usr/lib/python3.12/socket.py", line 295, in accept
OSError: [Errno 24] Too many open files
Exception in callback BaseAsyncIOLoop._handle_events(7, 1)
handle: <Handle BaseAsyncIOLoop._handle_events(7, 1)>
Traceback (most recent call last):
  File "/usr/lib/python3.12/asyncio/events.py", line 88, in _run
    self._context.run(self._callback, *self._args)
  File "/home/Shared/UniBe-swiss-ndvi/GitHub/swiss-ndvi-processing/.venv/lib/python3.12/site-packages/tornado/platform/asyncio.py", line 208, in _handle_events
  File "/home/Shared/UniBe-swiss-ndvi/GitHub/swiss-ndvi-processing/.venv/lib/python3.12/site-packages/tornado/netutil.py", line 273, in accept_handler
  File "/usr/lib/python3.12/socket.py", line 295, in accept
OSError: [Errno 24] Too many open files
Exception in callback BaseAsyncIOLoop._handle_events(7, 1)
handle: <Handle BaseAsyncIOLoop._handle_events(7, 1)>
Traceback (most recent call last):
  File "/usr/lib/python3.12/asyncio/events.py", line 88, in _run
    self._context.run(self._callback, *self._args)
  File "/home/Shared/UniBe-swiss-ndvi/GitHub/swiss-ndvi-processing/.venv/lib/python3.12/site-packages/tornado/platform/asyncio.py", line 208, in _handle_events
  File "/home/Shared/UniBe-swiss-ndvi/GitHub/swiss-ndvi-processing/.venv/lib/python3.12/site-packages/tornado/netutil.py", line 273, in accept_handler
  File "/usr/lib/python3.12/socket.py", line 295, in accept
OSError: [Errno 24] Too many open files
Exception in callback BaseAsyncIOLoop._handle_events(7, 1)
handle: <Handle BaseAsyncIOLoop._handle_events(7, 1)>
Traceback (most recent call last):
  File "/usr/lib/python3.12/asyncio/events.py", line 88, in _run
    self._context.run(self._callback, *self._args)
  File "/home/Shared/UniBe-swiss-ndvi/GitHub/swiss-ndvi-processing/.venv/lib/python3.12/site-packages/tornado/platform/asyncio.py", line 208, in _handle_events
  File "/home/Shared/UniBe-swiss-ndvi/GitHub/swiss-ndvi-processing/.venv/lib/python3.12/site-packages/tornado/netutil.py", line 273, in accept_handler
  File "/usr/lib/python3.12/socket.py", line 295, in accept
OSError: [Errno 24] Too many open files
Exception in callback BaseAsyncIOLoop._handle_events(7, 1)
handle: <Handle BaseAsyncIOLoop._handle_events(7, 1)>
Traceback (most recent call last):
  File "/usr/lib/python3.12/asyncio/events.py", line 88, in _run
    self._context.run(self._callback, *self._args)
  File "/home/Shared/UniBe-swiss-ndvi/GitHub/swiss-ndvi-processing/.venv/lib/python3.12/site-packages/tornado/platform/asyncio.py", line 208, in _handle_events
  File "/home/Shared/UniBe-swiss-ndvi/GitHub/swiss-ndvi-processing/.venv/lib/python3.12/site-packages/tornado/netutil.py", line 273, in accept_handler
  File "/usr/lib/python3.12/socket.py", line 295, in accept
OSError: [Errno 24] Too many open files
Exception in callback BaseAsyncIOLoop._handle_events(7, 1)
handle: <Handle BaseAsyncIOLoop._handle_events(7, 1)>
Traceback (most recent call last):
  File "/usr/lib/python3.12/asyncio/events.py", line 88, in _run
    self._context.run(self._callback, *self._args)
  File "/home/Shared/UniBe-swiss-ndvi/GitHub/swiss-ndvi-processing/.venv/lib/python3.12/site-packages/tornado/platform/asyncio.py", line 208, in _handle_events
  File "/home/Shared/UniBe-swiss-ndvi/GitHub/swiss-ndvi-processing/.venv/lib/python3.12/site-packages/tornado/netutil.py", line 273, in accept_handler
  File "/usr/lib/python3.12/socket.py", line 295, in accept
OSError: [Errno 24] Too many open files
Exception in callback BaseAsyncIOLoop._handle_events(7, 1)
handle: <Handle BaseAsyncIOLoop._handle_events(7, 1)>
Traceback (most recent call last):
  File "/usr/lib/python3.12/asyncio/events.py", line 88, in _run
    self._context.run(self._callback, *self._args)
  File "/home/Shared/UniBe-swiss-ndvi/GitHub/swiss-ndvi-processing/.venv/lib/python3.12/site-packages/tornado/platform/asyncio.py", line 208, in _handle_events
  File "/home/Shared/UniBe-swiss-ndvi/GitHub/swiss-ndvi-processing/.venv/lib/python3.12/site-packages/tornado/netutil.py", line 273, in accept_handler
  File "/usr/lib/python3.12/socket.py", line 295, in accept
OSError: [Errno 24] Too many open files
Exception in callback BaseAsyncIOLoop._handle_events(7, 1)
handle: <Handle BaseAsyncIOLoop._handle_events(7, 1)>
Traceback (most recent call last):
  File "/usr/lib/python3.12/asyncio/events.py", line 88, in _run
    self._context.run(self._callback, *self._args)
  File "/home/Shared/UniBe-swiss-ndvi/GitHub/swiss-ndvi-processing/.venv/lib/python3.12/site-packages/tornado/platform/asyncio.py", line 208, in _handle_events
  File "/home/Shared/UniBe-swiss-ndvi/GitHub/swiss-ndvi-processing/.venv/lib/python3.12/site-packages/tornado/netutil.py", line 273, in accept_handler
  File "/usr/lib/python3.12/socket.py", line 295, in accept
OSError: [Errno 24] Too many open files
Exception in callback BaseAsyncIOLoop._handle_events(7, 1)
handle: <Handle BaseAsyncIOLoop._handle_events(7, 1)>
Traceback (most recent call last):
  File "/usr/lib/python3.12/asyncio/events.py", line 88, in _run
    self._context.run(self._callback, *self._args)
  File "/home/Shared/UniBe-swiss-ndvi/GitHub/swiss-ndvi-processing/.venv/lib/python3.12/site-packages/tornado/platform/asyncio.py", line 208, in _handle_events
  File "/home/Shared/UniBe-swiss-ndvi/GitHub/swiss-ndvi-processing/.venv/lib/python3.12/site-packages/tornado/netutil.py", line 273, in accept_handler
  File "/usr/lib/python3.12/socket.py", line 295, in accept
OSError: [Errno 24] Too many open files
Exception in callback BaseAsyncIOLoop._handle_events(7, 1)
handle: <Handle BaseAsyncIOLoop._handle_events(7, 1)>
Traceback (most recent call last):
  File "/usr/lib/python3.12/asyncio/events.py", line 88, in _run
    self._context.run(self._callback, *self._args)
  File "/home/Shared/UniBe-swiss-ndvi/GitHub/swiss-ndvi-processing/.venv/lib/python3.12/site-packages/tornado/platform/asyncio.py", line 208, in _handle_events
  File "/home/Shared/UniBe-swiss-ndvi/GitHub/swiss-ndvi-processing/.venv/lib/python3.12/site-packages/tornado/netutil.py", line 273, in accept_handler
  File "/usr/lib/python3.12/socket.py", line 295, in accept
OSError: [Errno 24] Too many open files
Exception in callback BaseAsyncIOLoop._handle_events(7, 1)
handle: <Handle BaseAsyncIOLoop._handle_events(7, 1)>
Traceback (most recent call last):
  File "/usr/lib/python3.12/asyncio/events.py", line 88, in _run
    self._context.run(self._callback, *self._args)
  File "/home/Shared/UniBe-swiss-ndvi/GitHub/swiss-ndvi-processing/.venv/lib/python3.12/site-packages/tornado/platform/asyncio.py", line 208, in _handle_events
  File "/home/Shared/UniBe-swiss-ndvi/GitHub/swiss-ndvi-processing/.venv/lib/python3.12/site-packages/tornado/netutil.py", line 273, in accept_handler
  File "/usr/lib/python3.12/socket.py", line 295, in accept
OSError: [Errno 24] Too many open files
Exception in callback BaseAsyncIOLoop._handle_events(7, 1)
handle: <Handle BaseAsyncIOLoop._handle_events(7, 1)>
Traceback (most recent call last):
  File "/usr/lib/python3.12/asyncio/events.py", line 88, in _run
    self._context.run(self._callback, *self._args)
  File "/home/Shared/UniBe-swiss-ndvi/GitHub/swiss-ndvi-processing/.venv/lib/python3.12/site-packages/tornado/platform/asyncio.py", line 208, in _handle_events
  File "/home/Shared/UniBe-swiss-ndvi/GitHub/swiss-ndvi-processing/.venv/lib/python3.12/site-packages/tornado/netutil.py", line 273, in accept_handler
  File "/usr/lib/python3.12/socket.py", line 295, in accept
OSError: [Errno 24] Too many open files
Exception in callback BaseAsyncIOLoop._handle_events(7, 1)
handle: <Handle BaseAsyncIOLoop._handle_events(7, 1)>
Traceback (most recent call last):
  File "/usr/lib/python3.12/asyncio/events.py", line 88, in _run
    self._context.run(self._callback, *self._args)
  File "/home/Shared/UniBe-swiss-ndvi/GitHub/swiss-ndvi-processing/.venv/lib/python3.12/site-packages/tornado/platform/asyncio.py", line 208, in _handle_events
  File "/home/Shared/UniBe-swiss-ndvi/GitHub/swiss-ndvi-processing/.venv/lib/python3.12/site-packages/tornado/netutil.py", line 273, in accept_handler
  File "/usr/lib/python3.12/socket.py", line 295, in accept
OSError: [Errno 24] Too many open files
Exception in callback BaseAsyncIOLoop._handle_events(7, 1)
handle: <Handle BaseAsyncIOLoop._handle_events(7, 1)>
Traceback (most recent call last):
  File "/usr/lib/python3.12/asyncio/events.py", line 88, in _run
    self._context.run(self._callback, *self._args)
  File "/home/Shared/UniBe-swiss-ndvi/GitHub/swiss-ndvi-processing/.venv/lib/python3.12/site-packages/tornado/platform/asyncio.py", line 208, in _handle_events
  File "/home/Shared/UniBe-swiss-ndvi/GitHub/swiss-ndvi-processing/.venv/lib/python3.12/site-packages/tornado/netutil.py", line 273, in accept_handler
  File "/usr/lib/python3.12/socket.py", line 295, in accept
OSError: [Errno 24] Too many open files
Exception in callback BaseAsyncIOLoop._handle_events(7, 1)
handle: <Handle BaseAsyncIOLoop._handle_events(7, 1)>
Traceback (most recent call last):
  File "/usr/lib/python3.12/asyncio/events.py", line 88, in _run
    self._context.run(self._callback, *self._args)
  File "/home/Shared/UniBe-swiss-ndvi/GitHub/swiss-ndvi-processing/.venv/lib/python3.12/site-packages/tornado/platform/asyncio.py", line 208, in _handle_events
  File "/home/Shared/UniBe-swiss-ndvi/GitHub/swiss-ndvi-processing/.venv/lib/python3.12/site-packages/tornado/netutil.py", line 273, in accept_handler
  File "/usr/lib/python3.12/socket.py", line 295, in accept
OSError: [Errno 24] Too many open files
Exception in callback BaseAsyncIOLoop._handle_events(7, 1)
handle: <Handle BaseAsyncIOLoop._handle_events(7, 1)>
Traceback (most recent call last):
  File "/usr/lib/python3.12/asyncio/events.py", line 88, in _run
    self._context.run(self._callback, *self._args)
  File "/home/Shared/UniBe-swiss-ndvi/GitHub/swiss-ndvi-processing/.venv/lib/python3.12/site-packages/tornado/platform/asyncio.py", line 208, in _handle_events
  File "/home/Shared/UniBe-swiss-ndvi/GitHub/swiss-ndvi-processing/.venv/lib/python3.12/site-packages/tornado/netutil.py", line 273, in accept_handler
  File "/usr/lib/python3.12/socket.py", line 295, in accept
OSError: [Errno 24] Too many open files
Exception in callback BaseAsyncIOLoop._handle_events(7, 1)
handle: <Handle BaseAsyncIOLoop._handle_events(7, 1)>
Traceback (most recent call last):
  File "/usr/lib/python3.12/asyncio/events.py", line 88, in _run
    self._context.run(self._callback, *self._args)
  File "/home/Shared/UniBe-swiss-ndvi/GitHub/swiss-ndvi-processing/.venv/lib/python3.12/site-packages/tornado/platform/asyncio.py", line 208, in _handle_events
  File "/home/Shared/UniBe-swiss-ndvi/GitHub/swiss-ndvi-processing/.venv/lib/python3.12/site-packages/tornado/netutil.py", line 273, in accept_handler
  File "/usr/lib/python3.12/socket.py", line 295, in accept
OSError: [Errno 24] Too many open files
Exception in callback BaseAsyncIOLoop._handle_events(7, 1)
handle: <Handle BaseAsyncIOLoop._handle_events(7, 1)>
Traceback (most recent call last):
  File "/usr/lib/python3.12/asyncio/events.py", line 88, in _run
    self._context.run(self._callback, *self._args)
  File "/home/Shared/UniBe-swiss-ndvi/GitHub/swiss-ndvi-processing/.venv/lib/python3.12/site-packages/tornado/platform/asyncio.py", line 208, in _handle_events
  File "/home/Shared/UniBe-swiss-ndvi/GitHub/swiss-ndvi-processing/.venv/lib/python3.12/site-packages/tornado/netutil.py", line 273, in accept_handler
  File "/usr/lib/python3.12/socket.py", line 295, in accept
OSError: [Errno 24] Too many open files
Exception in callback BaseAsyncIOLoop._handle_events(7, 1)
handle: <Handle BaseAsyncIOLoop._handle_events(7, 1)>
Traceback (most recent call last):
  File "/usr/lib/python3.12/asyncio/events.py", line 88, in _run
    self._context.run(self._callback, *self._args)
  File "/home/Shared/UniBe-swiss-ndvi/GitHub/swiss-ndvi-processing/.venv/lib/python3.12/site-packages/tornado/platform/asyncio.py", line 208, in _handle_events
  File "/home/Shared/UniBe-swiss-ndvi/GitHub/swiss-ndvi-processing/.venv/lib/python3.12/site-packages/tornado/netutil.py", line 273, in accept_handler
  File "/usr/lib/python3.12/socket.py", line 295, in accept
OSError: [Errno 24] Too many open files
Exception in callback BaseAsyncIOLoop._handle_events(7, 1)
handle: <Handle BaseAsyncIOLoop._handle_events(7, 1)>
Traceback (most recent call last):
  File "/usr/lib/python3.12/asyncio/events.py", line 88, in _run
    self._context.run(self._callback, *self._args)
  File "/home/Shared/UniBe-swiss-ndvi/GitHub/swiss-ndvi-processing/.venv/lib/python3.12/site-packages/tornado/platform/asyncio.py", line 208, in _handle_events
  File "/home/Shared/UniBe-swiss-ndvi/GitHub/swiss-ndvi-processing/.venv/lib/python3.12/site-packages/tornado/netutil.py", line 273, in accept_handler
  File "/usr/lib/python3.12/socket.py", line 295, in accept
OSError: [Errno 24] Too many open files
Exception in callback BaseAsyncIOLoop._handle_events(7, 1)
handle: <Handle BaseAsyncIOLoop._handle_events(7, 1)>
Traceback (most recent call last):
  File "/usr/lib/python3.12/asyncio/events.py", line 88, in _run
    self._context.run(self._callback, *self._args)
  File "/home/Shared/UniBe-swiss-ndvi/GitHub/swiss-ndvi-processing/.venv/lib/python3.12/site-packages/tornado/platform/asyncio.py", line 208, in _handle_events
  File "/home/Shared/UniBe-swiss-ndvi/GitHub/swiss-ndvi-processing/.venv/lib/python3.12/site-packages/tornado/netutil.py", line 273, in accept_handler
  File "/usr/lib/python3.12/socket.py", line 295, in accept
OSError: [Errno 24] Too many open files
Exception in callback BaseAsyncIOLoop._handle_events(7, 1)
handle: <Handle BaseAsyncIOLoop._handle_events(7, 1)>
Traceback (most recent call last):
  File "/usr/lib/python3.12/asyncio/events.py", line 88, in _run
    self._context.run(self._callback, *self._args)
  File "/home/Shared/UniBe-swiss-ndvi/GitHub/swiss-ndvi-processing/.venv/lib/python3.12/site-packages/tornado/platform/asyncio.py", line 208, in _handle_events
  File "/home/Shared/UniBe-swiss-ndvi/GitHub/swiss-ndvi-processing/.venv/lib/python3.12/site-packages/tornado/netutil.py", line 273, in accept_handler
  File "/usr/lib/python3.12/socket.py", line 295, in accept
OSError: [Errno 24] Too many open files
Exception in callback BaseAsyncIOLoop._handle_events(7, 1)
handle: <Handle BaseAsyncIOLoop._handle_events(7, 1)>
Traceback (most recent call last):
  File "/usr/lib/python3.12/asyncio/events.py", line 88, in _run
    self._context.run(self._callback, *self._args)
  File "/home/Shared/UniBe-swiss-ndvi/GitHub/swiss-ndvi-processing/.venv/lib/python3.12/site-packages/tornado/platform/asyncio.py", line 208, in _handle_events
  File "/home/Shared/UniBe-swiss-ndvi/GitHub/swiss-ndvi-processing/.venv/lib/python3.12/site-packages/tornado/netutil.py", line 273, in accept_handler
  File "/usr/lib/python3.12/socket.py", line 295, in accept
OSError: [Errno 24] Too many open files
Exception in callback BaseAsyncIOLoop._handle_events(7, 1)
handle: <Handle BaseAsyncIOLoop._handle_events(7, 1)>
Traceback (most recent call last):
  File "/usr/lib/python3.12/asyncio/events.py", line 88, in _run
    self._context.run(self._callback, *self._args)
  File "/home/Shared/UniBe-swiss-ndvi/GitHub/swiss-ndvi-processing/.venv/lib/python3.12/site-packages/tornado/platform/asyncio.py", line 208, in _handle_events
  File "/home/Shared/UniBe-swiss-ndvi/GitHub/swiss-ndvi-processing/.venv/lib/python3.12/site-packages/tornado/netutil.py", line 273, in accept_handler
  File "/usr/lib/python3.12/socket.py", line 295, in accept
OSError: [Errno 24] Too many open files
Exception in callback BaseAsyncIOLoop._handle_events(7, 1)
handle: <Handle BaseAsyncIOLoop._handle_events(7, 1)>
Traceback (most recent call last):
  File "/usr/lib/python3.12/asyncio/events.py", line 88, in _run
    self._context.run(self._callback, *self._args)
  File "/home/Shared/UniBe-swiss-ndvi/GitHub/swiss-ndvi-processing/.venv/lib/python3.12/site-packages/tornado/platform/asyncio.py", line 208, in _handle_events
  File "/home/Shared/UniBe-swiss-ndvi/GitHub/swiss-ndvi-processing/.venv/lib/python3.12/site-packages/tornado/netutil.py", line 273, in accept_handler
  File "/usr/lib/python3.12/socket.py", line 295, in accept
OSError: [Errno 24] Too many open files
Exception in callback BaseAsyncIOLoop._handle_events(7, 1)
handle: <Handle BaseAsyncIOLoop._handle_events(7, 1)>
Traceback (most recent call last):
  File "/usr/lib/python3.12/asyncio/events.py", line 88, in _run
    self._context.run(self._callback, *self._args)
  File "/home/Shared/UniBe-swiss-ndvi/GitHub/swiss-ndvi-processing/.venv/lib/python3.12/site-packages/tornado/platform/asyncio.py", line 208, in _handle_events
  File "/home/Shared/UniBe-swiss-ndvi/GitHub/swiss-ndvi-processing/.venv/lib/python3.12/site-packages/tornado/netutil.py", line 273, in accept_handler
  File "/usr/lib/python3.12/socket.py", line 295, in accept
OSError: [Errno 24] Too many open files
Exception in callback BaseAsyncIOLoop._handle_events(7, 1)
handle: <Handle BaseAsyncIOLoop._handle_events(7, 1)>
Traceback (most recent call last):
  File "/usr/lib/python3.12/asyncio/events.py", line 88, in _run
    self._context.run(self._callback, *self._args)
  File "/home/Shared/UniBe-swiss-ndvi/GitHub/swiss-ndvi-processing/.venv/lib/python3.12/site-packages/tornado/platform/asyncio.py", line 208, in _handle_events
  File "/home/Shared/UniBe-swiss-ndvi/GitHub/swiss-ndvi-processing/.venv/lib/python3.12/site-packages/tornado/netutil.py", line 273, in accept_handler
  File "/usr/lib/python3.12/socket.py", line 295, in accept
OSError: [Errno 24] Too many open files
Exception in callback BaseAsyncIOLoop._handle_events(7, 1)
handle: <Handle BaseAsyncIOLoop._handle_events(7, 1)>
Traceback (most recent call last):
  File "/usr/lib/python3.12/asyncio/events.py", line 88, in _run
    self._context.run(self._callback, *self._args)
  File "/home/Shared/UniBe-swiss-ndvi/GitHub/swiss-ndvi-processing/.venv/lib/python3.12/site-packages/tornado/platform/asyncio.py", line 208, in _handle_events
  File "/home/Shared/UniBe-swiss-ndvi/GitHub/swiss-ndvi-processing/.venv/lib/python3.12/site-packages/tornado/netutil.py", line 273, in accept_handler
  File "/usr/lib/python3.12/socket.py", line 295, in accept
OSError: [Errno 24] Too many open files
Exception in callback BaseAsyncIOLoop._handle_events(7, 1)
handle: <Handle BaseAsyncIOLoop._handle_events(7, 1)>
Traceback (most recent call last):
  File "/usr/lib/python3.12/asyncio/events.py", line 88, in _run
    self._context.run(self._callback, *self._args)
  File "/home/Shared/UniBe-swiss-ndvi/GitHub/swiss-ndvi-processing/.venv/lib/python3.12/site-packages/tornado/platform/asyncio.py", line 208, in _handle_events
  File "/home/Shared/UniBe-swiss-ndvi/GitHub/swiss-ndvi-processing/.venv/lib/python3.12/site-packages/tornado/netutil.py", line 273, in accept_handler
  File "/usr/lib/python3.12/socket.py", line 295, in accept
OSError: [Errno 24] Too many open files
Exception in callback BaseAsyncIOLoop._handle_events(7, 1)
handle: <Handle BaseAsyncIOLoop._handle_events(7, 1)>
Traceback (most recent call last):
  File "/usr/lib/python3.12/asyncio/events.py", line 88, in _run
    self._context.run(self._callback, *self._args)
  File "/home/Shared/UniBe-swiss-ndvi/GitHub/swiss-ndvi-processing/.venv/lib/python3.12/site-packages/tornado/platform/asyncio.py", line 208, in _handle_events
  File "/home/Shared/UniBe-swiss-ndvi/GitHub/swiss-ndvi-processing/.venv/lib/python3.12/site-packages/tornado/netutil.py", line 273, in accept_handler
  File "/usr/lib/python3.12/socket.py", line 295, in accept
OSError: [Errno 24] Too many open files
Exception in callback BaseAsyncIOLoop._handle_events(7, 1)
handle: <Handle BaseAsyncIOLoop._handle_events(7, 1)>
Traceback (most recent call last):
  File "/usr/lib/python3.12/asyncio/events.py", line 88, in _run
    self._context.run(self._callback, *self._args)
  File "/home/Shared/UniBe-swiss-ndvi/GitHub/swiss-ndvi-processing/.venv/lib/python3.12/site-packages/tornado/platform/asyncio.py", line 208, in _handle_events
  File "/home/Shared/UniBe-swiss-ndvi/GitHub/swiss-ndvi-processing/.venv/lib/python3.12/site-packages/tornado/netutil.py", line 273, in accept_handler
  File "/usr/lib/python3.12/socket.py", line 295, in accept
OSError: [Errno 24] Too many open files
Exception in callback BaseAsyncIOLoop._handle_events(7, 1)
handle: <Handle BaseAsyncIOLoop._handle_events(7, 1)>
Traceback (most recent call last):
  File "/usr/lib/python3.12/asyncio/events.py", line 88, in _run
    self._context.run(self._callback, *self._args)
  File "/home/Shared/UniBe-swiss-ndvi/GitHub/swiss-ndvi-processing/.venv/lib/python3.12/site-packages/tornado/platform/asyncio.py", line 208, in _handle_events
  File "/home/Shared/UniBe-swiss-ndvi/GitHub/swiss-ndvi-processing/.venv/lib/python3.12/site-packages/tornado/netutil.py", line 273, in accept_handler
  File "/usr/lib/python3.12/socket.py", line 295, in accept
OSError: [Errno 24] Too many open files
2026-04-06 21:48:55,227 - distributed.worker - WARNING - Mismatched versions found

+-------------+---------------------------------------------+-----------+----------+
| Package     | Worker-71ebe444-5425-4a1a-a9e8-8b2afc2b08e7 | Scheduler | Workers  |
+-------------+---------------------------------------------+-----------+----------+
| cloudpickle | 3.1.1                                       | None      | 3.1.1    |
| dask        | 2025.9.1                                    | None      | 2025.9.1 |
| distributed | 2025.9.1                                    | None      | 2025.9.1 |
| lz4         | 4.3.2                                       | None      | 4.3.2    |
| msgpack     | 1.1.1                                       | None      | 1.1.1    |
| toolz       | 1.0.0                                       | None      | 1.0.0    |
| tornado     | 6.5.1                                       | None      | 6.5.1    |
+-------------+---------------------------------------------+-----------+----------+
Exception in callback BaseAsyncIOLoop._handle_events(7, 1)
handle: <Handle BaseAsyncIOLoop._handle_events(7, 1)>
Traceback (most recent call last):
  File "/usr/lib/python3.12/asyncio/events.py", line 88, in _run
    self._context.run(self._callback, *self._args)
  File "/home/Shared/UniBe-swiss-ndvi/GitHub/swiss-ndvi-processing/.venv/lib/python3.12/site-packages/tornado/platform/asyncio.py", line 208, in _handle_events
  File "/home/Shared/UniBe-swiss-ndvi/GitHub/swiss-ndvi-processing/.venv/lib/python3.12/site-packages/tornado/netutil.py", line 273, in accept_handler
  File "/usr/lib/python3.12/socket.py", line 295, in accept
OSError: [Errno 24] Too many open files
Exception in callback BaseAsyncIOLoop._handle_events(7, 1)
handle: <Handle BaseAsyncIOLoop._handle_events(7, 1)>
Traceback (most recent call last):
  File "/usr/lib/python3.12/asyncio/events.py", line 88, in _run
    self._context.run(self._callback, *self._args)
  File "/home/Shared/UniBe-swiss-ndvi/GitHub/swiss-ndvi-processing/.venv/lib/python3.12/site-packages/tornado/platform/asyncio.py", line 208, in _handle_events
  File "/home/Shared/UniBe-swiss-ndvi/GitHub/swiss-ndvi-processing/.venv/lib/python3.12/site-packages/tornado/netutil.py", line 273, in accept_handler
  File "/usr/lib/python3.12/socket.py", line 295, in accept
OSError: [Errno 24] Too many open files
2026-04-06 21:48:55,229 - distributed.worker - WARNING - Mismatched versions found

+-------------+---------------------------------------------+-----------+----------+
| Package     | Worker-31b3006f-5fcd-4407-bd9a-cfae72062149 | Scheduler | Workers  |
+-------------+---------------------------------------------+-----------+----------+
| cloudpickle | 3.1.1                                       | None      | 3.1.1    |
| dask        | 2025.9.1                                    | None      | 2025.9.1 |
| distributed | 2025.9.1                                    | None      | 2025.9.1 |
| lz4         | 4.3.2                                       | None      | 4.3.2    |
| msgpack     | 1.1.1                                       | None      | 1.1.1    |
| toolz       | 1.0.0                                       | None      | 1.0.0    |
| tornado     | 6.5.1                                       | None      | 6.5.1    |
+-------------+---------------------------------------------+-----------+----------+
Exception in callback BaseAsyncIOLoop._handle_events(7, 1)
handle: <Handle BaseAsyncIOLoop._handle_events(7, 1)>
Traceback (most recent call last):
  File "/usr/lib/python3.12/asyncio/events.py", line 88, in _run
    self._context.run(self._callback, *self._args)
  File "/home/Shared/UniBe-swiss-ndvi/GitHub/swiss-ndvi-processing/.venv/lib/python3.12/site-packages/tornado/platform/asyncio.py", line 208, in _handle_events
  File "/home/Shared/UniBe-swiss-ndvi/GitHub/swiss-ndvi-processing/.venv/lib/python3.12/site-packages/tornado/netutil.py", line 273, in accept_handler
  File "/usr/lib/python3.12/socket.py", line 295, in accept
OSError: [Errno 24] Too many open files
Exception in callback BaseAsyncIOLoop._handle_events(7, 1)
handle: <Handle BaseAsyncIOLoop._handle_events(7, 1)>
Traceback (most recent call last):
  File "/usr/lib/python3.12/asyncio/events.py", line 88, in _run
    self._context.run(self._callback, *self._args)
  File "/home/Shared/UniBe-swiss-ndvi/GitHub/swiss-ndvi-processing/.venv/lib/python3.12/site-packages/tornado/platform/asyncio.py", line 208, in _handle_events
  File "/home/Shared/UniBe-swiss-ndvi/GitHub/swiss-ndvi-processing/.venv/lib/python3.12/site-packages/tornado/netutil.py", line 273, in accept_handler
  File "/usr/lib/python3.12/socket.py", line 295, in accept
OSError: [Errno 24] Too many open files
Exception in callback BaseAsyncIOLoop._handle_events(7, 1)
handle: <Handle BaseAsyncIOLoop._handle_events(7, 1)>
Traceback (most recent call last):
  File "/usr/lib/python3.12/asyncio/events.py", line 88, in _run
    self._context.run(self._callback, *self._args)
  File "/home/Shared/UniBe-swiss-ndvi/GitHub/swiss-ndvi-processing/.venv/lib/python3.12/site-packages/tornado/platform/asyncio.py", line 208, in _handle_events
  File "/home/Shared/UniBe-swiss-ndvi/GitHub/swiss-ndvi-processing/.venv/lib/python3.12/site-packages/tornado/netutil.py", line 273, in accept_handler
  File "/usr/lib/python3.12/socket.py", line 295, in accept
OSError: [Errno 24] Too many open files
Exception in callback BaseAsyncIOLoop._handle_events(7, 1)
handle: <Handle BaseAsyncIOLoop._handle_events(7, 1)>
Traceback (most recent call last):
  File "/usr/lib/python3.12/asyncio/events.py", line 88, in _run
    self._context.run(self._callback, *self._args)
  File "/home/Shared/UniBe-swiss-ndvi/GitHub/swiss-ndvi-processing/.venv/lib/python3.12/site-packages/tornado/platform/asyncio.py", line 208, in _handle_events
  File "/home/Shared/UniBe-swiss-ndvi/GitHub/swiss-ndvi-processing/.venv/lib/python3.12/site-packages/tornado/netutil.py", line 273, in accept_handler
  File "/usr/lib/python3.12/socket.py", line 295, in accept
OSError: [Errno 24] Too many open files
Exception in callback BaseAsyncIOLoop._handle_events(7, 1)
handle: <Handle BaseAsyncIOLoop._handle_events(7, 1)>
Traceback (most recent call last):
  File "/usr/lib/python3.12/asyncio/events.py", line 88, in _run
    self._context.run(self._callback, *self._args)
  File "/home/Shared/UniBe-swiss-ndvi/GitHub/swiss-ndvi-processing/.venv/lib/python3.12/site-packages/tornado/platform/asyncio.py", line 208, in _handle_events
  File "/home/Shared/UniBe-swiss-ndvi/GitHub/swiss-ndvi-processing/.venv/lib/python3.12/site-packages/tornado/netutil.py", line 273, in accept_handler
  File "/usr/lib/python3.12/socket.py", line 295, in accept
OSError: [Errno 24] Too many open files
Exception in callback BaseAsyncIOLoop._handle_events(7, 1)
handle: <Handle BaseAsyncIOLoop._handle_events(7, 1)>
Traceback (most recent call last):
  File "/usr/lib/python3.12/asyncio/events.py", line 88, in _run
    self._context.run(self._callback, *self._args)
  File "/home/Shared/UniBe-swiss-ndvi/GitHub/swiss-ndvi-processing/.venv/lib/python3.12/site-packages/tornado/platform/asyncio.py", line 208, in _handle_events
  File "/home/Shared/UniBe-swiss-ndvi/GitHub/swiss-ndvi-processing/.venv/lib/python3.12/site-packages/tornado/netutil.py", line 273, in accept_handler
  File "/usr/lib/python3.12/socket.py", line 295, in accept
OSError: [Errno 24] Too many open files
Exception in callback BaseAsyncIOLoop._handle_events(7, 1)
handle: <Handle BaseAsyncIOLoop._handle_events(7, 1)>
Traceback (most recent call last):
  File "/usr/lib/python3.12/asyncio/events.py", line 88, in _run
    self._context.run(self._callback, *self._args)
  File "/home/Shared/UniBe-swiss-ndvi/GitHub/swiss-ndvi-processing/.venv/lib/python3.12/site-packages/tornado/platform/asyncio.py", line 208, in _handle_events
  File "/home/Shared/UniBe-swiss-ndvi/GitHub/swiss-ndvi-processing/.venv/lib/python3.12/site-packages/tornado/netutil.py", line 273, in accept_handler
  File "/usr/lib/python3.12/socket.py", line 295, in accept
OSError: [Errno 24] Too many open files
Exception in callback BaseAsyncIOLoop._handle_events(7, 1)
handle: <Handle BaseAsyncIOLoop._handle_events(7, 1)>
Traceback (most recent call last):
  File "/usr/lib/python3.12/asyncio/events.py", line 88, in _run
    self._context.run(self._callback, *self._args)
  File "/home/Shared/UniBe-swiss-ndvi/GitHub/swiss-ndvi-processing/.venv/lib/python3.12/site-packages/tornado/platform/asyncio.py", line 208, in _handle_events
  File "/home/Shared/UniBe-swiss-ndvi/GitHub/swiss-ndvi-processing/.venv/lib/python3.12/site-packages/tornado/netutil.py", line 273, in accept_handler
  File "/usr/lib/python3.12/socket.py", line 295, in accept
OSError: [Errno 24] Too many open files
Exception in callback BaseAsyncIOLoop._handle_events(7, 1)
handle: <Handle BaseAsyncIOLoop._handle_events(7, 1)>
Traceback (most recent call last):
  File "/usr/lib/python3.12/asyncio/events.py", line 88, in _run
    self._context.run(self._callback, *self._args)
  File "/home/Shared/UniBe-swiss-ndvi/GitHub/swiss-ndvi-processing/.venv/lib/python3.12/site-packages/tornado/platform/asyncio.py", line 208, in _handle_events
  File "/home/Shared/UniBe-swiss-ndvi/GitHub/swiss-ndvi-processing/.venv/lib/python3.12/site-packages/tornado/netutil.py", line 273, in accept_handler
  File "/usr/lib/python3.12/socket.py", line 295, in accept
OSError: [Errno 24] Too many open files
Exception in callback BaseAsyncIOLoop._handle_events(7, 1)
handle: <Handle BaseAsyncIOLoop._handle_events(7, 1)>
Traceback (most recent call last):
  File "/usr/lib/python3.12/asyncio/events.py", line 88, in _run
    self._context.run(self._callback, *self._args)
  File "/home/Shared/UniBe-swiss-ndvi/GitHub/swiss-ndvi-processing/.venv/lib/python3.12/site-packages/tornado/platform/asyncio.py", line 208, in _handle_events
  File "/home/Shared/UniBe-swiss-ndvi/GitHub/swiss-ndvi-processing/.venv/lib/python3.12/site-packages/tornado/netutil.py", line 273, in accept_handler
  File "/usr/lib/python3.12/socket.py", line 295, in accept
OSError: [Errno 24] Too many open files
Exception in callback BaseAsyncIOLoop._handle_events(7, 1)
handle: <Handle BaseAsyncIOLoop._handle_events(7, 1)>
Traceback (most recent call last):
  File "/usr/lib/python3.12/asyncio/events.py", line 88, in _run
    self._context.run(self._callback, *self._args)
  File "/home/Shared/UniBe-swiss-ndvi/GitHub/swiss-ndvi-processing/.venv/lib/python3.12/site-packages/tornado/platform/asyncio.py", line 208, in _handle_events
  File "/home/Shared/UniBe-swiss-ndvi/GitHub/swiss-ndvi-processing/.venv/lib/python3.12/site-packages/tornado/netutil.py", line 273, in accept_handler
  File "/usr/lib/python3.12/socket.py", line 295, in accept
OSError: [Errno 24] Too many open files
2026-04-06 21:48:55,233 - distributed.worker - WARNING - Mismatched versions found

+-------------+---------------------------------------------+-----------+----------+
| Package     | Worker-3a6139ec-0423-41ad-8019-cb7c8c2d1042 | Scheduler | Workers  |
+-------------+---------------------------------------------+-----------+----------+
| cloudpickle | 3.1.1                                       | None      | 3.1.1    |
| dask        | 2025.9.1                                    | None      | 2025.9.1 |
| distributed | 2025.9.1                                    | None      | 2025.9.1 |
| lz4         | 4.3.2                                       | None      | 4.3.2    |
| msgpack     | 1.1.1                                       | None      | 1.1.1    |
| toolz       | 1.0.0                                       | None      | 1.0.0    |
| tornado     | 6.5.1                                       | None      | 6.5.1    |
+-------------+---------------------------------------------+-----------+----------+
Exception in callback BaseAsyncIOLoop._handle_events(7, 1)
handle: <Handle BaseAsyncIOLoop._handle_events(7, 1)>
Traceback (most recent call last):
  File "/usr/lib/python3.12/asyncio/events.py", line 88, in _run
    self._context.run(self._callback, *self._args)
  File "/home/Shared/UniBe-swiss-ndvi/GitHub/swiss-ndvi-processing/.venv/lib/python3.12/site-packages/tornado/platform/asyncio.py", line 208, in _handle_events
  File "/home/Shared/UniBe-swiss-ndvi/GitHub/swiss-ndvi-processing/.venv/lib/python3.12/site-packages/tornado/netutil.py", line 273, in accept_handler
  File "/usr/lib/python3.12/socket.py", line 295, in accept
OSError: [Errno 24] Too many open files
Exception in callback BaseAsyncIOLoop._handle_events(7, 1)
handle: <Handle BaseAsyncIOLoop._handle_events(7, 1)>
Traceback (most recent call last):
  File "/usr/lib/python3.12/asyncio/events.py", line 88, in _run
    self._context.run(self._callback, *self._args)
  File "/home/Shared/UniBe-swiss-ndvi/GitHub/swiss-ndvi-processing/.venv/lib/python3.12/site-packages/tornado/platform/asyncio.py", line 208, in _handle_events
  File "/home/Shared/UniBe-swiss-ndvi/GitHub/swiss-ndvi-processing/.venv/lib/python3.12/site-packages/tornado/netutil.py", line 273, in accept_handler
  File "/usr/lib/python3.12/socket.py", line 295, in accept
OSError: [Errno 24] Too many open files
2026-04-06 21:48:55,234 - distributed.worker - WARNING - Mismatched versions found

+-------------+---------------------------------------------+-----------+----------+
| Package     | Worker-0886d9c7-1a7f-4938-98da-c820543ae6a2 | Scheduler | Workers  |
+-------------+---------------------------------------------+-----------+----------+
| cloudpickle | 3.1.1                                       | None      | 3.1.1    |
| dask        | 2025.9.1                                    | None      | 2025.9.1 |
| distributed | 2025.9.1                                    | None      | 2025.9.1 |
| lz4         | 4.3.2                                       | None      | 4.3.2    |
| msgpack     | 1.1.1                                       | None      | 1.1.1    |
| toolz       | 1.0.0                                       | None      | 1.0.0    |
| tornado     | 6.5.1                                       | None      | 6.5.1    |
+-------------+---------------------------------------------+-----------+----------+
Exception in callback BaseAsyncIOLoop._handle_events(7, 1)
handle: <Handle BaseAsyncIOLoop._handle_events(7, 1)>
Traceback (most recent call last):
  File "/usr/lib/python3.12/asyncio/events.py", line 88, in _run
    self._context.run(self._callback, *self._args)
  File "/home/Shared/UniBe-swiss-ndvi/GitHub/swiss-ndvi-processing/.venv/lib/python3.12/site-packages/tornado/platform/asyncio.py", line 208, in _handle_events
  File "/home/Shared/UniBe-swiss-ndvi/GitHub/swiss-ndvi-processing/.venv/lib/python3.12/site-packages/tornado/netutil.py", line 273, in accept_handler
  File "/usr/lib/python3.12/socket.py", line 295, in accept
OSError: [Errno 24] Too many open files
Exception in callback BaseAsyncIOLoop._handle_events(7, 1)
handle: <Handle BaseAsyncIOLoop._handle_events(7, 1)>
Traceback (most recent call last):
  File "/usr/lib/python3.12/asyncio/events.py", line 88, in _run
    self._context.run(self._callback, *self._args)
  File "/home/Shared/UniBe-swiss-ndvi/GitHub/swiss-ndvi-processing/.venv/lib/python3.12/site-packages/tornado/platform/asyncio.py", line 208, in _handle_events
  File "/home/Shared/UniBe-swiss-ndvi/GitHub/swiss-ndvi-processing/.venv/lib/python3.12/site-packages/tornado/netutil.py", line 273, in accept_handler
  File "/usr/lib/python3.12/socket.py", line 295, in accept
OSError: [Errno 24] Too many open files
Exception in callback BaseAsyncIOLoop._handle_events(7, 1)
handle: <Handle BaseAsyncIOLoop._handle_events(7, 1)>
Traceback (most recent call last):
  File "/usr/lib/python3.12/asyncio/events.py", line 88, in _run
    self._context.run(self._callback, *self._args)
  File "/home/Shared/UniBe-swiss-ndvi/GitHub/swiss-ndvi-processing/.venv/lib/python3.12/site-packages/tornado/platform/asyncio.py", line 208, in _handle_events
  File "/home/Shared/UniBe-swiss-ndvi/GitHub/swiss-ndvi-processing/.venv/lib/python3.12/site-packages/tornado/netutil.py", line 273, in accept_handler
  File "/usr/lib/python3.12/socket.py", line 295, in accept
OSError: [Errno 24] Too many open files
Exception in callback BaseAsyncIOLoop._handle_events(7, 1)
handle: <Handle BaseAsyncIOLoop._handle_events(7, 1)>
Traceback (most recent call last):
  File "/usr/lib/python3.12/asyncio/events.py", line 88, in _run
    self._context.run(self._callback, *self._args)
  File "/home/Shared/UniBe-swiss-ndvi/GitHub/swiss-ndvi-processing/.venv/lib/python3.12/site-packages/tornado/platform/asyncio.py", line 208, in _handle_events
  File "/home/Shared/UniBe-swiss-ndvi/GitHub/swiss-ndvi-processing/.venv/lib/python3.12/site-packages/tornado/netutil.py", line 273, in accept_handler
  File "/usr/lib/python3.12/socket.py", line 295, in accept
OSError: [Errno 24] Too many open files
Exception in callback BaseAsyncIOLoop._handle_events(7, 1)
handle: <Handle BaseAsyncIOLoop._handle_events(7, 1)>
Traceback (most recent call last):
  File "/usr/lib/python3.12/asyncio/events.py", line 88, in _run
    self._context.run(self._callback, *self._args)
  File "/home/Shared/UniBe-swiss-ndvi/GitHub/swiss-ndvi-processing/.venv/lib/python3.12/site-packages/tornado/platform/asyncio.py", line 208, in _handle_events
  File "/home/Shared/UniBe-swiss-ndvi/GitHub/swiss-ndvi-processing/.venv/lib/python3.12/site-packages/tornado/netutil.py", line 273, in accept_handler
  File "/usr/lib/python3.12/socket.py", line 295, in accept
OSError: [Errno 24] Too many open files
Exception in callback BaseAsyncIOLoop._handle_events(7, 1)
handle: <Handle BaseAsyncIOLoop._handle_events(7, 1)>
Traceback (most recent call last):
  File "/usr/lib/python3.12/asyncio/events.py", line 88, in _run
    self._context.run(self._callback, *self._args)
  File "/home/Shared/UniBe-swiss-ndvi/GitHub/swiss-ndvi-processing/.venv/lib/python3.12/site-packages/tornado/platform/asyncio.py", line 208, in _handle_events
  File "/home/Shared/UniBe-swiss-ndvi/GitHub/swiss-ndvi-processing/.venv/lib/python3.12/site-packages/tornado/netutil.py", line 273, in accept_handler
  File "/usr/lib/python3.12/socket.py", line 295, in accept
OSError: [Errno 24] Too many open files
Exception in callback BaseAsyncIOLoop._handle_events(7, 1)
handle: <Handle BaseAsyncIOLoop._handle_events(7, 1)>
Traceback (most recent call last):
  File "/usr/lib/python3.12/asyncio/events.py", line 88, in _run
    self._context.run(self._callback, *self._args)
  File "/home/Shared/UniBe-swiss-ndvi/GitHub/swiss-ndvi-processing/.venv/lib/python3.12/site-packages/tornado/platform/asyncio.py", line 208, in _handle_events
  File "/home/Shared/UniBe-swiss-ndvi/GitHub/swiss-ndvi-processing/.venv/lib/python3.12/site-packages/tornado/netutil.py", line 273, in accept_handler
  File "/usr/lib/python3.12/socket.py", line 295, in accept
OSError: [Errno 24] Too many open files
Exception in callback BaseAsyncIOLoop._handle_events(7, 1)
handle: <Handle BaseAsyncIOLoop._handle_events(7, 1)>
Traceback (most recent call last):
  File "/usr/lib/python3.12/asyncio/events.py", line 88, in _run
    self._context.run(self._callback, *self._args)
  File "/home/Shared/UniBe-swiss-ndvi/GitHub/swiss-ndvi-processing/.venv/lib/python3.12/site-packages/tornado/platform/asyncio.py", line 208, in _handle_events
  File "/home/Shared/UniBe-swiss-ndvi/GitHub/swiss-ndvi-processing/.venv/lib/python3.12/site-packages/tornado/netutil.py", line 273, in accept_handler
  File "/usr/lib/python3.12/socket.py", line 295, in accept
OSError: [Errno 24] Too many open files
Exception in callback BaseAsyncIOLoop._handle_events(7, 1)
handle: <Handle BaseAsyncIOLoop._handle_events(7, 1)>
Traceback (most recent call last):
  File "/usr/lib/python3.12/asyncio/events.py", line 88, in _run
    self._context.run(self._callback, *self._args)
  File "/home/Shared/UniBe-swiss-ndvi/GitHub/swiss-ndvi-processing/.venv/lib/python3.12/site-packages/tornado/platform/asyncio.py", line 208, in _handle_events
  File "/home/Shared/UniBe-swiss-ndvi/GitHub/swiss-ndvi-processing/.venv/lib/python3.12/site-packages/tornado/netutil.py", line 273, in accept_handler
  File "/usr/lib/python3.12/socket.py", line 295, in accept
OSError: [Errno 24] Too many open files
2026-04-06 21:48:55,237 - tornado.application - ERROR - Exception in callback functools.partial(<bound method NannyMemoryManager.memory_monitor of <distributed.worker_memory.NannyMemoryManager object at 0x74ba38f80170>>, <Nanny: tcp://127.0.0.1:45615, threads: 1>)
Traceback (most recent call last):
  File "/home/Shared/UniBe-swiss-ndvi/GitHub/swiss-ndvi-processing/.venv/lib/python3.12/site-packages/psutil/_common.py", line 441, in wrapper
    ret = self._cache[fun]
          ^^^^^^^^^^^
AttributeError: 'Process' object has no attribute '_cache'

During handling of the above exception, another exception occurred:

Traceback (most recent call last):
  File "/home/Shared/UniBe-swiss-ndvi/GitHub/swiss-ndvi-processing/.venv/lib/python3.12/site-packages/tornado/ioloop.py", line 945, in _run
    val = self.callback()
          ^^^^^^^^^^^^^^^
  File "/home/Shared/UniBe-swiss-ndvi/GitHub/swiss-ndvi-processing/.venv/lib/python3.12/site-packages/distributed/worker_memory.py", line 417, in memory_monitor
  File "/home/Shared/UniBe-swiss-ndvi/GitHub/swiss-ndvi-processing/.venv/lib/python3.12/site-packages/psutil/__init__.py", line 332, in __init__
    self._init(pid)
  File "/home/Shared/UniBe-swiss-ndvi/GitHub/swiss-ndvi-processing/.venv/lib/python3.12/site-packages/psutil/__init__.py", line 361, in _init
    self.create_time()
  File "/home/Shared/UniBe-swiss-ndvi/GitHub/swiss-ndvi-processing/.venv/lib/python3.12/site-packages/psutil/__init__.py", line 717, in create_time
    self._create_time = self._proc.create_time()
                        ^^^^^^^^^^^^^^^^^^^^^^^^
  File "/home/Shared/UniBe-swiss-ndvi/GitHub/swiss-ndvi-processing/.venv/lib/python3.12/site-packages/psutil/_pslinux.py", line 1661, in wrapper
    return fun(self, *args, **kwargs)
           ^^^^^^^^^^^^^^^^^^^^^^^^^^
  File "/home/Shared/UniBe-swiss-ndvi/GitHub/swiss-ndvi-processing/.venv/lib/python3.12/site-packages/psutil/_pslinux.py", line 1873, in create_time
    ctime = float(self._parse_stat_file()['create_time'])
                  ^^^^^^^^^^^^^^^^^^^^^^^
  File "/home/Shared/UniBe-swiss-ndvi/GitHub/swiss-ndvi-processing/.venv/lib/python3.12/site-packages/psutil/_pslinux.py", line 1661, in wrapper
    return fun(self, *args, **kwargs)
           ^^^^^^^^^^^^^^^^^^^^^^^^^^
  File "/home/Shared/UniBe-swiss-ndvi/GitHub/swiss-ndvi-processing/.venv/lib/python3.12/site-packages/psutil/_common.py", line 444, in wrapper
    return fun(self)
           ^^^^^^^^^
  File "/home/Shared/UniBe-swiss-ndvi/GitHub/swiss-ndvi-processing/.venv/lib/python3.12/site-packages/psutil/_pslinux.py", line 1703, in _parse_stat_file
    with open_binary("%s/%s/stat" % (self._procfs_path, self.pid)) as f:
         ^^^^^^^^^^^^^^^^^^^^^^^^^^^^^^^^^^^^^^^^^^^^^^^^^^^^^^^^^
  File "/home/Shared/UniBe-swiss-ndvi/GitHub/swiss-ndvi-processing/.venv/lib/python3.12/site-packages/psutil/_common.py", line 711, in open_binary
    return open(fname, "rb", **kwargs)
           ^^^^^^^^^^^^^^^^^^^^^^^^^^^
OSError: [Errno 24] Too many open files: '/proc/3803279/stat'
Exception in callback BaseAsyncIOLoop._handle_events(7, 1)
handle: <Handle BaseAsyncIOLoop._handle_events(7, 1)>
Traceback (most recent call last):
  File "/usr/lib/python3.12/asyncio/events.py", line 88, in _run
    self._context.run(self._callback, *self._args)
  File "/home/Shared/UniBe-swiss-ndvi/GitHub/swiss-ndvi-processing/.venv/lib/python3.12/site-packages/tornado/platform/asyncio.py", line 208, in _handle_events
  File "/home/Shared/UniBe-swiss-ndvi/GitHub/swiss-ndvi-processing/.venv/lib/python3.12/site-packages/tornado/netutil.py", line 273, in accept_handler
  File "/usr/lib/python3.12/socket.py", line 295, in accept
OSError: [Errno 24] Too many open files
Exception in callback BaseAsyncIOLoop._handle_events(7, 1)
handle: <Handle BaseAsyncIOLoop._handle_events(7, 1)>
Traceback (most recent call last):
  File "/usr/lib/python3.12/asyncio/events.py", line 88, in _run
    self._context.run(self._callback, *self._args)
  File "/home/Shared/UniBe-swiss-ndvi/GitHub/swiss-ndvi-processing/.venv/lib/python3.12/site-packages/tornado/platform/asyncio.py", line 208, in _handle_events
  File "/home/Shared/UniBe-swiss-ndvi/GitHub/swiss-ndvi-processing/.venv/lib/python3.12/site-packages/tornado/netutil.py", line 273, in accept_handler
  File "/usr/lib/python3.12/socket.py", line 295, in accept
OSError: [Errno 24] Too many open files
Exception in callback BaseAsyncIOLoop._handle_events(7, 1)
handle: <Handle BaseAsyncIOLoop._handle_events(7, 1)>
Traceback (most recent call last):
  File "/usr/lib/python3.12/asyncio/events.py", line 88, in _run
    self._context.run(self._callback, *self._args)
  File "/home/Shared/UniBe-swiss-ndvi/GitHub/swiss-ndvi-processing/.venv/lib/python3.12/site-packages/tornado/platform/asyncio.py", line 208, in _handle_events
  File "/home/Shared/UniBe-swiss-ndvi/GitHub/swiss-ndvi-processing/.venv/lib/python3.12/site-packages/tornado/netutil.py", line 273, in accept_handler
  File "/usr/lib/python3.12/socket.py", line 295, in accept
OSError: [Errno 24] Too many open files
Exception in callback BaseAsyncIOLoop._handle_events(7, 1)
handle: <Handle BaseAsyncIOLoop._handle_events(7, 1)>
Traceback (most recent call last):
  File "/usr/lib/python3.12/asyncio/events.py", line 88, in _run
    self._context.run(self._callback, *self._args)
  File "/home/Shared/UniBe-swiss-ndvi/GitHub/swiss-ndvi-processing/.venv/lib/python3.12/site-packages/tornado/platform/asyncio.py", line 208, in _handle_events
  File "/home/Shared/UniBe-swiss-ndvi/GitHub/swiss-ndvi-processing/.venv/lib/python3.12/site-packages/tornado/netutil.py", line 273, in accept_handler
  File "/usr/lib/python3.12/socket.py", line 295, in accept
OSError: [Errno 24] Too many open files
Exception in callback BaseAsyncIOLoop._handle_events(7, 1)
handle: <Handle BaseAsyncIOLoop._handle_events(7, 1)>
Traceback (most recent call last):
  File "/usr/lib/python3.12/asyncio/events.py", line 88, in _run
    self._context.run(self._callback, *self._args)
  File "/home/Shared/UniBe-swiss-ndvi/GitHub/swiss-ndvi-processing/.venv/lib/python3.12/site-packages/tornado/platform/asyncio.py", line 208, in _handle_events
  File "/home/Shared/UniBe-swiss-ndvi/GitHub/swiss-ndvi-processing/.venv/lib/python3.12/site-packages/tornado/netutil.py", line 273, in accept_handler
  File "/usr/lib/python3.12/socket.py", line 295, in accept
OSError: [Errno 24] Too many open files
Exception in callback BaseAsyncIOLoop._handle_events(7, 1)
handle: <Handle BaseAsyncIOLoop._handle_events(7, 1)>
Traceback (most recent call last):
  File "/usr/lib/python3.12/asyncio/events.py", line 88, in _run
    self._context.run(self._callback, *self._args)
  File "/home/Shared/UniBe-swiss-ndvi/GitHub/swiss-ndvi-processing/.venv/lib/python3.12/site-packages/tornado/platform/asyncio.py", line 208, in _handle_events
  File "/home/Shared/UniBe-swiss-ndvi/GitHub/swiss-ndvi-processing/.venv/lib/python3.12/site-packages/tornado/netutil.py", line 273, in accept_handler
  File "/usr/lib/python3.12/socket.py", line 295, in accept
OSError: [Errno 24] Too many open files
2026-04-06 21:48:55,241 - distributed.worker - WARNING - Mismatched versions found

+-------------+---------------------------------------------+-----------+----------+
| Package     | Worker-46420e98-fb95-48f4-9d20-0a50f7286b22 | Scheduler | Workers  |
+-------------+---------------------------------------------+-----------+----------+
| cloudpickle | 3.1.1                                       | None      | 3.1.1    |
| dask        | 2025.9.1                                    | None      | 2025.9.1 |
| distributed | 2025.9.1                                    | None      | 2025.9.1 |
| lz4         | 4.3.2                                       | None      | 4.3.2    |
| msgpack     | 1.1.1                                       | None      | 1.1.1    |
| toolz       | 1.0.0                                       | None      | 1.0.0    |
| tornado     | 6.5.1                                       | None      | 6.5.1    |
+-------------+---------------------------------------------+-----------+----------+
Exception in callback BaseAsyncIOLoop._handle_events(7, 1)
handle: <Handle BaseAsyncIOLoop._handle_events(7, 1)>
Traceback (most recent call last):
  File "/usr/lib/python3.12/asyncio/events.py", line 88, in _run
    self._context.run(self._callback, *self._args)
  File "/home/Shared/UniBe-swiss-ndvi/GitHub/swiss-ndvi-processing/.venv/lib/python3.12/site-packages/tornado/platform/asyncio.py", line 208, in _handle_events
  File "/home/Shared/UniBe-swiss-ndvi/GitHub/swiss-ndvi-processing/.venv/lib/python3.12/site-packages/tornado/netutil.py", line 273, in accept_handler
  File "/usr/lib/python3.12/socket.py", line 295, in accept
OSError: [Errno 24] Too many open files
Exception in callback BaseAsyncIOLoop._handle_events(7, 1)
handle: <Handle BaseAsyncIOLoop._handle_events(7, 1)>
Traceback (most recent call last):
  File "/usr/lib/python3.12/asyncio/events.py", line 88, in _run
    self._context.run(self._callback, *self._args)
  File "/home/Shared/UniBe-swiss-ndvi/GitHub/swiss-ndvi-processing/.venv/lib/python3.12/site-packages/tornado/platform/asyncio.py", line 208, in _handle_events
  File "/home/Shared/UniBe-swiss-ndvi/GitHub/swiss-ndvi-processing/.venv/lib/python3.12/site-packages/tornado/netutil.py", line 273, in accept_handler
  File "/usr/lib/python3.12/socket.py", line 295, in accept
OSError: [Errno 24] Too many open files
Exception in callback BaseAsyncIOLoop._handle_events(7, 1)
handle: <Handle BaseAsyncIOLoop._handle_events(7, 1)>
Traceback (most recent call last):
  File "/usr/lib/python3.12/asyncio/events.py", line 88, in _run
    self._context.run(self._callback, *self._args)
  File "/home/Shared/UniBe-swiss-ndvi/GitHub/swiss-ndvi-processing/.venv/lib/python3.12/site-packages/tornado/platform/asyncio.py", line 208, in _handle_events
  File "/home/Shared/UniBe-swiss-ndvi/GitHub/swiss-ndvi-processing/.venv/lib/python3.12/site-packages/tornado/netutil.py", line 273, in accept_handler
  File "/usr/lib/python3.12/socket.py", line 295, in accept
OSError: [Errno 24] Too many open files
Exception in callback BaseAsyncIOLoop._handle_events(7, 1)
handle: <Handle BaseAsyncIOLoop._handle_events(7, 1)>
Traceback (most recent call last):
  File "/usr/lib/python3.12/asyncio/events.py", line 88, in _run
    self._context.run(self._callback, *self._args)
  File "/home/Shared/UniBe-swiss-ndvi/GitHub/swiss-ndvi-processing/.venv/lib/python3.12/site-packages/tornado/platform/asyncio.py", line 208, in _handle_events
  File "/home/Shared/UniBe-swiss-ndvi/GitHub/swiss-ndvi-processing/.venv/lib/python3.12/site-packages/tornado/netutil.py", line 273, in accept_handler
  File "/usr/lib/python3.12/socket.py", line 295, in accept
OSError: [Errno 24] Too many open files
2026-04-06 21:48:55,244 - distributed.worker - WARNING - Mismatched versions found

+-------------+---------------------------------------------+-----------+----------+
| Package     | Worker-462cf463-585e-4875-a3de-63c8e2a42048 | Scheduler | Workers  |
+-------------+---------------------------------------------+-----------+----------+
| cloudpickle | 3.1.1                                       | None      | 3.1.1    |
| dask        | 2025.9.1                                    | None      | 2025.9.1 |
| distributed | 2025.9.1                                    | None      | 2025.9.1 |
| lz4         | 4.3.2                                       | None      | 4.3.2    |
| msgpack     | 1.1.1                                       | None      | 1.1.1    |
| toolz       | 1.0.0                                       | None      | 1.0.0    |
| tornado     | 6.5.1                                       | None      | 6.5.1    |
+-------------+---------------------------------------------+-----------+----------+
2026-04-06 21:48:55,244 - tornado.application - ERROR - Exception in callback functools.partial(<bound method NannyMemoryManager.memory_monitor of <distributed.worker_memory.NannyMemoryManager object at 0x74ba38f3a570>>, <Nanny: tcp://127.0.0.1:46817, threads: 1>)
Traceback (most recent call last):
  File "/home/Shared/UniBe-swiss-ndvi/GitHub/swiss-ndvi-processing/.venv/lib/python3.12/site-packages/psutil/_common.py", line 441, in wrapper
    ret = self._cache[fun]
          ^^^^^^^^^^^
AttributeError: 'Process' object has no attribute '_cache'

During handling of the above exception, another exception occurred:

Traceback (most recent call last):
  File "/home/Shared/UniBe-swiss-ndvi/GitHub/swiss-ndvi-processing/.venv/lib/python3.12/site-packages/tornado/ioloop.py", line 945, in _run
    val = self.callback()
          ^^^^^^^^^^^^^^^
  File "/home/Shared/UniBe-swiss-ndvi/GitHub/swiss-ndvi-processing/.venv/lib/python3.12/site-packages/distributed/worker_memory.py", line 417, in memory_monitor
  File "/home/Shared/UniBe-swiss-ndvi/GitHub/swiss-ndvi-processing/.venv/lib/python3.12/site-packages/psutil/__init__.py", line 332, in __init__
    self._init(pid)
  File "/home/Shared/UniBe-swiss-ndvi/GitHub/swiss-ndvi-processing/.venv/lib/python3.12/site-packages/psutil/__init__.py", line 361, in _init
    self.create_time()
  File "/home/Shared/UniBe-swiss-ndvi/GitHub/swiss-ndvi-processing/.venv/lib/python3.12/site-packages/psutil/__init__.py", line 717, in create_time
    self._create_time = self._proc.create_time()
                        ^^^^^^^^^^^^^^^^^^^^^^^^
  File "/home/Shared/UniBe-swiss-ndvi/GitHub/swiss-ndvi-processing/.venv/lib/python3.12/site-packages/psutil/_pslinux.py", line 1661, in wrapper
    return fun(self, *args, **kwargs)
           ^^^^^^^^^^^^^^^^^^^^^^^^^^
  File "/home/Shared/UniBe-swiss-ndvi/GitHub/swiss-ndvi-processing/.venv/lib/python3.12/site-packages/psutil/_pslinux.py", line 1873, in create_time
    ctime = float(self._parse_stat_file()['create_time'])
                  ^^^^^^^^^^^^^^^^^^^^^^^
  File "/home/Shared/UniBe-swiss-ndvi/GitHub/swiss-ndvi-processing/.venv/lib/python3.12/site-packages/psutil/_pslinux.py", line 1661, in wrapper
    return fun(self, *args, **kwargs)
           ^^^^^^^^^^^^^^^^^^^^^^^^^^
  File "/home/Shared/UniBe-swiss-ndvi/GitHub/swiss-ndvi-processing/.venv/lib/python3.12/site-packages/psutil/_common.py", line 444, in wrapper
    return fun(self)
           ^^^^^^^^^
  File "/home/Shared/UniBe-swiss-ndvi/GitHub/swiss-ndvi-processing/.venv/lib/python3.12/site-packages/psutil/_pslinux.py", line 1703, in _parse_stat_file
    with open_binary("%s/%s/stat" % (self._procfs_path, self.pid)) as f:
         ^^^^^^^^^^^^^^^^^^^^^^^^^^^^^^^^^^^^^^^^^^^^^^^^^^^^^^^^^
  File "/home/Shared/UniBe-swiss-ndvi/GitHub/swiss-ndvi-processing/.venv/lib/python3.12/site-packages/psutil/_common.py", line 711, in open_binary
    return open(fname, "rb", **kwargs)
           ^^^^^^^^^^^^^^^^^^^^^^^^^^^
OSError: [Errno 24] Too many open files: '/proc/3803261/stat'
Exception in callback BaseAsyncIOLoop._handle_events(7, 1)
handle: <Handle BaseAsyncIOLoop._handle_events(7, 1)>
Traceback (most recent call last):
  File "/usr/lib/python3.12/asyncio/events.py", line 88, in _run
    self._context.run(self._callback, *self._args)
  File "/home/Shared/UniBe-swiss-ndvi/GitHub/swiss-ndvi-processing/.venv/lib/python3.12/site-packages/tornado/platform/asyncio.py", line 208, in _handle_events
  File "/home/Shared/UniBe-swiss-ndvi/GitHub/swiss-ndvi-processing/.venv/lib/python3.12/site-packages/tornado/netutil.py", line 273, in accept_handler
  File "/usr/lib/python3.12/socket.py", line 295, in accept
OSError: [Errno 24] Too many open files
Exception in callback BaseAsyncIOLoop._handle_events(7, 1)
handle: <Handle BaseAsyncIOLoop._handle_events(7, 1)>
Traceback (most recent call last):
  File "/usr/lib/python3.12/asyncio/events.py", line 88, in _run
    self._context.run(self._callback, *self._args)
  File "/home/Shared/UniBe-swiss-ndvi/GitHub/swiss-ndvi-processing/.venv/lib/python3.12/site-packages/tornado/platform/asyncio.py", line 208, in _handle_events
  File "/home/Shared/UniBe-swiss-ndvi/GitHub/swiss-ndvi-processing/.venv/lib/python3.12/site-packages/tornado/netutil.py", line 273, in accept_handler
  File "/usr/lib/python3.12/socket.py", line 295, in accept
OSError: [Errno 24] Too many open files
Exception in callback BaseAsyncIOLoop._handle_events(7, 1)
handle: <Handle BaseAsyncIOLoop._handle_events(7, 1)>
Traceback (most recent call last):
  File "/usr/lib/python3.12/asyncio/events.py", line 88, in _run
    self._context.run(self._callback, *self._args)
  File "/home/Shared/UniBe-swiss-ndvi/GitHub/swiss-ndvi-processing/.venv/lib/python3.12/site-packages/tornado/platform/asyncio.py", line 208, in _handle_events
  File "/home/Shared/UniBe-swiss-ndvi/GitHub/swiss-ndvi-processing/.venv/lib/python3.12/site-packages/tornado/netutil.py", line 273, in accept_handler
  File "/usr/lib/python3.12/socket.py", line 295, in accept
OSError: [Errno 24] Too many open files
2026-04-06 21:48:55,248 - distributed.worker - WARNING - Mismatched versions found

+-------------+---------------------------------------------+-----------+----------+
| Package     | Worker-85a80cd2-16b6-4fb0-9040-c19d95818f4c | Scheduler | Workers  |
+-------------+---------------------------------------------+-----------+----------+
| cloudpickle | 3.1.1                                       | None      | 3.1.1    |
| dask        | 2025.9.1                                    | None      | 2025.9.1 |
| distributed | 2025.9.1                                    | None      | 2025.9.1 |
| lz4         | 4.3.2                                       | None      | 4.3.2    |
| msgpack     | 1.1.1                                       | None      | 1.1.1    |
| toolz       | 1.0.0                                       | None      | 1.0.0    |
| tornado     | 6.5.1                                       | None      | 6.5.1    |
+-------------+---------------------------------------------+-----------+----------+
2026-04-06 21:48:55,247 - tornado.application - ERROR - Exception in callback functools.partial(<bound method NannyMemoryManager.memory_monitor of <distributed.worker_memory.NannyMemoryManager object at 0x74ba38f81310>>, <Nanny: tcp://127.0.0.1:40695, threads: 1>)
Traceback (most recent call last):
  File "/home/Shared/UniBe-swiss-ndvi/GitHub/swiss-ndvi-processing/.venv/lib/python3.12/site-packages/psutil/_common.py", line 441, in wrapper
    ret = self._cache[fun]
          ^^^^^^^^^^^
AttributeError: 'Process' object has no attribute '_cache'

During handling of the above exception, another exception occurred:

Traceback (most recent call last):
  File "/home/Shared/UniBe-swiss-ndvi/GitHub/swiss-ndvi-processing/.venv/lib/python3.12/site-packages/tornado/ioloop.py", line 945, in _run
    val = self.callback()
          ^^^^^^^^^^^^^^^
  File "/home/Shared/UniBe-swiss-ndvi/GitHub/swiss-ndvi-processing/.venv/lib/python3.12/site-packages/distributed/worker_memory.py", line 417, in memory_monitor
  File "/home/Shared/UniBe-swiss-ndvi/GitHub/swiss-ndvi-processing/.venv/lib/python3.12/site-packages/psutil/__init__.py", line 332, in __init__
    self._init(pid)
  File "/home/Shared/UniBe-swiss-ndvi/GitHub/swiss-ndvi-processing/.venv/lib/python3.12/site-packages/psutil/__init__.py", line 361, in _init
    self.create_time()
  File "/home/Shared/UniBe-swiss-ndvi/GitHub/swiss-ndvi-processing/.venv/lib/python3.12/site-packages/psutil/__init__.py", line 717, in create_time
    self._create_time = self._proc.create_time()
                        ^^^^^^^^^^^^^^^^^^^^^^^^
  File "/home/Shared/UniBe-swiss-ndvi/GitHub/swiss-ndvi-processing/.venv/lib/python3.12/site-packages/psutil/_pslinux.py", line 1661, in wrapper
    return fun(self, *args, **kwargs)
           ^^^^^^^^^^^^^^^^^^^^^^^^^^
  File "/home/Shared/UniBe-swiss-ndvi/GitHub/swiss-ndvi-processing/.venv/lib/python3.12/site-packages/psutil/_pslinux.py", line 1873, in create_time
    ctime = float(self._parse_stat_file()['create_time'])
                  ^^^^^^^^^^^^^^^^^^^^^^^
  File "/home/Shared/UniBe-swiss-ndvi/GitHub/swiss-ndvi-processing/.venv/lib/python3.12/site-packages/psutil/_pslinux.py", line 1661, in wrapper
    return fun(self, *args, **kwargs)
           ^^^^^^^^^^^^^^^^^^^^^^^^^^
  File "/home/Shared/UniBe-swiss-ndvi/GitHub/swiss-ndvi-processing/.venv/lib/python3.12/site-packages/psutil/_common.py", line 444, in wrapper
    return fun(self)
           ^^^^^^^^^
  File "/home/Shared/UniBe-swiss-ndvi/GitHub/swiss-ndvi-processing/.venv/lib/python3.12/site-packages/psutil/_pslinux.py", line 1703, in _parse_stat_file
    with open_binary("%s/%s/stat" % (self._procfs_path, self.pid)) as f:
         ^^^^^^^^^^^^^^^^^^^^^^^^^^^^^^^^^^^^^^^^^^^^^^^^^^^^^^^^^
  File "/home/Shared/UniBe-swiss-ndvi/GitHub/swiss-ndvi-processing/.venv/lib/python3.12/site-packages/psutil/_common.py", line 711, in open_binary
    return open(fname, "rb", **kwargs)
           ^^^^^^^^^^^^^^^^^^^^^^^^^^^
OSError: [Errno 24] Too many open files: '/proc/3803291/stat'
Exception in callback BaseAsyncIOLoop._handle_events(7, 1)
handle: <Handle BaseAsyncIOLoop._handle_events(7, 1)>
Traceback (most recent call last):
  File "/usr/lib/python3.12/asyncio/events.py", line 88, in _run
    self._context.run(self._callback, *self._args)
  File "/home/Shared/UniBe-swiss-ndvi/GitHub/swiss-ndvi-processing/.venv/lib/python3.12/site-packages/tornado/platform/asyncio.py", line 208, in _handle_events
  File "/home/Shared/UniBe-swiss-ndvi/GitHub/swiss-ndvi-processing/.venv/lib/python3.12/site-packages/tornado/netutil.py", line 273, in accept_handler
  File "/usr/lib/python3.12/socket.py", line 295, in accept
OSError: [Errno 24] Too many open files
2026-04-06 21:48:55,250 - distributed.worker - WARNING - Mismatched versions found

+-------------+---------------------------------------------+-----------+----------+
| Package     | Worker-4484685d-9493-4be2-b23d-4c948048b8f4 | Scheduler | Workers  |
+-------------+---------------------------------------------+-----------+----------+
| cloudpickle | 3.1.1                                       | None      | 3.1.1    |
| dask        | 2025.9.1                                    | None      | 2025.9.1 |
| distributed | 2025.9.1                                    | None      | 2025.9.1 |
| lz4         | 4.3.2                                       | None      | 4.3.2    |
| msgpack     | 1.1.1                                       | None      | 1.1.1    |
| toolz       | 1.0.0                                       | None      | 1.0.0    |
| tornado     | 6.5.1                                       | None      | 6.5.1    |
+-------------+---------------------------------------------+-----------+----------+
2026-04-06 21:48:55,250 - tornado.application - ERROR - Exception in callback functools.partial(<bound method NannyMemoryManager.memory_monitor of <distributed.worker_memory.NannyMemoryManager object at 0x74ba38f820c0>>, <Nanny: tcp://127.0.0.1:37711, threads: 1>)
Traceback (most recent call last):
  File "/home/Shared/UniBe-swiss-ndvi/GitHub/swiss-ndvi-processing/.venv/lib/python3.12/site-packages/psutil/_common.py", line 441, in wrapper
    ret = self._cache[fun]
          ^^^^^^^^^^^
AttributeError: 'Process' object has no attribute '_cache'

During handling of the above exception, another exception occurred:

Traceback (most recent call last):
  File "/home/Shared/UniBe-swiss-ndvi/GitHub/swiss-ndvi-processing/.venv/lib/python3.12/site-packages/tornado/ioloop.py", line 945, in _run
    val = self.callback()
          ^^^^^^^^^^^^^^^
  File "/home/Shared/UniBe-swiss-ndvi/GitHub/swiss-ndvi-processing/.venv/lib/python3.12/site-packages/distributed/worker_memory.py", line 417, in memory_monitor
  File "/home/Shared/UniBe-swiss-ndvi/GitHub/swiss-ndvi-processing/.venv/lib/python3.12/site-packages/psutil/__init__.py", line 332, in __init__
    self._init(pid)
  File "/home/Shared/UniBe-swiss-ndvi/GitHub/swiss-ndvi-processing/.venv/lib/python3.12/site-packages/psutil/__init__.py", line 361, in _init
    self.create_time()
  File "/home/Shared/UniBe-swiss-ndvi/GitHub/swiss-ndvi-processing/.venv/lib/python3.12/site-packages/psutil/__init__.py", line 717, in create_time
    self._create_time = self._proc.create_time()
                        ^^^^^^^^^^^^^^^^^^^^^^^^
  File "/home/Shared/UniBe-swiss-ndvi/GitHub/swiss-ndvi-processing/.venv/lib/python3.12/site-packages/psutil/_pslinux.py", line 1661, in wrapper
    return fun(self, *args, **kwargs)
           ^^^^^^^^^^^^^^^^^^^^^^^^^^
  File "/home/Shared/UniBe-swiss-ndvi/GitHub/swiss-ndvi-processing/.venv/lib/python3.12/site-packages/psutil/_pslinux.py", line 1873, in create_time
    ctime = float(self._parse_stat_file()['create_time'])
                  ^^^^^^^^^^^^^^^^^^^^^^^
  File "/home/Shared/UniBe-swiss-ndvi/GitHub/swiss-ndvi-processing/.venv/lib/python3.12/site-packages/psutil/_pslinux.py", line 1661, in wrapper
    return fun(self, *args, **kwargs)
           ^^^^^^^^^^^^^^^^^^^^^^^^^^
  File "/home/Shared/UniBe-swiss-ndvi/GitHub/swiss-ndvi-processing/.venv/lib/python3.12/site-packages/psutil/_common.py", line 444, in wrapper
    return fun(self)
           ^^^^^^^^^
  File "/home/Shared/UniBe-swiss-ndvi/GitHub/swiss-ndvi-processing/.venv/lib/python3.12/site-packages/psutil/_pslinux.py", line 1703, in _parse_stat_file
    with open_binary("%s/%s/stat" % (self._procfs_path, self.pid)) as f:
         ^^^^^^^^^^^^^^^^^^^^^^^^^^^^^^^^^^^^^^^^^^^^^^^^^^^^^^^^^
  File "/home/Shared/UniBe-swiss-ndvi/GitHub/swiss-ndvi-processing/.venv/lib/python3.12/site-packages/psutil/_common.py", line 711, in open_binary
    return open(fname, "rb", **kwargs)
           ^^^^^^^^^^^^^^^^^^^^^^^^^^^
OSError: [Errno 24] Too many open files: '/proc/3803299/stat'
2026-04-06 21:48:55,250 - distributed.worker - WARNING - Mismatched versions found

+-------------+---------------------------------------------+-----------+----------+
| Package     | Worker-6ab28f16-8467-4747-b5eb-6d4cac66d38b | Scheduler | Workers  |
+-------------+---------------------------------------------+-----------+----------+
| cloudpickle | 3.1.1                                       | None      | 3.1.1    |
| dask        | 2025.9.1                                    | None      | 2025.9.1 |
| distributed | 2025.9.1                                    | None      | 2025.9.1 |
| lz4         | 4.3.2                                       | None      | 4.3.2    |
| msgpack     | 1.1.1                                       | None      | 1.1.1    |
| toolz       | 1.0.0                                       | None      | 1.0.0    |
| tornado     | 6.5.1                                       | None      | 6.5.1    |
+-------------+---------------------------------------------+-----------+----------+
2026-04-06 21:48:55,251 - tornado.application - ERROR - Exception in callback functools.partial(<bound method NannyMemoryManager.memory_monitor of <distributed.worker_memory.NannyMemoryManager object at 0x74ba38f82720>>, <Nanny: tcp://127.0.0.1:45029, threads: 1>)
Traceback (most recent call last):
  File "/home/Shared/UniBe-swiss-ndvi/GitHub/swiss-ndvi-processing/.venv/lib/python3.12/site-packages/psutil/_common.py", line 441, in wrapper
    ret = self._cache[fun]
          ^^^^^^^^^^^
AttributeError: 'Process' object has no attribute '_cache'

During handling of the above exception, another exception occurred:

Traceback (most recent call last):
  File "/home/Shared/UniBe-swiss-ndvi/GitHub/swiss-ndvi-processing/.venv/lib/python3.12/site-packages/tornado/ioloop.py", line 945, in _run
    val = self.callback()
          ^^^^^^^^^^^^^^^
  File "/home/Shared/UniBe-swiss-ndvi/GitHub/swiss-ndvi-processing/.venv/lib/python3.12/site-packages/distributed/worker_memory.py", line 417, in memory_monitor
  File "/home/Shared/UniBe-swiss-ndvi/GitHub/swiss-ndvi-processing/.venv/lib/python3.12/site-packages/psutil/__init__.py", line 332, in __init__
    self._init(pid)
  File "/home/Shared/UniBe-swiss-ndvi/GitHub/swiss-ndvi-processing/.venv/lib/python3.12/site-packages/psutil/__init__.py", line 361, in _init
    self.create_time()
  File "/home/Shared/UniBe-swiss-ndvi/GitHub/swiss-ndvi-processing/.venv/lib/python3.12/site-packages/psutil/__init__.py", line 717, in create_time
    self._create_time = self._proc.create_time()
                        ^^^^^^^^^^^^^^^^^^^^^^^^
  File "/home/Shared/UniBe-swiss-ndvi/GitHub/swiss-ndvi-processing/.venv/lib/python3.12/site-packages/psutil/_pslinux.py", line 1661, in wrapper
    return fun(self, *args, **kwargs)
           ^^^^^^^^^^^^^^^^^^^^^^^^^^
  File "/home/Shared/UniBe-swiss-ndvi/GitHub/swiss-ndvi-processing/.venv/lib/python3.12/site-packages/psutil/_pslinux.py", line 1873, in create_time
    ctime = float(self._parse_stat_file()['create_time'])
                  ^^^^^^^^^^^^^^^^^^^^^^^
  File "/home/Shared/UniBe-swiss-ndvi/GitHub/swiss-ndvi-processing/.venv/lib/python3.12/site-packages/psutil/_pslinux.py", line 1661, in wrapper
    return fun(self, *args, **kwargs)
           ^^^^^^^^^^^^^^^^^^^^^^^^^^
  File "/home/Shared/UniBe-swiss-ndvi/GitHub/swiss-ndvi-processing/.venv/lib/python3.12/site-packages/psutil/_common.py", line 444, in wrapper
    return fun(self)
           ^^^^^^^^^
  File "/home/Shared/UniBe-swiss-ndvi/GitHub/swiss-ndvi-processing/.venv/lib/python3.12/site-packages/psutil/_pslinux.py", line 1703, in _parse_stat_file
    with open_binary("%s/%s/stat" % (self._procfs_path, self.pid)) as f:
         ^^^^^^^^^^^^^^^^^^^^^^^^^^^^^^^^^^^^^^^^^^^^^^^^^^^^^^^^^
  File "/home/Shared/UniBe-swiss-ndvi/GitHub/swiss-ndvi-processing/.venv/lib/python3.12/site-packages/psutil/_common.py", line 711, in open_binary
    return open(fname, "rb", **kwargs)
           ^^^^^^^^^^^^^^^^^^^^^^^^^^^
OSError: [Errno 24] Too many open files: '/proc/3803307/stat'
2026-04-06 21:48:55,252 - tornado.application - ERROR - Exception in callback functools.partial(<bound method NannyMemoryManager.memory_monitor of <distributed.worker_memory.NannyMemoryManager object at 0x74ba38fac110>>, <Nanny: tcp://127.0.0.1:34921, threads: 1>)
Traceback (most recent call last):
  File "/home/Shared/UniBe-swiss-ndvi/GitHub/swiss-ndvi-processing/.venv/lib/python3.12/site-packages/psutil/_common.py", line 441, in wrapper
    ret = self._cache[fun]
          ^^^^^^^^^^^
AttributeError: 'Process' object has no attribute '_cache'

During handling of the above exception, another exception occurred:

Traceback (most recent call last):
  File "/home/Shared/UniBe-swiss-ndvi/GitHub/swiss-ndvi-processing/.venv/lib/python3.12/site-packages/tornado/ioloop.py", line 945, in _run
    val = self.callback()
          ^^^^^^^^^^^^^^^
  File "/home/Shared/UniBe-swiss-ndvi/GitHub/swiss-ndvi-processing/.venv/lib/python3.12/site-packages/distributed/worker_memory.py", line 417, in memory_monitor
  File "/home/Shared/UniBe-swiss-ndvi/GitHub/swiss-ndvi-processing/.venv/lib/python3.12/site-packages/psutil/__init__.py", line 332, in __init__
    self._init(pid)
  File "/home/Shared/UniBe-swiss-ndvi/GitHub/swiss-ndvi-processing/.venv/lib/python3.12/site-packages/psutil/__init__.py", line 361, in _init
    self.create_time()
  File "/home/Shared/UniBe-swiss-ndvi/GitHub/swiss-ndvi-processing/.venv/lib/python3.12/site-packages/psutil/__init__.py", line 717, in create_time
    self._create_time = self._proc.create_time()
                        ^^^^^^^^^^^^^^^^^^^^^^^^
  File "/home/Shared/UniBe-swiss-ndvi/GitHub/swiss-ndvi-processing/.venv/lib/python3.12/site-packages/psutil/_pslinux.py", line 1661, in wrapper
    return fun(self, *args, **kwargs)
           ^^^^^^^^^^^^^^^^^^^^^^^^^^
  File "/home/Shared/UniBe-swiss-ndvi/GitHub/swiss-ndvi-processing/.venv/lib/python3.12/site-packages/psutil/_pslinux.py", line 1873, in create_time
    ctime = float(self._parse_stat_file()['create_time'])
                  ^^^^^^^^^^^^^^^^^^^^^^^
  File "/home/Shared/UniBe-swiss-ndvi/GitHub/swiss-ndvi-processing/.venv/lib/python3.12/site-packages/psutil/_pslinux.py", line 1661, in wrapper
    return fun(self, *args, **kwargs)
           ^^^^^^^^^^^^^^^^^^^^^^^^^^
  File "/home/Shared/UniBe-swiss-ndvi/GitHub/swiss-ndvi-processing/.venv/lib/python3.12/site-packages/psutil/_common.py", line 444, in wrapper
    return fun(self)
           ^^^^^^^^^
  File "/home/Shared/UniBe-swiss-ndvi/GitHub/swiss-ndvi-processing/.venv/lib/python3.12/site-packages/psutil/_pslinux.py", line 1703, in _parse_stat_file
    with open_binary("%s/%s/stat" % (self._procfs_path, self.pid)) as f:
         ^^^^^^^^^^^^^^^^^^^^^^^^^^^^^^^^^^^^^^^^^^^^^^^^^^^^^^^^^
  File "/home/Shared/UniBe-swiss-ndvi/GitHub/swiss-ndvi-processing/.venv/lib/python3.12/site-packages/psutil/_common.py", line 711, in open_binary
    return open(fname, "rb", **kwargs)
           ^^^^^^^^^^^^^^^^^^^^^^^^^^^
OSError: [Errno 24] Too many open files: '/proc/3803320/stat'
2026-04-06 21:48:55,254 - tornado.application - ERROR - Exception in callback functools.partial(<bound method NannyMemoryManager.memory_monitor of <distributed.worker_memory.NannyMemoryManager object at 0x74ba38fac680>>, <Nanny: tcp://127.0.0.1:42269, threads: 1>)
Traceback (most recent call last):
  File "/home/Shared/UniBe-swiss-ndvi/GitHub/swiss-ndvi-processing/.venv/lib/python3.12/site-packages/psutil/_common.py", line 441, in wrapper
    ret = self._cache[fun]
          ^^^^^^^^^^^
AttributeError: 'Process' object has no attribute '_cache'

During handling of the above exception, another exception occurred:

Traceback (most recent call last):
  File "/home/Shared/UniBe-swiss-ndvi/GitHub/swiss-ndvi-processing/.venv/lib/python3.12/site-packages/tornado/ioloop.py", line 945, in _run
    val = self.callback()
          ^^^^^^^^^^^^^^^
  File "/home/Shared/UniBe-swiss-ndvi/GitHub/swiss-ndvi-processing/.venv/lib/python3.12/site-packages/distributed/worker_memory.py", line 417, in memory_monitor
  File "/home/Shared/UniBe-swiss-ndvi/GitHub/swiss-ndvi-processing/.venv/lib/python3.12/site-packages/psutil/__init__.py", line 332, in __init__
    self._init(pid)
  File "/home/Shared/UniBe-swiss-ndvi/GitHub/swiss-ndvi-processing/.venv/lib/python3.12/site-packages/psutil/__init__.py", line 361, in _init
    self.create_time()
  File "/home/Shared/UniBe-swiss-ndvi/GitHub/swiss-ndvi-processing/.venv/lib/python3.12/site-packages/psutil/__init__.py", line 717, in create_time
    self._create_time = self._proc.create_time()
                        ^^^^^^^^^^^^^^^^^^^^^^^^
  File "/home/Shared/UniBe-swiss-ndvi/GitHub/swiss-ndvi-processing/.venv/lib/python3.12/site-packages/psutil/_pslinux.py", line 1661, in wrapper
    return fun(self, *args, **kwargs)
           ^^^^^^^^^^^^^^^^^^^^^^^^^^
  File "/home/Shared/UniBe-swiss-ndvi/GitHub/swiss-ndvi-processing/.venv/lib/python3.12/site-packages/psutil/_pslinux.py", line 1873, in create_time
    ctime = float(self._parse_stat_file()['create_time'])
                  ^^^^^^^^^^^^^^^^^^^^^^^
  File "/home/Shared/UniBe-swiss-ndvi/GitHub/swiss-ndvi-processing/.venv/lib/python3.12/site-packages/psutil/_pslinux.py", line 1661, in wrapper
    return fun(self, *args, **kwargs)
           ^^^^^^^^^^^^^^^^^^^^^^^^^^
  File "/home/Shared/UniBe-swiss-ndvi/GitHub/swiss-ndvi-processing/.venv/lib/python3.12/site-packages/psutil/_common.py", line 444, in wrapper
    return fun(self)
           ^^^^^^^^^
  File "/home/Shared/UniBe-swiss-ndvi/GitHub/swiss-ndvi-processing/.venv/lib/python3.12/site-packages/psutil/_pslinux.py", line 1703, in _parse_stat_file
    with open_binary("%s/%s/stat" % (self._procfs_path, self.pid)) as f:
         ^^^^^^^^^^^^^^^^^^^^^^^^^^^^^^^^^^^^^^^^^^^^^^^^^^^^^^^^^
  File "/home/Shared/UniBe-swiss-ndvi/GitHub/swiss-ndvi-processing/.venv/lib/python3.12/site-packages/psutil/_common.py", line 711, in open_binary
    return open(fname, "rb", **kwargs)
           ^^^^^^^^^^^^^^^^^^^^^^^^^^^
OSError: [Errno 24] Too many open files: '/proc/3803322/stat'
Exception in callback BaseAsyncIOLoop._handle_events(7, 1)
handle: <Handle BaseAsyncIOLoop._handle_events(7, 1)>
Traceback (most recent call last):
  File "/usr/lib/python3.12/asyncio/events.py", line 88, in _run
    self._context.run(self._callback, *self._args)
  File "/home/Shared/UniBe-swiss-ndvi/GitHub/swiss-ndvi-processing/.venv/lib/python3.12/site-packages/tornado/platform/asyncio.py", line 208, in _handle_events
  File "/home/Shared/UniBe-swiss-ndvi/GitHub/swiss-ndvi-processing/.venv/lib/python3.12/site-packages/tornado/netutil.py", line 273, in accept_handler
  File "/usr/lib/python3.12/socket.py", line 295, in accept
OSError: [Errno 24] Too many open files
Exception in callback BaseAsyncIOLoop._handle_events(7, 1)
handle: <Handle BaseAsyncIOLoop._handle_events(7, 1)>
Traceback (most recent call last):
  File "/usr/lib/python3.12/asyncio/events.py", line 88, in _run
    self._context.run(self._callback, *self._args)
  File "/home/Shared/UniBe-swiss-ndvi/GitHub/swiss-ndvi-processing/.venv/lib/python3.12/site-packages/tornado/platform/asyncio.py", line 208, in _handle_events
  File "/home/Shared/UniBe-swiss-ndvi/GitHub/swiss-ndvi-processing/.venv/lib/python3.12/site-packages/tornado/netutil.py", line 273, in accept_handler
  File "/usr/lib/python3.12/socket.py", line 295, in accept
OSError: [Errno 24] Too many open files
2026-04-06 21:48:55,257 - distributed.worker - WARNING - Mismatched versions found

+-------------+---------------------------------------------+-----------+----------+
| Package     | Worker-79737648-2f7b-4eba-9592-c63de5346cde | Scheduler | Workers  |
+-------------+---------------------------------------------+-----------+----------+
| cloudpickle | 3.1.1                                       | None      | 3.1.1    |
| dask        | 2025.9.1                                    | None      | 2025.9.1 |
| distributed | 2025.9.1                                    | None      | 2025.9.1 |
| lz4         | 4.3.2                                       | None      | 4.3.2    |
| msgpack     | 1.1.1                                       | None      | 1.1.1    |
| toolz       | 1.0.0                                       | None      | 1.0.0    |
| tornado     | 6.5.1                                       | None      | 6.5.1    |
+-------------+---------------------------------------------+-----------+----------+
2026-04-06 21:48:55,257 - distributed.worker - WARNING - Mismatched versions found

+-------------+---------------------------------------------+-----------+----------+
| Package     | Worker-d17abd48-32ce-48d1-ade5-b7f489002c8e | Scheduler | Workers  |
+-------------+---------------------------------------------+-----------+----------+
| cloudpickle | 3.1.1                                       | None      | 3.1.1    |
| dask        | 2025.9.1                                    | None      | 2025.9.1 |
| distributed | 2025.9.1                                    | None      | 2025.9.1 |
| lz4         | 4.3.2                                       | None      | 4.3.2    |
| msgpack     | 1.1.1                                       | None      | 1.1.1    |
| toolz       | 1.0.0                                       | None      | 1.0.0    |
| tornado     | 6.5.1                                       | None      | 6.5.1    |
+-------------+---------------------------------------------+-----------+----------+
2026-04-06 21:48:55,259 - distributed.worker - WARNING - Mismatched versions found

+-------------+---------------------------------------------+-----------+----------+
| Package     | Worker-7c0644c3-e33e-43d0-ad0f-64a541ca72b8 | Scheduler | Workers  |
+-------------+---------------------------------------------+-----------+----------+
| cloudpickle | 3.1.1                                       | None      | 3.1.1    |
| dask        | 2025.9.1                                    | None      | 2025.9.1 |
| distributed | 2025.9.1                                    | None      | 2025.9.1 |
| lz4         | 4.3.2                                       | None      | 4.3.2    |
| msgpack     | 1.1.1                                       | None      | 1.1.1    |
| toolz       | 1.0.0                                       | None      | 1.0.0    |
| tornado     | 6.5.1                                       | None      | 6.5.1    |
+-------------+---------------------------------------------+-----------+----------+
2026-04-06 21:48:55,260 - distributed.worker - WARNING - Mismatched versions found

+-------------+---------------------------------------------+-----------+----------+
| Package     | Worker-c53489d4-f72e-4c41-b717-ceac6a1dbf50 | Scheduler | Workers  |
+-------------+---------------------------------------------+-----------+----------+
| cloudpickle | 3.1.1                                       | None      | 3.1.1    |
| dask        | 2025.9.1                                    | None      | 2025.9.1 |
| distributed | 2025.9.1                                    | None      | 2025.9.1 |
| lz4         | 4.3.2                                       | None      | 4.3.2    |
| msgpack     | 1.1.1                                       | None      | 1.1.1    |
| toolz       | 1.0.0                                       | None      | 1.0.0    |
| tornado     | 6.5.1                                       | None      | 6.5.1    |
+-------------+---------------------------------------------+-----------+----------+
2026-04-06 21:48:55,273 - distributed.worker - WARNING - Mismatched versions found

+-------------+---------------------------------------------+-----------+----------+
| Package     | Worker-c9dc9429-3166-4586-b2f6-39b89f4b4561 | Scheduler | Workers  |
+-------------+---------------------------------------------+-----------+----------+
| cloudpickle | 3.1.1                                       | None      | 3.1.1    |
| dask        | 2025.9.1                                    | None      | 2025.9.1 |
| distributed | 2025.9.1                                    | None      | 2025.9.1 |
| lz4         | 4.3.2                                       | None      | 4.3.2    |
| msgpack     | 1.1.1                                       | None      | 1.1.1    |
| toolz       | 1.0.0                                       | None      | 1.0.0    |
| tornado     | 6.5.1                                       | None      | 6.5.1    |
+-------------+---------------------------------------------+-----------+----------+
2026-04-06 21:48:55,293 - distributed.worker - WARNING - Mismatched versions found

+-------------+---------------------------------------------+-----------+----------+
| Package     | Worker-61dc11ef-0b88-40a7-b5e1-2e346c187a77 | Scheduler | Workers  |
+-------------+---------------------------------------------+-----------+----------+
| cloudpickle | 3.1.1                                       | None      | 3.1.1    |
| dask        | 2025.9.1                                    | None      | 2025.9.1 |
| distributed | 2025.9.1                                    | None      | 2025.9.1 |
| lz4         | 4.3.2                                       | None      | 4.3.2    |
| msgpack     | 1.1.1                                       | None      | 1.1.1    |
| toolz       | 1.0.0                                       | None      | 1.0.0    |
| tornado     | 6.5.1                                       | None      | 6.5.1    |
+-------------+---------------------------------------------+-----------+----------+
2026-04-06 21:48:55,298 - distributed.worker - WARNING - Mismatched versions found

+-------------+---------------------------------------------+-----------+----------+
| Package     | Worker-2ba9f234-c4be-4b37-a00e-0d134c56deaf | Scheduler | Workers  |
+-------------+---------------------------------------------+-----------+----------+
| cloudpickle | 3.1.1                                       | None      | 3.1.1    |
| dask        | 2025.9.1                                    | None      | 2025.9.1 |
| distributed | 2025.9.1                                    | None      | 2025.9.1 |
| lz4         | 4.3.2                                       | None      | 4.3.2    |
| msgpack     | 1.1.1                                       | None      | 1.1.1    |
| toolz       | 1.0.0                                       | None      | 1.0.0    |
| tornado     | 6.5.1                                       | None      | 6.5.1    |
+-------------+---------------------------------------------+-----------+----------+
2026-04-06 21:48:55,300 - distributed.worker - WARNING - Mismatched versions found

+-------------+---------------------------------------------+-----------+----------+
| Package     | Worker-119a6c9e-15bd-4a96-9fec-60df628df6b8 | Scheduler | Workers  |
+-------------+---------------------------------------------+-----------+----------+
| cloudpickle | 3.1.1                                       | None      | 3.1.1    |
| dask        | 2025.9.1                                    | None      | 2025.9.1 |
| distributed | 2025.9.1                                    | None      | 2025.9.1 |
| lz4         | 4.3.2                                       | None      | 4.3.2    |
| msgpack     | 1.1.1                                       | None      | 1.1.1    |
| toolz       | 1.0.0                                       | None      | 1.0.0    |
| tornado     | 6.5.1                                       | None      | 6.5.1    |
+-------------+---------------------------------------------+-----------+----------+
2026-04-06 21:48:55,301 - distributed.worker - WARNING - Mismatched versions found

+-------------+---------------------------------------------+-----------+----------+
| Package     | Worker-332aa5a3-7717-4c13-8f06-f0ad79673c8b | Scheduler | Workers  |
+-------------+---------------------------------------------+-----------+----------+
| cloudpickle | 3.1.1                                       | None      | 3.1.1    |
| dask        | 2025.9.1                                    | None      | 2025.9.1 |
| distributed | 2025.9.1                                    | None      | 2025.9.1 |
| lz4         | 4.3.2                                       | None      | 4.3.2    |
| msgpack     | 1.1.1                                       | None      | 1.1.1    |
| toolz       | 1.0.0                                       | None      | 1.0.0    |
| tornado     | 6.5.1                                       | None      | 6.5.1    |
+-------------+---------------------------------------------+-----------+----------+
2026-04-06 21:48:55,303 - distributed.worker - WARNING - Mismatched versions found

+-------------+---------------------------------------------+-----------+----------+
| Package     | Worker-a0684993-8b14-4e6b-b0c1-4dd5023c69c2 | Scheduler | Workers  |
+-------------+---------------------------------------------+-----------+----------+
| cloudpickle | 3.1.1                                       | None      | 3.1.1    |
| dask        | 2025.9.1                                    | None      | 2025.9.1 |
| distributed | 2025.9.1                                    | None      | 2025.9.1 |
| lz4         | 4.3.2                                       | None      | 4.3.2    |
| msgpack     | 1.1.1                                       | None      | 1.1.1    |
| toolz       | 1.0.0                                       | None      | 1.0.0    |
| tornado     | 6.5.1                                       | None      | 6.5.1    |
+-------------+---------------------------------------------+-----------+----------+
2026-04-06 21:48:55,304 - distributed.worker - WARNING - Mismatched versions found

+-------------+---------------------------------------------+-----------+----------+
| Package     | Worker-8035d539-2d31-4cea-aea1-52148865010a | Scheduler | Workers  |
+-------------+---------------------------------------------+-----------+----------+
| cloudpickle | 3.1.1                                       | None      | 3.1.1    |
| dask        | 2025.9.1                                    | None      | 2025.9.1 |
| distributed | 2025.9.1                                    | None      | 2025.9.1 |
| lz4         | 4.3.2                                       | None      | 4.3.2    |
| msgpack     | 1.1.1                                       | None      | 1.1.1    |
| toolz       | 1.0.0                                       | None      | 1.0.0    |
| tornado     | 6.5.1                                       | None      | 6.5.1    |
+-------------+---------------------------------------------+-----------+----------+
2026-04-06 21:48:55,304 - distributed.worker - WARNING - Mismatched versions found

+-------------+---------------------------------------------+-----------+----------+
| Package     | Worker-0309e53d-425d-4e1a-8e2e-9d2dfe4586df | Scheduler | Workers  |
+-------------+---------------------------------------------+-----------+----------+
| cloudpickle | 3.1.1                                       | None      | 3.1.1    |
| dask        | 2025.9.1                                    | None      | 2025.9.1 |
| distributed | 2025.9.1                                    | None      | 2025.9.1 |
| lz4         | 4.3.2                                       | None      | 4.3.2    |
| msgpack     | 1.1.1                                       | None      | 1.1.1    |
| toolz       | 1.0.0                                       | None      | 1.0.0    |
| tornado     | 6.5.1                                       | None      | 6.5.1    |
+-------------+---------------------------------------------+-----------+----------+
2026-04-06 21:48:55,305 - distributed.worker - WARNING - Mismatched versions found

+-------------+---------------------------------------------+-----------+----------+
| Package     | Worker-1cd8e1b4-1d21-4440-b350-1c03084539de | Scheduler | Workers  |
+-------------+---------------------------------------------+-----------+----------+
| cloudpickle | 3.1.1                                       | None      | 3.1.1    |
| dask        | 2025.9.1                                    | None      | 2025.9.1 |
| distributed | 2025.9.1                                    | None      | 2025.9.1 |
| lz4         | 4.3.2                                       | None      | 4.3.2    |
| msgpack     | 1.1.1                                       | None      | 1.1.1    |
| toolz       | 1.0.0                                       | None      | 1.0.0    |
| tornado     | 6.5.1                                       | None      | 6.5.1    |
+-------------+---------------------------------------------+-----------+----------+
2026-04-06 21:48:55,308 - distributed.worker - WARNING - Mismatched versions found

+-------------+---------------------------------------------+-----------+----------+
| Package     | Worker-df9e4637-bb45-4771-9b3c-0698caa99ac2 | Scheduler | Workers  |
+-------------+---------------------------------------------+-----------+----------+
| cloudpickle | 3.1.1                                       | None      | 3.1.1    |
| dask        | 2025.9.1                                    | None      | 2025.9.1 |
| distributed | 2025.9.1                                    | None      | 2025.9.1 |
| lz4         | 4.3.2                                       | None      | 4.3.2    |
| msgpack     | 1.1.1                                       | None      | 1.1.1    |
| toolz       | 1.0.0                                       | None      | 1.0.0    |
| tornado     | 6.5.1                                       | None      | 6.5.1    |
+-------------+---------------------------------------------+-----------+----------+
2026-04-06 21:48:55,308 - distributed.worker - WARNING - Mismatched versions found

+-------------+---------------------------------------------+-----------+----------+
| Package     | Worker-4c22eaac-8c90-47b8-a200-e3fdf3d940de | Scheduler | Workers  |
+-------------+---------------------------------------------+-----------+----------+
| cloudpickle | 3.1.1                                       | None      | 3.1.1    |
| dask        | 2025.9.1                                    | None      | 2025.9.1 |
| distributed | 2025.9.1                                    | None      | 2025.9.1 |
| lz4         | 4.3.2                                       | None      | 4.3.2    |
| msgpack     | 1.1.1                                       | None      | 1.1.1    |
| toolz       | 1.0.0                                       | None      | 1.0.0    |
| tornado     | 6.5.1                                       | None      | 6.5.1    |
+-------------+---------------------------------------------+-----------+----------+
2026-04-06 21:48:55,309 - distributed.worker - WARNING - Mismatched versions found

+-------------+---------------------------------------------+-----------+----------+
| Package     | Worker-f0b74ca1-e300-4499-af8a-7354c51a5a55 | Scheduler | Workers  |
+-------------+---------------------------------------------+-----------+----------+
| cloudpickle | 3.1.1                                       | None      | 3.1.1    |
| dask        | 2025.9.1                                    | None      | 2025.9.1 |
| distributed | 2025.9.1                                    | None      | 2025.9.1 |
| lz4         | 4.3.2                                       | None      | 4.3.2    |
| msgpack     | 1.1.1                                       | None      | 1.1.1    |
| toolz       | 1.0.0                                       | None      | 1.0.0    |
| tornado     | 6.5.1                                       | None      | 6.5.1    |
+-------------+---------------------------------------------+-----------+----------+
2026-04-06 21:48:55,312 - distributed.worker - WARNING - Mismatched versions found

+-------------+---------------------------------------------+-----------+----------+
| Package     | Worker-7c3f61f8-c6e1-4ddd-989f-3fac9ced35a0 | Scheduler | Workers  |
+-------------+---------------------------------------------+-----------+----------+
| cloudpickle | 3.1.1                                       | None      | 3.1.1    |
| dask        | 2025.9.1                                    | None      | 2025.9.1 |
| distributed | 2025.9.1                                    | None      | 2025.9.1 |
| lz4         | 4.3.2                                       | None      | 4.3.2    |
| msgpack     | 1.1.1                                       | None      | 1.1.1    |
| toolz       | 1.0.0                                       | None      | 1.0.0    |
| tornado     | 6.5.1                                       | None      | 6.5.1    |
+-------------+---------------------------------------------+-----------+----------+
2026-04-06 21:48:55,322 - distributed.worker - WARNING - Mismatched versions found

+-------------+---------------------------------------------+-----------+----------+
| Package     | Worker-21cd3e22-a739-4d19-ac98-3763e91af273 | Scheduler | Workers  |
+-------------+---------------------------------------------+-----------+----------+
| cloudpickle | 3.1.1                                       | None      | 3.1.1    |
| dask        | 2025.9.1                                    | None      | 2025.9.1 |
| distributed | 2025.9.1                                    | None      | 2025.9.1 |
| lz4         | 4.3.2                                       | None      | 4.3.2    |
| msgpack     | 1.1.1                                       | None      | 1.1.1    |
| toolz       | 1.0.0                                       | None      | 1.0.0    |
| tornado     | 6.5.1                                       | None      | 6.5.1    |
+-------------+---------------------------------------------+-----------+----------+
2026-04-06 21:48:55,327 - distributed.worker - WARNING - Mismatched versions found

+-------------+---------------------------------------------+-----------+----------+
| Package     | Worker-4fafa57e-01db-4b9e-a5ac-3de4935392f3 | Scheduler | Workers  |
+-------------+---------------------------------------------+-----------+----------+
| cloudpickle | 3.1.1                                       | None      | 3.1.1    |
| dask        | 2025.9.1                                    | None      | 2025.9.1 |
| distributed | 2025.9.1                                    | None      | 2025.9.1 |
| lz4         | 4.3.2                                       | None      | 4.3.2    |
| msgpack     | 1.1.1                                       | None      | 1.1.1    |
| toolz       | 1.0.0                                       | None      | 1.0.0    |
| tornado     | 6.5.1                                       | None      | 6.5.1    |
+-------------+---------------------------------------------+-----------+----------+
2026-04-06 21:48:55,332 - distributed.worker - WARNING - Mismatched versions found

+-------------+---------------------------------------------+-----------+----------+
| Package     | Worker-d94ea202-7a81-44a2-ac73-c3f40e2c7279 | Scheduler | Workers  |
+-------------+---------------------------------------------+-----------+----------+
| cloudpickle | 3.1.1                                       | None      | 3.1.1    |
| dask        | 2025.9.1                                    | None      | 2025.9.1 |
| distributed | 2025.9.1                                    | None      | 2025.9.1 |
| lz4         | 4.3.2                                       | None      | 4.3.2    |
| msgpack     | 1.1.1                                       | None      | 1.1.1    |
| toolz       | 1.0.0                                       | None      | 1.0.0    |
| tornado     | 6.5.1                                       | None      | 6.5.1    |
+-------------+---------------------------------------------+-----------+----------+
2026-04-06 21:48:55,344 - distributed.worker - WARNING - Mismatched versions found

+-------------+---------------------------------------------+-----------+----------+
| Package     | Worker-3c6acc3c-358d-4160-85a7-325cb0fcf3b4 | Scheduler | Workers  |
+-------------+---------------------------------------------+-----------+----------+
| cloudpickle | 3.1.1                                       | None      | 3.1.1    |
| dask        | 2025.9.1                                    | None      | 2025.9.1 |
| distributed | 2025.9.1                                    | None      | 2025.9.1 |
| lz4         | 4.3.2                                       | None      | 4.3.2    |
| msgpack     | 1.1.1                                       | None      | 1.1.1    |
| toolz       | 1.0.0                                       | None      | 1.0.0    |
| tornado     | 6.5.1                                       | None      | 6.5.1    |
+-------------+---------------------------------------------+-----------+----------+
2026-04-06 21:48:55,355 - distributed.worker - WARNING - Mismatched versions found

+-------------+---------------------------------------------+-----------+----------+
| Package     | Worker-2ebaca4d-a964-4a22-88b0-113444bb082d | Scheduler | Workers  |
+-------------+---------------------------------------------+-----------+----------+
| cloudpickle | 3.1.1                                       | None      | 3.1.1    |
| dask        | 2025.9.1                                    | None      | 2025.9.1 |
| distributed | 2025.9.1                                    | None      | 2025.9.1 |
| lz4         | 4.3.2                                       | None      | 4.3.2    |
| msgpack     | 1.1.1                                       | None      | 1.1.1    |
| toolz       | 1.0.0                                       | None      | 1.0.0    |
| tornado     | 6.5.1                                       | None      | 6.5.1    |
+-------------+---------------------------------------------+-----------+----------+
2026-04-06 21:48:55,359 - distributed.worker - WARNING - Mismatched versions found

+-------------+---------------------------------------------+-----------+----------+
| Package     | Worker-b0047c96-5abf-43da-b068-5a108f96cf07 | Scheduler | Workers  |
+-------------+---------------------------------------------+-----------+----------+
| cloudpickle | 3.1.1                                       | None      | 3.1.1    |
| dask        | 2025.9.1                                    | None      | 2025.9.1 |
| distributed | 2025.9.1                                    | None      | 2025.9.1 |
| lz4         | 4.3.2                                       | None      | 4.3.2    |
| msgpack     | 1.1.1                                       | None      | 1.1.1    |
| toolz       | 1.0.0                                       | None      | 1.0.0    |
| tornado     | 6.5.1                                       | None      | 6.5.1    |
+-------------+---------------------------------------------+-----------+----------+
2026-04-06 21:48:55,361 - distributed.worker - WARNING - Mismatched versions found

+-------------+---------------------------------------------+-----------+----------+
| Package     | Worker-ec3b0636-73fa-4383-acb4-7bef7198b89d | Scheduler | Workers  |
+-------------+---------------------------------------------+-----------+----------+
| cloudpickle | 3.1.1                                       | None      | 3.1.1    |
| dask        | 2025.9.1                                    | None      | 2025.9.1 |
| distributed | 2025.9.1                                    | None      | 2025.9.1 |
| lz4         | 4.3.2                                       | None      | 4.3.2    |
| msgpack     | 1.1.1                                       | None      | 1.1.1    |
| toolz       | 1.0.0                                       | None      | 1.0.0    |
| tornado     | 6.5.1                                       | None      | 6.5.1    |
+-------------+---------------------------------------------+-----------+----------+
2026-04-06 21:48:55,364 - distributed.worker - WARNING - Mismatched versions found

+-------------+---------------------------------------------+-----------+----------+
| Package     | Worker-4c426988-829e-4d18-80a5-324ec246087c | Scheduler | Workers  |
+-------------+---------------------------------------------+-----------+----------+
| cloudpickle | 3.1.1                                       | None      | 3.1.1    |
| dask        | 2025.9.1                                    | None      | 2025.9.1 |
| distributed | 2025.9.1                                    | None      | 2025.9.1 |
| lz4         | 4.3.2                                       | None      | 4.3.2    |
| msgpack     | 1.1.1                                       | None      | 1.1.1    |
| toolz       | 1.0.0                                       | None      | 1.0.0    |
| tornado     | 6.5.1                                       | None      | 6.5.1    |
+-------------+---------------------------------------------+-----------+----------+
2026-04-06 21:48:55,365 - distributed.worker - WARNING - Mismatched versions found

+-------------+---------------------------------------------+-----------+----------+
| Package     | Worker-95c78265-50c6-46af-b201-e45fa9b6416d | Scheduler | Workers  |
+-------------+---------------------------------------------+-----------+----------+
| cloudpickle | 3.1.1                                       | None      | 3.1.1    |
| dask        | 2025.9.1                                    | None      | 2025.9.1 |
| distributed | 2025.9.1                                    | None      | 2025.9.1 |
| lz4         | 4.3.2                                       | None      | 4.3.2    |
| msgpack     | 1.1.1                                       | None      | 1.1.1    |
| toolz       | 1.0.0                                       | None      | 1.0.0    |
| tornado     | 6.5.1                                       | None      | 6.5.1    |
+-------------+---------------------------------------------+-----------+----------+
2026-04-06 21:48:55,370 - distributed.worker - WARNING - Mismatched versions found

+-------------+---------------------------------------------+-----------+----------+
| Package     | Worker-e0bacd0c-5da7-4111-a4e0-9901d6b52b31 | Scheduler | Workers  |
+-------------+---------------------------------------------+-----------+----------+
| cloudpickle | 3.1.1                                       | None      | 3.1.1    |
| dask        | 2025.9.1                                    | None      | 2025.9.1 |
| distributed | 2025.9.1                                    | None      | 2025.9.1 |
| lz4         | 4.3.2                                       | None      | 4.3.2    |
| msgpack     | 1.1.1                                       | None      | 1.1.1    |
| toolz       | 1.0.0                                       | None      | 1.0.0    |
| tornado     | 6.5.1                                       | None      | 6.5.1    |
+-------------+---------------------------------------------+-----------+----------+
2026-04-06 21:48:55,370 - distributed.worker - WARNING - Mismatched versions found

+-------------+---------------------------------------------+-----------+----------+
| Package     | Worker-90c05b6b-f7cd-45a7-ba38-07202aad3af9 | Scheduler | Workers  |
+-------------+---------------------------------------------+-----------+----------+
| cloudpickle | 3.1.1                                       | None      | 3.1.1    |
| dask        | 2025.9.1                                    | None      | 2025.9.1 |
| distributed | 2025.9.1                                    | None      | 2025.9.1 |
| lz4         | 4.3.2                                       | None      | 4.3.2    |
| msgpack     | 1.1.1                                       | None      | 1.1.1    |
| toolz       | 1.0.0                                       | None      | 1.0.0    |
| tornado     | 6.5.1                                       | None      | 6.5.1    |
+-------------+---------------------------------------------+-----------+----------+
2026-04-06 21:48:55,373 - distributed.worker - WARNING - Mismatched versions found

+-------------+---------------------------------------------+-----------+----------+
| Package     | Worker-6083bc49-d5d8-469d-b368-d5ad1dd13f01 | Scheduler | Workers  |
+-------------+---------------------------------------------+-----------+----------+
| cloudpickle | 3.1.1                                       | None      | 3.1.1    |
| dask        | 2025.9.1                                    | None      | 2025.9.1 |
| distributed | 2025.9.1                                    | None      | 2025.9.1 |
| lz4         | 4.3.2                                       | None      | 4.3.2    |
| msgpack     | 1.1.1                                       | None      | 1.1.1    |
| toolz       | 1.0.0                                       | None      | 1.0.0    |
| tornado     | 6.5.1                                       | None      | 6.5.1    |
+-------------+---------------------------------------------+-----------+----------+
2026-04-06 21:48:55,374 - distributed.worker - WARNING - Mismatched versions found

+-------------+---------------------------------------------+-----------+----------+
| Package     | Worker-8e78fbbb-abd6-46c5-abe0-d6fc2d3f5f21 | Scheduler | Workers  |
+-------------+---------------------------------------------+-----------+----------+
| cloudpickle | 3.1.1                                       | None      | 3.1.1    |
| dask        | 2025.9.1                                    | None      | 2025.9.1 |
| distributed | 2025.9.1                                    | None      | 2025.9.1 |
| lz4         | 4.3.2                                       | None      | 4.3.2    |
| msgpack     | 1.1.1                                       | None      | 1.1.1    |
| toolz       | 1.0.0                                       | None      | 1.0.0    |
| tornado     | 6.5.1                                       | None      | 6.5.1    |
+-------------+---------------------------------------------+-----------+----------+
2026-04-06 21:48:55,380 - distributed.worker - WARNING - Mismatched versions found

+-------------+---------------------------------------------+-----------+----------+
| Package     | Worker-edbf0348-819d-41e5-b8ea-c26a8b64741f | Scheduler | Workers  |
+-------------+---------------------------------------------+-----------+----------+
| cloudpickle | 3.1.1                                       | None      | 3.1.1    |
| dask        | 2025.9.1                                    | None      | 2025.9.1 |
| distributed | 2025.9.1                                    | None      | 2025.9.1 |
| lz4         | 4.3.2                                       | None      | 4.3.2    |
| msgpack     | 1.1.1                                       | None      | 1.1.1    |
| toolz       | 1.0.0                                       | None      | 1.0.0    |
| tornado     | 6.5.1                                       | None      | 6.5.1    |
+-------------+---------------------------------------------+-----------+----------+
2026-04-06 21:48:55,396 - distributed.worker - WARNING - Mismatched versions found

+-------------+---------------------------------------------+-----------+----------+
| Package     | Worker-efc1460b-fff1-44d8-80cd-bdfda96abf3b | Scheduler | Workers  |
+-------------+---------------------------------------------+-----------+----------+
| cloudpickle | 3.1.1                                       | None      | 3.1.1    |
| dask        | 2025.9.1                                    | None      | 2025.9.1 |
| distributed | 2025.9.1                                    | None      | 2025.9.1 |
| lz4         | 4.3.2                                       | None      | 4.3.2    |
| msgpack     | 1.1.1                                       | None      | 1.1.1    |
| toolz       | 1.0.0                                       | None      | 1.0.0    |
| tornado     | 6.5.1                                       | None      | 6.5.1    |
+-------------+---------------------------------------------+-----------+----------+
2026-04-06 21:48:55,401 - distributed.worker - WARNING - Mismatched versions found

+-------------+---------------------------------------------+-----------+----------+
| Package     | Worker-3b4ec0e6-8989-42cc-a44b-c1b35a354e73 | Scheduler | Workers  |
+-------------+---------------------------------------------+-----------+----------+
| cloudpickle | 3.1.1                                       | None      | 3.1.1    |
| dask        | 2025.9.1                                    | None      | 2025.9.1 |
| distributed | 2025.9.1                                    | None      | 2025.9.1 |
| lz4         | 4.3.2                                       | None      | 4.3.2    |
| msgpack     | 1.1.1                                       | None      | 1.1.1    |
| toolz       | 1.0.0                                       | None      | 1.0.0    |
| tornado     | 6.5.1                                       | None      | 6.5.1    |
+-------------+---------------------------------------------+-----------+----------+
2026-04-06 21:48:55,406 - distributed.worker - WARNING - Mismatched versions found

+-------------+---------------------------------------------+-----------+----------+
| Package     | Worker-4ddf44df-5314-4fe0-afdd-e8e579e51d43 | Scheduler | Workers  |
+-------------+---------------------------------------------+-----------+----------+
| cloudpickle | 3.1.1                                       | None      | 3.1.1    |
| dask        | 2025.9.1                                    | None      | 2025.9.1 |
| distributed | 2025.9.1                                    | None      | 2025.9.1 |
| lz4         | 4.3.2                                       | None      | 4.3.2    |
| msgpack     | 1.1.1                                       | None      | 1.1.1    |
| toolz       | 1.0.0                                       | None      | 1.0.0    |
| tornado     | 6.5.1                                       | None      | 6.5.1    |
+-------------+---------------------------------------------+-----------+----------+
2026-04-06 21:48:55,693 - distributed.worker - WARNING - Mismatched versions found

+-------------+---------------------------------------------+-----------+----------+
| Package     | Worker-9fc8996a-5d62-4531-a69d-7037cbc1d432 | Scheduler | Workers  |
+-------------+---------------------------------------------+-----------+----------+
| cloudpickle | 3.1.1                                       | None      | 3.1.1    |
| dask        | 2025.9.1                                    | None      | 2025.9.1 |
| distributed | 2025.9.1                                    | None      | 2025.9.1 |
| lz4         | 4.3.2                                       | None      | 4.3.2    |
| msgpack     | 1.1.1                                       | None      | 1.1.1    |
| toolz       | 1.0.0                                       | None      | 1.0.0    |
| tornado     | 6.5.1                                       | None      | 6.5.1    |
+-------------+---------------------------------------------+-----------+----------+
2026-04-06 21:48:55,698 - distributed.worker - WARNING - Mismatched versions found

+-------------+---------------------------------------------+-----------+----------+
| Package     | Worker-ff14aad4-becf-4e88-a0bf-2cdeeb4d7c1d | Scheduler | Workers  |
+-------------+---------------------------------------------+-----------+----------+
| cloudpickle | 3.1.1                                       | None      | 3.1.1    |
| dask        | 2025.9.1                                    | None      | 2025.9.1 |
| distributed | 2025.9.1                                    | None      | 2025.9.1 |
| lz4         | 4.3.2                                       | None      | 4.3.2    |
| msgpack     | 1.1.1                                       | None      | 1.1.1    |
| toolz       | 1.0.0                                       | None      | 1.0.0    |
| tornado     | 6.5.1                                       | None      | 6.5.1    |
+-------------+---------------------------------------------+-----------+----------+
2026-04-06 21:48:55,701 - distributed.worker - WARNING - Mismatched versions found

+-------------+---------------------------------------------+-----------+----------+
| Package     | Worker-fabc1615-8d9a-47f9-90a0-4f1cde1e7d3d | Scheduler | Workers  |
+-------------+---------------------------------------------+-----------+----------+
| cloudpickle | 3.1.1                                       | None      | 3.1.1    |
| dask        | 2025.9.1                                    | None      | 2025.9.1 |
| distributed | 2025.9.1                                    | None      | 2025.9.1 |
| lz4         | 4.3.2                                       | None      | 4.3.2    |
| msgpack     | 1.1.1                                       | None      | 1.1.1    |
| toolz       | 1.0.0                                       | None      | 1.0.0    |
| tornado     | 6.5.1                                       | None      | 6.5.1    |
+-------------+---------------------------------------------+-----------+----------+
2026-04-06 21:48:55,702 - distributed.worker - WARNING - Mismatched versions found

+-------------+---------------------------------------------+-----------+----------+
| Package     | Worker-4593feff-b629-47e8-af71-9126959b7006 | Scheduler | Workers  |
+-------------+---------------------------------------------+-----------+----------+
| cloudpickle | 3.1.1                                       | None      | 3.1.1    |
| dask        | 2025.9.1                                    | None      | 2025.9.1 |
| distributed | 2025.9.1                                    | None      | 2025.9.1 |
| lz4         | 4.3.2                                       | None      | 4.3.2    |
| msgpack     | 1.1.1                                       | None      | 1.1.1    |
| toolz       | 1.0.0                                       | None      | 1.0.0    |
| tornado     | 6.5.1                                       | None      | 6.5.1    |
+-------------+---------------------------------------------+-----------+----------+
2026-04-06 21:48:55,703 - distributed.worker - WARNING - Mismatched versions found

+-------------+---------------------------------------------+-----------+----------+
| Package     | Worker-29ffc7be-ba9d-4643-9ca0-2ceb850da4f9 | Scheduler | Workers  |
+-------------+---------------------------------------------+-----------+----------+
| cloudpickle | 3.1.1                                       | None      | 3.1.1    |
| dask        | 2025.9.1                                    | None      | 2025.9.1 |
| distributed | 2025.9.1                                    | None      | 2025.9.1 |
| lz4         | 4.3.2                                       | None      | 4.3.2    |
| msgpack     | 1.1.1                                       | None      | 1.1.1    |
| toolz       | 1.0.0                                       | None      | 1.0.0    |
| tornado     | 6.5.1                                       | None      | 6.5.1    |
+-------------+---------------------------------------------+-----------+----------+
2026-04-06 21:48:55,704 - distributed.worker - WARNING - Mismatched versions found

+-------------+---------------------------------------------+-----------+----------+
| Package     | Worker-f9d5b1ee-f8ab-407a-84e8-5f34e4e1657d | Scheduler | Workers  |
+-------------+---------------------------------------------+-----------+----------+
| cloudpickle | 3.1.1                                       | None      | 3.1.1    |
| dask        | 2025.9.1                                    | None      | 2025.9.1 |
| distributed | 2025.9.1                                    | None      | 2025.9.1 |
| lz4         | 4.3.2                                       | None      | 4.3.2    |
| msgpack     | 1.1.1                                       | None      | 1.1.1    |
| toolz       | 1.0.0                                       | None      | 1.0.0    |
| tornado     | 6.5.1                                       | None      | 6.5.1    |
+-------------+---------------------------------------------+-----------+----------+
2026-04-06 21:48:55,705 - distributed.worker - WARNING - Mismatched versions found

+-------------+---------------------------------------------+-----------+----------+
| Package     | Worker-d06edcbf-3f68-4a89-81a5-5ee36909a18d | Scheduler | Workers  |
+-------------+---------------------------------------------+-----------+----------+
| cloudpickle | 3.1.1                                       | None      | 3.1.1    |
| dask        | 2025.9.1                                    | None      | 2025.9.1 |
| distributed | 2025.9.1                                    | None      | 2025.9.1 |
| lz4         | 4.3.2                                       | None      | 4.3.2    |
| msgpack     | 1.1.1                                       | None      | 1.1.1    |
| toolz       | 1.0.0                                       | None      | 1.0.0    |
| tornado     | 6.5.1                                       | None      | 6.5.1    |
+-------------+---------------------------------------------+-----------+----------+
2026-04-06 21:48:55,729 - distributed.worker - WARNING - Mismatched versions found

+-------------+---------------------------------------------+-----------+----------+
| Package     | Worker-a2eb6116-1071-4d13-827c-bed5603ff71b | Scheduler | Workers  |
+-------------+---------------------------------------------+-----------+----------+
| cloudpickle | 3.1.1                                       | None      | 3.1.1    |
| dask        | 2025.9.1                                    | None      | 2025.9.1 |
| distributed | 2025.9.1                                    | None      | 2025.9.1 |
| lz4         | 4.3.2                                       | None      | 4.3.2    |
| msgpack     | 1.1.1                                       | None      | 1.1.1    |
| toolz       | 1.0.0                                       | None      | 1.0.0    |
| tornado     | 6.5.1                                       | None      | 6.5.1    |
+-------------+---------------------------------------------+-----------+----------+
2026-04-06 21:48:55,730 - distributed.worker - WARNING - Mismatched versions found

+-------------+---------------------------------------------+-----------+----------+
| Package     | Worker-f6b25278-1b02-48ee-87d6-98f02e7eba25 | Scheduler | Workers  |
+-------------+---------------------------------------------+-----------+----------+
| cloudpickle | 3.1.1                                       | None      | 3.1.1    |
| dask        | 2025.9.1                                    | None      | 2025.9.1 |
| distributed | 2025.9.1                                    | None      | 2025.9.1 |
| lz4         | 4.3.2                                       | None      | 4.3.2    |
| msgpack     | 1.1.1                                       | None      | 1.1.1    |
| toolz       | 1.0.0                                       | None      | 1.0.0    |
| tornado     | 6.5.1                                       | None      | 6.5.1    |
+-------------+---------------------------------------------+-----------+----------+
2026-04-06 21:48:55,741 - distributed.worker - WARNING - Mismatched versions found

+-------------+---------------------------------------------+-----------+----------+
| Package     | Worker-1794cc95-e0ee-4436-b5fc-91661daed46a | Scheduler | Workers  |
+-------------+---------------------------------------------+-----------+----------+
| cloudpickle | 3.1.1                                       | None      | 3.1.1    |
| dask        | 2025.9.1                                    | None      | 2025.9.1 |
| distributed | 2025.9.1                                    | None      | 2025.9.1 |
| lz4         | 4.3.2                                       | None      | 4.3.2    |
| msgpack     | 1.1.1                                       | None      | 1.1.1    |
| toolz       | 1.0.0                                       | None      | 1.0.0    |
| tornado     | 6.5.1                                       | None      | 6.5.1    |
+-------------+---------------------------------------------+-----------+----------+
2026-04-06 21:48:55,741 - distributed.worker - WARNING - Mismatched versions found

+-------------+---------------------------------------------+-----------+----------+
| Package     | Worker-a31a1be9-f5a3-41a4-b722-9612f29c6988 | Scheduler | Workers  |
+-------------+---------------------------------------------+-----------+----------+
| cloudpickle | 3.1.1                                       | None      | 3.1.1    |
| dask        | 2025.9.1                                    | None      | 2025.9.1 |
| distributed | 2025.9.1                                    | None      | 2025.9.1 |
| lz4         | 4.3.2                                       | None      | 4.3.2    |
| msgpack     | 1.1.1                                       | None      | 1.1.1    |
| toolz       | 1.0.0                                       | None      | 1.0.0    |
| tornado     | 6.5.1                                       | None      | 6.5.1    |
+-------------+---------------------------------------------+-----------+----------+
2026-04-06 21:48:55,742 - distributed.worker - WARNING - Mismatched versions found

+-------------+---------------------------------------------+-----------+----------+
| Package     | Worker-59fb87c7-2669-48c0-a48f-9dd3a8aa33b4 | Scheduler | Workers  |
+-------------+---------------------------------------------+-----------+----------+
| cloudpickle | 3.1.1                                       | None      | 3.1.1    |
| dask        | 2025.9.1                                    | None      | 2025.9.1 |
| distributed | 2025.9.1                                    | None      | 2025.9.1 |
| lz4         | 4.3.2                                       | None      | 4.3.2    |
| msgpack     | 1.1.1                                       | None      | 1.1.1    |
| toolz       | 1.0.0                                       | None      | 1.0.0    |
| tornado     | 6.5.1                                       | None      | 6.5.1    |
+-------------+---------------------------------------------+-----------+----------+
2026-04-06 21:48:55,743 - distributed.worker - WARNING - Mismatched versions found

+-------------+---------------------------------------------+-----------+----------+
| Package     | Worker-b7e93c2f-437b-4e03-960b-dbb5993161ad | Scheduler | Workers  |
+-------------+---------------------------------------------+-----------+----------+
| cloudpickle | 3.1.1                                       | None      | 3.1.1    |
| dask        | 2025.9.1                                    | None      | 2025.9.1 |
| distributed | 2025.9.1                                    | None      | 2025.9.1 |
| lz4         | 4.3.2                                       | None      | 4.3.2    |
| msgpack     | 1.1.1                                       | None      | 1.1.1    |
| toolz       | 1.0.0                                       | None      | 1.0.0    |
| tornado     | 6.5.1                                       | None      | 6.5.1    |
+-------------+---------------------------------------------+-----------+----------+
2026-04-06 21:48:55,744 - distributed.worker - WARNING - Mismatched versions found

+-------------+---------------------------------------------+-----------+----------+
| Package     | Worker-5090f802-012b-4171-9718-7513a79de356 | Scheduler | Workers  |
+-------------+---------------------------------------------+-----------+----------+
| cloudpickle | 3.1.1                                       | None      | 3.1.1    |
| dask        | 2025.9.1                                    | None      | 2025.9.1 |
| distributed | 2025.9.1                                    | None      | 2025.9.1 |
| lz4         | 4.3.2                                       | None      | 4.3.2    |
| msgpack     | 1.1.1                                       | None      | 1.1.1    |
| toolz       | 1.0.0                                       | None      | 1.0.0    |
| tornado     | 6.5.1                                       | None      | 6.5.1    |
+-------------+---------------------------------------------+-----------+----------+
2026-04-06 21:48:55,744 - distributed.worker - WARNING - Mismatched versions found

+-------------+---------------------------------------------+-----------+----------+
| Package     | Worker-30d7b36a-b14e-4cdd-bdd5-11fa1a4d7481 | Scheduler | Workers  |
+-------------+---------------------------------------------+-----------+----------+
| cloudpickle | 3.1.1                                       | None      | 3.1.1    |
| dask        | 2025.9.1                                    | None      | 2025.9.1 |
| distributed | 2025.9.1                                    | None      | 2025.9.1 |
| lz4         | 4.3.2                                       | None      | 4.3.2    |
| msgpack     | 1.1.1                                       | None      | 1.1.1    |
| toolz       | 1.0.0                                       | None      | 1.0.0    |
| tornado     | 6.5.1                                       | None      | 6.5.1    |
+-------------+---------------------------------------------+-----------+----------+
2026-04-06 21:48:55,747 - distributed.worker - WARNING - Mismatched versions found

+-------------+---------------------------------------------+-----------+----------+
| Package     | Worker-c028a7a8-ad19-4f8d-a57c-617fd7c94972 | Scheduler | Workers  |
+-------------+---------------------------------------------+-----------+----------+
| cloudpickle | 3.1.1                                       | None      | 3.1.1    |
| dask        | 2025.9.1                                    | None      | 2025.9.1 |
| distributed | 2025.9.1                                    | None      | 2025.9.1 |
| lz4         | 4.3.2                                       | None      | 4.3.2    |
| msgpack     | 1.1.1                                       | None      | 1.1.1    |
| toolz       | 1.0.0                                       | None      | 1.0.0    |
| tornado     | 6.5.1                                       | None      | 6.5.1    |
+-------------+---------------------------------------------+-----------+----------+
2026-04-06 21:48:55,747 - distributed.worker - WARNING - Mismatched versions found

+-------------+---------------------------------------------+-----------+----------+
| Package     | Worker-fbfd8eec-9e99-4be5-918c-763c752facef | Scheduler | Workers  |
+-------------+---------------------------------------------+-----------+----------+
| cloudpickle | 3.1.1                                       | None      | 3.1.1    |
| dask        | 2025.9.1                                    | None      | 2025.9.1 |
| distributed | 2025.9.1                                    | None      | 2025.9.1 |
| lz4         | 4.3.2                                       | None      | 4.3.2    |
| msgpack     | 1.1.1                                       | None      | 1.1.1    |
| toolz       | 1.0.0                                       | None      | 1.0.0    |
| tornado     | 6.5.1                                       | None      | 6.5.1    |
+-------------+---------------------------------------------+-----------+----------+
