Virtual environment activated
Python executable: /home/Shared/UniBe-swiss-ndvi/GitHub/swiss-ndvi-processing/.venv/bin/python
Python version: Python 3.12.3

2017-04-01
2025-11-30
Current commit:
0cc30de97962b1dbabfac4db1f5ea208637803e1

Commit details:
* 0cc30de (HEAD -> setup-tunder-FB) Switch N_WORKERS = 80
* 7e74716 Update logging
* 4cf4e3f (origin/setup-tunder-FB) Fix Batch size to 3*PIXEL_CHUNKS
* f18e93e perf: Improve performance by manual looping through chunks for apply_ufunc()
* c456659 docs: Streamline hist_script 2 by removing comments
* 0bbc09d Attempt to fix: "OSError: [Errno 24] Too many open files"
* 52c3f15 Update bash script for historic to run only processing (temp. deactivate tiffs)
* 7acb879 Close dask client cleanly for tiff-generation
* 5dacadf Update timeseries plot for validation
* 85df6a0 Make tiff generation loop through all dates

Working tree status:
On branch setup-tunder-FB
Your branch is ahead of 'origin/setup-tunder-FB' by 2 commits.
  (use "git push" to publish your local commits)

nothing to commit, working tree clean

============================================================
Historic processing started at: 2026-04-08 09:14:43
Log file: /home/Shared/UniBe-swiss-ndvi/GitHub/swiss-ndvi-processing/logs/historic_analysis_2026-04-08_09h14m43.log
============================================================

Running: with arguments: 2017-04-01 2025-11-30
------------------------------------------------------------
------------------------------------------------------------
Running: /home/Shared/UniBe-swiss-ndvi/GitHub/swiss-ndvi-processing/workflow_implementation/MS1_script_for_historical_NDVI/new_historical_processing/1_download_satellite_images.py
Start time: 2026-04-08 09:14:43
Finished: /home/Shared/UniBe-swiss-ndvi/GitHub/swiss-ndvi-processing/workflow_implementation/MS1_script_for_historical_NDVI/new_historical_processing/1_download_satellite_images.py
Duration: 00:00:00 (hh:mm:ss)
Download script returned value: /mnt/data2/UniBe-swiss-ndvi/historic_data/tmp_2026-04-04_18h16_ndvi_01_downloaded_2017-01-01_2025-12-31.zarr

------------------------------------------------------------
Running: /home/Shared/UniBe-swiss-ndvi/GitHub/swiss-ndvi-processing/workflow_implementation/MS1_script_for_historical_NDVI/new_historical_processing/2_historical_ndvi_test.py
Start time: 2026-04-08 09:14:43
<Client: 'tcp://127.0.0.1:39833' processes=80 threads=80, memory=2.91 TiB>
http://127.0.0.1:1235/status
dask.distributed
/home/Shared/UniBe-swiss-ndvi/GitHub/swiss-ndvi-processing/.venv/lib/python3.12/site-packages/dask/array/core.py:4997: PerformanceWarning: Increasing number of chunks by factor of 2643
  result = blockwise(
Initialized n=3195 daily dates:
          daily   obs_date          obs_times
0    2017-04-03 2017-04-03           10:40:21
1    2017-04-04        NaT                   
2    2017-04-05        NaT                   
3    2017-04-06        NaT                   
4    2017-04-07        NaT                   
5    2017-04-08        NaT                   
6    2017-04-09        NaT                   
7    2017-04-10        NaT                   
8    2017-04-11        NaT                   
9    2017-04-12        NaT                   
10   2017-04-13        NaT                   
11   2017-04-14        NaT                   
12   2017-04-15        NaT                   
13   2017-04-16        NaT                   
14   2017-04-17        NaT                   
15   2017-04-18        NaT                   
16   2017-04-19        NaT                   
17   2017-04-20 2017-04-20           10:30:21
18   2017-04-21        NaT                   
19   2017-04-22        NaT                   
20   2017-04-23        NaT                   
21   2017-04-24        NaT                   
22   2017-04-25        NaT                   
23   2017-04-26        NaT                   
24   2017-04-27        NaT                   
25   2017-04-28        NaT                   
26   2017-04-29        NaT                   
27   2017-04-30 2017-04-30           10:30:21
28   2017-05-01        NaT                   
29   2017-05-02        NaT                   
30   2017-05-03        NaT                   
31   2017-05-04        NaT                   
32   2017-05-05        NaT                   
33   2017-05-06        NaT                   
34   2017-05-07        NaT                   
35   2017-05-08        NaT                   
36   2017-05-09        NaT                   
37   2017-05-10 2017-05-10           10:30:31
38   2017-05-11        NaT                   
39   2017-05-12        NaT                   
40   2017-05-13        NaT                   
41   2017-05-14        NaT                   
42   2017-05-15        NaT                   
43   2017-05-16        NaT                   
44   2017-05-17        NaT                   
45   2017-05-18        NaT                   
46   2017-05-19        NaT                   
47   2017-05-20        NaT                   
48   2017-05-21        NaT                   
49   2017-05-22        NaT                   
50   2017-05-23        NaT                   
51   2017-05-24        NaT                   
52   2017-05-25        NaT                   
53   2017-05-26        NaT                   
54   2017-05-27        NaT                   
55   2017-05-28        NaT                   
56   2017-05-29        NaT                   
57   2017-05-30        NaT                   
58   2017-05-31        NaT                   
59   2017-06-01        NaT                   
60   2017-06-02 2017-06-02           10:40:21
61   2017-06-03        NaT                   
62   2017-06-04        NaT                   
63   2017-06-05        NaT                   
64   2017-06-06        NaT                   
65   2017-06-07        NaT                   
66   2017-06-08        NaT                   
67   2017-06-09        NaT                   
68   2017-06-10        NaT                   
69   2017-06-11        NaT                   
70   2017-06-12 2017-06-12           10:40:21
71   2017-06-13 2017-06-13           10:10:31
72   2017-06-14        NaT                   
73   2017-06-15        NaT                   
74   2017-06-16        NaT                   
75   2017-06-17        NaT                   
76   2017-06-18        NaT                   
77   2017-06-19 2017-06-19           10:30:21
78   2017-06-20        NaT                   
79   2017-06-21        NaT                   
80   2017-06-22 2017-06-22           10:40:21
81   2017-06-23        NaT                   
82   2017-06-24        NaT                   
83   2017-06-25        NaT                   
84   2017-06-26        NaT                   
85   2017-06-27        NaT                   
86   2017-06-28        NaT                   
87   2017-06-29        NaT                   
88   2017-06-30        NaT                   
89   2017-07-01        NaT                   
90   2017-07-02        NaT                   
91   2017-07-03        NaT                   
92   2017-07-04        NaT                   
93   2017-07-05        NaT                   
94   2017-07-06 2017-07-06           10:20:21
95   2017-07-07        NaT                   
96   2017-07-08        NaT                   
97   2017-07-09        NaT                   
98   2017-07-10        NaT                   
99   2017-07-11        NaT                   
100  2017-07-12        NaT                   
101  2017-07-13 2017-07-13           10:10:31
102  2017-07-14        NaT                   
103  2017-07-15        NaT                   
104  2017-07-16        NaT                   
105  2017-07-17        NaT                   
106  2017-07-18        NaT                   
107  2017-07-19        NaT                   
108  2017-07-20        NaT                   
109  2017-07-21        NaT                   
110  2017-07-22 2017-07-22           10:40:21
111  2017-07-23        NaT                   
112  2017-07-24        NaT                   
113  2017-07-25        NaT                   
114  2017-07-26        NaT                   
115  2017-07-27        NaT                   
116  2017-07-28        NaT                   
117  2017-07-29        NaT                   
118  2017-07-30        NaT                   
119  2017-07-31        NaT                   
120  2017-08-01        NaT                   
121  2017-08-02        NaT                   
122  2017-08-03        NaT                   
123  2017-08-04        NaT                   
124  2017-08-05 2017-08-05           10:20:31
125  2017-08-06        NaT                   
126  2017-08-07        NaT                   
127  2017-08-08        NaT                   
128  2017-08-09        NaT                   
129  2017-08-10        NaT                   
130  2017-08-11        NaT                   
131  2017-08-12        NaT                   
132  2017-08-13        NaT                   
133  2017-08-14        NaT                   
134  2017-08-15        NaT                   
135  2017-08-16        NaT                   
136  2017-08-17        NaT                   
137  2017-08-18        NaT                   
138  2017-08-19        NaT                   
139  2017-08-20        NaT                   
140  2017-08-21        NaT                   
141  2017-08-22        NaT                   
142  2017-08-23        NaT                   
143  2017-08-24        NaT                   
144  2017-08-25        NaT                   
145  2017-08-26        NaT                   
146  2017-08-27        NaT                   
147  2017-08-28        NaT                   
148  2017-08-29        NaT                   
149  2017-08-30        NaT                   
150  2017-08-31        NaT                   
151  2017-09-01        NaT                   
152  2017-09-02        NaT                   
153  2017-09-03        NaT                   
154  2017-09-04        NaT                   
155  2017-09-05        NaT                   
156  2017-09-06        NaT                   
157  2017-09-07        NaT                   
158  2017-09-08        NaT                   
159  2017-09-09        NaT                   
160  2017-09-10 2017-09-10           10:40:21
161  2017-09-11        NaT                   
162  2017-09-12        NaT                   
163  2017-09-13        NaT                   
164  2017-09-14        NaT                   
165  2017-09-15        NaT                   
166  2017-09-16        NaT                   
167  2017-09-17        NaT                   
168  2017-09-18        NaT                   
169  2017-09-19        NaT                   
170  2017-09-20 2017-09-20           10:40:21
171  2017-09-21        NaT                   
172  2017-09-22        NaT                   
173  2017-09-23        NaT                   
174  2017-09-24 2017-09-24           10:20:21
175  2017-09-25        NaT                   
176  2017-09-26        NaT                   
177  2017-09-27        NaT                   
178  2017-09-28        NaT                   
179  2017-09-29        NaT                   
180  2017-09-30        NaT                   
181  2017-10-01        NaT                   
182  2017-10-02        NaT                   
183  2017-10-03        NaT                   
184  2017-10-04        NaT                   
185  2017-10-05        NaT                   
186  2017-10-06        NaT                   
187  2017-10-07        NaT                   
188  2017-10-08        NaT                   
189  2017-10-09        NaT                   
190  2017-10-10 2017-10-10           10:40:21
191  2017-10-11 2017-10-11           10:10:21
192  2017-10-12        NaT                   
193  2017-10-13        NaT                   
194  2017-10-14        NaT                   
195  2017-10-15        NaT                   
196  2017-10-16        NaT                   
197  2017-10-17        NaT                   
198  2017-10-18        NaT                   
199  2017-10-19        NaT                   
200  2017-10-20        NaT                   
201  2017-10-21        NaT                   
202  2017-10-22        NaT                   
203  2017-10-23        NaT                   
204  2017-10-24        NaT                   
205  2017-10-25        NaT                   
206  2017-10-26        NaT                   
207  2017-10-27        NaT                   
208  2017-10-28        NaT                   
209  2017-10-29        NaT                   
210  2017-10-30        NaT                   
211  2017-10-31 2017-10-31           10:11:41
212  2017-11-01        NaT                   
213  2017-11-02        NaT                   
214  2017-11-03 2017-11-03           10:22:01
215  2017-11-04        NaT                   
216  2017-11-05        NaT                   
217  2017-11-06        NaT                   
218  2017-11-07        NaT                   
219  2017-11-08        NaT                   
220  2017-11-09        NaT                   
221  2017-11-10        NaT                   
222  2017-11-11        NaT                   
223  2017-11-12        NaT                   
224  2017-11-13        NaT                   
225  2017-11-14        NaT                   
226  2017-11-15        NaT                   
227  2017-11-16 2017-11-16           10:33:11
228  2017-11-17        NaT                   
229  2017-11-18        NaT                   
230  2017-11-19        NaT                   
231  2017-11-20        NaT                   
232  2017-11-21        NaT                   
233  2017-11-22        NaT                   
234  2017-11-23        NaT                   
235  2017-11-24        NaT                   
236  2017-11-25        NaT                   
237  2017-11-26        NaT                   
238  2017-11-27        NaT                   
239  2017-11-28        NaT                   
240  2017-11-29        NaT                   
241  2017-11-30        NaT                   
242  2017-12-01        NaT                   
243  2017-12-02        NaT                   
244  2017-12-03        NaT                   
245  2017-12-04        NaT                   
246  2017-12-05        NaT                   
247  2017-12-06 2017-12-06           10:34:21
248  2017-12-07        NaT                   
249  2017-12-08        NaT                   
250  2017-12-09        NaT                   
251  2017-12-10        NaT                   
252  2017-12-11        NaT                   
253  2017-12-12        NaT                   
254  2017-12-13 2017-12-13           10:24:31
255  2017-12-14        NaT                   
256  2017-12-15        NaT                   
257  2017-12-16        NaT                   
258  2017-12-17        NaT                   
259  2017-12-18        NaT                   
260  2017-12-19        NaT                   
261  2017-12-20        NaT                   
262  2017-12-21        NaT                   
263  2017-12-22        NaT                   
264  2017-12-23 2017-12-23           10:24:31
265  2017-12-24 2017-12-24           10:44:29
266  2017-12-25 2017-12-25           10:14:19
267  2017-12-26        NaT                   
268  2017-12-27        NaT                   
269  2017-12-28        NaT                   
270  2017-12-29        NaT                   
271  2017-12-30        NaT                   
272  2017-12-31        NaT                   
273  2018-01-01        NaT                   
274  2018-01-02        NaT                   
275  2018-01-03        NaT                   
276  2018-01-04        NaT                   
277  2018-01-05        NaT                   
278  2018-01-06        NaT                   
279  2018-01-07        NaT                   
280  2018-01-08 2018-01-08           10:44:21
281  2018-01-09        NaT                   
282  2018-01-10        NaT                   
283  2018-01-11        NaT                   
284  2018-01-12        NaT                   
285  2018-01-13        NaT                   
286  2018-01-14 2018-01-14           10:13:49
287  2018-01-15        NaT                   
288  2018-01-16        NaT                   
289  2018-01-17        NaT                   
290  2018-01-18        NaT                   
291  2018-01-19        NaT                   
292  2018-01-20        NaT                   
293  2018-01-21        NaT                   
294  2018-01-22        NaT                   
295  2018-01-23        NaT                   
296  2018-01-24        NaT                   
297  2018-01-25        NaT                   
298  2018-01-26        NaT                   
299  2018-01-27        NaT                   
300  2018-01-28        NaT                   
301  2018-01-29        NaT                   
302  2018-01-30        NaT                   
303  2018-01-31        NaT                   
304  2018-02-01        NaT                   
305  2018-02-02        NaT                   
306  2018-02-03        NaT                   
307  2018-02-04        NaT                   
308  2018-02-05        NaT                   
309  2018-02-06        NaT                   
310  2018-02-07        NaT                   
311  2018-02-08        NaT                   
312  2018-02-09 2018-02-09           10:31:49
313  2018-02-10        NaT                   
314  2018-02-11        NaT                   
315  2018-02-12        NaT                   
316  2018-02-13 2018-02-13           10:11:19
317  2018-02-14        NaT                   
318  2018-02-15        NaT                   
319  2018-02-16        NaT                   
320  2018-02-17        NaT                   
321  2018-02-18        NaT                   
322  2018-02-19        NaT                   
323  2018-02-20        NaT                   
324  2018-02-21        NaT                   
325  2018-02-22        NaT                   
326  2018-02-23 2018-02-23           10:10:19
327  2018-02-24        NaT                   
328  2018-02-25        NaT                   
329  2018-02-26        NaT                   
330  2018-02-27        NaT                   
331  2018-02-28 2018-02-28           10:10:21
332  2018-03-01        NaT                   
333  2018-03-02        NaT                   
334  2018-03-03        NaT                   
335  2018-03-04        NaT                   
336  2018-03-05        NaT                   
337  2018-03-06        NaT                   
338  2018-03-07        NaT                   
339  2018-03-08        NaT                   
340  2018-03-09        NaT                   
341  2018-03-10        NaT                   
342  2018-03-11        NaT                   
343  2018-03-12        NaT                   
344  2018-03-13        NaT                   
345  2018-03-14 2018-03-14           10:40:19
346  2018-03-15        NaT                   
347  2018-03-16        NaT                   
348  2018-03-17        NaT                   
349  2018-03-18        NaT                   
350  2018-03-19        NaT                   
351  2018-03-20 2018-03-20           10:10:21
352  2018-03-21        NaT                   
353  2018-03-22        NaT                   
354  2018-03-23 2018-03-23           10:20:21
355  2018-03-24 2018-03-24           10:40:19
356  2018-03-25 2018-03-25           10:10:19
357  2018-03-26        NaT                   
358  2018-03-27        NaT                   
359  2018-03-28 2018-03-28           10:20:19
360  2018-03-29        NaT                   
361  2018-03-30        NaT                   
362  2018-03-31        NaT                   
363  2018-04-01        NaT                   
364  2018-04-02 2018-04-02           10:20:21
365  2018-04-03        NaT                   
366  2018-04-04        NaT                   
367  2018-04-05        NaT                   
368  2018-04-06        NaT                   
369  2018-04-07 2018-04-07           10:20:19
370  2018-04-08 2018-04-08           10:40:21
371  2018-04-09        NaT                   
372  2018-04-10        NaT                   
373  2018-04-11        NaT                   
374  2018-04-12        NaT                   
375  2018-04-13 2018-04-13           10:40:19
376  2018-04-14 2018-04-14           10:10:19
377  2018-04-15        NaT                   
378  2018-04-16        NaT                   
379  2018-04-17 2018-04-17           10:20:19
380  2018-04-18 2018-04-18           10:40:21
381  2018-04-19 2018-04-19           10:10:31
382  2018-04-20 2018-04-20           10:30:19
383  2018-04-21        NaT                   
384  2018-04-22 2018-04-22           10:20:31
385  2018-04-23        NaT                   
386  2018-04-24 2018-04-24           10:10:29
387  2018-04-25 2018-04-25           10:30:21
388  2018-04-26        NaT                   
389  2018-04-27 2018-04-27           10:20:19
390  2018-04-28 2018-04-28           10:40:21
391  2018-04-29        NaT                   
392  2018-04-30 2018-04-30           10:30:19
393  2018-05-01        NaT                   
394  2018-05-02        NaT                   
395  2018-05-03        NaT                   
396  2018-05-04        NaT                   
397  2018-05-05 2018-05-05           10:30:21
398  2018-05-06        NaT                   
399  2018-05-07 2018-05-07           10:20:19
400  2018-05-08 2018-05-08           10:40:31
401  2018-05-09        NaT                   
402  2018-05-10        NaT                   
403  2018-05-11        NaT                   
404  2018-05-12 2018-05-12           10:20:31
405  2018-05-13        NaT                   
406  2018-05-14        NaT                   
407  2018-05-15        NaT                   
408  2018-05-16        NaT                   
409  2018-05-17        NaT                   
410  2018-05-18 2018-05-18           10:40:21
411  2018-05-19        NaT                   
412  2018-05-20        NaT                   
413  2018-05-21        NaT                   
414  2018-05-22        NaT                   
415  2018-05-23        NaT                   
416  2018-05-24        NaT                   
417  2018-05-25 2018-05-25           10:30:21
418  2018-05-26        NaT                   
419  2018-05-27        NaT                   
420  2018-05-28        NaT                   
421  2018-05-29        NaT                   
422  2018-05-30 2018-05-30           10:30:19
423  2018-05-31        NaT                   
424  2018-06-01 2018-06-01           10:20:21
425  2018-06-02 2018-06-02           10:40:19
426  2018-06-03        NaT                   
427  2018-06-04 2018-06-04           10:30:21
428  2018-06-05        NaT                   
429  2018-06-06        NaT                   
430  2018-06-07        NaT                   
431  2018-06-08        NaT                   
432  2018-06-09 2018-06-09           10:30:19
433  2018-06-10        NaT                   
434  2018-06-11        NaT                   
435  2018-06-12        NaT                   
436  2018-06-13        NaT                   
437  2018-06-14 2018-06-14           10:30:21
438  2018-06-15        NaT                   
439  2018-06-16 2018-06-16           10:20:19
440  2018-06-17        NaT                   
441  2018-06-18        NaT                   
442  2018-06-19 2018-06-19           10:30:19
443  2018-06-20        NaT                   
444  2018-06-21 2018-06-21           10:20:21
445  2018-06-22 2018-06-22           10:40:19
446  2018-06-23 2018-06-23           10:10:29
447  2018-06-24        NaT                   
448  2018-06-25        NaT                   
449  2018-06-26 2018-06-26           10:20:19
450  2018-06-27 2018-06-27           10:40:21
451  2018-06-28        NaT                   
452  2018-06-29 2018-06-29           10:30:19
453  2018-06-30        NaT                   
454  2018-07-01 2018-07-01           10:20:21
455  2018-07-02 2018-07-02           10:40:19
456  2018-07-03        NaT                   
457  2018-07-04 2018-07-04           10:30:21
458  2018-07-05        NaT                   
459  2018-07-06        NaT                   
460  2018-07-07 2018-07-07           10:40:21
461  2018-07-08 2018-07-08           10:10:31
462  2018-07-09 2018-07-09           10:30:19
463  2018-07-10        NaT                   
464  2018-07-11 2018-07-11           10:20:21
465  2018-07-12 2018-07-12           10:40:19
466  2018-07-13 2018-07-13           10:10:29
467  2018-07-14 2018-07-14           10:30:21
468  2018-07-15        NaT                   
469  2018-07-16 2018-07-16           10:20:19
470  2018-07-17 2018-07-17           10:40:21
471  2018-07-18 2018-07-18           10:10:31
472  2018-07-19 2018-07-19           10:30:19
473  2018-07-20        NaT                   
474  2018-07-21        NaT                   
475  2018-07-22 2018-07-22           10:40:19
476  2018-07-23        NaT                   
477  2018-07-24        NaT                   
478  2018-07-25        NaT                   
479  2018-07-26 2018-07-26           10:20:19
480  2018-07-27 2018-07-27           10:40:21
481  2018-07-28        NaT                   
482  2018-07-29 2018-07-29           10:30:19
483  2018-07-30        NaT                   
484  2018-07-31 2018-07-31           10:20:21
485  2018-08-01 2018-08-01           10:40:19
486  2018-08-02        NaT                   
487  2018-08-03 2018-08-03           10:30:21
488  2018-08-04        NaT                   
489  2018-08-05 2018-08-05           10:20:19
490  2018-08-06        NaT                   
491  2018-08-07        NaT                   
492  2018-08-08 2018-08-08           10:30:19
493  2018-08-09        NaT                   
494  2018-08-10        NaT                   
495  2018-08-11 2018-08-11           10:40:19
496  2018-08-12        NaT                   
497  2018-08-13        NaT                   
498  2018-08-14        NaT                   
499  2018-08-15        NaT                   
500  2018-08-16 2018-08-16           10:40:21
501  2018-08-17 2018-08-17           10:10:21
502  2018-08-18 2018-08-18           10:30:19
503  2018-08-19        NaT                   
504  2018-08-20 2018-08-20           10:20:21
505  2018-08-21 2018-08-21           10:40:19
506  2018-08-22        NaT                   
507  2018-08-23 2018-08-23           10:30:21
508  2018-08-24        NaT                   
509  2018-08-25        NaT                   
510  2018-08-26 2018-08-26           10:40:21
511  2018-08-27 2018-08-27           10:10:21
512  2018-08-28 2018-08-28           10:30:19
513  2018-08-29        NaT                   
514  2018-08-30        NaT                   
515  2018-08-31        NaT                   
516  2018-09-01        NaT                   
517  2018-09-02        NaT                   
518  2018-09-03        NaT                   
519  2018-09-04 2018-09-04           10:20:19
520  2018-09-05 2018-09-05           10:40:21
521  2018-09-06 2018-09-06           10:10:21
522  2018-09-07        NaT                   
523  2018-09-08        NaT                   
524  2018-09-09 2018-09-09           10:20:21
525  2018-09-10 2018-09-10           10:40:19
526  2018-09-11 2018-09-11           10:10:19
527  2018-09-12 2018-09-12           10:30:21
528  2018-09-13        NaT                   
529  2018-09-14        NaT                   
530  2018-09-15        NaT                   
531  2018-09-16 2018-09-16           10:10:21
532  2018-09-17 2018-09-17           10:30:19
533  2018-09-18        NaT                   
534  2018-09-19 2018-09-19           10:20:21
535  2018-09-20 2018-09-20           10:40:19
536  2018-09-21 2018-09-21           10:10:19
537  2018-09-22        NaT                   
538  2018-09-23        NaT                   
539  2018-09-24 2018-09-24           10:20:19
540  2018-09-25 2018-09-25           10:40:21
541  2018-09-26 2018-09-26           10:10:21
542  2018-09-27 2018-09-27           10:30:19
543  2018-09-28        NaT                   
544  2018-09-29 2018-09-29           10:20:21
545  2018-09-30 2018-09-30           10:40:19
546  2018-10-01        NaT                   
547  2018-10-02 2018-10-02           10:30:21
548  2018-10-03        NaT                   
549  2018-10-04 2018-10-04           10:20:19
550  2018-10-05 2018-10-05           10:40:21
551  2018-10-06        NaT                   
552  2018-10-07 2018-10-07           10:30:19
553  2018-10-08        NaT                   
554  2018-10-09 2018-10-09           10:20:21
555  2018-10-10 2018-10-10           10:40:19
556  2018-10-11        NaT                   
557  2018-10-12 2018-10-12           10:30:21
558  2018-10-13        NaT                   
559  2018-10-14        NaT                   
560  2018-10-15 2018-10-15           10:40:21
561  2018-10-16 2018-10-16           10:10:21
562  2018-10-17 2018-10-17           10:30:19
563  2018-10-18        NaT                   
564  2018-10-19 2018-10-19           10:20:31
565  2018-10-20 2018-10-20           10:40:49
566  2018-10-21        NaT                   
567  2018-10-22 2018-10-22           10:30:51
568  2018-10-23        NaT                   
569  2018-10-24        NaT                   
570  2018-10-25 2018-10-25           10:41:21
571  2018-10-26 2018-10-26           10:11:11
572  2018-10-27        NaT                   
573  2018-10-28        NaT                   
574  2018-10-29        NaT                   
575  2018-10-30        NaT                   
576  2018-10-31        NaT                   
577  2018-11-01 2018-11-01           10:31:51
578  2018-11-02        NaT                   
579  2018-11-03        NaT                   
580  2018-11-04        NaT                   
581  2018-11-05        NaT                   
582  2018-11-06        NaT                   
583  2018-11-07        NaT                   
584  2018-11-08        NaT                   
585  2018-11-09        NaT                   
586  2018-11-10        NaT                   
587  2018-11-11 2018-11-11           10:32:41
588  2018-11-12        NaT                   
589  2018-11-13        NaT                   
590  2018-11-14        NaT                   
591  2018-11-15 2018-11-15           10:12:51
592  2018-11-16 2018-11-16           10:33:09
593  2018-11-17        NaT                   
594  2018-11-18 2018-11-18           10:23:11
595  2018-11-19        NaT                   
596  2018-11-20        NaT                   
597  2018-11-21        NaT                   
598  2018-11-22        NaT                   
599  2018-11-23        NaT                   
600  2018-11-24 2018-11-24           10:43:41
601  2018-11-25        NaT                   
602  2018-11-26        NaT                   
603  2018-11-27        NaT                   
604  2018-11-28 2018-11-28           10:23:51
605  2018-11-29        NaT                   
606  2018-11-30        NaT                   
607  2018-12-01        NaT                   
608  2018-12-02        NaT                   
609  2018-12-03        NaT                   
610  2018-12-04        NaT                   
611  2018-12-05        NaT                   
612  2018-12-06        NaT                   
613  2018-12-07        NaT                   
614  2018-12-08        NaT                   
615  2018-12-09        NaT                   
616  2018-12-10        NaT                   
617  2018-12-11 2018-12-11           10:34:21
618  2018-12-12        NaT                   
619  2018-12-13 2018-12-13           10:24:19
620  2018-12-14        NaT                   
621  2018-12-15 2018-12-15           10:14:21
622  2018-12-16        NaT                   
623  2018-12-17        NaT                   
624  2018-12-18 2018-12-18           10:24:31
625  2018-12-19        NaT                   
626  2018-12-20        NaT                   
627  2018-12-21        NaT                   
628  2018-12-22        NaT                   
629  2018-12-23        NaT                   
630  2018-12-24        NaT                   
631  2018-12-25        NaT                   
632  2018-12-26 2018-12-26           10:34:39
633  2018-12-27        NaT                   
634  2018-12-28 2018-12-28           10:24:31
635  2018-12-29        NaT                   
636  2018-12-30        NaT                   
637  2018-12-31        NaT                   
638  2019-01-01        NaT                   
639  2019-01-02        NaT                   
640  2019-01-03 2019-01-03           10:44:31
641  2019-01-04        NaT                   
642  2019-01-05        NaT                   
643  2019-01-06        NaT                   
644  2019-01-07 2019-01-07           10:24:11
645  2019-01-08        NaT                   
646  2019-01-09        NaT                   
647  2019-01-10        NaT                   
648  2019-01-11        NaT                   
649  2019-01-12        NaT                   
650  2019-01-13        NaT                   
651  2019-01-14        NaT                   
652  2019-01-15 2019-01-15           10:33:59
653  2019-01-16        NaT                   
654  2019-01-17        NaT                   
655  2019-01-18 2019-01-18           10:43:59
656  2019-01-19 2019-01-19           10:13:39
657  2019-01-20        NaT                   
658  2019-01-21        NaT                   
659  2019-01-22 2019-01-22           10:23:29
660  2019-01-23        NaT                   
661  2019-01-24 2019-01-24           10:13:11
662  2019-01-25 2019-01-25           10:33:19
663  2019-01-26        NaT                   
664  2019-01-27        NaT                   
665  2019-01-28        NaT                   
666  2019-01-29 2019-01-29           10:12:59
667  2019-01-30        NaT                   
668  2019-01-31        NaT                   
669  2019-02-01        NaT                   
670  2019-02-02        NaT                   
671  2019-02-03        NaT                   
672  2019-02-04 2019-02-04           10:32:29
673  2019-02-05        NaT                   
674  2019-02-06 2019-02-06           10:22:11
675  2019-02-07        NaT                   
676  2019-02-08 2019-02-08           10:11:59
677  2019-02-09        NaT                   
678  2019-02-10        NaT                   
679  2019-02-11        NaT                   
680  2019-02-12 2019-02-12           10:41:41
681  2019-02-13 2019-02-13           10:11:31
682  2019-02-14 2019-02-14           10:31:29
683  2019-02-15        NaT                   
684  2019-02-16 2019-02-16           10:21:11
685  2019-02-17 2019-02-17           10:41:19
686  2019-02-18 2019-02-18           10:10:59
687  2019-02-19 2019-02-19           10:30:51
688  2019-02-20        NaT                   
689  2019-02-21 2019-02-21           10:20:39
690  2019-02-22 2019-02-22           10:40:41
691  2019-02-23 2019-02-23           10:10:21
692  2019-02-24 2019-02-24           10:30:19
693  2019-02-25        NaT                   
694  2019-02-26 2019-02-26           10:20:21
695  2019-02-27 2019-02-27           10:40:19
696  2019-02-28 2019-02-28           10:10:29
697  2019-03-01        NaT                   
698  2019-03-02        NaT                   
699  2019-03-03 2019-03-03           10:20:19
700  2019-03-04        NaT                   
701  2019-03-05 2019-03-05           10:10:21
702  2019-03-06        NaT                   
703  2019-03-07        NaT                   
704  2019-03-08 2019-03-08           10:20:21
705  2019-03-09        NaT                   
706  2019-03-10        NaT                   
707  2019-03-11        NaT                   
708  2019-03-12        NaT                   
709  2019-03-13        NaT                   
710  2019-03-14        NaT                   
711  2019-03-15        NaT                   
712  2019-03-16 2019-03-16           10:30:19
713  2019-03-17        NaT                   
714  2019-03-18        NaT                   
715  2019-03-19 2019-03-19           10:40:19
716  2019-03-20        NaT                   
717  2019-03-21 2019-03-21           10:30:21
718  2019-03-22        NaT                   
719  2019-03-23 2019-03-23           10:20:29
720  2019-03-24 2019-03-24           10:40:21
721  2019-03-25        NaT                   
722  2019-03-26 2019-03-26           10:30:29
723  2019-03-27        NaT                   
724  2019-03-28 2019-03-28           10:20:21
725  2019-03-29 2019-03-29           10:40:29
726  2019-03-30 2019-03-30           10:10:29
727  2019-03-31 2019-03-31           10:30:21
728  2019-04-01        NaT                   
729  2019-04-02 2019-04-02           10:20:29
730  2019-04-03        NaT                   
731  2019-04-04        NaT                   
732  2019-04-05 2019-04-05           10:30:29
733  2019-04-06        NaT                   
734  2019-04-07        NaT                   
735  2019-04-08 2019-04-08           10:40:29
736  2019-04-09        NaT                   
737  2019-04-10        NaT                   
738  2019-04-11        NaT                   
739  2019-04-12        NaT                   
740  2019-04-13        NaT                   
741  2019-04-14        NaT                   
742  2019-04-15 2019-04-15           10:30:29
743  2019-04-16        NaT                   
744  2019-04-17 2019-04-17           10:20:31
745  2019-04-18 2019-04-18           10:40:29
746  2019-04-19 2019-04-19           10:10:29
747  2019-04-20 2019-04-20           10:30:31
748  2019-04-21        NaT                   
749  2019-04-22 2019-04-22           10:20:29
750  2019-04-23 2019-04-23           10:40:31
751  2019-04-24        NaT                   
752  2019-04-25 2019-04-25           10:30:29
753  2019-04-26        NaT                   
754  2019-04-27        NaT                   
755  2019-04-28        NaT                   
756  2019-04-29        NaT                   
757  2019-04-30 2019-04-30           10:30:31
758  2019-05-01        NaT                   
759  2019-05-02        NaT                   
760  2019-05-03        NaT                   
761  2019-05-04        NaT                   
762  2019-05-05        NaT                   
763  2019-05-06        NaT                   
764  2019-05-07 2019-05-07           10:20:31
765  2019-05-08        NaT                   
766  2019-05-09        NaT                   
767  2019-05-10        NaT                   
768  2019-05-11        NaT                   
769  2019-05-12        NaT                   
770  2019-05-13 2019-05-13           10:40:31
771  2019-05-14 2019-05-14           10:10:31
772  2019-05-15 2019-05-15           10:30:29
773  2019-05-16        NaT                   
774  2019-05-17        NaT                   
775  2019-05-18        NaT                   
776  2019-05-19        NaT                   
777  2019-05-20        NaT                   
778  2019-05-21        NaT                   
779  2019-05-22        NaT                   
780  2019-05-23 2019-05-23           10:40:31
781  2019-05-24 2019-05-24           10:10:31
782  2019-05-25        NaT                   
783  2019-05-26        NaT                   
784  2019-05-27        NaT                   
785  2019-05-28        NaT                   
786  2019-05-29        NaT                   
787  2019-05-30 2019-05-30           10:30:31
788  2019-05-31        NaT                   
789  2019-06-01 2019-06-01           10:20:29
790  2019-06-02 2019-06-02           10:40:31
791  2019-06-03        NaT                   
792  2019-06-04 2019-06-04           10:30:29
793  2019-06-05        NaT                   
794  2019-06-06        NaT                   
795  2019-06-07 2019-06-07           10:40:29
796  2019-06-08        NaT                   
797  2019-06-09        NaT                   
798  2019-06-10        NaT                   
799  2019-06-11        NaT                   
800  2019-06-12 2019-06-12           10:40:31
801  2019-06-13 2019-06-13           10:10:31
802  2019-06-14        NaT                   
803  2019-06-15        NaT                   
804  2019-06-16 2019-06-16           10:20:31
805  2019-06-17 2019-06-17           10:40:29
806  2019-06-18 2019-06-18           10:10:29
807  2019-06-19 2019-06-19           10:30:31
808  2019-06-20        NaT                   
809  2019-06-21        NaT                   
810  2019-06-22        NaT                   
811  2019-06-23        NaT                   
812  2019-06-24 2019-06-24           10:30:29
813  2019-06-25        NaT                   
814  2019-06-26 2019-06-26           10:20:31
815  2019-06-27 2019-06-27           10:40:29
816  2019-06-28 2019-06-28           10:10:39
817  2019-06-29 2019-06-29           10:30:31
818  2019-06-30        NaT                   
819  2019-07-01 2019-07-01           10:20:29
820  2019-07-02 2019-07-02           10:40:31
821  2019-07-03        NaT                   
822  2019-07-04 2019-07-04           10:30:29
823  2019-07-05        NaT                   
824  2019-07-06 2019-07-06           10:20:31
825  2019-07-07 2019-07-07           10:40:29
826  2019-07-08        NaT                   
827  2019-07-09 2019-07-09           10:30:31
828  2019-07-10        NaT                   
829  2019-07-11        NaT                   
830  2019-07-12        NaT                   
831  2019-07-13        NaT                   
832  2019-07-14 2019-07-14           10:30:29
833  2019-07-15        NaT                   
834  2019-07-16 2019-07-16           10:20:31
835  2019-07-17 2019-07-17           10:40:29
836  2019-07-18        NaT                   
837  2019-07-19 2019-07-19           10:30:31
838  2019-07-20        NaT                   
839  2019-07-21 2019-07-21           10:20:29
840  2019-07-22 2019-07-22           10:40:31
841  2019-07-23 2019-07-23           10:10:31
842  2019-07-24 2019-07-24           10:30:29
843  2019-07-25        NaT                   
844  2019-07-26 2019-07-26           10:20:31
845  2019-07-27        NaT                   
846  2019-07-28        NaT                   
847  2019-07-29 2019-07-29           10:30:31
848  2019-07-30        NaT                   
849  2019-07-31        NaT                   
850  2019-08-01 2019-08-01           10:40:31
851  2019-08-02        NaT                   
852  2019-08-03 2019-08-03           10:30:29
853  2019-08-04        NaT                   
854  2019-08-05 2019-08-05           10:20:31
855  2019-08-06 2019-08-06           10:40:29
856  2019-08-07        NaT                   
857  2019-08-08 2019-08-08           10:30:31
858  2019-08-09        NaT                   
859  2019-08-10        NaT                   
860  2019-08-11 2019-08-11           10:40:31
861  2019-08-12        NaT                   
862  2019-08-13        NaT                   
863  2019-08-14        NaT                   
864  2019-08-15        NaT                   
865  2019-08-16        NaT                   
866  2019-08-17        NaT                   
867  2019-08-18 2019-08-18           10:30:31
868  2019-08-19        NaT                   
869  2019-08-20        NaT                   
870  2019-08-21 2019-08-21           10:40:31
871  2019-08-22 2019-08-22           10:10:31
872  2019-08-23 2019-08-23           10:30:29
873  2019-08-24        NaT                   
874  2019-08-25 2019-08-25           10:20:31
875  2019-08-26 2019-08-26           10:40:29
876  2019-08-27 2019-08-27           10:10:29
877  2019-08-28 2019-08-28           10:30:21
878  2019-08-29        NaT                   
879  2019-08-30 2019-08-30           10:20:29
880  2019-08-31 2019-08-31           10:40:21
881  2019-09-01 2019-09-01           10:10:31
882  2019-09-02        NaT                   
883  2019-09-03        NaT                   
884  2019-09-04 2019-09-04           10:20:21
885  2019-09-05        NaT                   
886  2019-09-06        NaT                   
887  2019-09-07        NaT                   
888  2019-09-08        NaT                   
889  2019-09-09 2019-09-09           10:20:29
890  2019-09-10        NaT                   
891  2019-09-11 2019-09-11           10:10:21
892  2019-09-12 2019-09-12           10:30:19
893  2019-09-13        NaT                   
894  2019-09-14 2019-09-14           10:20:21
895  2019-09-15 2019-09-15           10:40:19
896  2019-09-16 2019-09-16           10:10:29
897  2019-09-17 2019-09-17           10:30:21
898  2019-09-18        NaT                   
899  2019-09-19 2019-09-19           10:20:19
900  2019-09-20 2019-09-20           10:40:21
901  2019-09-21 2019-09-21           10:10:31
902  2019-09-22 2019-09-22           10:30:19
903  2019-09-23        NaT                   
904  2019-09-24        NaT                   
905  2019-09-25        NaT                   
906  2019-09-26        NaT                   
907  2019-09-27 2019-09-27           10:30:21
908  2019-09-28        NaT                   
909  2019-09-29 2019-09-29           10:20:29
910  2019-09-30 2019-09-30           10:40:21
911  2019-10-01 2019-10-01           10:10:31
912  2019-10-02        NaT                   
913  2019-10-03        NaT                   
914  2019-10-04        NaT                   
915  2019-10-05        NaT                   
916  2019-10-06        NaT                   
917  2019-10-07 2019-10-07           10:30:21
918  2019-10-08        NaT                   
919  2019-10-09        NaT                   
920  2019-10-10        NaT                   
921  2019-10-11 2019-10-11           10:10:31
922  2019-10-12 2019-10-12           10:30:29
923  2019-10-13        NaT                   
924  2019-10-14 2019-10-14           10:20:31
925  2019-10-15        NaT                   
926  2019-10-16 2019-10-16           10:10:29
927  2019-10-17 2019-10-17           10:30:31
928  2019-10-18        NaT                   
929  2019-10-19        NaT                   
930  2019-10-20        NaT                   
931  2019-10-21        NaT                   
932  2019-10-22        NaT                   
933  2019-10-23        NaT                   
934  2019-10-24        NaT                   
935  2019-10-25 2019-10-25           10:40:29
936  2019-10-26 2019-10-26           10:10:29
937  2019-10-27 2019-10-27           10:31:31
938  2019-10-28        NaT                   
939  2019-10-29        NaT                   
940  2019-10-30        NaT                   
941  2019-10-31        NaT                   
942  2019-11-01        NaT                   
943  2019-11-02        NaT                   
944  2019-11-03        NaT                   
945  2019-11-04        NaT                   
946  2019-11-05        NaT                   
947  2019-11-06        NaT                   
948  2019-11-07        NaT                   
949  2019-11-08        NaT                   
950  2019-11-09        NaT                   
951  2019-11-10 2019-11-10           10:12:41
952  2019-11-11        NaT                   
953  2019-11-12        NaT                   
954  2019-11-13 2019-11-13           10:23:01
955  2019-11-14        NaT                   
956  2019-11-15        NaT                   
957  2019-11-16        NaT                   
958  2019-11-17        NaT                   
959  2019-11-18        NaT                   
960  2019-11-19 2019-11-19           10:43:31
961  2019-11-20 2019-11-20           10:13:21
962  2019-11-21        NaT                   
963  2019-11-22        NaT                   
964  2019-11-23        NaT                   
965  2019-11-24        NaT                   
966  2019-11-25        NaT                   
967  2019-11-26        NaT                   
968  2019-11-27        NaT                   
969  2019-11-28        NaT                   
970  2019-11-29        NaT                   
971  2019-11-30 2019-11-30           10:14:01
972  2019-12-01        NaT                   
973  2019-12-02        NaT                   
974  2019-12-03 2019-12-03           10:24:01
975  2019-12-04 2019-12-04           10:43:19
976  2019-12-05        NaT                   
977  2019-12-06 2019-12-06           10:34:21
978  2019-12-07        NaT                   
979  2019-12-08 2019-12-08           10:23:19
980  2019-12-09        NaT                   
981  2019-12-10 2019-12-10           10:14:11
982  2019-12-11        NaT                   
983  2019-12-12        NaT                   
984  2019-12-13        NaT                   
985  2019-12-14        NaT                   
986  2019-12-15        NaT                   
987  2019-12-16        NaT                   
988  2019-12-17        NaT                   
989  2019-12-18        NaT                   
990  2019-12-19 2019-12-19           10:44:41
991  2019-12-20        NaT                   
992  2019-12-21        NaT                   
993  2019-12-22        NaT                   
994  2019-12-23        NaT                   
995  2019-12-24        NaT                   
996  2019-12-25        NaT                   
997  2019-12-26        NaT                   
998  2019-12-27        NaT                   
999  2019-12-28 2019-12-28           10:23:39
1000 2019-12-29 2019-12-29           10:44:41
1001 2019-12-30        NaT                   
1002 2019-12-31 2019-12-31           10:33:39
1003 2020-01-01        NaT                   
1004 2020-01-02 2020-01-02           10:24:21
1005 2020-01-03 2020-01-03           10:43:39
1006 2020-01-04        NaT                   
1007 2020-01-05 2020-01-05           10:34:21
1008 2020-01-06        NaT                   
1009 2020-01-07 2020-01-07           10:23:19
1010 2020-01-08 2020-01-08           10:44:21
1011 2020-01-09        NaT                   
1012 2020-01-10 2020-01-10           10:33:19
1013 2020-01-11        NaT                   
1014 2020-01-12 2020-01-12           10:24:01
1015 2020-01-13        NaT                   
1016 2020-01-14 2020-01-14           10:12:59
1017 2020-01-15 2020-01-15           10:34:01
1018 2020-01-16        NaT                   
1019 2020-01-17 2020-01-17           10:22:49
1020 2020-01-18 2020-01-18           10:43:51
1021 2020-01-19        NaT                   
1022 2020-01-20 2020-01-20           10:32:39
1023 2020-01-21        NaT                   
1024 2020-01-22 2020-01-22           10:23:21
1025 2020-01-23 2020-01-23           10:42:29
1026 2020-01-24 2020-01-24           10:12:19
1027 2020-01-25 2020-01-25           10:33:21
1028 2020-01-26        NaT                   
1029 2020-01-27 2020-01-27           10:22:09
1030 2020-01-28        NaT                   
1031 2020-01-29        NaT                   
1032 2020-01-30 2020-01-30           10:31:59
1033 2020-01-31        NaT                   
1034 2020-02-01 2020-02-01           10:22:41
1035 2020-02-02        NaT                   
1036 2020-02-03        NaT                   
1037 2020-02-04        NaT                   
1038 2020-02-05        NaT                   
1039 2020-02-06 2020-02-06           10:21:09
1040 2020-02-07 2020-02-07           10:42:11
1041 2020-02-08        NaT                   
1042 2020-02-09 2020-02-09           10:30:59
1043 2020-02-10        NaT                   
1044 2020-02-11        NaT                   
1045 2020-02-12        NaT                   
1046 2020-02-13        NaT                   
1047 2020-02-14 2020-02-14           10:31:21
1048 2020-02-15        NaT                   
1049 2020-02-16        NaT                   
1050 2020-02-17        NaT                   
1051 2020-02-18        NaT                   
1052 2020-02-19        NaT                   
1053 2020-02-20        NaT                   
1054 2020-02-21 2020-02-21           10:20:41
1055 2020-02-22 2020-02-22           10:39:39
1056 2020-02-23        NaT                   
1057 2020-02-24        NaT                   
1058 2020-02-25        NaT                   
1059 2020-02-26        NaT                   
1060 2020-02-27        NaT                   
1061 2020-02-28        NaT                   
1062 2020-02-29        NaT                   
1063 2020-03-01        NaT                   
1064 2020-03-02        NaT                   
1065 2020-03-03 2020-03-03           10:38:29
1066 2020-03-04        NaT                   
1067 2020-03-05        NaT                   
1068 2020-03-06        NaT                   
1069 2020-03-07        NaT                   
1070 2020-03-08 2020-03-08           10:40:21
1071 2020-03-09        NaT                   
1072 2020-03-10        NaT                   
1073 2020-03-11        NaT                   
1074 2020-03-12 2020-03-12           10:20:21
1075 2020-03-13 2020-03-13           10:37:19
1076 2020-03-14        NaT                   
1077 2020-03-15 2020-03-15           10:30:21
1078 2020-03-16        NaT                   
1079 2020-03-17 2020-03-17           10:16:49
1080 2020-03-18 2020-03-18           10:40:21
1081 2020-03-19 2020-03-19           10:10:21
1082 2020-03-20 2020-03-20           10:26:39
1083 2020-03-21        NaT                   
1084 2020-03-22        NaT                   
1085 2020-03-23 2020-03-23           10:36:39
1086 2020-03-24 2020-03-24           10:06:49
1087 2020-03-25 2020-03-25           10:30:21
1088 2020-03-26        NaT                   
1089 2020-03-27 2020-03-27           10:16:29
1090 2020-03-28 2020-03-28           10:40:21
1091 2020-03-29        NaT                   
1092 2020-03-30        NaT                   
1093 2020-03-31        NaT                   
1094 2020-04-01 2020-04-01           10:20:21
1095 2020-04-02 2020-04-02           10:36:19
1096 2020-04-03 2020-04-03           10:05:49
1097 2020-04-04 2020-04-04           10:30:21
1098 2020-04-05        NaT                   
1099 2020-04-06 2020-04-06           10:15:59
1100 2020-04-07 2020-04-07           10:40:21
1101 2020-04-08        NaT                   
1102 2020-04-09 2020-04-09           10:25:59
1103 2020-04-10        NaT                   
1104 2020-04-11 2020-04-11           10:20:21
1105 2020-04-12 2020-04-12           10:36:19
1106 2020-04-13 2020-04-13           10:05:49
1107 2020-04-14 2020-04-14           10:30:21
1108 2020-04-15        NaT                   
1109 2020-04-16 2020-04-16           10:15:49
1110 2020-04-17 2020-04-17           10:40:21
1111 2020-04-18 2020-04-18           10:10:31
1112 2020-04-19        NaT                   
1113 2020-04-20        NaT                   
1114 2020-04-21        NaT                   
1115 2020-04-22 2020-04-22           10:36:19
1116 2020-04-23 2020-04-23           10:05:49
1117 2020-04-24 2020-04-24           10:30:21
1118 2020-04-25        NaT                   
1119 2020-04-26        NaT                   
1120 2020-04-27 2020-04-27           10:40:31
1121 2020-04-28        NaT                   
1122 2020-04-29        NaT                   
1123 2020-04-30        NaT                   
1124 2020-05-01        NaT                   
1125 2020-05-02        NaT                   
1126 2020-05-03        NaT                   
1127 2020-05-04 2020-05-04           10:30:31
1128 2020-05-05        NaT                   
1129 2020-05-06        NaT                   
1130 2020-05-07 2020-05-07           10:40:31
1131 2020-05-08 2020-05-08           10:10:31
1132 2020-05-09 2020-05-09           10:25:59
1133 2020-05-10        NaT                   
1134 2020-05-11        NaT                   
1135 2020-05-12        NaT                   
1136 2020-05-13        NaT                   
1137 2020-05-14        NaT                   
1138 2020-05-15        NaT                   
1139 2020-05-16        NaT                   
1140 2020-05-17 2020-05-17           10:40:31
1141 2020-05-18 2020-05-18           10:10:31
1142 2020-05-19 2020-05-19           10:25:59
1143 2020-05-20        NaT                   
1144 2020-05-21        NaT                   
1145 2020-05-22        NaT                   
1146 2020-05-23 2020-05-23           10:05:59
1147 2020-05-24 2020-05-24           10:30:31
1148 2020-05-25        NaT                   
1149 2020-05-26 2020-05-26           10:15:59
1150 2020-05-27 2020-05-27           10:40:31
1151 2020-05-28        NaT                   
1152 2020-05-29 2020-05-29           10:25:59
1153 2020-05-30        NaT                   
1154 2020-05-31 2020-05-31           10:20:31
1155 2020-06-01 2020-06-01           10:36:29
1156 2020-06-02 2020-06-02           10:05:59
1157 2020-06-03 2020-06-03           10:30:31
1158 2020-06-04        NaT                   
1159 2020-06-05        NaT                   
1160 2020-06-06        NaT                   
1161 2020-06-07        NaT                   
1162 2020-06-08        NaT                   
1163 2020-06-09        NaT                   
1164 2020-06-10        NaT                   
1165 2020-06-11 2020-06-11           10:36:29
1166 2020-06-12        NaT                   
1167 2020-06-13 2020-06-13           10:30:31
1168 2020-06-14        NaT                   
1169 2020-06-15        NaT                   
1170 2020-06-16 2020-06-16           10:40:31
1171 2020-06-17        NaT                   
1172 2020-06-18        NaT                   
1173 2020-06-19        NaT                   
1174 2020-06-20        NaT                   
1175 2020-06-21        NaT                   
1176 2020-06-22        NaT                   
1177 2020-06-23 2020-06-23           10:30:31
1178 2020-06-24        NaT                   
1179 2020-06-25 2020-06-25           10:15:59
1180 2020-06-26        NaT                   
1181 2020-06-27 2020-06-27           10:10:31
1182 2020-06-28        NaT                   
1183 2020-06-29        NaT                   
1184 2020-06-30 2020-06-30           10:20:31
1185 2020-07-01 2020-07-01           10:36:29
1186 2020-07-02 2020-07-02           10:05:59
1187 2020-07-03        NaT                   
1188 2020-07-04        NaT                   
1189 2020-07-05 2020-07-05           10:15:59
1190 2020-07-06 2020-07-06           10:40:31
1191 2020-07-07 2020-07-07           10:10:31
1192 2020-07-08 2020-07-08           10:25:59
1193 2020-07-09        NaT                   
1194 2020-07-10 2020-07-10           10:20:31
1195 2020-07-11 2020-07-11           10:36:29
1196 2020-07-12        NaT                   
1197 2020-07-13 2020-07-13           10:30:31
1198 2020-07-14        NaT                   
1199 2020-07-15        NaT                   
1200 2020-07-16        NaT                   
1201 2020-07-17        NaT                   
1202 2020-07-18 2020-07-18           10:25:59
1203 2020-07-19        NaT                   
1204 2020-07-20 2020-07-20           10:20:31
1205 2020-07-21        NaT                   
1206 2020-07-22        NaT                   
1207 2020-07-23 2020-07-23           10:30:31
1208 2020-07-24        NaT                   
1209 2020-07-25 2020-07-25           10:15:59
1210 2020-07-26        NaT                   
1211 2020-07-27 2020-07-27           10:10:31
1212 2020-07-28 2020-07-28           10:25:59
1213 2020-07-29        NaT                   
1214 2020-07-30 2020-07-30           10:20:31
1215 2020-07-31 2020-07-31           10:36:29
1216 2020-08-01        NaT                   
1217 2020-08-02        NaT                   
1218 2020-08-03        NaT                   
1219 2020-08-04        NaT                   
1220 2020-08-05 2020-08-05           10:40:31
1221 2020-08-06 2020-08-06           10:10:31
1222 2020-08-07 2020-08-07           10:25:59
1223 2020-08-08        NaT                   
1224 2020-08-09 2020-08-09           10:20:31
1225 2020-08-10 2020-08-10           10:36:29
1226 2020-08-11 2020-08-11           10:05:59
1227 2020-08-12 2020-08-12           10:30:31
1228 2020-08-13        NaT                   
1229 2020-08-14        NaT                   
1230 2020-08-15 2020-08-15           10:40:31
1231 2020-08-16        NaT                   
1232 2020-08-17        NaT                   
1233 2020-08-18        NaT                   
1234 2020-08-19 2020-08-19           10:20:31
1235 2020-08-20 2020-08-20           10:36:29
1236 2020-08-21 2020-08-21           10:05:59
1237 2020-08-22        NaT                   
1238 2020-08-23        NaT                   
1239 2020-08-24        NaT                   
1240 2020-08-25        NaT                   
1241 2020-08-26 2020-08-26           10:10:31
1242 2020-08-27 2020-08-27           10:25:59
1243 2020-08-28        NaT                   
1244 2020-08-29        NaT                   
1245 2020-08-30        NaT                   
1246 2020-08-31        NaT                   
1247 2020-09-01        NaT                   
1248 2020-09-02        NaT                   
1249 2020-09-03 2020-09-03           10:15:59
1250 2020-09-04 2020-09-04           10:40:31
1251 2020-09-05 2020-09-05           10:10:31
1252 2020-09-06        NaT                   
1253 2020-09-07        NaT                   
1254 2020-09-08 2020-09-08           10:20:31
1255 2020-09-09 2020-09-09           10:36:29
1256 2020-09-10 2020-09-10           10:05:59
1257 2020-09-11 2020-09-11           10:30:31
1258 2020-09-12        NaT                   
1259 2020-09-13 2020-09-13           10:16:29
1260 2020-09-14 2020-09-14           10:40:31
1261 2020-09-15 2020-09-15           10:10:31
1262 2020-09-16 2020-09-16           10:26:49
1263 2020-09-17        NaT                   
1264 2020-09-18 2020-09-18           10:20:31
1265 2020-09-19        NaT                   
1266 2020-09-20 2020-09-20           10:06:49
1267 2020-09-21 2020-09-21           10:30:31
1268 2020-09-22        NaT                   
1269 2020-09-23        NaT                   
1270 2020-09-24        NaT                   
1271 2020-09-25        NaT                   
1272 2020-09-26        NaT                   
1273 2020-09-27        NaT                   
1274 2020-09-28 2020-09-28           10:20:31
1275 2020-09-29        NaT                   
1276 2020-09-30 2020-09-30           10:07:29
1277 2020-10-01        NaT                   
1278 2020-10-02        NaT                   
1279 2020-10-03        NaT                   
1280 2020-10-04        NaT                   
1281 2020-10-05        NaT                   
1282 2020-10-06        NaT                   
1283 2020-10-07        NaT                   
1284 2020-10-08 2020-10-08           10:20:31
1285 2020-10-09 2020-10-09           10:38:49
1286 2020-10-10 2020-10-10           10:10:29
1287 2020-10-11        NaT                   
1288 2020-10-12        NaT                   
1289 2020-10-13 2020-10-13           10:19:09
1290 2020-10-14        NaT                   
1291 2020-10-15        NaT                   
1292 2020-10-16        NaT                   
1293 2020-10-17        NaT                   
1294 2020-10-18 2020-10-18           10:20:41
1295 2020-10-19 2020-10-19           10:39:59
1296 2020-10-20        NaT                   
1297 2020-10-21        NaT                   
1298 2020-10-22        NaT                   
1299 2020-10-23        NaT                   
1300 2020-10-24 2020-10-24           10:41:21
1301 2020-10-25 2020-10-25           10:11:21
1302 2020-10-26        NaT                   
1303 2020-10-27        NaT                   
1304 2020-10-28 2020-10-28           10:21:41
1305 2020-10-29        NaT                   
1306 2020-10-30 2020-10-30           10:11:39
1307 2020-10-31 2020-10-31           10:32:01
1308 2020-11-01        NaT                   
1309 2020-11-02 2020-11-02           10:21:59
1310 2020-11-03        NaT                   
1311 2020-11-04        NaT                   
1312 2020-11-05        NaT                   
1313 2020-11-06        NaT                   
1314 2020-11-07 2020-11-07           10:22:31
1315 2020-11-08        NaT                   
1316 2020-11-09 2020-11-09           10:12:39
1317 2020-11-10 2020-11-10           10:32:51
1318 2020-11-11        NaT                   
1319 2020-11-12 2020-11-12           10:22:59
1320 2020-11-13 2020-11-13           10:43:11
1321 2020-11-14 2020-11-14           10:13:01
1322 2020-11-15 2020-11-15           10:33:09
1323 2020-11-16        NaT                   
1324 2020-11-17 2020-11-17           10:23:21
1325 2020-11-18 2020-11-18           10:43:29
1326 2020-11-19 2020-11-19           10:13:19
1327 2020-11-20        NaT                   
1328 2020-11-21        NaT                   
1329 2020-11-22 2020-11-22           10:23:39
1330 2020-11-23 2020-11-23           10:43:51
1331 2020-11-24 2020-11-24           10:13:41
1332 2020-11-25 2020-11-25           10:33:49
1333 2020-11-26        NaT                   
1334 2020-11-27 2020-11-27           10:24:01
1335 2020-11-28 2020-11-28           10:44:09
1336 2020-11-29 2020-11-29           10:13:59
1337 2020-11-30 2020-11-30           10:34:11
1338 2020-12-01        NaT                   
1339 2020-12-02        NaT                   
1340 2020-12-03 2020-12-03           10:44:21
1341 2020-12-04        NaT                   
1342 2020-12-05        NaT                   
1343 2020-12-06        NaT                   
1344 2020-12-07        NaT                   
1345 2020-12-08        NaT                   
1346 2020-12-09        NaT                   
1347 2020-12-10 2020-12-10           10:34:31
1348 2020-12-11        NaT                   
1349 2020-12-12        NaT                   
1350 2020-12-13 2020-12-13           10:44:41
1351 2020-12-14        NaT                   
1352 2020-12-15        NaT                   
1353 2020-12-16        NaT                   
1354 2020-12-17 2020-12-17           10:24:31
1355 2020-12-18        NaT                   
1356 2020-12-19        NaT                   
1357 2020-12-20        NaT                   
1358 2020-12-21        NaT                   
1359 2020-12-22        NaT                   
1360 2020-12-23        NaT                   
1361 2020-12-24        NaT                   
1362 2020-12-25        NaT                   
1363 2020-12-26        NaT                   
1364 2020-12-27        NaT                   
1365 2020-12-28        NaT                   
1366 2020-12-29        NaT                   
1367 2020-12-30        NaT                   
1368 2020-12-31        NaT                   
1369 2021-01-01        NaT                   
1370 2021-01-02        NaT                   
1371 2021-01-03        NaT                   
1372 2021-01-04        NaT                   
1373 2021-01-05        NaT                   
1374 2021-01-06        NaT                   
1375 2021-01-07        NaT                   
1376 2021-01-08 2021-01-08           10:13:19
1377 2021-01-09 2021-01-09           10:34:21
1378 2021-01-10        NaT                   
1379 2021-01-11 2021-01-11           10:23:09
1380 2021-01-12        NaT                   
1381 2021-01-13        NaT                   
1382 2021-01-14        NaT                   
1383 2021-01-15        NaT                   
1384 2021-01-16 2021-01-16           10:23:51
1385 2021-01-17        NaT                   
1386 2021-01-18        NaT                   
1387 2021-01-19 2021-01-19           10:33:51
1388 2021-01-20        NaT                   
1389 2021-01-21        NaT                   
1390 2021-01-22        NaT                   
1391 2021-01-23        NaT                   
1392 2021-01-24 2021-01-24           10:32:29
1393 2021-01-25        NaT                   
1394 2021-01-26        NaT                   
1395 2021-01-27        NaT                   
1396 2021-01-28        NaT                   
1397 2021-01-29        NaT                   
1398 2021-01-30        NaT                   
1399 2021-01-31        NaT                   
1400 2021-02-01        NaT                   
1401 2021-02-02        NaT                   
1402 2021-02-03        NaT                   
1403 2021-02-04        NaT                   
1404 2021-02-05        NaT                   
1405 2021-02-06        NaT                   
1406 2021-02-07        NaT                   
1407 2021-02-08 2021-02-08           10:32:01
1408 2021-02-09        NaT                   
1409 2021-02-10        NaT                   
1410 2021-02-11        NaT                   
1411 2021-02-12 2021-02-12           10:11:31
1412 2021-02-13 2021-02-13           10:30:39
1413 2021-02-14        NaT                   
1414 2021-02-15 2021-02-15           10:21:21
1415 2021-02-16 2021-02-16           10:40:19
1416 2021-02-17 2021-02-17           10:10:29
1417 2021-02-18        NaT                   
1418 2021-02-19        NaT                   
1419 2021-02-20 2021-02-20           10:19:39
1420 2021-02-21 2021-02-21           10:40:41
1421 2021-02-22 2021-02-22           10:10:21
1422 2021-02-23 2021-02-23           10:29:29
1423 2021-02-24        NaT                   
1424 2021-02-25 2021-02-25           10:20:21
1425 2021-02-26 2021-02-26           10:39:09
1426 2021-02-27 2021-02-27           10:10:29
1427 2021-02-28 2021-02-28           10:30:21
1428 2021-03-01        NaT                   
1429 2021-03-02 2021-03-02           10:18:39
1430 2021-03-03        NaT                   
1431 2021-03-04        NaT                   
1432 2021-03-05        NaT                   
1433 2021-03-06        NaT                   
1434 2021-03-07 2021-03-07           10:20:21
1435 2021-03-08        NaT                   
1436 2021-03-09        NaT                   
1437 2021-03-10 2021-03-10           10:30:21
1438 2021-03-11        NaT                   
1439 2021-03-12 2021-03-12           10:17:29
1440 2021-03-13        NaT                   
1441 2021-03-14        NaT                   
1442 2021-03-15        NaT                   
1443 2021-03-16        NaT                   
1444 2021-03-17        NaT                   
1445 2021-03-18        NaT                   
1446 2021-03-19 2021-03-19           10:06:49
1447 2021-03-20 2021-03-20           10:30:21
1448 2021-03-21        NaT                   
1449 2021-03-22 2021-03-22           10:16:49
1450 2021-03-23 2021-03-23           10:40:21
1451 2021-03-24 2021-03-24           10:10:21
1452 2021-03-25 2021-03-25           10:26:39
1453 2021-03-26        NaT                   
1454 2021-03-27        NaT                   
1455 2021-03-28 2021-03-28           10:36:29
1456 2021-03-29 2021-03-29           10:06:09
1457 2021-03-30 2021-03-30           10:30:21
1458 2021-03-31        NaT                   
1459 2021-04-01 2021-04-01           10:15:59
1460 2021-04-02 2021-04-02           10:40:21
1461 2021-04-03 2021-04-03           10:10:21
1462 2021-04-04 2021-04-04           10:25:59
1463 2021-04-05        NaT                   
1464 2021-04-06 2021-04-06           10:20:21
1465 2021-04-07        NaT                   
1466 2021-04-08 2021-04-08           10:05:49
1467 2021-04-09 2021-04-09           10:30:21
1468 2021-04-10        NaT                   
1469 2021-04-11 2021-04-11           10:15:59
1470 2021-04-12        NaT                   
1471 2021-04-13        NaT                   
1472 2021-04-14 2021-04-14           10:25:59
1473 2021-04-15        NaT                   
1474 2021-04-16 2021-04-16           10:20:21
1475 2021-04-17 2021-04-17           10:36:19
1476 2021-04-18        NaT                   
1477 2021-04-19 2021-04-19           10:30:21
1478 2021-04-20        NaT                   
1479 2021-04-21 2021-04-21           10:15:49
1480 2021-04-22 2021-04-22           10:40:21
1481 2021-04-23        NaT                   
1482 2021-04-24 2021-04-24           10:25:49
1483 2021-04-25        NaT                   
1484 2021-04-26        NaT                   
1485 2021-04-27 2021-04-27           10:36:19
1486 2021-04-28        NaT                   
1487 2021-04-29        NaT                   
1488 2021-04-30        NaT                   
1489 2021-05-01        NaT                   
1490 2021-05-02        NaT                   
1491 2021-05-03 2021-05-03           10:10:21
1492 2021-05-04        NaT                   
1493 2021-05-05        NaT                   
1494 2021-05-06        NaT                   
1495 2021-05-07        NaT                   
1496 2021-05-08 2021-05-08           10:05:49
1497 2021-05-09 2021-05-09           10:30:21
1498 2021-05-10        NaT                   
1499 2021-05-11        NaT                   
1500 2021-05-12 2021-05-12           10:40:21
1501 2021-05-13        NaT                   
1502 2021-05-14 2021-05-14           10:25:59
1503 2021-05-15        NaT                   
1504 2021-05-16        NaT                   
1505 2021-05-17        NaT                   
1506 2021-05-18        NaT                   
1507 2021-05-19        NaT                   
1508 2021-05-20        NaT                   
1509 2021-05-21        NaT                   
1510 2021-05-22 2021-05-22           10:40:21
1511 2021-05-23        NaT                   
1512 2021-05-24        NaT                   
1513 2021-05-25        NaT                   
1514 2021-05-26 2021-05-26           10:20:21
1515 2021-05-27        NaT                   
1516 2021-05-28 2021-05-28           10:05:59
1517 2021-05-29 2021-05-29           10:30:21
1518 2021-05-30        NaT                   
1519 2021-05-31 2021-05-31           10:15:59
1520 2021-06-01 2021-06-01           10:40:21
1521 2021-06-02        NaT                   
1522 2021-06-03        NaT                   
1523 2021-06-04        NaT                   
1524 2021-06-05        NaT                   
1525 2021-06-06        NaT                   
1526 2021-06-07        NaT                   
1527 2021-06-08        NaT                   
1528 2021-06-09        NaT                   
1529 2021-06-10 2021-06-10           10:15:59
1530 2021-06-11 2021-06-11           10:40:21
1531 2021-06-12 2021-06-12           10:10:31
1532 2021-06-13 2021-06-13           10:25:59
1533 2021-06-14        NaT                   
1534 2021-06-15 2021-06-15           10:20:21
1535 2021-06-16 2021-06-16           10:36:29
1536 2021-06-17 2021-06-17           10:05:59
1537 2021-06-18 2021-06-18           10:30:21
1538 2021-06-19        NaT                   
1539 2021-06-20        NaT                   
1540 2021-06-21 2021-06-21           10:40:21
1541 2021-06-22 2021-06-22           10:10:31
1542 2021-06-23 2021-06-23           10:25:59
1543 2021-06-24        NaT                   
1544 2021-06-25        NaT                   
1545 2021-06-26 2021-06-26           10:36:29
1546 2021-06-27 2021-06-27           10:05:59
1547 2021-06-28        NaT                   
1548 2021-06-29        NaT                   
1549 2021-06-30        NaT                   
1550 2021-07-01        NaT                   
1551 2021-07-02 2021-07-02           10:10:31
1552 2021-07-03        NaT                   
1553 2021-07-04        NaT                   
1554 2021-07-05        NaT                   
1555 2021-07-06        NaT                   
1556 2021-07-07        NaT                   
1557 2021-07-08        NaT                   
1558 2021-07-09        NaT                   
1559 2021-07-10 2021-07-10           10:15:59
1560 2021-07-11 2021-07-11           10:40:31
1561 2021-07-12 2021-07-12           10:10:31
1562 2021-07-13        NaT                   
1563 2021-07-14        NaT                   
1564 2021-07-15        NaT                   
1565 2021-07-16        NaT                   
1566 2021-07-17        NaT                   
1567 2021-07-18 2021-07-18           10:30:31
1568 2021-07-19        NaT                   
1569 2021-07-20 2021-07-20           10:15:59
1570 2021-07-21 2021-07-21           10:40:31
1571 2021-07-22 2021-07-22           10:10:31
1572 2021-07-23 2021-07-23           10:25:59
1573 2021-07-24        NaT                   
1574 2021-07-25        NaT                   
1575 2021-07-26        NaT                   
1576 2021-07-27        NaT                   
1577 2021-07-28        NaT                   
1578 2021-07-29        NaT                   
1579 2021-07-30        NaT                   
1580 2021-07-31        NaT                   
1581 2021-08-01        NaT                   
1582 2021-08-02        NaT                   
1583 2021-08-03        NaT                   
1584 2021-08-04        NaT                   
1585 2021-08-05        NaT                   
1586 2021-08-06 2021-08-06           10:05:59
1587 2021-08-07        NaT                   
1588 2021-08-08        NaT                   
1589 2021-08-09 2021-08-09           10:15:59
1590 2021-08-10 2021-08-10           10:40:31
1591 2021-08-11        NaT                   
1592 2021-08-12 2021-08-12           10:25:59
1593 2021-08-13        NaT                   
1594 2021-08-14 2021-08-14           10:20:31
1595 2021-08-15 2021-08-15           10:36:29
1596 2021-08-16        NaT                   
1597 2021-08-17 2021-08-17           10:30:21
1598 2021-08-18        NaT                   
1599 2021-08-19 2021-08-19           10:15:59
1600 2021-08-20 2021-08-20           10:40:21
1601 2021-08-21 2021-08-21           10:10:31
1602 2021-08-22        NaT                   
1603 2021-08-23        NaT                   
1604 2021-08-24 2021-08-24           10:20:31
1605 2021-08-25        NaT                   
1606 2021-08-26 2021-08-26           10:05:49
1607 2021-08-27 2021-08-27           10:30:21
1608 2021-08-28        NaT                   
1609 2021-08-29        NaT                   
1610 2021-08-30 2021-08-30           10:40:21
1611 2021-08-31        NaT                   
1612 2021-09-01 2021-09-01           10:25:59
1613 2021-09-02        NaT                   
1614 2021-09-03 2021-09-03           10:20:21
1615 2021-09-04 2021-09-04           10:36:19
1616 2021-09-05 2021-09-05           10:05:49
1617 2021-09-06 2021-09-06           10:30:21
1618 2021-09-07        NaT                   
1619 2021-09-08 2021-09-08           10:15:59
1620 2021-09-09        NaT                   
1621 2021-09-10        NaT                   
1622 2021-09-11 2021-09-11           10:25:59
1623 2021-09-12        NaT                   
1624 2021-09-13 2021-09-13           10:20:21
1625 2021-09-14        NaT                   
1626 2021-09-15        NaT                   
1627 2021-09-16        NaT                   
1628 2021-09-17        NaT                   
1629 2021-09-18 2021-09-18           10:16:39
1630 2021-09-19        NaT                   
1631 2021-09-20        NaT                   
1632 2021-09-21 2021-09-21           10:26:39
1633 2021-09-22        NaT                   
1634 2021-09-23 2021-09-23           10:20:31
1635 2021-09-24 2021-09-24           10:36:59
1636 2021-09-25 2021-09-25           10:10:19
1637 2021-09-26        NaT                   
1638 2021-09-27        NaT                   
1639 2021-09-28 2021-09-28           10:17:19
1640 2021-09-29        NaT                   
1641 2021-09-30 2021-09-30           10:10:31
1642 2021-10-01 2021-10-01           10:27:39
1643 2021-10-02        NaT                   
1644 2021-10-03        NaT                   
1645 2021-10-04        NaT                   
1646 2021-10-05        NaT                   
1647 2021-10-06        NaT                   
1648 2021-10-07        NaT                   
1649 2021-10-08 2021-10-08           10:18:29
1650 2021-10-09        NaT                   
1651 2021-10-10 2021-10-10           10:09:41
1652 2021-10-11 2021-10-11           10:28:49
1653 2021-10-12        NaT                   
1654 2021-10-13 2021-10-13           10:19:51
1655 2021-10-14 2021-10-14           10:39:19
1656 2021-10-15 2021-10-15           10:10:29
1657 2021-10-16 2021-10-16           10:30:31
1658 2021-10-17        NaT                   
1659 2021-10-18 2021-10-18           10:19:39
1660 2021-10-19 2021-10-19           10:40:51
1661 2021-10-20 2021-10-20           10:10:41
1662 2021-10-21 2021-10-21           10:29:59
1663 2021-10-22        NaT                   
1664 2021-10-23 2021-10-23           10:21:01
1665 2021-10-24 2021-10-24           10:40:29
1666 2021-10-25        NaT                   
1667 2021-10-26 2021-10-26           10:31:31
1668 2021-10-27        NaT                   
1669 2021-10-28 2021-10-28           10:20:39
1670 2021-10-29 2021-10-29           10:41:51
1671 2021-10-30        NaT                   
1672 2021-10-31 2021-10-31           10:30:59
1673 2021-11-01        NaT                   
1674 2021-11-02        NaT                   
1675 2021-11-03        NaT                   
1676 2021-11-04        NaT                   
1677 2021-11-05 2021-11-05           10:32:21
1678 2021-11-06        NaT                   
1679 2021-11-07 2021-11-07           10:21:29
1680 2021-11-08        NaT                   
1681 2021-11-09        NaT                   
1682 2021-11-10        NaT                   
1683 2021-11-11        NaT                   
1684 2021-11-12 2021-11-12           10:22:51
1685 2021-11-13        NaT                   
1686 2021-11-14        NaT                   
1687 2021-11-15        NaT                   
1688 2021-11-16        NaT                   
1689 2021-11-17        NaT                   
1690 2021-11-18 2021-11-18           10:43:31
1691 2021-11-19 2021-11-19           10:13:21
1692 2021-11-20 2021-11-20           10:32:39
1693 2021-11-21        NaT                   
1694 2021-11-22        NaT                   
1695 2021-11-23        NaT                   
1696 2021-11-24 2021-11-24           10:12:39
1697 2021-11-25        NaT                   
1698 2021-11-26        NaT                   
1699 2021-11-27        NaT                   
1700 2021-11-28        NaT                   
1701 2021-11-29        NaT                   
1702 2021-11-30        NaT                   
1703 2021-12-01        NaT                   
1704 2021-12-02        NaT                   
1705 2021-12-03 2021-12-03           10:43:19
1706 2021-12-04        NaT                   
1707 2021-12-05        NaT                   
1708 2021-12-06        NaT                   
1709 2021-12-07 2021-12-07           10:23:19
1710 2021-12-08        NaT                   
1711 2021-12-09        NaT                   
1712 2021-12-10        NaT                   
1713 2021-12-11        NaT                   
1714 2021-12-12 2021-12-12           10:24:31
1715 2021-12-13        NaT                   
1716 2021-12-14 2021-12-14           10:13:29
1717 2021-12-15 2021-12-15           10:34:41
1718 2021-12-16        NaT                   
1719 2021-12-17 2021-12-17           10:23:29
1720 2021-12-18 2021-12-18           10:44:41
1721 2021-12-19 2021-12-19           10:14:31
1722 2021-12-20 2021-12-20           10:33:39
1723 2021-12-21        NaT                   
1724 2021-12-22 2021-12-22           10:24:41
1725 2021-12-23        NaT                   
1726 2021-12-24        NaT                   
1727 2021-12-25        NaT                   
1728 2021-12-26        NaT                   
1729 2021-12-27        NaT                   
1730 2021-12-28        NaT                   
1731 2021-12-29        NaT                   
1732 2021-12-30        NaT                   
1733 2021-12-31        NaT                   
1734 2022-01-01        NaT                   
1735 2022-01-02        NaT                   
1736 2022-01-03        NaT                   
1737 2022-01-04        NaT                   
1738 2022-01-05        NaT                   
1739 2022-01-06        NaT                   
1740 2022-01-07        NaT                   
1741 2022-01-08        NaT                   
1742 2022-01-09        NaT                   
1743 2022-01-10        NaT                   
1744 2022-01-11        NaT                   
1745 2022-01-12        NaT                   
1746 2022-01-13        NaT                   
1747 2022-01-14        NaT                   
1748 2022-01-15        NaT                   
1749 2022-01-16        NaT                   
1750 2022-01-17        NaT                   
1751 2022-01-18        NaT                   
1752 2022-01-19        NaT                   
1753 2022-01-20        NaT                   
1754 2022-01-21        NaT                   
1755 2022-01-22        NaT                   
1756 2022-01-23        NaT                   
1757 2022-01-24        NaT                   
1758 2022-01-25        NaT                   
1759 2022-01-26 2022-01-26           10:22:09
1760 2022-01-27 2022-01-27           10:43:21
1761 2022-01-28        NaT                   
1762 2022-01-29 2022-01-29           10:31:59
1763 2022-01-30        NaT                   
1764 2022-01-31        NaT                   
1765 2022-02-01        NaT                   
1766 2022-02-02        NaT                   
1767 2022-02-03        NaT                   
1768 2022-02-04        NaT                   
1769 2022-02-05 2022-02-05           10:21:19
1770 2022-02-06        NaT                   
1771 2022-02-07        NaT                   
1772 2022-02-08 2022-02-08           10:31:09
1773 2022-02-09        NaT                   
1774 2022-02-10 2022-02-10           10:21:51
1775 2022-02-11 2022-02-11           10:40:49
1776 2022-02-12 2022-02-12           10:10:29
1777 2022-02-13 2022-02-13           10:31:31
1778 2022-02-14        NaT                   
1779 2022-02-15        NaT                   
1780 2022-02-16        NaT                   
1781 2022-02-17 2022-02-17           10:11:01
1782 2022-02-18        NaT                   
1783 2022-02-19        NaT                   
1784 2022-02-20 2022-02-20           10:20:51
1785 2022-02-21        NaT                   
1786 2022-02-22 2022-02-22           10:10:19
1787 2022-02-23 2022-02-23           10:30:31
1788 2022-02-24        NaT                   
1789 2022-02-25 2022-02-25           10:19:09
1790 2022-02-26 2022-02-26           10:40:11
1791 2022-02-27 2022-02-27           10:09:51
1792 2022-02-28 2022-02-28           10:28:49
1793 2022-03-01        NaT                   
1794 2022-03-02 2022-03-02           10:19:41
1795 2022-03-03 2022-03-03           10:38:39
1796 2022-03-04 2022-03-04           10:10:19
1797 2022-03-05 2022-03-05           10:29:21
1798 2022-03-06        NaT                   
1799 2022-03-07 2022-03-07           10:17:59
1800 2022-03-08 2022-03-08           10:39:01
1801 2022-03-09 2022-03-09           10:08:41
1802 2022-03-10 2022-03-10           10:27:39
1803 2022-03-11        NaT                   
1804 2022-03-12 2022-03-12           10:18:31
1805 2022-03-13        NaT                   
1806 2022-03-14 2022-03-14           10:10:19
1807 2022-03-15        NaT                   
1808 2022-03-16        NaT                   
1809 2022-03-17        NaT                   
1810 2022-03-18        NaT                   
1811 2022-03-19 2022-03-19           10:07:31
1812 2022-03-20 2022-03-20           10:26:39
1813 2022-03-21        NaT                   
1814 2022-03-22 2022-03-22           10:17:11
1815 2022-03-23 2022-03-23           10:36:39
1816 2022-03-24 2022-03-24           10:06:49
1817 2022-03-25 2022-03-25           10:26:51
1818 2022-03-26        NaT                   
1819 2022-03-27 2022-03-27           10:16:29
1820 2022-03-28 2022-03-28           10:36:41
1821 2022-03-29        NaT                   
1822 2022-03-30        NaT                   
1823 2022-03-31        NaT                   
1824 2022-04-01        NaT                   
1825 2022-04-02        NaT                   
1826 2022-04-03 2022-04-03           10:05:49
1827 2022-04-04 2022-04-04           10:26:01
1828 2022-04-05        NaT                   
1829 2022-04-06 2022-04-06           10:15:59
1830 2022-04-07        NaT                   
1831 2022-04-08        NaT                   
1832 2022-04-09        NaT                   
1833 2022-04-10        NaT                   
1834 2022-04-11 2022-04-11           10:16:01
1835 2022-04-12 2022-04-12           10:36:19
1836 2022-04-13 2022-04-13           10:05:49
1837 2022-04-14 2022-04-14           10:26:01
1838 2022-04-15        NaT                   
1839 2022-04-16 2022-04-16           10:15:59
1840 2022-04-17 2022-04-17           10:36:31
1841 2022-04-18 2022-04-18           10:06:01
1842 2022-04-19 2022-04-19           10:25:59
1843 2022-04-20        NaT                   
1844 2022-04-21 2022-04-21           10:16:01
1845 2022-04-22 2022-04-22           10:36:19
1846 2022-04-23        NaT                   
1847 2022-04-24        NaT                   
1848 2022-04-25        NaT                   
1849 2022-04-26        NaT                   
1850 2022-04-27 2022-04-27           10:36:31
1851 2022-04-28 2022-04-28           10:06:01
1852 2022-04-29 2022-04-29           10:25:49
1853 2022-04-30        NaT                   
1854 2022-05-01        NaT                   
1855 2022-05-02 2022-05-02           10:36:19
1856 2022-05-03        NaT                   
1857 2022-05-04        NaT                   
1858 2022-05-05        NaT                   
1859 2022-05-06        NaT                   
1860 2022-05-07 2022-05-07           10:36:31
1861 2022-05-08        NaT                   
1862 2022-05-09 2022-05-09           10:25:59
1863 2022-05-10        NaT                   
1864 2022-05-11 2022-05-11           10:16:01
1865 2022-05-12        NaT                   
1866 2022-05-13        NaT                   
1867 2022-05-14 2022-05-14           10:26:01
1868 2022-05-15        NaT                   
1869 2022-05-16 2022-05-16           10:15:59
1870 2022-05-17 2022-05-17           10:36:31
1871 2022-05-18        NaT                   
1872 2022-05-19 2022-05-19           10:25:59
1873 2022-05-20        NaT                   
1874 2022-05-21 2022-05-21           10:16:01
1875 2022-05-22        NaT                   
1876 2022-05-23 2022-05-23           10:05:59
1877 2022-05-24        NaT                   
1878 2022-05-25        NaT                   
1879 2022-05-26 2022-05-26           10:15:59
1880 2022-05-27 2022-05-27           10:36:31
1881 2022-05-28        NaT                   
1882 2022-05-29        NaT                   
1883 2022-05-30        NaT                   
1884 2022-05-31        NaT                   
1885 2022-06-01        NaT                   
1886 2022-06-02        NaT                   
1887 2022-06-03        NaT                   
1888 2022-06-04        NaT                   
1889 2022-06-05        NaT                   
1890 2022-06-06        NaT                   
1891 2022-06-07        NaT                   
1892 2022-06-08 2022-06-08           10:25:59
1893 2022-06-09        NaT                   
1894 2022-06-10 2022-06-10           10:16:11
1895 2022-06-11 2022-06-11           10:36:29
1896 2022-06-12 2022-06-12           10:05:59
1897 2022-06-13 2022-06-13           10:30:31
1898 2022-06-14        NaT                   
1899 2022-06-15 2022-06-15           10:15:59
1900 2022-06-16 2022-06-16           10:36:31
1901 2022-06-17 2022-06-17           10:06:11
1902 2022-06-18 2022-06-18           10:25:59
1903 2022-06-19        NaT                   
1904 2022-06-20 2022-06-20           10:20:41
1905 2022-06-21 2022-06-21           10:36:29
1906 2022-06-22        NaT                   
1907 2022-06-23 2022-06-23           10:30:31
1908 2022-06-24        NaT                   
1909 2022-06-25 2022-06-25           10:15:59
1910 2022-06-26 2022-06-26           10:36:41
1911 2022-06-27 2022-06-27           10:06:11
1912 2022-06-28        NaT                   
1913 2022-06-29        NaT                   
1914 2022-06-30 2022-06-30           10:20:41
1915 2022-07-01        NaT                   
1916 2022-07-02 2022-07-02           10:05:59
1917 2022-07-03 2022-07-03           10:26:11
1918 2022-07-04        NaT                   
1919 2022-07-05 2022-07-05           10:15:59
1920 2022-07-06 2022-07-06           10:36:41
1921 2022-07-07        NaT                   
1922 2022-07-08 2022-07-08           10:25:59
1923 2022-07-09        NaT                   
1924 2022-07-10 2022-07-10           10:16:11
1925 2022-07-11 2022-07-11           10:36:29
1926 2022-07-12 2022-07-12           10:05:59
1927 2022-07-13 2022-07-13           10:30:41
1928 2022-07-14        NaT                   
1929 2022-07-15 2022-07-15           10:15:59
1930 2022-07-16 2022-07-16           10:36:41
1931 2022-07-17 2022-07-17           10:06:11
1932 2022-07-18 2022-07-18           10:25:59
1933 2022-07-19        NaT                   
1934 2022-07-20 2022-07-20           10:16:11
1935 2022-07-21 2022-07-21           10:36:29
1936 2022-07-22 2022-07-22           10:05:59
1937 2022-07-23        NaT                   
1938 2022-07-24        NaT                   
1939 2022-07-25 2022-07-25           10:15:59
1940 2022-07-26 2022-07-26           10:36:31
1941 2022-07-27        NaT                   
1942 2022-07-28 2022-07-28           10:25:59
1943 2022-07-29        NaT                   
1944 2022-07-30 2022-07-30           10:16:11
1945 2022-07-31 2022-07-31           10:36:29
1946 2022-08-01 2022-08-01           10:05:59
1947 2022-08-02 2022-08-02           10:26:11
1948 2022-08-03        NaT                   
1949 2022-08-04 2022-08-04           10:15:59
1950 2022-08-05 2022-08-05           10:36:31
1951 2022-08-06        NaT                   
1952 2022-08-07        NaT                   
1953 2022-08-08        NaT                   
1954 2022-08-09 2022-08-09           10:20:41
1955 2022-08-10 2022-08-10           10:36:29
1956 2022-08-11 2022-08-11           10:05:59
1957 2022-08-12 2022-08-12           10:30:31
1958 2022-08-13        NaT                   
1959 2022-08-14 2022-08-14           10:15:59
1960 2022-08-15        NaT                   
1961 2022-08-16 2022-08-16           10:06:11
1962 2022-08-17 2022-08-17           10:25:59
1963 2022-08-18        NaT                   
1964 2022-08-19        NaT                   
1965 2022-08-20        NaT                   
1966 2022-08-21 2022-08-21           10:05:59
1967 2022-08-22 2022-08-22           10:26:11
1968 2022-08-23        NaT                   
1969 2022-08-24 2022-08-24           10:15:59
1970 2022-08-25 2022-08-25           10:36:41
1971 2022-08-26 2022-08-26           10:06:11
1972 2022-08-27 2022-08-27           10:25:59
1973 2022-08-28        NaT                   
1974 2022-08-29 2022-08-29           10:16:11
1975 2022-08-30        NaT                   
1976 2022-08-31        NaT                   
1977 2022-09-01 2022-09-01           10:26:11
1978 2022-09-02        NaT                   
1979 2022-09-03        NaT                   
1980 2022-09-04 2022-09-04           10:36:41
1981 2022-09-05        NaT                   
1982 2022-09-06        NaT                   
1983 2022-09-07        NaT                   
1984 2022-09-08 2022-09-08           10:20:31
1985 2022-09-09 2022-09-09           10:36:29
1986 2022-09-10        NaT                   
1987 2022-09-11 2022-09-11           10:26:21
1988 2022-09-12        NaT                   
1989 2022-09-13 2022-09-13           10:16:29
1990 2022-09-14        NaT                   
1991 2022-09-15        NaT                   
1992 2022-09-16        NaT                   
1993 2022-09-17        NaT                   
1994 2022-09-18 2022-09-18           10:17:01
1995 2022-09-19 2022-09-19           10:36:39
1996 2022-09-20 2022-09-20           10:06:49
1997 2022-09-21 2022-09-21           10:27:31
1998 2022-09-22        NaT                   
1999 2022-09-23 2022-09-23           10:16:49
2000 2022-09-24        NaT                   
2001 2022-09-25        NaT                   
2002 2022-09-26        NaT                   
2003 2022-09-27        NaT                   
2004 2022-09-28        NaT                   
2005 2022-09-29        NaT                   
2006 2022-09-30        NaT                   
2007 2022-10-01        NaT                   
2008 2022-10-02        NaT                   
2009 2022-10-03 2022-10-03           10:17:49
2010 2022-10-04 2022-10-04           10:39:11
2011 2022-10-05 2022-10-05           10:09:01
2012 2022-10-06 2022-10-06           10:29:49
2013 2022-10-07        NaT                   
2014 2022-10-08        NaT                   
2015 2022-10-09 2022-10-09           10:38:39
2016 2022-10-10        NaT                   
2017 2022-10-11 2022-10-11           10:29:51
2018 2022-10-12        NaT                   
2019 2022-10-13        NaT                   
2020 2022-10-14        NaT                   
2021 2022-10-15 2022-10-15           10:10:31
2022 2022-10-16 2022-10-16           10:29:19
2023 2022-10-17        NaT                   
2024 2022-10-18 2022-10-18           10:20:31
2025 2022-10-19 2022-10-19           10:39:49
2026 2022-10-20        NaT                   
2027 2022-10-21        NaT                   
2028 2022-10-22        NaT                   
2029 2022-10-23        NaT                   
2030 2022-10-24        NaT                   
2031 2022-10-25 2022-10-25           10:11:11
2032 2022-10-26 2022-10-26           10:30:29
2033 2022-10-27        NaT                   
2034 2022-10-28 2022-10-28           10:21:31
2035 2022-10-29 2022-10-29           10:40:49
2036 2022-10-30 2022-10-30           10:10:39
2037 2022-10-31        NaT                   
2038 2022-11-01        NaT                   
2039 2022-11-02        NaT                   
2040 2022-11-03        NaT                   
2041 2022-11-04        NaT                   
2042 2022-11-05        NaT                   
2043 2022-11-06        NaT                   
2044 2022-11-07        NaT                   
2045 2022-11-08 2022-11-08           10:41:49
2046 2022-11-09        NaT                   
2047 2022-11-10 2022-11-10           10:32:51
2048 2022-11-11        NaT                   
2049 2022-11-12        NaT                   
2050 2022-11-13        NaT                   
2051 2022-11-14        NaT                   
2052 2022-11-15        NaT                   
2053 2022-11-16        NaT                   
2054 2022-11-17        NaT                   
2055 2022-11-18        NaT                   
2056 2022-11-19 2022-11-19           10:12:29
2057 2022-11-20 2022-11-20           10:33:31
2058 2022-11-21        NaT                   
2059 2022-11-22        NaT                   
2060 2022-11-23        NaT                   
2061 2022-11-24        NaT                   
2062 2022-11-25        NaT                   
2063 2022-11-26        NaT                   
2064 2022-11-27 2022-11-27           10:23:51
2065 2022-11-28        NaT                   
2066 2022-11-29        NaT                   
2067 2022-11-30        NaT                   
2068 2022-12-01        NaT                   
2069 2022-12-02        NaT                   
2070 2022-12-03        NaT                   
2071 2022-12-04        NaT                   
2072 2022-12-05        NaT                   
2073 2022-12-06        NaT                   
2074 2022-12-07 2022-12-07           10:24:11
2075 2022-12-08 2022-12-08           10:43:29
2076 2022-12-09        NaT                   
2077 2022-12-10        NaT                   
2078 2022-12-11        NaT                   
2079 2022-12-12        NaT                   
2080 2022-12-13        NaT                   
2081 2022-12-14        NaT                   
2082 2022-12-15        NaT                   
2083 2022-12-16        NaT                   
2084 2022-12-17 2022-12-17           10:24:31
2085 2022-12-18        NaT                   
2086 2022-12-19        NaT                   
2087 2022-12-20        NaT                   
2088 2022-12-21        NaT                   
2089 2022-12-22        NaT                   
2090 2022-12-23        NaT                   
2091 2022-12-24 2022-12-24           10:14:31
2092 2022-12-25        NaT                   
2093 2022-12-26        NaT                   
2094 2022-12-27 2022-12-27           10:24:31
2095 2022-12-28 2022-12-28           10:43:49
2096 2022-12-29 2022-12-29           10:13:29
2097 2022-12-30        NaT                   
2098 2022-12-31        NaT                   
2099 2023-01-01 2023-01-01           10:23:39
2100 2023-01-02 2023-01-02           10:44:41
2101 2023-01-03        NaT                   
2102 2023-01-04        NaT                   
2103 2023-01-05        NaT                   
2104 2023-01-06 2023-01-06           10:24:11
2105 2023-01-07 2023-01-07           10:43:29
2106 2023-01-08        NaT                   
2107 2023-01-09        NaT                   
2108 2023-01-10        NaT                   
2109 2023-01-11        NaT                   
2110 2023-01-12        NaT                   
2111 2023-01-13 2023-01-13           10:14:01
2112 2023-01-14        NaT                   
2113 2023-01-15        NaT                   
2114 2023-01-16        NaT                   
2115 2023-01-17        NaT                   
2116 2023-01-18        NaT                   
2117 2023-01-19 2023-01-19           10:33:41
2118 2023-01-20        NaT                   
2119 2023-01-21 2023-01-21           10:22:39
2120 2023-01-22        NaT                   
2121 2023-01-23        NaT                   
2122 2023-01-24        NaT                   
2123 2023-01-25        NaT                   
2124 2023-01-26 2023-01-26           10:23:11
2125 2023-01-27        NaT                   
2126 2023-01-28 2023-01-28           10:11:59
2127 2023-01-29 2023-01-29           10:33:01
2128 2023-01-30        NaT                   
2129 2023-01-31 2023-01-31           10:21:49
2130 2023-02-01 2023-02-01           10:42:51
2131 2023-02-02        NaT                   
2132 2023-02-03 2023-02-03           10:31:39
2133 2023-02-04        NaT                   
2134 2023-02-05        NaT                   
2135 2023-02-06        NaT                   
2136 2023-02-07 2023-02-07           10:11:09
2137 2023-02-08 2023-02-08           10:32:11
2138 2023-02-09        NaT                   
2139 2023-02-10 2023-02-10           10:20:49
2140 2023-02-11 2023-02-11           10:41:51
2141 2023-02-12 2023-02-12           10:11:31
2142 2023-02-13 2023-02-13           10:30:39
2143 2023-02-14        NaT                   
2144 2023-02-15 2023-02-15           10:21:21
2145 2023-02-16 2023-02-16           10:40:19
2146 2023-02-17        NaT                   
2147 2023-02-18 2023-02-18           10:31:01
2148 2023-02-19        NaT                   
2149 2023-02-20 2023-02-20           10:19:49
2150 2023-02-21 2023-02-21           10:40:41
2151 2023-02-22        NaT                   
2152 2023-02-23 2023-02-23           10:29:29
2153 2023-02-24        NaT                   
2154 2023-02-25        NaT                   
2155 2023-02-26        NaT                   
2156 2023-02-27        NaT                   
2157 2023-02-28        NaT                   
2158 2023-03-01        NaT                   
2159 2023-03-02        NaT                   
2160 2023-03-03 2023-03-03           10:39:31
2161 2023-03-04        NaT                   
2162 2023-03-05 2023-03-05           10:28:29
2163 2023-03-06        NaT                   
2164 2023-03-07 2023-03-07           10:19:01
2165 2023-03-08        NaT                   
2166 2023-03-09 2023-03-09           10:07:49
2167 2023-03-10        NaT                   
2168 2023-03-11        NaT                   
2169 2023-03-12        NaT                   
2170 2023-03-13        NaT                   
2171 2023-03-14        NaT                   
2172 2023-03-15 2023-03-15           10:27:19
2173 2023-03-16        NaT                   
2174 2023-03-17 2023-03-17           10:17:41
2175 2023-03-18 2023-03-18           10:36:59
2176 2023-03-19 2023-03-19           10:06:49
2177 2023-03-20 2023-03-20           10:27:31
2178 2023-03-21        NaT                   
2179 2023-03-22 2023-03-22           10:16:49
2180 2023-03-23        NaT                   
2181 2023-03-24        NaT                   
2182 2023-03-25        NaT                   
2183 2023-03-26        NaT                   
2184 2023-03-27        NaT                   
2185 2023-03-28 2023-03-28           10:36:39
2186 2023-03-29        NaT                   
2187 2023-03-30        NaT                   
2188 2023-03-31        NaT                   
2189 2023-04-01        NaT                   
2190 2023-04-02        NaT                   
2191 2023-04-03 2023-04-03           10:05:51
2192 2023-04-04 2023-04-04           10:25:59
2193 2023-04-05        NaT                   
2194 2023-04-06 2023-04-06           10:20:21
2195 2023-04-07        NaT                   
2196 2023-04-08        NaT                   
2197 2023-04-09 2023-04-09           10:26:01
2198 2023-04-10        NaT                   
2199 2023-04-11        NaT                   
2200 2023-04-12        NaT                   
2201 2023-04-13        NaT                   
2202 2023-04-14 2023-04-14           10:25:59
2203 2023-04-15        NaT                   
2204 2023-04-16        NaT                   
2205 2023-04-17        NaT                   
2206 2023-04-18 2023-04-18           10:05:59
2207 2023-04-19 2023-04-19           10:26:01
2208 2023-04-20        NaT                   
2209 2023-04-21        NaT                   
2210 2023-04-22        NaT                   
2211 2023-04-23        NaT                   
2212 2023-04-24        NaT                   
2213 2023-04-25        NaT                   
2214 2023-04-26 2023-04-26           10:16:01
2215 2023-04-27 2023-04-27           10:36:29
2216 2023-04-28        NaT                   
2217 2023-04-29        NaT                   
2218 2023-04-30        NaT                   
2219 2023-05-01        NaT                   
2220 2023-05-02 2023-05-02           10:36:21
2221 2023-05-03 2023-05-03           10:10:21
2222 2023-05-04 2023-05-04           10:25:59
2223 2023-05-05        NaT                   
2224 2023-05-06 2023-05-06           10:16:01
2225 2023-05-07        NaT                   
2226 2023-05-08        NaT                   
2227 2023-05-09        NaT                   
2228 2023-05-10        NaT                   
2229 2023-05-11        NaT                   
2230 2023-05-12        NaT                   
2231 2023-05-13        NaT                   
2232 2023-05-14        NaT                   
2233 2023-05-15        NaT                   
2234 2023-05-16        NaT                   
2235 2023-05-17        NaT                   
2236 2023-05-18        NaT                   
2237 2023-05-19        NaT                   
2238 2023-05-20        NaT                   
2239 2023-05-21        NaT                   
2240 2023-05-22 2023-05-22           10:36:31
2241 2023-05-23        NaT                   
2242 2023-05-24        NaT                   
2243 2023-05-25        NaT                   
2244 2023-05-26 2023-05-26           10:16:01
2245 2023-05-27 2023-05-27           10:36:29
2246 2023-05-28        NaT                   
2247 2023-05-29 2023-05-29           10:26:01
2248 2023-05-30        NaT                   
2249 2023-05-31 2023-05-31           10:15:59
2250 2023-06-01 2023-06-01           10:40:21
2251 2023-06-02 2023-06-02           10:06:01
2252 2023-06-03 2023-06-03           10:25:59
2253 2023-06-04        NaT                   
2254 2023-06-05 2023-06-05           10:16:01
2255 2023-06-06 2023-06-06           10:36:29
2256 2023-06-07 2023-06-07           10:05:59
2257 2023-06-08 2023-06-08           10:26:01
2258 2023-06-09        NaT                   
2259 2023-06-10 2023-06-10           10:16:09
2260 2023-06-11 2023-06-11           10:36:31
2261 2023-06-12 2023-06-12           10:06:01
2262 2023-06-13 2023-06-13           10:26:09
2263 2023-06-14        NaT                   
2264 2023-06-15 2023-06-15           10:20:31
2265 2023-06-16 2023-06-16           10:36:29
2266 2023-06-17 2023-06-17           10:05:59
2267 2023-06-18 2023-06-18           10:26:01
2268 2023-06-19        NaT                   
2269 2023-06-20        NaT                   
2270 2023-06-21 2023-06-21           10:36:31
2271 2023-06-22        NaT                   
2272 2023-06-23 2023-06-23           10:25:59
2273 2023-06-24        NaT                   
2274 2023-06-25 2023-06-25           10:16:01
2275 2023-06-26 2023-06-26           10:36:29
2276 2023-06-27        NaT                   
2277 2023-06-28 2023-06-28           10:26:01
2278 2023-06-29        NaT                   
2279 2023-06-30        NaT                   
2280 2023-07-01        NaT                   
2281 2023-07-02        NaT                   
2282 2023-07-03 2023-07-03           10:26:09
2283 2023-07-04        NaT                   
2284 2023-07-05        NaT                   
2285 2023-07-06 2023-07-06           10:36:29
2286 2023-07-07 2023-07-07           10:05:59
2287 2023-07-08 2023-07-08           10:26:01
2288 2023-07-09        NaT                   
2289 2023-07-10 2023-07-10           10:16:09
2290 2023-07-11 2023-07-11           10:36:31
2291 2023-07-12 2023-07-12           10:06:01
2292 2023-07-13        NaT                   
2293 2023-07-14        NaT                   
2294 2023-07-15 2023-07-15           10:16:01
2295 2023-07-16 2023-07-16           10:36:29
2296 2023-07-17 2023-07-17           10:05:59
2297 2023-07-18 2023-07-18           10:26:01
2298 2023-07-19        NaT                   
2299 2023-07-20 2023-07-20           10:16:09
2300 2023-07-21        NaT                   
2301 2023-07-22        NaT                   
2302 2023-07-23 2023-07-23           10:26:09
2303 2023-07-24        NaT                   
2304 2023-07-25        NaT                   
2305 2023-07-26        NaT                   
2306 2023-07-27        NaT                   
2307 2023-07-28        NaT                   
2308 2023-07-29        NaT                   
2309 2023-07-30        NaT                   
2310 2023-07-31 2023-07-31           10:36:31
2311 2023-08-01        NaT                   
2312 2023-08-02 2023-08-02           10:26:09
2313 2023-08-03        NaT                   
2314 2023-08-04        NaT                   
2315 2023-08-05        NaT                   
2316 2023-08-06        NaT                   
2317 2023-08-07        NaT                   
2318 2023-08-08        NaT                   
2319 2023-08-09        NaT                   
2320 2023-08-10        NaT                   
2321 2023-08-11        NaT                   
2322 2023-08-12        NaT                   
2323 2023-08-13        NaT                   
2324 2023-08-14 2023-08-14           10:20:31
2325 2023-08-15        NaT                   
2326 2023-08-16 2023-08-16           10:05:59
2327 2023-08-17        NaT                   
2328 2023-08-18        NaT                   
2329 2023-08-19 2023-08-19           10:16:09
2330 2023-08-20 2023-08-20           10:36:31
2331 2023-08-21 2023-08-21           10:06:01
2332 2023-08-22 2023-08-22           10:26:09
2333 2023-08-23        NaT                   
2334 2023-08-24 2023-08-24           10:16:01
2335 2023-08-25        NaT                   
2336 2023-08-26 2023-08-26           10:05:59
2337 2023-08-27        NaT                   
2338 2023-08-28        NaT                   
2339 2023-08-29        NaT                   
2340 2023-08-30        NaT                   
2341 2023-08-31        NaT                   
2342 2023-09-01 2023-09-01           10:26:09
2343 2023-09-02        NaT                   
2344 2023-09-03 2023-09-03           10:16:01
2345 2023-09-04 2023-09-04           10:36:29
2346 2023-09-05 2023-09-05           10:05:59
2347 2023-09-06 2023-09-06           10:26:01
2348 2023-09-07        NaT                   
2349 2023-09-08 2023-09-08           10:15:59
2350 2023-09-09 2023-09-09           10:36:31
2351 2023-09-10 2023-09-10           10:06:01
2352 2023-09-11 2023-09-11           10:26:09
2353 2023-09-12        NaT                   
2354 2023-09-13        NaT                   
2355 2023-09-14        NaT                   
2356 2023-09-15        NaT                   
2357 2023-09-16 2023-09-16           10:26:51
2358 2023-09-17        NaT                   
2359 2023-09-18        NaT                   
2360 2023-09-19        NaT                   
2361 2023-09-20        NaT                   
2362 2023-09-21        NaT                   
2363 2023-09-22        NaT                   
2364 2023-09-23        NaT                   
2365 2023-09-24 2023-09-24           10:36:59
2366 2023-09-25 2023-09-25           10:06:49
2367 2023-09-26 2023-09-26           10:28:01
2368 2023-09-27        NaT                   
2369 2023-09-28 2023-09-28           10:17:19
2370 2023-09-29 2023-09-29           10:38:21
2371 2023-09-30 2023-09-30           10:08:11
2372 2023-10-01 2023-10-01           10:27:39
2373 2023-10-02        NaT                   
2374 2023-10-03 2023-10-03           10:18:41
2375 2023-10-04 2023-10-04           10:38:09
2376 2023-10-05 2023-10-05           10:07:59
2377 2023-10-06 2023-10-06           10:29:11
2378 2023-10-07        NaT                   
2379 2023-10-08 2023-10-08           10:18:29
2380 2023-10-09 2023-10-09           10:39:31
2381 2023-10-10 2023-10-10           10:09:31
2382 2023-10-11 2023-10-11           10:28:49
2383 2023-10-12        NaT                   
2384 2023-10-13 2023-10-13           10:19:51
2385 2023-10-14        NaT                   
2386 2023-10-15 2023-10-15           10:09:09
2387 2023-10-16 2023-10-16           10:30:21
2388 2023-10-17        NaT                   
2389 2023-10-18        NaT                   
2390 2023-10-19        NaT                   
2391 2023-10-20        NaT                   
2392 2023-10-21        NaT                   
2393 2023-10-22        NaT                   
2394 2023-10-23        NaT                   
2395 2023-10-24        NaT                   
2396 2023-10-25        NaT                   
2397 2023-10-26        NaT                   
2398 2023-10-27        NaT                   
2399 2023-10-28 2023-10-28           10:20:39
2400 2023-10-29        NaT                   
2401 2023-10-30        NaT                   
2402 2023-10-31        NaT                   
2403 2023-11-01        NaT                   
2404 2023-11-02        NaT                   
2405 2023-11-03        NaT                   
2406 2023-11-04        NaT                   
2407 2023-11-05        NaT                   
2408 2023-11-06        NaT                   
2409 2023-11-07        NaT                   
2410 2023-11-08 2023-11-08           10:42:41
2411 2023-11-09        NaT                   
2412 2023-11-10        NaT                   
2413 2023-11-11        NaT                   
2414 2023-11-12        NaT                   
2415 2023-11-13        NaT                   
2416 2023-11-14        NaT                   
2417 2023-11-15        NaT                   
2418 2023-11-16        NaT                   
2419 2023-11-17        NaT                   
2420 2023-11-18        NaT                   
2421 2023-11-19        NaT                   
2422 2023-11-20        NaT                   
2423 2023-11-21        NaT                   
2424 2023-11-22        NaT                   
2425 2023-11-23        NaT                   
2426 2023-11-24        NaT                   
2427 2023-11-25        NaT                   
2428 2023-11-26        NaT                   
2429 2023-11-27        NaT                   
2430 2023-11-28        NaT                   
2431 2023-11-29        NaT                   
2432 2023-11-30        NaT                   
2433 2023-12-01        NaT                   
2434 2023-12-02        NaT                   
2435 2023-12-03 2023-12-03           10:43:19
2436 2023-12-04        NaT                   
2437 2023-12-05        NaT                   
2438 2023-12-06        NaT                   
2439 2023-12-07 2023-12-07           10:23:19
2440 2023-12-08        NaT                   
2441 2023-12-09        NaT                   
2442 2023-12-10        NaT                   
2443 2023-12-11        NaT                   
2444 2023-12-12        NaT                   
2445 2023-12-13        NaT                   
2446 2023-12-14        NaT                   
2447 2023-12-15 2023-12-15           10:34:31
2448 2023-12-16        NaT                   
2449 2023-12-17 2023-12-17           10:23:39
2450 2023-12-18 2023-12-18           10:44:41
2451 2023-12-19 2023-12-19           10:14:31
2452 2023-12-20        NaT                   
2453 2023-12-21        NaT                   
2454 2023-12-22        NaT                   
2455 2023-12-23        NaT                   
2456 2023-12-24 2023-12-24           10:13:39
2457 2023-12-25 2023-12-25           10:34:41
2458 2023-12-26        NaT                   
2459 2023-12-27 2023-12-27           10:23:39
2460 2023-12-28        NaT                   
2461 2023-12-29        NaT                   
2462 2023-12-30 2023-12-30           10:33:49
2463 2023-12-31        NaT                   
2464 2024-01-01 2024-01-01           10:24:31
2465 2024-01-02        NaT                   
2466 2024-01-03 2024-01-03           10:13:29
2467 2024-01-04        NaT                   
2468 2024-01-05        NaT                   
2469 2024-01-06        NaT                   
2470 2024-01-07        NaT                   
2471 2024-01-08        NaT                   
2472 2024-01-09        NaT                   
2473 2024-01-10        NaT                   
2474 2024-01-11 2024-01-11           10:24:01
2475 2024-01-12 2024-01-12           10:43:19
2476 2024-01-13 2024-01-13           10:13:09
2477 2024-01-14 2024-01-14           10:34:01
2478 2024-01-15        NaT                   
2479 2024-01-16 2024-01-16           10:22:59
2480 2024-01-17        NaT                   
2481 2024-01-18        NaT                   
2482 2024-01-19 2024-01-19           10:32:49
2483 2024-01-20        NaT                   
2484 2024-01-21        NaT                   
2485 2024-01-22        NaT                   
2486 2024-01-23        NaT                   
2487 2024-01-24        NaT                   
2488 2024-01-25        NaT                   
2489 2024-01-26        NaT                   
2490 2024-01-27 2024-01-27           10:43:11
2491 2024-01-28        NaT                   
2492 2024-01-29 2024-01-29           10:32:09
2493 2024-01-30        NaT                   
2494 2024-01-31        NaT                   
2495 2024-02-01        NaT                   
2496 2024-02-02        NaT                   
2497 2024-02-03 2024-02-03           10:32:31
2498 2024-02-04        NaT                   
2499 2024-02-05 2024-02-05           10:21:29
2500 2024-02-06 2024-02-06           10:42:21
2501 2024-02-07        NaT                   
2502 2024-02-08        NaT                   
2503 2024-02-09        NaT                   
2504 2024-02-10        NaT                   
2505 2024-02-11        NaT                   
2506 2024-02-12 2024-02-12           10:10:39
2507 2024-02-13        NaT                   
2508 2024-02-14        NaT                   
2509 2024-02-15 2024-02-15           10:20:29
2510 2024-02-16        NaT                   
2511 2024-02-17        NaT                   
2512 2024-02-18        NaT                   
2513 2024-02-19        NaT                   
2514 2024-02-20 2024-02-20           10:20:51
2515 2024-02-21        NaT                   
2516 2024-02-22        NaT                   
2517 2024-02-23 2024-02-23           10:30:31
2518 2024-02-24        NaT                   
2519 2024-02-25 2024-02-25           10:19:19
2520 2024-02-26        NaT                   
2521 2024-02-27        NaT                   
2522 2024-02-28        NaT                   
2523 2024-02-29        NaT                   
2524 2024-03-01        NaT                   
2525 2024-03-02        NaT                   
2526 2024-03-03        NaT                   
2527 2024-03-04        NaT                   
2528 2024-03-05        NaT                   
2529 2024-03-06        NaT                   
2530 2024-03-07 2024-03-07           10:39:11
2531 2024-03-08 2024-03-08           10:08:41
2532 2024-03-09        NaT                   
2533 2024-03-10        NaT                   
2534 2024-03-11 2024-03-11           10:18:31
2535 2024-03-12        NaT                   
2536 2024-03-13        NaT                   
2537 2024-03-14 2024-03-14           10:28:11
2538 2024-03-15        NaT                   
2539 2024-03-16        NaT                   
2540 2024-03-17        NaT                   
2541 2024-03-18        NaT                   
2542 2024-03-19 2024-03-19           10:26:39
2543 2024-03-20        NaT                   
2544 2024-03-21        NaT                   
2545 2024-03-22 2024-03-22           10:36:39
2546 2024-03-23 2024-03-23           10:06:49
2547 2024-03-24        NaT                   
2548 2024-03-25        NaT                   
2549 2024-03-26        NaT                   
2550 2024-03-27        NaT                   
2551 2024-03-28        NaT                   
2552 2024-03-29        NaT                   
2553 2024-03-30        NaT                   
2554 2024-03-31        NaT                   
2555 2024-04-01        NaT                   
2556 2024-04-02 2024-04-02           10:05:49
2557 2024-04-03        NaT                   
2558 2024-04-04        NaT                   
2559 2024-04-05 2024-04-05           10:15:59
2560 2024-04-06 2024-04-06           10:36:21
2561 2024-04-07        NaT                   
2562 2024-04-08        NaT                   
2563 2024-04-09        NaT                   
2564 2024-04-10        NaT                   
2565 2024-04-11 2024-04-11           10:36:19
2566 2024-04-12 2024-04-12           10:05:59
2567 2024-04-13 2024-04-13           10:30:31
2568 2024-04-14        NaT                   
2569 2024-04-15        NaT                   
2570 2024-04-16        NaT                   
2571 2024-04-17        NaT                   
2572 2024-04-18        NaT                   
2573 2024-04-19        NaT                   
2574 2024-04-20        NaT                   
2575 2024-04-21        NaT                   
2576 2024-04-22        NaT                   
2577 2024-04-23        NaT                   
2578 2024-04-24        NaT                   
2579 2024-04-25 2024-04-25           10:15:59
2580 2024-04-26        NaT                   
2581 2024-04-27        NaT                   
2582 2024-04-28        NaT                   
2583 2024-04-29        NaT                   
2584 2024-04-30 2024-04-30           10:20:21
2585 2024-05-01        NaT                   
2586 2024-05-02        NaT                   
2587 2024-05-03        NaT                   
2588 2024-05-04        NaT                   
2589 2024-05-05        NaT                   
2590 2024-05-06        NaT                   
2591 2024-05-07        NaT                   
2592 2024-05-08        NaT                   
2593 2024-05-09        NaT                   
2594 2024-05-10 2024-05-10           10:20:21
2595 2024-05-11 2024-05-11           10:36:29
2596 2024-05-12        NaT                   
2597 2024-05-13        NaT                   
2598 2024-05-14        NaT                   
2599 2024-05-15        NaT                   
2600 2024-05-16        NaT                   
2601 2024-05-17        NaT                   
2602 2024-05-18        NaT                   
2603 2024-05-19        NaT                   
2604 2024-05-20 2024-05-20           10:20:21
2605 2024-05-21        NaT                   
2606 2024-05-22        NaT                   
2607 2024-05-23        NaT                   
2608 2024-05-24        NaT                   
2609 2024-05-25        NaT                   
2610 2024-05-26        NaT                   
2611 2024-05-27        NaT                   
2612 2024-05-28 2024-05-28           10:25:59
2613 2024-05-29        NaT                   
2614 2024-05-30        NaT                   
2615 2024-05-31        NaT                   
2616 2024-06-01        NaT                   
2617 2024-06-02        NaT                   
2618 2024-06-03        NaT                   
2619 2024-06-04 2024-06-04           10:15:59
2620 2024-06-05 2024-06-05           10:40:31
2621 2024-06-06 2024-06-06           10:06:01
2622 2024-06-07        NaT                   
2623 2024-06-08        NaT                   
2624 2024-06-09        NaT                   
2625 2024-06-10 2024-06-10           10:36:29
2626 2024-06-11        NaT                   
2627 2024-06-12 2024-06-12           10:30:31
2628 2024-06-13        NaT                   
2629 2024-06-14        NaT                   
2630 2024-06-15 2024-06-15           10:40:31
2631 2024-06-16        NaT                   
2632 2024-06-17        NaT                   
2633 2024-06-18        NaT                   
2634 2024-06-19 2024-06-19           10:20:31
2635 2024-06-20        NaT                   
2636 2024-06-21        NaT                   
2637 2024-06-22        NaT                   
2638 2024-06-23        NaT                   
2639 2024-06-24 2024-06-24           10:15:59
2640 2024-06-25 2024-06-25           10:36:31
2641 2024-06-26        NaT                   
2642 2024-06-27 2024-06-27           10:25:59
2643 2024-06-28        NaT                   
2644 2024-06-29        NaT                   
2645 2024-06-30        NaT                   
2646 2024-07-01        NaT                   
2647 2024-07-02 2024-07-02           10:26:01
2648 2024-07-03        NaT                   
2649 2024-07-04 2024-07-04           10:15:59
2650 2024-07-05 2024-07-05           10:40:21
2651 2024-07-06        NaT                   
2652 2024-07-07        NaT                   
2653 2024-07-08        NaT                   
2654 2024-07-09 2024-07-09           10:20:31
2655 2024-07-10        NaT                   
2656 2024-07-11 2024-07-11           10:05:59
2657 2024-07-12        NaT                   
2658 2024-07-13        NaT                   
2659 2024-07-14 2024-07-14           10:15:59
2660 2024-07-15        NaT                   
2661 2024-07-16        NaT                   
2662 2024-07-17 2024-07-17           10:25:59
2663 2024-07-18        NaT                   
2664 2024-07-19 2024-07-19           10:20:21
2665 2024-07-20 2024-07-20           10:36:29
2666 2024-07-21 2024-07-21           10:05:59
2667 2024-07-22        NaT                   
2668 2024-07-23        NaT                   
2669 2024-07-24 2024-07-24           10:15:59
2670 2024-07-25 2024-07-25           10:40:21
2671 2024-07-26        NaT                   
2672 2024-07-27 2024-07-27           10:25:59
2673 2024-07-28        NaT                   
2674 2024-07-29 2024-07-29           10:20:21
2675 2024-07-30 2024-07-30           10:36:29
2676 2024-07-31 2024-07-31           10:05:59
2677 2024-08-01 2024-08-01           10:30:31
2678 2024-08-02        NaT                   
2679 2024-08-03 2024-08-03           10:15:59
2680 2024-08-04 2024-08-04           10:40:21
2681 2024-08-05        NaT                   
2682 2024-08-06 2024-08-06           10:25:59
2683 2024-08-07        NaT                   
2684 2024-08-08        NaT                   
2685 2024-08-09 2024-08-09           10:36:29
2686 2024-08-10 2024-08-10           10:05:59
2687 2024-08-11 2024-08-11           10:30:31
2688 2024-08-12        NaT                   
2689 2024-08-13 2024-08-13           10:15:59
2690 2024-08-14 2024-08-14           10:40:21
2691 2024-08-15 2024-08-15           10:05:51
2692 2024-08-16 2024-08-16           10:25:59
2693 2024-08-17        NaT                   
2694 2024-08-18        NaT                   
2695 2024-08-19 2024-08-19           10:36:29
2696 2024-08-20        NaT                   
2697 2024-08-21 2024-08-21           10:30:21
2698 2024-08-22        NaT                   
2699 2024-08-23 2024-08-23           10:15:59
2700 2024-08-24 2024-08-24           10:40:21
2701 2024-08-25        NaT                   
2702 2024-08-26        NaT                   
2703 2024-08-27        NaT                   
2704 2024-08-28 2024-08-28           10:20:21
2705 2024-08-29 2024-08-29           10:36:29
2706 2024-08-30 2024-08-30           10:05:59
2707 2024-08-31 2024-08-31           10:30:21
2708 2024-09-01        NaT                   
2709 2024-09-02        NaT                   
2710 2024-09-03 2024-09-03           10:40:21
2711 2024-09-04        NaT                   
2712 2024-09-05        NaT                   
2713 2024-09-06        NaT                   
2714 2024-09-07 2024-09-07           10:20:21
2715 2024-09-08        NaT                   
2716 2024-09-09        NaT                   
2717 2024-09-10        NaT                   
2718 2024-09-11        NaT                   
2719 2024-09-12        NaT                   
2720 2024-09-13        NaT                   
2721 2024-09-14        NaT                   
2722 2024-09-15 2024-09-15           10:25:59
2723 2024-09-16        NaT                   
2724 2024-09-17        NaT                   
2725 2024-09-18 2024-09-18           10:36:19
2726 2024-09-19        NaT                   
2727 2024-09-20 2024-09-20           10:27:21
2728 2024-09-21        NaT                   
2729 2024-09-22        NaT                   
2730 2024-09-23        NaT                   
2731 2024-09-24        NaT                   
2732 2024-09-25        NaT                   
2733 2024-09-26        NaT                   
2734 2024-09-27        NaT                   
2735 2024-09-28        NaT                   
2736 2024-09-29 2024-09-29           10:07:19
2737 2024-09-30 2024-09-30           10:28:31
2738 2024-10-01        NaT                   
2739 2024-10-02        NaT                   
2740 2024-10-03        NaT                   
2741 2024-10-04        NaT                   
2742 2024-10-05 2024-10-05           10:28:09
2743 2024-10-06        NaT                   
2744 2024-10-07 2024-10-07           10:19:21
2745 2024-10-08        NaT                   
2746 2024-10-09        NaT                   
2747 2024-10-10        NaT                   
2748 2024-10-11        NaT                   
2749 2024-10-12        NaT                   
2750 2024-10-13        NaT                   
2751 2024-10-14        NaT                   
2752 2024-10-15        NaT                   
2753 2024-10-16        NaT                   
2754 2024-10-17        NaT                   
2755 2024-10-18        NaT                   
2756 2024-10-19        NaT                   
2757 2024-10-20        NaT                   
2758 2024-10-21        NaT                   
2759 2024-10-22        NaT                   
2760 2024-10-23        NaT                   
2761 2024-10-24        NaT                   
2762 2024-10-25 2024-10-25           10:30:29
2763 2024-10-26        NaT                   
2764 2024-10-27        NaT                   
2765 2024-10-28 2024-10-28           10:40:49
2766 2024-10-29 2024-10-29           10:10:39
2767 2024-10-30 2024-10-30           10:31:51
2768 2024-10-31        NaT                   
2769 2024-11-01 2024-11-01           10:20:59
2770 2024-11-02 2024-11-02           10:42:11
2771 2024-11-03 2024-11-03           10:12:01
2772 2024-11-04 2024-11-04           10:31:19
2773 2024-11-05        NaT                   
2774 2024-11-06 2024-11-06           10:22:21
2775 2024-11-07 2024-11-07           10:41:39
2776 2024-11-08        NaT                   
2777 2024-11-09 2024-11-09           10:32:41
2778 2024-11-10        NaT                   
2779 2024-11-11 2024-11-11           10:21:49
2780 2024-11-12        NaT                   
2781 2024-11-13        NaT                   
2782 2024-11-14 2024-11-14           10:32:09
2783 2024-11-15        NaT                   
2784 2024-11-16 2024-11-16           10:23:11
2785 2024-11-17        NaT                   
2786 2024-11-18 2024-11-18           10:12:19
2787 2024-11-19        NaT                   
2788 2024-11-20        NaT                   
2789 2024-11-21        NaT                   
2790 2024-11-22        NaT                   
2791 2024-11-23 2024-11-23           10:13:41
2792 2024-11-24        NaT                   
2793 2024-11-25        NaT                   
2794 2024-11-26        NaT                   
2795 2024-11-27 2024-11-27           10:43:09
2796 2024-11-28        NaT                   
2797 2024-11-29 2024-11-29           10:34:01
2798 2024-11-30        NaT                   
2799 2024-12-01 2024-12-01           10:23:19
2800 2024-12-02        NaT                   
2801 2024-12-03        NaT                   
2802 2024-12-04        NaT                   
2803 2024-12-05        NaT                   
2804 2024-12-06        NaT                   
2805 2024-12-07        NaT                   
2806 2024-12-08        NaT                   
2807 2024-12-09        NaT                   
2808 2024-12-10        NaT                   
2809 2024-12-11 2024-12-11           10:23:39
2810 2024-12-12 2024-12-12           10:44:41
2811 2024-12-13 2024-12-13           10:14:31
2812 2024-12-14        NaT                   
2813 2024-12-15        NaT                   
2814 2024-12-16 2024-12-16           10:24:31
2815 2024-12-17        NaT                   
2816 2024-12-18        NaT                   
2817 2024-12-19        NaT                   
2818 2024-12-20        NaT                   
2819 2024-12-21 2024-12-21           10:23:39
2820 2024-12-22        NaT                   
2821 2024-12-23 2024-12-23           10:14:31
2822 2024-12-24 2024-12-24           10:33:49
2823 2024-12-25        NaT                   
2824 2024-12-26 2024-12-26           10:24:41
2825 2024-12-27 2024-12-27           10:43:49
2826 2024-12-28 2024-12-28           10:13:39
2827 2024-12-29 2024-12-29           10:34:41
2828 2024-12-30        NaT                   
2829 2024-12-31 2024-12-31           10:23:39
2830 2025-01-01 2025-01-01           10:44:41
2831 2025-01-02        NaT                   
2832 2025-01-03 2025-01-03           10:33:39
2833 2025-01-04        NaT                   
2834 2025-01-05        NaT                   
2835 2025-01-06        NaT                   
2836 2025-01-07        NaT                   
2837 2025-01-08        NaT                   
2838 2025-01-09        NaT                   
2839 2025-01-10        NaT                   
2840 2025-01-11 2025-01-11           10:44:11
2841 2025-01-12        NaT                   
2842 2025-01-13 2025-01-13           10:33:09
2843 2025-01-14        NaT                   
2844 2025-01-15        NaT                   
2845 2025-01-16        NaT                   
2846 2025-01-17        NaT                   
2847 2025-01-18 2025-01-18           10:33:51
2848 2025-01-19        NaT                   
2849 2025-01-20        NaT                   
2850 2025-01-21 2025-01-21           10:44:11
2851 2025-01-22        NaT                   
2852 2025-01-23        NaT                   
2853 2025-01-24        NaT                   
2854 2025-01-25 2025-01-25           10:23:41
2855 2025-01-26 2025-01-26           10:42:29
2856 2025-01-27        NaT                   
2857 2025-01-28        NaT                   
2858 2025-01-29        NaT                   
2859 2025-01-30        NaT                   
2860 2025-01-31        NaT                   
2861 2025-02-01        NaT                   
2862 2025-02-02 2025-02-02           10:31:49
2863 2025-02-03        NaT                   
2864 2025-02-04 2025-02-04           10:22:51
2865 2025-02-05 2025-02-05           10:41:29
2866 2025-02-06 2025-02-06           10:11:09
2867 2025-02-07        NaT                   
2868 2025-02-08        NaT                   
2869 2025-02-09        NaT                   
2870 2025-02-10        NaT                   
2871 2025-02-11 2025-02-11           10:12:01
2872 2025-02-12        NaT                   
2873 2025-02-13        NaT                   
2874 2025-02-14        NaT                   
2875 2025-02-15 2025-02-15           10:40:29
2876 2025-02-16 2025-02-16           10:10:29
2877 2025-02-17 2025-02-17           10:31:31
2878 2025-02-18        NaT                   
2879 2025-02-19 2025-02-19           10:19:59
2880 2025-02-20        NaT                   
2881 2025-02-21 2025-02-21           10:10:51
2882 2025-02-22        NaT                   
2883 2025-02-23        NaT                   
2884 2025-02-24        NaT                   
2885 2025-02-25        NaT                   
2886 2025-02-26        NaT                   
2887 2025-02-27        NaT                   
2888 2025-02-28        NaT                   
2889 2025-03-01        NaT                   
2890 2025-03-02 2025-03-02           10:40:11
2891 2025-03-03 2025-03-03           10:09:51
2892 2025-03-04 2025-03-04           10:28:19
2893 2025-03-05        NaT                   
2894 2025-03-06 2025-03-06           10:19:31
2895 2025-03-07 2025-03-07           10:38:09
2896 2025-03-08 2025-03-08           10:07:49
2897 2025-03-09 2025-03-09           10:29:11
2898 2025-03-10        NaT                   
2899 2025-03-11 2025-03-11           10:17:39
2900 2025-03-12        NaT                   
2901 2025-03-13        NaT                   
2902 2025-03-14        NaT                   
2903 2025-03-15        NaT                   
2904 2025-03-16        NaT                   
2905 2025-03-17        NaT                   
2906 2025-03-18 2025-03-18           10:06:39
2907 2025-03-19        NaT                   
2908 2025-03-20        NaT                   
2909 2025-03-21        NaT                   
2910 2025-03-22        NaT                   
2911 2025-03-23        NaT                   
2912 2025-03-24        NaT                   
2913 2025-03-25        NaT                   
2914 2025-03-26        NaT                   
2915 2025-03-27        NaT                   
2916 2025-03-28 2025-03-28           10:05:59
2917 2025-03-29        NaT                   
2918 2025-03-30        NaT                   
2919 2025-03-31 2025-03-31           10:15:59
2920 2025-04-01 2025-04-01           10:40:41
2921 2025-04-02 2025-04-02           10:10:51
2922 2025-04-03 2025-04-03           10:25:59
2923 2025-04-04 2025-04-04           10:10:41
2924 2025-04-05 2025-04-05           10:20:41
2925 2025-04-06 2025-04-06           10:36:29
2926 2025-04-07 2025-04-07  10:05:59,10:17:01
2927 2025-04-08 2025-04-08           10:30:51
2928 2025-04-09        NaT                   
2929 2025-04-10        NaT                   
2930 2025-04-11        NaT                   
2931 2025-04-12 2025-04-12           10:10:41
2932 2025-04-13        NaT                   
2933 2025-04-14        NaT                   
2934 2025-04-15        NaT                   
2935 2025-04-16        NaT                   
2936 2025-04-17        NaT                   
2937 2025-04-18        NaT                   
2938 2025-04-19        NaT                   
2939 2025-04-20        NaT                   
2940 2025-04-21        NaT                   
2941 2025-04-22 2025-04-22           10:10:51
2942 2025-04-23 2025-04-23           10:25:59
2943 2025-04-24        NaT                   
2944 2025-04-25        NaT                   
2945 2025-04-26 2025-04-26           10:36:29
2946 2025-04-27        NaT                   
2947 2025-04-28 2025-04-28           10:30:51
2948 2025-04-29        NaT                   
2949 2025-04-30 2025-04-30  10:15:59,10:27:01
2950 2025-05-01 2025-05-01           10:40:41
2951 2025-05-02 2025-05-02           10:10:41
2952 2025-05-03 2025-05-03           10:37:01
2953 2025-05-04        NaT                   
2954 2025-05-05        NaT                   
2955 2025-05-06        NaT                   
2956 2025-05-07        NaT                   
2957 2025-05-08        NaT                   
2958 2025-05-09        NaT                   
2959 2025-05-10 2025-05-10  10:15:59,10:30:31
2960 2025-05-11 2025-05-11           10:36:41
2961 2025-05-12        NaT                   
2962 2025-05-13 2025-05-13  10:25:59,10:40:41
2963 2025-05-14        NaT                   
2964 2025-05-15 2025-05-15           10:16:11
2965 2025-05-16 2025-05-16           10:36:19
2966 2025-05-17 2025-05-17           10:17:01
2967 2025-05-18 2025-05-18           10:26:21
2968 2025-05-19        NaT                   
2969 2025-05-20        NaT                   
2970 2025-05-21        NaT                   
2971 2025-05-22        NaT                   
2972 2025-05-23        NaT                   
2973 2025-05-24        NaT                   
2974 2025-05-25        NaT                   
2975 2025-05-26        NaT                   
2976 2025-05-27        NaT                   
2977 2025-05-28        NaT                   
2978 2025-05-29        NaT                   
2979 2025-05-30 2025-05-30  10:15:59,10:30:41
2980 2025-05-31 2025-05-31           10:40:41
2981 2025-06-01        NaT                   
2982 2025-06-02        NaT                   
2983 2025-06-03        NaT                   
2984 2025-06-04        NaT                   
2985 2025-06-05        NaT                   
2986 2025-06-06        NaT                   
2987 2025-06-07        NaT                   
2988 2025-06-08        NaT                   
2989 2025-06-09 2025-06-09  10:15:59,10:27:01
2990 2025-06-10 2025-06-10           10:36:41
2991 2025-06-11 2025-06-11           10:10:41
2992 2025-06-12 2025-06-12  10:25:59,10:37:01
2993 2025-06-13 2025-06-13           10:07:01
2994 2025-06-14 2025-06-14           10:16:21
2995 2025-06-15        NaT                   
2996 2025-06-16 2025-06-16           10:20:41
2997 2025-06-17 2025-06-17           10:26:21
2998 2025-06-18        NaT                   
2999 2025-06-19 2025-06-19  10:15:59,10:30:41
3000 2025-06-20        NaT                   
3001 2025-06-21 2025-06-21           10:06:11
3002 2025-06-22 2025-06-22  10:25:59,10:40:41
3003 2025-06-23        NaT                   
3004 2025-06-24        NaT                   
3005 2025-06-25 2025-06-25           10:36:29
3006 2025-06-26 2025-06-26  10:05:59,10:17:01
3007 2025-06-27        NaT                   
3008 2025-06-28        NaT                   
3009 2025-06-29 2025-06-29           10:27:01
3010 2025-06-30 2025-06-30           10:40:41
3011 2025-07-01 2025-07-01           10:10:51
3012 2025-07-02 2025-07-02  10:25:59,10:37:01
3013 2025-07-03 2025-07-03           10:07:11
3014 2025-07-04 2025-07-04           10:20:41
3015 2025-07-05 2025-07-05           10:36:29
3016 2025-07-06        NaT                   
3017 2025-07-07        NaT                   
3018 2025-07-08        NaT                   
3019 2025-07-09 2025-07-09  10:15:59,10:30:41
3020 2025-07-10 2025-07-10           10:40:41
3021 2025-07-11        NaT                   
3022 2025-07-12 2025-07-12  10:25:59,10:40:41
3023 2025-07-13        NaT                   
3024 2025-07-14        NaT                   
3025 2025-07-15        NaT                   
3026 2025-07-16        NaT                   
3027 2025-07-17 2025-07-17           10:30:51
3028 2025-07-18        NaT                   
3029 2025-07-19 2025-07-19           10:15:59
3030 2025-07-20        NaT                   
3031 2025-07-21        NaT                   
3032 2025-07-22 2025-07-22  10:25:59,10:37:01
3033 2025-07-23        NaT                   
3034 2025-07-24        NaT                   
3035 2025-07-25        NaT                   
3036 2025-07-26        NaT                   
3037 2025-07-27        NaT                   
3038 2025-07-28        NaT                   
3039 2025-07-29        NaT                   
3040 2025-07-30        NaT                   
3041 2025-07-31        NaT                   
3042 2025-08-01        NaT                   
3043 2025-08-02        NaT                   
3044 2025-08-03        NaT                   
3045 2025-08-04        NaT                   
3046 2025-08-05        NaT                   
3047 2025-08-06 2025-08-06           10:26:21
3048 2025-08-07        NaT                   
3049 2025-08-08 2025-08-08  10:15:59,10:27:01
3050 2025-08-09        NaT                   
3051 2025-08-10        NaT                   
3052 2025-08-11 2025-08-11  10:25:59,10:37:01
3053 2025-08-12        NaT                   
3054 2025-08-13 2025-08-13           10:20:41
3055 2025-08-14 2025-08-14           10:36:29
3056 2025-08-15 2025-08-15  10:05:59,10:20:41
3057 2025-08-16 2025-08-16           10:30:41
3058 2025-08-17        NaT                   
3059 2025-08-18 2025-08-18  10:15:59,10:30:41
3060 2025-08-19        NaT                   
3061 2025-08-20        NaT                   
3062 2025-08-21        NaT                   
3063 2025-08-22        NaT                   
3064 2025-08-23 2025-08-23           10:20:41
3065 2025-08-24        NaT                   
3066 2025-08-25 2025-08-25  10:05:59,10:17:01
3067 2025-08-26        NaT                   
3068 2025-08-27        NaT                   
3069 2025-08-28        NaT                   
3070 2025-08-29 2025-08-29           10:40:41
3071 2025-08-30        NaT                   
3072 2025-08-31 2025-08-31  10:25:59,10:37:01
3073 2025-09-01        NaT                   
3074 2025-09-02        NaT                   
3075 2025-09-03        NaT                   
3076 2025-09-04        NaT                   
3077 2025-09-05        NaT                   
3078 2025-09-06        NaT                   
3079 2025-09-07 2025-09-07  10:15:59,10:30:31
3080 2025-09-08        NaT                   
3081 2025-09-09        NaT                   
3082 2025-09-10        NaT                   
3083 2025-09-11        NaT                   
3084 2025-09-12        NaT                   
3085 2025-09-13        NaT                   
3086 2025-09-14 2025-09-14           10:17:01
3087 2025-09-15 2025-09-15           10:30:41
3088 2025-09-16        NaT                   
3089 2025-09-17 2025-09-17  10:20:19,10:27:11
3090 2025-09-18 2025-09-18           10:40:31
3091 2025-09-19 2025-09-19           10:10:41
3092 2025-09-20        NaT                   
3093 2025-09-21 2025-09-21           10:07:31
3094 2025-09-22        NaT                   
3095 2025-09-23        NaT                   
3096 2025-09-24        NaT                   
3097 2025-09-25        NaT                   
3098 2025-09-26        NaT                   
3099 2025-09-27        NaT                   
3100 2025-09-28 2025-09-28           10:38:31
3101 2025-09-29 2025-09-29           10:08:21
3102 2025-09-30 2025-09-30           10:40:41
3103 2025-10-01        NaT                   
3104 2025-10-02 2025-10-02           10:18:51
3105 2025-10-03        NaT                   
3106 2025-10-04        NaT                   
3107 2025-10-05        NaT                   
3108 2025-10-06        NaT                   
3109 2025-10-07 2025-10-07           10:18:09
3110 2025-10-08 2025-10-08           10:39:41
3111 2025-10-09        NaT                   
3112 2025-10-10 2025-10-10           10:40:01
3113 2025-10-11 2025-10-11           10:09:51
3114 2025-10-12 2025-10-12           10:20:01
3115 2025-10-13 2025-10-13           10:39:09
3116 2025-10-14 2025-10-14  10:09:09,10:20:41
3117 2025-10-15 2025-10-15           10:30:31
3118 2025-10-16        NaT                   
3119 2025-10-17 2025-10-17  10:19:29,10:30:41
3120 2025-10-18 2025-10-18           10:40:51
3121 2025-10-19        NaT                   
3122 2025-10-20        NaT                   
3123 2025-10-21        NaT                   
3124 2025-10-22        NaT                   
3125 2025-10-23 2025-10-23           10:40:09
3126 2025-10-24 2025-10-24           10:21:21
3127 2025-10-25        NaT                   
3128 2025-10-26        NaT                   
3129 2025-10-27        NaT                   
3130 2025-10-28 2025-10-28           10:41:51
3131 2025-10-29 2025-10-29           10:11:51
3132 2025-10-30        NaT                   
3133 2025-10-31        NaT                   
3134 2025-11-01        NaT                   
3135 2025-11-02        NaT                   
3136 2025-11-03 2025-11-03           10:22:21
3137 2025-11-04        NaT                   
3138 2025-11-05        NaT                   
3139 2025-11-06        NaT                   
3140 2025-11-07 2025-11-07           10:42:51
3141 2025-11-08 2025-11-08           10:12:41
3142 2025-11-09        NaT                   
3143 2025-11-10        NaT                   
3144 2025-11-11 2025-11-11           10:23:01
3145 2025-11-12        NaT                   
3146 2025-11-13 2025-11-13           10:11:59
3147 2025-11-14        NaT                   
3148 2025-11-15        NaT                   
3149 2025-11-16        NaT                   
3150 2025-11-17        NaT                   
3151 2025-11-18 2025-11-18           10:13:31
3152 2025-11-19 2025-11-19  10:32:29,10:43:51
3153 2025-11-20        NaT                   
3154 2025-11-21        NaT                   
3155 2025-11-22 2025-11-22           10:42:49
3156 2025-11-23 2025-11-23  10:12:39,10:24:01
3157 2025-11-24        NaT                   
3158 2025-11-25        NaT                   
3159 2025-11-26        NaT                   
3160 2025-11-27 2025-11-27           10:44:11
3161 2025-11-28 2025-11-28           10:14:01
3162 2025-11-29 2025-11-29           10:33:09
3163 2025-11-30        NaT                   
3164 2025-12-01        NaT                   
3165 2025-12-02        NaT                   
3166 2025-12-03        NaT                   
3167 2025-12-04        NaT                   
3168 2025-12-05        NaT                   
3169 2025-12-06 2025-12-06           10:23:19
3170 2025-12-07        NaT                   
3171 2025-12-08        NaT                   
3172 2025-12-09 2025-12-09  10:33:29,10:44:51
3173 2025-12-10        NaT                   
3174 2025-12-11        NaT                   
3175 2025-12-12 2025-12-12           10:43:39
3176 2025-12-13 2025-12-13  10:13:29,10:24:41
3177 2025-12-14 2025-12-14           10:34:41
3178 2025-12-15        NaT                   
3179 2025-12-16        NaT                   
3180 2025-12-17        NaT                   
3181 2025-12-18        NaT                   
3182 2025-12-19        NaT                   
3183 2025-12-20        NaT                   
3184 2025-12-21 2025-12-21           10:24:41
3185 2025-12-22        NaT                   
3186 2025-12-23        NaT                   
3187 2025-12-24        NaT                   
3188 2025-12-25        NaT                   
3189 2025-12-26 2025-12-26  10:23:39,10:35:01
3190 2025-12-27 2025-12-27           10:44:51
3191 2025-12-28 2025-12-28           10:14:41
3192 2025-12-29 2025-12-29  10:33:39,10:45:01
3193 2025-12-30 2025-12-30           10:14:51
3194 2025-12-31 2025-12-31           10:24:41
In total: 3195 days, 1160 obs_dates, 1190 obs_times. 
First dates in newly downloaded:
  2017-04-03
  2017-04-04
  2017-04-05
  2017-04-06
  2017-04-07
  2017-04-08
  2017-04-09
  2017-04-10
  2017-04-11
  2017-04-12
Last dates in newly downloaded:
  2025-12-22
  2025-12-23
  2025-12-24
  2025-12-25
  2025-12-26
  2025-12-27
  2025-12-28
  2025-12-29
  2025-12-30
  2025-12-31
Newly downloaded dataset:
<xarray.Dataset> Size: 678GB
Dimensions:   (date: 3195, pixel: 105715396)
Coordinates:
  * pixel     (pixel) int32 423MB 0 1 2 3 ... 105715393 105715394 105715395
  * date      (date) datetime64[ns] 26kB 2017-04-03 2017-04-04 ... 2025-12-31
    x_idx     (pixel) int32 423MB dask.array<chunksize=(40000,), meta=np.ndarray>
    y_idx     (pixel) int32 423MB dask.array<chunksize=(40000,), meta=np.ndarray>
    x         (pixel) int32 423MB dask.array<chunksize=(40000,), meta=np.ndarray>
    y         (pixel) int32 423MB dask.array<chunksize=(40000,), meta=np.ndarray>
    doy       (date) int32 13kB 93 94 95 96 97 98 99 ... 360 361 362 363 364 365
Data variables:
    ndvi      (date, pixel) int16 676GB dask.array<chunksize=(1, 40000), meta=np.ndarray>
    obs_date  (date) bool 3kB True False False False ... True True True True
Attributes:
    transform_note:    | 10.00, 0.00, 2474090.00|\n| 0.00,-10.00, 1310530.00|...
    transform_coeffs:  [10.0, 0.0, 2474090.0, 0.0, -10.0, 1310530.0, 0.0, 0.0...
    transform_instr:   from affine import Affine; t = Affine(*ds.attrs['trans...
    description_ndvi:  NDVI (scaled int16: -10000 to 10000)
    description_ndsi:  NDSI (scaled int16: -10000 to 10000)
    nodata:            32767
    cloud_shadow:      -32768
    pixel_definition:  Total of global grid used for pixel ID (based on fores...
Newly derived dataset:
<xarray.Dataset> Size: 2TB
Dimensions:         (date: 3195, pixel: 105715396)
Coordinates:
  * pixel           (pixel) int32 423MB 0 1 2 ... 105715393 105715394 105715395
  * date            (date) datetime64[ns] 26kB 2017-04-03 ... 2025-12-31
    x_idx           (pixel) int32 423MB dask.array<chunksize=(40000,), meta=np.ndarray>
    y_idx           (pixel) int32 423MB dask.array<chunksize=(40000,), meta=np.ndarray>
    x               (pixel) int32 423MB dask.array<chunksize=(40000,), meta=np.ndarray>
    y               (pixel) int32 423MB dask.array<chunksize=(40000,), meta=np.ndarray>
    doy             (date) int32 13kB dask.array<chunksize=(3195,), meta=np.ndarray>
Data variables:
    ndvi_processed  (date, pixel) int16 676GB dask.array<chunksize=(3195, 40000), meta=np.ndarray>
    obs_date        (date) bool 3kB dask.array<chunksize=(3195,), meta=np.ndarray>
    median_ndvi     (pixel, date) int16 676GB dask.array<chunksize=(40000, 3195), meta=np.ndarray>
    mask_array      (date, pixel) int8 338GB dask.array<chunksize=(3195, 40000), meta=np.ndarray>
Attributes:
    transform_note:    | 10.00, 0.00, 2474090.00|\n| 0.00,-10.00, 1310530.00|...
    transform_coeffs:  [10.0, 0.0, 2474090.0, 0.0, -10.0, 1310530.0, 0.0, 0.0...
    transform_instr:   from affine import Affine; t = Affine(*ds.attrs['trans...
    description_ndvi:  NDVI (scaled int16: -10000 to 10000)
    description_ndsi:  NDSI (scaled int16: -10000 to 10000)
    nodata:            32767
    cloud_shadow:      -32768
    pixel_definition:  Total of global grid used for pixel ID (based on fores...
Traceback (most recent call last):
  File "/home/Shared/UniBe-swiss-ndvi/GitHub/swiss-ndvi-processing/.venv/lib/python3.12/site-packages/xarray/core/dataset.py", line 1153, in _construct_dataarray
    variable = self._variables[name]
               ~~~~~~~~~~~~~~~^^^^^^
KeyError: 'ndvi'

During handling of the above exception, another exception occurred:

Traceback (most recent call last):
  File "/home/Shared/UniBe-swiss-ndvi/GitHub/swiss-ndvi-processing/.venv/lib/python3.12/site-packages/xarray/core/dataset.py", line 1252, in __getitem__
    return self._construct_dataarray(key)
           ^^^^^^^^^^^^^^^^^^^^^^^^^^^^^^
  File "/home/Shared/UniBe-swiss-ndvi/GitHub/swiss-ndvi-processing/.venv/lib/python3.12/site-packages/xarray/core/dataset.py", line 1155, in _construct_dataarray
    _, name, variable = _get_virtual_variable(self._variables, name, self.sizes)
                        ^^^^^^^^^^^^^^^^^^^^^^^^^^^^^^^^^^^^^^^^^^^^^^^^^^^^^^^^
  File "/home/Shared/UniBe-swiss-ndvi/GitHub/swiss-ndvi-processing/.venv/lib/python3.12/site-packages/xarray/core/dataset_utils.py", line 79, in _get_virtual_variable
    raise KeyError(key)
KeyError: 'ndvi'

The above exception was the direct cause of the following exception:

Traceback (most recent call last):
  File "/home/Shared/UniBe-swiss-ndvi/GitHub/swiss-ndvi-processing/workflow_implementation/MS1_script_for_historical_NDVI/new_historical_processing/2_historical_ndvi_test.py", line 423, in <module>
    print(type(new_ds["ndvi"].data), getattr(new_ds["ndvi"].data, "chunks", None))
               ~~~~~~^^^^^^^^
  File "/home/Shared/UniBe-swiss-ndvi/GitHub/swiss-ndvi-processing/.venv/lib/python3.12/site-packages/xarray/core/dataset.py", line 1265, in __getitem__
    raise KeyError(message) from e
KeyError: "No variable named 'ndvi'. Variables on the dataset include ['ndvi_processed', 'pixel', 'date', 'x_idx', 'y_idx', ..., 'y', 'doy', 'obs_date', 'median_ndvi', 'mask_array']"
